#
# There is insufficient memory for the Java Runtime Environment to continue.
# Native memory allocation (malloc) failed to allocate 1266096 bytes. Error detail: Chunk::new
# Possible reasons:
#   The system is out of physical RAM or swap space
#   This process is running with CompressedOops enabled, and the Java Heap may be blocking the growth of the native heap
# Possible solutions:
#   Reduce memory load on the system
#   Increase physical memory or swap space
#   Check if swap backing store is full
#   Decrease Java heap size (-Xmx/-Xms)
#   Decrease number of Java threads
#   Decrease Java thread stack sizes (-Xss)
#   Set larger code cache with -XX:ReservedCodeCacheSize=
#   JVM is running with Unscaled Compressed Oops mode in which the Java heap is
#     placed in the first 4GB address space. The Java Heap base address is the
#     maximum limit for the native heap growth. Please use -XX:HeapBaseMinAddress
#     to set the Java Heap base and to place the Java Heap above 4GB virtual address.
# This output file may be truncated or incomplete.
#
#  Out of Memory Error (arena.cpp:168), pid=17696, tid=24336
#
# JRE version: OpenJDK Runtime Environment (21.0.4) (build 21.0.4+-12508038-b607.1)
# Java VM: OpenJDK 64-Bit Server VM (21.0.4+-12508038-b607.1, mixed mode, tiered, compressed oops, compressed class ptrs, g1 gc, windows-amd64)
# No core dump will be written. Minidumps are not enabled by default on client versions of Windows
#

---------------  S U M M A R Y ------------

Command Line: -XX:MaxMetaspaceSize=256m -Xss512k --add-opens=java.base/java.util=ALL-UNNAMED --add-opens=java.base/java.lang=ALL-UNNAMED --add-opens=java.base/java.lang.invoke=ALL-UNNAMED --add-opens=java.prefs/java.util.prefs=ALL-UNNAMED --add-exports=jdk.compiler/com.sun.tools.javac.api=ALL-UNNAMED --add-exports=jdk.compiler/com.sun.tools.javac.util=ALL-UNNAMED --add-opens=java.base/java.nio.charset=ALL-UNNAMED --add-opens=java.base/java.net=ALL-UNNAMED --add-opens=java.base/java.util.concurrent.atomic=ALL-UNNAMED -Xmx1024m -Dfile.encoding=UTF-8 -Duser.country=US -Duser.language=en -Duser.variant -javaagent:D:\.gradle\wrapper\dists\gradle-8.10.2-bin\a04bxjujx95o3nb99gddekhwo\gradle-8.10.2\lib\agents\gradle-instrumentation-agent-8.10.2.jar org.gradle.launcher.daemon.bootstrap.GradleDaemon 8.10.2

Host: 12th Gen Intel(R) Core(TM) i5-1235U, 12 cores, 15G,  Windows 11 , 64 bit Build 26100 (10.0.26100.7309)
Time: Mon Dec 15 13:24:36 2025 Sri Lanka Standard Time elapsed time: 8.427024 seconds (0d 0h 0m 8s)

---------------  T H R E A D  ---------------

Current thread (0x000001ebfc102310):  JavaThread "C2 CompilerThread1" daemon [_thread_in_native, id=24336, stack(0x000000bfac380000,0x000000bfac480000) (1024K)]


Current CompileTask:
C2:   8427 9476 %     4       org.gradle.internal.instantiation.generator.AbstractClassGenerator::inspectType @ 107 (560 bytes)

Stack: [0x000000bfac380000,0x000000bfac480000]
Native frames: (J=compiled Java code, j=interpreted, Vv=VM code, C=native code)
V  [jvm.dll+0x6ce539]
V  [jvm.dll+0x85bf03]
V  [jvm.dll+0x85e45e]
V  [jvm.dll+0x85eb43]
V  [jvm.dll+0x27dd06]
V  [jvm.dll+0xbf9cd]
V  [jvm.dll+0xbff03]
V  [jvm.dll+0x2f19c1]
V  [jvm.dll+0x5f8d79]
V  [jvm.dll+0x2503d2]
V  [jvm.dll+0x248e4a]
V  [jvm.dll+0x2468be]
V  [jvm.dll+0x1c58a4]
V  [jvm.dll+0x255fec]
V  [jvm.dll+0x254536]
V  [jvm.dll+0x3efab6]
V  [jvm.dll+0x804418]
V  [jvm.dll+0x6cce0d]
C  [ucrtbase.dll+0x37b0]
C  [KERNEL32.DLL+0x2e8d7]
C  [ntdll.dll+0x8c53c]


---------------  P R O C E S S  ---------------

Threads class SMR info:
_java_thread_list=0x000001eb906de680, length=39, elements={
0x000001ebedc98840, 0x000001ebf77f7a30, 0x000001ebf77fa4a0, 0x000001ebf77fd780,
0x000001ebf77fe1e0, 0x000001ebf7831a80, 0x000001ebf78324e0, 0x000001ebf783b490,
0x000001ebf783bf30, 0x000001ebf797bdf0, 0x000001ebfc05dee0, 0x000001ebfc102310,
0x000001ebfda92dc0, 0x000001ebfd1db9d0, 0x000001ebfcf40460, 0x000001ebfdc8c3e0,
0x000001ebfd53b1e0, 0x000001ebfd53b850, 0x000001ebfdf84d30, 0x000001ebfdf853c0,
0x000001ebfdf85a50, 0x000001ebfdf87490, 0x000001ebfdf86770, 0x000001ebfdf860e0,
0x000001ebfdf846a0, 0x000001ebfdf86e00, 0x000001ebfe719a90, 0x000001ebfe71a120,
0x000001ebfe71c1f0, 0x000001ebfe71ae40, 0x000001ebfe71a7b0, 0x000001ebfe71b4d0,
0x000001ebfe71c880, 0x000001ebfccbf370, 0x000001ebfe720a20, 0x000001ebfe71dc30,
0x000001ebfe720390, 0x000001ebff10d7c0, 0x000001ebff10de50
}

Java Threads: ( => current thread )
  0x000001ebedc98840 JavaThread "main"                              [_thread_blocked, id=19916, stack(0x000000bfab600000,0x000000bfab680000) (512K)]
  0x000001ebf77f7a30 JavaThread "Reference Handler"          daemon [_thread_blocked, id=25548, stack(0x000000bfabd80000,0x000000bfabe00000) (512K)]
  0x000001ebf77fa4a0 JavaThread "Finalizer"                  daemon [_thread_blocked, id=32356, stack(0x000000bfabe00000,0x000000bfabe80000) (512K)]
  0x000001ebf77fd780 JavaThread "Signal Dispatcher"          daemon [_thread_blocked, id=12104, stack(0x000000bfabe80000,0x000000bfabf00000) (512K)]
  0x000001ebf77fe1e0 JavaThread "Attach Listener"            daemon [_thread_blocked, id=960, stack(0x000000bfabf00000,0x000000bfabf80000) (512K)]
  0x000001ebf7831a80 JavaThread "Service Thread"             daemon [_thread_blocked, id=24856, stack(0x000000bfabf80000,0x000000bfac000000) (512K)]
  0x000001ebf78324e0 JavaThread "Monitor Deflation Thread"   daemon [_thread_blocked, id=10056, stack(0x000000bfac000000,0x000000bfac080000) (512K)]
  0x000001ebf783b490 JavaThread "C2 CompilerThread0"         daemon [_thread_blocked, id=27868, stack(0x000000bfac080000,0x000000bfac180000) (1024K)]
  0x000001ebf783bf30 JavaThread "C1 CompilerThread0"         daemon [_thread_blocked, id=11204, stack(0x000000bfac180000,0x000000bfac280000) (1024K)]
  0x000001ebf797bdf0 JavaThread "Common-Cleaner"             daemon [_thread_blocked, id=17392, stack(0x000000bfac280000,0x000000bfac300000) (512K)]
  0x000001ebfc05dee0 JavaThread "Notification Thread"        daemon [_thread_blocked, id=9524, stack(0x000000bfac300000,0x000000bfac380000) (512K)]
=>0x000001ebfc102310 JavaThread "C2 CompilerThread1"         daemon [_thread_in_native, id=24336, stack(0x000000bfac380000,0x000000bfac480000) (1024K)]
  0x000001ebfda92dc0 JavaThread "Daemon health stats"               [_thread_blocked, id=31636, stack(0x000000bfacd80000,0x000000bface00000) (512K)]
  0x000001ebfd1db9d0 JavaThread "Incoming local TCP Connector on port 53681"        [_thread_in_native, id=25460, stack(0x000000bface00000,0x000000bface80000) (512K)]
  0x000001ebfcf40460 JavaThread "Daemon periodic checks"            [_thread_blocked, id=11620, stack(0x000000bface80000,0x000000bfacf00000) (512K)]
  0x000001ebfdc8c3e0 JavaThread "Daemon"                            [_thread_blocked, id=31728, stack(0x000000bfacf00000,0x000000bfacf80000) (512K)]
  0x000001ebfd53b1e0 JavaThread "Handler for socket connection from /127.0.0.1:53681 to /127.0.0.1:53682"        [_thread_in_native, id=12236, stack(0x000000bfacf80000,0x000000bfad000000) (512K)]
  0x000001ebfd53b850 JavaThread "Cancel handler"                    [_thread_blocked, id=31296, stack(0x000000bfad000000,0x000000bfad080000) (512K)]
  0x000001ebfdf84d30 JavaThread "Daemon worker"                     [_thread_in_native, id=21512, stack(0x000000bfad080000,0x000000bfad100000) (512K)]
  0x000001ebfdf853c0 JavaThread "Asynchronous log dispatcher for DefaultDaemonConnection: socket connection from /127.0.0.1:53681 to /127.0.0.1:53682"        [_thread_blocked, id=14680, stack(0x000000bfad100000,0x000000bfad180000) (512K)]
  0x000001ebfdf85a50 JavaThread "Stdin handler"                     [_thread_blocked, id=25984, stack(0x000000bfad180000,0x000000bfad200000) (512K)]
  0x000001ebfdf87490 JavaThread "Daemon client event forwarder"        [_thread_blocked, id=7364, stack(0x000000bfad200000,0x000000bfad280000) (512K)]
  0x000001ebfdf86770 JavaThread "Cache worker for journal cache (D:\.gradle\caches\journal-1)"        [_thread_blocked, id=29600, stack(0x000000bfad580000,0x000000bfad600000) (512K)]
  0x000001ebfdf860e0 JavaThread "File lock request listener"        [_thread_in_native, id=14476, stack(0x000000bfad600000,0x000000bfad680000) (512K)]
  0x000001ebfdf846a0 JavaThread "Cache worker for file hash cache (D:\.gradle\caches\8.10.2\fileHashes)"        [_thread_blocked, id=19640, stack(0x000000bfad680000,0x000000bfad700000) (512K)]
  0x000001ebfdf86e00 JavaThread "Cache worker for file hash cache (D:\Diploma\Final Project\FixMate\.gradle\8.10.2\fileHashes)"        [_thread_blocked, id=23700, stack(0x000000bfad700000,0x000000bfad780000) (512K)]
  0x000001ebfe719a90 JavaThread "Cache worker for Build Output Cleanup Cache (D:\Diploma\Final Project\FixMate\.gradle\buildOutputCleanup)"        [_thread_blocked, id=23836, stack(0x000000bfad780000,0x000000bfad800000) (512K)]
  0x000001ebfe71a120 JavaThread "File watcher server"        daemon [_thread_in_native, id=33632, stack(0x000000bfad800000,0x000000bfad880000) (512K)]
  0x000001ebfe71c1f0 JavaThread "File watcher consumer"      daemon [_thread_blocked, id=32184, stack(0x000000bfad880000,0x000000bfad900000) (512K)]
  0x000001ebfe71ae40 JavaThread "Cache worker for checksums cache (D:\Diploma\Final Project\FixMate\.gradle\8.10.2\checksums)"        [_thread_blocked, id=11108, stack(0x000000bfac480000,0x000000bfac500000) (512K)]
  0x000001ebfe71a7b0 JavaThread "Cache worker for file content cache (D:\.gradle\caches\8.10.2\fileContent)"        [_thread_blocked, id=10044, stack(0x000000bfac500000,0x000000bfac580000) (512K)]
  0x000001ebfe71b4d0 JavaThread "Cache worker for cache directory md-rule (D:\.gradle\caches\8.10.2\md-rule)"        [_thread_blocked, id=14744, stack(0x000000bfad900000,0x000000bfad980000) (512K)]
  0x000001ebfe71c880 JavaThread "Cache worker for cache directory md-supplier (D:\.gradle\caches\8.10.2\md-supplier)"        [_thread_blocked, id=10820, stack(0x000000bfad980000,0x000000bfada00000) (512K)]
  0x000001ebfccbf370 JavaThread "C2 CompilerThread2"         daemon [_thread_blocked, id=19268, stack(0x000000bfada00000,0x000000bfadb00000) (1024K)]
  0x000001ebfe720a20 JavaThread "Unconstrained build operations"        [_thread_blocked, id=25208, stack(0x000000bfadb00000,0x000000bfadb80000) (512K)]
  0x000001ebfe71dc30 JavaThread "Unconstrained build operations Thread 2"        [_thread_blocked, id=9380, stack(0x000000bfadb80000,0x000000bfadc00000) (512K)]
  0x000001ebfe720390 JavaThread "Unconstrained build operations Thread 3"        [_thread_blocked, id=13160, stack(0x000000bfadc00000,0x000000bfadc80000) (512K)]
  0x000001ebff10d7c0 JavaThread "build event listener"              [_thread_blocked, id=17612, stack(0x000000bfadc80000,0x000000bfadd00000) (512K)]
  0x000001ebff10de50 JavaThread "Memory manager"                    [_thread_blocked, id=19176, stack(0x000000bfadd00000,0x000000bfadd80000) (512K)]
Total: 39

Other Threads:
  0x000001ebf779ffa0 VMThread "VM Thread"                           [id=10232, stack(0x000000bfabc80000,0x000000bfabd80000) (1024K)]
  0x000001ebf75d49a0 WatcherThread "VM Periodic Task Thread"        [id=18188, stack(0x000000bfabb80000,0x000000bfabc80000) (1024K)]
  0x000001ebee1766a0 WorkerThread "GC Thread#0"                     [id=19228, stack(0x000000bfab680000,0x000000bfab780000) (1024K)]
  0x000001ebfc5853d0 WorkerThread "GC Thread#1"                     [id=1012, stack(0x000000bfac580000,0x000000bfac680000) (1024K)]
  0x000001ebfc7fe010 WorkerThread "GC Thread#2"                     [id=22552, stack(0x000000bfac680000,0x000000bfac780000) (1024K)]
  0x000001ebfc7fe3b0 WorkerThread "GC Thread#3"                     [id=14828, stack(0x000000bfac780000,0x000000bfac880000) (1024K)]
  0x000001ebfc7fe750 WorkerThread "GC Thread#4"                     [id=13180, stack(0x000000bfac880000,0x000000bfac980000) (1024K)]
  0x000001ebfc60f3c0 WorkerThread "GC Thread#5"                     [id=8116, stack(0x000000bfac980000,0x000000bfaca80000) (1024K)]
  0x000001ebfdcd8fd0 WorkerThread "GC Thread#6"                     [id=30852, stack(0x000000bfaca80000,0x000000bfacb80000) (1024K)]
  0x000001ebfd83b7c0 WorkerThread "GC Thread#7"                     [id=16304, stack(0x000000bfacb80000,0x000000bfacc80000) (1024K)]
  0x000001ebfddaeab0 WorkerThread "GC Thread#8"                     [id=16460, stack(0x000000bfacc80000,0x000000bfacd80000) (1024K)]
  0x000001ebfddaf930 WorkerThread "GC Thread#9"                     [id=24772, stack(0x000000bfad280000,0x000000bfad380000) (1024K)]
  0x000001ebee17f590 ConcurrentGCThread "G1 Main Marker"            [id=10980, stack(0x000000bfab780000,0x000000bfab880000) (1024K)]
  0x000001ebee17ffa0 WorkerThread "G1 Conc#0"                       [id=27840, stack(0x000000bfab880000,0x000000bfab980000) (1024K)]
  0x000001ebfddaf1f0 WorkerThread "G1 Conc#1"                       [id=4988, stack(0x000000bfad380000,0x000000bfad480000) (1024K)]
  0x000001ebfddaf590 WorkerThread "G1 Conc#2"                       [id=6852, stack(0x000000bfad480000,0x000000bfad580000) (1024K)]
  0x000001ebf74a6ea0 ConcurrentGCThread "G1 Refine#0"               [id=6404, stack(0x000000bfab980000,0x000000bfaba80000) (1024K)]
  0x000001ebf74a76c0 ConcurrentGCThread "G1 Service"                [id=9588, stack(0x000000bfaba80000,0x000000bfabb80000) (1024K)]
Total: 18

Threads with active compile tasks:
C2 CompilerThread1     8452 9476 %     4       org.gradle.internal.instantiation.generator.AbstractClassGenerator::inspectType @ 107 (560 bytes)
Total: 1

VM state: not at safepoint (normal execution)

VM Mutex/Monitor currently owned by a thread: None

Heap address: 0x00000000c0000000, size: 1024 MB, Compressed Oops mode: 32-bit

CDS archive(s) not mapped
Compressed class space mapped at: 0x0000000100000000-0x000000010d000000, reserved size: 218103808
Narrow klass base: 0x0000000000000000, Narrow klass shift: 3, Narrow klass range: 0x10d000000

GC Precious Log:
 CardTable entry size: 512
 Card Set container configuration: InlinePtr #cards 5 size 8 Array Of Cards #cards 12 size 40 Howl #buckets 4 coarsen threshold 1843 Howl Bitmap #cards 512 size 80 coarsen threshold 460 Card regions per heap region 1 cards per card region 2048
 CPUs: 12 total, 12 available
 Memory: 16016M
 Large Page Support: Disabled
 NUMA Support: Disabled
 Compressed Oops: Enabled (32-bit)
 Heap Region Size: 1M
 Heap Min Capacity: 8M
 Heap Initial Capacity: 252M
 Heap Max Capacity: 1G
 Pre-touch: Disabled
 Parallel Workers: 10
 Concurrent Workers: 3
 Concurrent Refinement Workers: 10
 Periodic GC: Disabled

Heap:
 garbage-first heap   total 124928K, used 97407K [0x00000000c0000000, 0x0000000100000000)
  region size 1024K, 20 young (20480K), 3 survivors (3072K)
 Metaspace       used 82467K, committed 84352K, reserved 344064K
  class space    used 11024K, committed 11968K, reserved 212992K

Heap Regions: E=young(eden), S=young(survivor), O=old, HS=humongous(starts), HC=humongous(continues), CS=collection set, F=free, TAMS=top-at-mark-start, PB=parsable bottom
|   0|0x00000000c0000000, 0x00000000c0100000, 0x00000000c0100000|100%|HS|  |TAMS 0x00000000c0000000| PB 0x00000000c0000000| Complete 
|   1|0x00000000c0100000, 0x00000000c0200000, 0x00000000c0200000|100%|HC|  |TAMS 0x00000000c0100000| PB 0x00000000c0100000| Complete 
|   2|0x00000000c0200000, 0x00000000c0300000, 0x00000000c0300000|100%|HC|  |TAMS 0x00000000c0200000| PB 0x00000000c0200000| Complete 
|   3|0x00000000c0300000, 0x00000000c0400000, 0x00000000c0400000|100%|HC|  |TAMS 0x00000000c0300000| PB 0x00000000c0300000| Complete 
|   4|0x00000000c0400000, 0x00000000c0500000, 0x00000000c0500000|100%| O|  |TAMS 0x00000000c0400000| PB 0x00000000c0400000| Untracked 
|   5|0x00000000c0500000, 0x00000000c0600000, 0x00000000c0600000|100%| O|  |TAMS 0x00000000c0500000| PB 0x00000000c0500000| Untracked 
|   6|0x00000000c0600000, 0x00000000c0700000, 0x00000000c0700000|100%| O|  |TAMS 0x00000000c0600000| PB 0x00000000c0600000| Untracked 
|   7|0x00000000c0700000, 0x00000000c0800000, 0x00000000c0800000|100%| O|  |TAMS 0x00000000c0700000| PB 0x00000000c0700000| Untracked 
|   8|0x00000000c0800000, 0x00000000c0900000, 0x00000000c0900000|100%| O|  |TAMS 0x00000000c0800000| PB 0x00000000c0800000| Untracked 
|   9|0x00000000c0900000, 0x00000000c0a00000, 0x00000000c0a00000|100%| O|  |TAMS 0x00000000c0900000| PB 0x00000000c0900000| Untracked 
|  10|0x00000000c0a00000, 0x00000000c0b00000, 0x00000000c0b00000|100%|HS|  |TAMS 0x00000000c0a00000| PB 0x00000000c0a00000| Complete 
|  11|0x00000000c0b00000, 0x00000000c0c00000, 0x00000000c0c00000|100%| O|  |TAMS 0x00000000c0b00000| PB 0x00000000c0b00000| Untracked 
|  12|0x00000000c0c00000, 0x00000000c0d00000, 0x00000000c0d00000|100%| O|  |TAMS 0x00000000c0c00000| PB 0x00000000c0c00000| Untracked 
|  13|0x00000000c0d00000, 0x00000000c0e00000, 0x00000000c0e00000|100%| O|  |TAMS 0x00000000c0d00000| PB 0x00000000c0d00000| Untracked 
|  14|0x00000000c0e00000, 0x00000000c0f00000, 0x00000000c0f00000|100%| O|  |TAMS 0x00000000c0e00000| PB 0x00000000c0e00000| Untracked 
|  15|0x00000000c0f00000, 0x00000000c1000000, 0x00000000c1000000|100%| O|  |TAMS 0x00000000c0f00000| PB 0x00000000c0f00000| Untracked 
|  16|0x00000000c1000000, 0x00000000c1100000, 0x00000000c1100000|100%| O|  |TAMS 0x00000000c1000000| PB 0x00000000c1000000| Untracked 
|  17|0x00000000c1100000, 0x00000000c1200000, 0x00000000c1200000|100%| O|  |TAMS 0x00000000c1100000| PB 0x00000000c1100000| Untracked 
|  18|0x00000000c1200000, 0x00000000c1300000, 0x00000000c1300000|100%| O|  |TAMS 0x00000000c1200000| PB 0x00000000c1200000| Untracked 
|  19|0x00000000c1300000, 0x00000000c1400000, 0x00000000c1400000|100%| O|  |TAMS 0x00000000c1300000| PB 0x00000000c1300000| Untracked 
|  20|0x00000000c1400000, 0x00000000c1500000, 0x00000000c1500000|100%| O|  |TAMS 0x00000000c1400000| PB 0x00000000c1400000| Untracked 
|  21|0x00000000c1500000, 0x00000000c1600000, 0x00000000c1600000|100%| O|  |TAMS 0x00000000c1500000| PB 0x00000000c1500000| Untracked 
|  22|0x00000000c1600000, 0x00000000c1700000, 0x00000000c1700000|100%| O|  |TAMS 0x00000000c1600000| PB 0x00000000c1600000| Untracked 
|  23|0x00000000c1700000, 0x00000000c1800000, 0x00000000c1800000|100%| O|  |TAMS 0x00000000c1700000| PB 0x00000000c1700000| Untracked 
|  24|0x00000000c1800000, 0x00000000c1900000, 0x00000000c1900000|100%| O|  |TAMS 0x00000000c1800000| PB 0x00000000c1800000| Untracked 
|  25|0x00000000c1900000, 0x00000000c1a00000, 0x00000000c1a00000|100%| O|  |TAMS 0x00000000c1900000| PB 0x00000000c1900000| Untracked 
|  26|0x00000000c1a00000, 0x00000000c1b00000, 0x00000000c1b00000|100%| O|  |TAMS 0x00000000c1a00000| PB 0x00000000c1a00000| Untracked 
|  27|0x00000000c1b00000, 0x00000000c1c00000, 0x00000000c1c00000|100%| O|  |TAMS 0x00000000c1b00000| PB 0x00000000c1b00000| Untracked 
|  28|0x00000000c1c00000, 0x00000000c1d00000, 0x00000000c1d00000|100%| O|  |TAMS 0x00000000c1c00000| PB 0x00000000c1c00000| Untracked 
|  29|0x00000000c1d00000, 0x00000000c1e00000, 0x00000000c1e00000|100%| O|  |TAMS 0x00000000c1d00000| PB 0x00000000c1d00000| Untracked 
|  30|0x00000000c1e00000, 0x00000000c1f00000, 0x00000000c1f00000|100%| O|  |TAMS 0x00000000c1e00000| PB 0x00000000c1e00000| Untracked 
|  31|0x00000000c1f00000, 0x00000000c1f00000, 0x00000000c2000000|  0%| F|  |TAMS 0x00000000c1f00000| PB 0x00000000c1f00000| Untracked 
|  32|0x00000000c2000000, 0x00000000c2100000, 0x00000000c2100000|100%| O|  |TAMS 0x00000000c2000000| PB 0x00000000c2000000| Untracked 
|  33|0x00000000c2100000, 0x00000000c2200000, 0x00000000c2200000|100%| O|  |TAMS 0x00000000c2100000| PB 0x00000000c2100000| Untracked 
|  34|0x00000000c2200000, 0x00000000c2300000, 0x00000000c2300000|100%| O|  |TAMS 0x00000000c2200000| PB 0x00000000c2200000| Untracked 
|  35|0x00000000c2300000, 0x00000000c2400000, 0x00000000c2400000|100%| O|  |TAMS 0x00000000c2300000| PB 0x00000000c2300000| Untracked 
|  36|0x00000000c2400000, 0x00000000c2500000, 0x00000000c2500000|100%| O|  |TAMS 0x00000000c2400000| PB 0x00000000c2400000| Untracked 
|  37|0x00000000c2500000, 0x00000000c2600000, 0x00000000c2600000|100%| O|  |TAMS 0x00000000c2500000| PB 0x00000000c2500000| Untracked 
|  38|0x00000000c2600000, 0x00000000c2700000, 0x00000000c2700000|100%| O|  |TAMS 0x00000000c2600000| PB 0x00000000c2600000| Untracked 
|  39|0x00000000c2700000, 0x00000000c2700000, 0x00000000c2800000|  0%| F|  |TAMS 0x00000000c2700000| PB 0x00000000c2700000| Untracked 
|  40|0x00000000c2800000, 0x00000000c2900000, 0x00000000c2900000|100%|HS|  |TAMS 0x00000000c2800000| PB 0x00000000c2800000| Complete 
|  41|0x00000000c2900000, 0x00000000c2a00000, 0x00000000c2a00000|100%|HS|  |TAMS 0x00000000c2900000| PB 0x00000000c2900000| Complete 
|  42|0x00000000c2a00000, 0x00000000c2b00000, 0x00000000c2b00000|100%|HS|  |TAMS 0x00000000c2a00000| PB 0x00000000c2a00000| Complete 
|  43|0x00000000c2b00000, 0x00000000c2c00000, 0x00000000c2c00000|100%|HC|  |TAMS 0x00000000c2b00000| PB 0x00000000c2b00000| Complete 
|  44|0x00000000c2c00000, 0x00000000c2d00000, 0x00000000c2d00000|100%| O|  |TAMS 0x00000000c2c00000| PB 0x00000000c2c00000| Untracked 
|  45|0x00000000c2d00000, 0x00000000c2e00000, 0x00000000c2e00000|100%| O|  |TAMS 0x00000000c2d00000| PB 0x00000000c2d00000| Untracked 
|  46|0x00000000c2e00000, 0x00000000c2f00000, 0x00000000c2f00000|100%| O|  |TAMS 0x00000000c2e00000| PB 0x00000000c2e00000| Untracked 
|  47|0x00000000c2f00000, 0x00000000c3000000, 0x00000000c3000000|100%| O|  |TAMS 0x00000000c2f00000| PB 0x00000000c2f00000| Untracked 
|  48|0x00000000c3000000, 0x00000000c3100000, 0x00000000c3100000|100%| O|  |TAMS 0x00000000c3000000| PB 0x00000000c3000000| Untracked 
|  49|0x00000000c3100000, 0x00000000c3200000, 0x00000000c3200000|100%|HS|  |TAMS 0x00000000c3100000| PB 0x00000000c3100000| Complete 
|  50|0x00000000c3200000, 0x00000000c3300000, 0x00000000c3300000|100%|HC|  |TAMS 0x00000000c3200000| PB 0x00000000c3200000| Complete 
|  51|0x00000000c3300000, 0x00000000c3400000, 0x00000000c3400000|100%|HS|  |TAMS 0x00000000c3300000| PB 0x00000000c3300000| Complete 
|  52|0x00000000c3400000, 0x00000000c3500000, 0x00000000c3500000|100%|HS|  |TAMS 0x00000000c3400000| PB 0x00000000c3400000| Complete 
|  53|0x00000000c3500000, 0x00000000c3600000, 0x00000000c3600000|100%| O|  |TAMS 0x00000000c3500000| PB 0x00000000c3500000| Untracked 
|  54|0x00000000c3600000, 0x00000000c3700000, 0x00000000c3700000|100%| O|  |TAMS 0x00000000c3600000| PB 0x00000000c3600000| Untracked 
|  55|0x00000000c3700000, 0x00000000c3800000, 0x00000000c3800000|100%| O|  |TAMS 0x00000000c3700000| PB 0x00000000c3700000| Untracked 
|  56|0x00000000c3800000, 0x00000000c3900000, 0x00000000c3900000|100%|HS|  |TAMS 0x00000000c3800000| PB 0x00000000c3800000| Complete 
|  57|0x00000000c3900000, 0x00000000c3a00000, 0x00000000c3a00000|100%|HC|  |TAMS 0x00000000c3900000| PB 0x00000000c3900000| Complete 
|  58|0x00000000c3a00000, 0x00000000c3b00000, 0x00000000c3b00000|100%|HC|  |TAMS 0x00000000c3a00000| PB 0x00000000c3a00000| Complete 
|  59|0x00000000c3b00000, 0x00000000c3c00000, 0x00000000c3c00000|100%|HS|  |TAMS 0x00000000c3b00000| PB 0x00000000c3b00000| Complete 
|  60|0x00000000c3c00000, 0x00000000c3d00000, 0x00000000c3d00000|100%| O|  |TAMS 0x00000000c3c00000| PB 0x00000000c3c00000| Untracked 
|  61|0x00000000c3d00000, 0x00000000c3e00000, 0x00000000c3e00000|100%| O|  |TAMS 0x00000000c3d00000| PB 0x00000000c3d00000| Untracked 
|  62|0x00000000c3e00000, 0x00000000c3f00000, 0x00000000c3f00000|100%|HS|  |TAMS 0x00000000c3e00000| PB 0x00000000c3e00000| Complete 
|  63|0x00000000c3f00000, 0x00000000c4000000, 0x00000000c4000000|100%| O|  |TAMS 0x00000000c3f00000| PB 0x00000000c3f00000| Untracked 
|  64|0x00000000c4000000, 0x00000000c4100000, 0x00000000c4100000|100%| O|  |TAMS 0x00000000c4000000| PB 0x00000000c4000000| Untracked 
|  65|0x00000000c4100000, 0x00000000c4200000, 0x00000000c4200000|100%| O|  |TAMS 0x00000000c4100000| PB 0x00000000c4100000| Untracked 
|  66|0x00000000c4200000, 0x00000000c4300000, 0x00000000c4300000|100%|HS|  |TAMS 0x00000000c4200000| PB 0x00000000c4200000| Complete 
|  67|0x00000000c4300000, 0x00000000c4300000, 0x00000000c4400000|  0%| F|  |TAMS 0x00000000c4300000| PB 0x00000000c4300000| Untracked 
|  68|0x00000000c4400000, 0x00000000c4400000, 0x00000000c4500000|  0%| F|  |TAMS 0x00000000c4400000| PB 0x00000000c4400000| Untracked 
|  69|0x00000000c4500000, 0x00000000c4600000, 0x00000000c4600000|100%| O|  |TAMS 0x00000000c4500000| PB 0x00000000c4500000| Untracked 
|  70|0x00000000c4600000, 0x00000000c4700000, 0x00000000c4700000|100%| O|  |TAMS 0x00000000c4600000| PB 0x00000000c4600000| Untracked 
|  71|0x00000000c4700000, 0x00000000c4800000, 0x00000000c4800000|100%| O|  |TAMS 0x00000000c4700000| PB 0x00000000c4700000| Untracked 
|  72|0x00000000c4800000, 0x00000000c4800000, 0x00000000c4900000|  0%| F|  |TAMS 0x00000000c4800000| PB 0x00000000c4800000| Untracked 
|  73|0x00000000c4900000, 0x00000000c4900000, 0x00000000c4a00000|  0%| F|  |TAMS 0x00000000c4900000| PB 0x00000000c4900000| Untracked 
|  74|0x00000000c4a00000, 0x00000000c4a00000, 0x00000000c4b00000|  0%| F|  |TAMS 0x00000000c4a00000| PB 0x00000000c4a00000| Untracked 
|  75|0x00000000c4b00000, 0x00000000c4b00000, 0x00000000c4c00000|  0%| F|  |TAMS 0x00000000c4b00000| PB 0x00000000c4b00000| Untracked 
|  76|0x00000000c4c00000, 0x00000000c4c00000, 0x00000000c4d00000|  0%| F|  |TAMS 0x00000000c4c00000| PB 0x00000000c4c00000| Untracked 
|  77|0x00000000c4d00000, 0x00000000c4e00000, 0x00000000c4e00000|100%| O|  |TAMS 0x00000000c4d00000| PB 0x00000000c4d00000| Untracked 
|  78|0x00000000c4e00000, 0x00000000c4f00000, 0x00000000c4f00000|100%| O|  |TAMS 0x00000000c4e00000| PB 0x00000000c4e00000| Untracked 
|  79|0x00000000c4f00000, 0x00000000c5000000, 0x00000000c5000000|100%| O|  |TAMS 0x00000000c4f00000| PB 0x00000000c4f00000| Untracked 
|  80|0x00000000c5000000, 0x00000000c5100000, 0x00000000c5100000|100%| O|  |TAMS 0x00000000c5000000| PB 0x00000000c5000000| Untracked 
|  81|0x00000000c5100000, 0x00000000c51d6d80, 0x00000000c5200000| 83%| O|  |TAMS 0x00000000c5100000| PB 0x00000000c5100000| Untracked 
|  82|0x00000000c5200000, 0x00000000c5200000, 0x00000000c5300000|  0%| F|  |TAMS 0x00000000c5200000| PB 0x00000000c5200000| Untracked 
|  83|0x00000000c5300000, 0x00000000c5300000, 0x00000000c5400000|  0%| F|  |TAMS 0x00000000c5300000| PB 0x00000000c5300000| Untracked 
|  84|0x00000000c5400000, 0x00000000c54491c0, 0x00000000c5500000| 28%| S|CS|TAMS 0x00000000c5400000| PB 0x00000000c5400000| Complete 
|  85|0x00000000c5500000, 0x00000000c5600000, 0x00000000c5600000|100%| S|CS|TAMS 0x00000000c5500000| PB 0x00000000c5500000| Complete 
|  86|0x00000000c5600000, 0x00000000c5700000, 0x00000000c5700000|100%| S|CS|TAMS 0x00000000c5600000| PB 0x00000000c5600000| Complete 
|  87|0x00000000c5700000, 0x00000000c5700000, 0x00000000c5800000|  0%| F|  |TAMS 0x00000000c5700000| PB 0x00000000c5700000| Untracked 
|  88|0x00000000c5800000, 0x00000000c5800000, 0x00000000c5900000|  0%| F|  |TAMS 0x00000000c5800000| PB 0x00000000c5800000| Untracked 
|  89|0x00000000c5900000, 0x00000000c5900000, 0x00000000c5a00000|  0%| F|  |TAMS 0x00000000c5900000| PB 0x00000000c5900000| Untracked 
|  90|0x00000000c5a00000, 0x00000000c5a00000, 0x00000000c5b00000|  0%| F|  |TAMS 0x00000000c5a00000| PB 0x00000000c5a00000| Untracked 
|  91|0x00000000c5b00000, 0x00000000c5b00000, 0x00000000c5c00000|  0%| F|  |TAMS 0x00000000c5b00000| PB 0x00000000c5b00000| Untracked 
|  92|0x00000000c5c00000, 0x00000000c5c00000, 0x00000000c5d00000|  0%| F|  |TAMS 0x00000000c5c00000| PB 0x00000000c5c00000| Untracked 
|  93|0x00000000c5d00000, 0x00000000c5d00000, 0x00000000c5e00000|  0%| F|  |TAMS 0x00000000c5d00000| PB 0x00000000c5d00000| Untracked 
|  94|0x00000000c5e00000, 0x00000000c5e00000, 0x00000000c5f00000|  0%| F|  |TAMS 0x00000000c5e00000| PB 0x00000000c5e00000| Untracked 
|  95|0x00000000c5f00000, 0x00000000c5f00000, 0x00000000c6000000|  0%| F|  |TAMS 0x00000000c5f00000| PB 0x00000000c5f00000| Untracked 
|  96|0x00000000c6000000, 0x00000000c6000000, 0x00000000c6100000|  0%| F|  |TAMS 0x00000000c6000000| PB 0x00000000c6000000| Untracked 
|  97|0x00000000c6100000, 0x00000000c6100000, 0x00000000c6200000|  0%| F|  |TAMS 0x00000000c6100000| PB 0x00000000c6100000| Untracked 
|  98|0x00000000c6200000, 0x00000000c6200000, 0x00000000c6300000|  0%| F|  |TAMS 0x00000000c6200000| PB 0x00000000c6200000| Untracked 
|  99|0x00000000c6300000, 0x00000000c6300000, 0x00000000c6400000|  0%| F|  |TAMS 0x00000000c6300000| PB 0x00000000c6300000| Untracked 
| 100|0x00000000c6400000, 0x00000000c6400000, 0x00000000c6500000|  0%| F|  |TAMS 0x00000000c6400000| PB 0x00000000c6400000| Untracked 
| 101|0x00000000c6500000, 0x00000000c65085c8, 0x00000000c6600000|  3%| E|  |TAMS 0x00000000c6500000| PB 0x00000000c6500000| Complete 
| 102|0x00000000c6600000, 0x00000000c6700000, 0x00000000c6700000|100%| E|CS|TAMS 0x00000000c6600000| PB 0x00000000c6600000| Complete 
| 103|0x00000000c6700000, 0x00000000c6800000, 0x00000000c6800000|100%| E|CS|TAMS 0x00000000c6700000| PB 0x00000000c6700000| Complete 
| 104|0x00000000c6800000, 0x00000000c6900000, 0x00000000c6900000|100%| E|CS|TAMS 0x00000000c6800000| PB 0x00000000c6800000| Complete 
| 105|0x00000000c6900000, 0x00000000c6a00000, 0x00000000c6a00000|100%| E|CS|TAMS 0x00000000c6900000| PB 0x00000000c6900000| Complete 
| 106|0x00000000c6a00000, 0x00000000c6b00000, 0x00000000c6b00000|100%| E|CS|TAMS 0x00000000c6a00000| PB 0x00000000c6a00000| Complete 
| 222|0x00000000cde00000, 0x00000000cdf00000, 0x00000000cdf00000|100%| E|CS|TAMS 0x00000000cde00000| PB 0x00000000cde00000| Complete 
| 223|0x00000000cdf00000, 0x00000000ce000000, 0x00000000ce000000|100%| E|CS|TAMS 0x00000000cdf00000| PB 0x00000000cdf00000| Complete 
| 224|0x00000000ce000000, 0x00000000ce100000, 0x00000000ce100000|100%| E|CS|TAMS 0x00000000ce000000| PB 0x00000000ce000000| Complete 
| 225|0x00000000ce100000, 0x00000000ce200000, 0x00000000ce200000|100%| E|CS|TAMS 0x00000000ce100000| PB 0x00000000ce100000| Complete 
| 226|0x00000000ce200000, 0x00000000ce300000, 0x00000000ce300000|100%| E|CS|TAMS 0x00000000ce200000| PB 0x00000000ce200000| Complete 
| 227|0x00000000ce300000, 0x00000000ce400000, 0x00000000ce400000|100%| E|CS|TAMS 0x00000000ce300000| PB 0x00000000ce300000| Complete 
| 228|0x00000000ce400000, 0x00000000ce500000, 0x00000000ce500000|100%| E|CS|TAMS 0x00000000ce400000| PB 0x00000000ce400000| Complete 
| 229|0x00000000ce500000, 0x00000000ce600000, 0x00000000ce600000|100%| E|CS|TAMS 0x00000000ce500000| PB 0x00000000ce500000| Complete 
| 230|0x00000000ce600000, 0x00000000ce700000, 0x00000000ce700000|100%| E|CS|TAMS 0x00000000ce600000| PB 0x00000000ce600000| Complete 
| 251|0x00000000cfb00000, 0x00000000cfc00000, 0x00000000cfc00000|100%| E|CS|TAMS 0x00000000cfb00000| PB 0x00000000cfb00000| Complete 
|1019|0x00000000ffb00000, 0x00000000ffc00000, 0x00000000ffc00000|100%| O|  |TAMS 0x00000000ffb00000| PB 0x00000000ffb00000| Untracked 
|1020|0x00000000ffc00000, 0x00000000ffd00000, 0x00000000ffd00000|100%| O|  |TAMS 0x00000000ffc00000| PB 0x00000000ffc00000| Untracked 
|1021|0x00000000ffd00000, 0x00000000ffe00000, 0x00000000ffe00000|100%| O|  |TAMS 0x00000000ffd00000| PB 0x00000000ffd00000| Untracked 
|1022|0x00000000ffe00000, 0x00000000fff00000, 0x00000000fff00000|100%| E|CS|TAMS 0x00000000ffe00000| PB 0x00000000ffe00000| Complete 
|1023|0x00000000fff00000, 0x0000000100000000, 0x0000000100000000|100%| O|  |TAMS 0x00000000fff00000| PB 0x00000000fff00000| Untracked 

Card table byte_map: [0x000001ebf3700000,0x000001ebf3900000] _byte_map_base: 0x000001ebf3100000

Marking Bits: (CMBitMap*) 0x000001ebee176cb0
 Bits: [0x000001ebf3900000, 0x000001ebf4900000)

Polling page: 0x000001ebede60000

Metaspace:

Usage:
  Non-class:     69.77 MB used.
      Class:     10.77 MB used.
       Both:     80.53 MB used.

Virtual space:
  Non-class space:      128.00 MB reserved,      70.69 MB ( 55%) committed,  2 nodes.
      Class space:      208.00 MB reserved,      11.69 MB (  6%) committed,  1 nodes.
             Both:      336.00 MB reserved,      82.38 MB ( 25%) committed. 

Chunk freelists:
   Non-Class:  8.42 MB
       Class:  4.13 MB
        Both:  12.55 MB

MaxMetaspaceSize: 256.00 MB
CompressedClassSpaceSize: 208.00 MB
Initial GC threshold: 21.00 MB
Current GC threshold: 125.62 MB
CDS: off
 - commit_granule_bytes: 65536.
 - commit_granule_words: 8192.
 - virtual_space_node_default_size: 8388608.
 - enlarge_chunks_in_place: 1.
 - use_allocation_guard: 0.


Internal statistics:

num_allocs_failed_limit: 9.
num_arena_births: 3468.
num_arena_deaths: 0.
num_vsnodes_births: 3.
num_vsnodes_deaths: 0.
num_space_committed: 1318.
num_space_uncommitted: 0.
num_chunks_returned_to_freelist: 9.
num_chunks_taken_from_freelist: 6852.
num_chunk_merges: 9.
num_chunk_splits: 4457.
num_chunks_enlarged: 2801.
num_inconsistent_stats: 0.

CodeHeap 'non-profiled nmethods': size=120000Kb used=4961Kb max_used=4961Kb free=115038Kb
 bounds [0x000001eb87ad0000, 0x000001eb87fb0000, 0x000001eb8f000000]
CodeHeap 'profiled nmethods': size=120000Kb used=14635Kb max_used=14828Kb free=105364Kb
 bounds [0x000001eb80000000, 0x000001eb80e80000, 0x000001eb87530000]
CodeHeap 'non-nmethods': size=5760Kb used=2018Kb max_used=2081Kb free=3741Kb
 bounds [0x000001eb87530000, 0x000001eb877a0000, 0x000001eb87ad0000]
 total_blobs=8938 nmethods=8156 adapters=685
 compilation: enabled
              stopped_count=0, restarted_count=0
 full_count=0

Compilation events (20 events):
Event: 8.362 Thread 0x000001ebfccbf370 9500       4       java.lang.invoke.LambdaFormBuffer::growNames (281 bytes)
Event: 8.375 Thread 0x000001ebf783b490 9501       4       java.lang.ThreadLocal$ThreadLocalMap::expungeStaleEntry (146 bytes)
Event: 8.380 Thread 0x000001ebf783bf30 9502       3       sun.reflect.annotation.AnnotationParser::parseIntArray (84 bytes)
Event: 8.381 Thread 0x000001ebf783bf30 nmethod 9502 0x000001eb805cb510 code [0x000001eb805cb720, 0x000001eb805cbd30]
Event: 8.382 Thread 0x000001ebfccbf370 nmethod 9500 0x000001eb87fa5490 code [0x000001eb87fa5680, 0x000001eb87fa6400]
Event: 8.385 Thread 0x000001ebf783b490 nmethod 9501 0x000001eb87fa6990 code [0x000001eb87fa6b40, 0x000001eb87fa70c8]
Event: 8.395 Thread 0x000001ebf783bf30 9503       3       java.util.concurrent.atomic.AtomicInteger::getAndAdd (12 bytes)
Event: 8.395 Thread 0x000001ebf783bf30 nmethod 9503 0x000001eb80783590 code [0x000001eb80783720, 0x000001eb80783838]
Event: 8.399 Thread 0x000001ebfccbf370 9504       4       org.objectweb.asm.MethodVisitor::visitInsn (16 bytes)
Event: 8.399 Thread 0x000001ebf783bf30 9505       3       org.objectweb.asm.SymbolTable::putBootstrapMethods (56 bytes)
Event: 8.400 Thread 0x000001ebf783bf30 nmethod 9505 0x000001eb8083b290 code [0x000001eb8083b480, 0x000001eb8083b768]
Event: 8.405 Thread 0x000001ebf783bf30 9506       3       java.lang.reflect.Constructor::isSynthetic (5 bytes)
Event: 8.405 Thread 0x000001ebf783bf30 nmethod 9506 0x000001eb80121110 code [0x000001eb801212c0, 0x000001eb80121500]
Event: 8.405 Thread 0x000001ebf783bf30 9507       3       jdk.internal.reflect.ClassFileAssembler::opc_invokespecial (26 bytes)
Event: 8.406 Thread 0x000001ebf783bf30 nmethod 9507 0x000001eb80120710 code [0x000001eb80120920, 0x000001eb80120e60]
Event: 8.406 Thread 0x000001ebf783bf30 9509       3       jdk.internal.reflect.ClassFileAssembler::append (30 bytes)
Event: 8.406 Thread 0x000001ebf783bf30 nmethod 9509 0x000001eb8011fd90 code [0x000001eb8011ff80, 0x000001eb80120440]
Event: 8.406 Thread 0x000001ebf783bf30 9508       3       jdk.internal.reflect.ClassFileAssembler::emitInt (46 bytes)
Event: 8.407 Thread 0x000001ebf783bf30 nmethod 9508 0x000001eb8011f410 code [0x000001eb8011f620, 0x000001eb8011fb18]
Event: 8.416 Thread 0x000001ebfccbf370 nmethod 9504 0x000001eb87fa7390 code [0x000001eb87fa75a0, 0x000001eb87fa7f90]

GC Heap History (20 events):
Event: 4.147 GC heap before
{Heap before GC invocations=12 (full 0):
 garbage-first heap   total 110592K, used 88973K [0x00000000c0000000, 0x0000000100000000)
  region size 1024K, 58 young (59392K), 6 survivors (6144K)
 Metaspace       used 58945K, committed 60416K, reserved 278528K
  class space    used 7953K, committed 8704K, reserved 212992K
}
Event: 4.153 GC heap after
{Heap after GC invocations=13 (full 0):
 garbage-first heap   total 110592K, used 38217K [0x00000000c0000000, 0x0000000100000000)
  region size 1024K, 6 young (6144K), 6 survivors (6144K)
 Metaspace       used 58945K, committed 60416K, reserved 278528K
  class space    used 7953K, committed 8704K, reserved 212992K
}
Event: 5.057 GC heap before
{Heap before GC invocations=14 (full 0):
 garbage-first heap   total 110592K, used 97609K [0x00000000c0000000, 0x0000000100000000)
  region size 1024K, 64 young (65536K), 6 survivors (6144K)
 Metaspace       used 65386K, committed 67008K, reserved 278528K
  class space    used 8959K, committed 9792K, reserved 212992K
}
Event: 5.062 GC heap after
{Heap after GC invocations=15 (full 0):
 garbage-first heap   total 110592K, used 42714K [0x00000000c0000000, 0x0000000100000000)
  region size 1024K, 7 young (7168K), 7 survivors (7168K)
 Metaspace       used 65386K, committed 67008K, reserved 278528K
  class space    used 8959K, committed 9792K, reserved 212992K
}
Event: 5.714 GC heap before
{Heap before GC invocations=15 (full 0):
 garbage-first heap   total 110592K, used 95962K [0x00000000c0000000, 0x0000000100000000)
  region size 1024K, 60 young (61440K), 7 survivors (7168K)
 Metaspace       used 66607K, committed 68224K, reserved 278528K
  class space    used 9062K, committed 9856K, reserved 212992K
}
Event: 5.722 GC heap after
{Heap after GC invocations=16 (full 0):
 garbage-first heap   total 111616K, used 48398K [0x00000000c0000000, 0x0000000100000000)
  region size 1024K, 7 young (7168K), 7 survivors (7168K)
 Metaspace       used 66607K, committed 68224K, reserved 278528K
  class space    used 9062K, committed 9856K, reserved 212992K
}
Event: 6.391 GC heap before
{Heap before GC invocations=16 (full 0):
 garbage-first heap   total 111616K, used 97550K [0x00000000c0000000, 0x0000000100000000)
  region size 1024K, 55 young (56320K), 7 survivors (7168K)
 Metaspace       used 66998K, committed 68672K, reserved 278528K
  class space    used 9089K, committed 9920K, reserved 212992K
}
Event: 6.395 GC heap after
{Heap after GC invocations=17 (full 0):
 garbage-first heap   total 111616K, used 49928K [0x00000000c0000000, 0x0000000100000000)
  region size 1024K, 4 young (4096K), 4 survivors (4096K)
 Metaspace       used 66998K, committed 68672K, reserved 278528K
  class space    used 9089K, committed 9920K, reserved 212992K
}
Event: 6.676 GC heap before
{Heap before GC invocations=17 (full 0):
 garbage-first heap   total 111616K, used 99080K [0x00000000c0000000, 0x0000000100000000)
  region size 1024K, 52 young (53248K), 4 survivors (4096K)
 Metaspace       used 67041K, committed 68672K, reserved 278528K
  class space    used 9090K, committed 9920K, reserved 212992K
}
Event: 6.679 GC heap after
{Heap after GC invocations=18 (full 0):
 garbage-first heap   total 111616K, used 50610K [0x00000000c0000000, 0x0000000100000000)
  region size 1024K, 5 young (5120K), 5 survivors (5120K)
 Metaspace       used 67041K, committed 68672K, reserved 278528K
  class space    used 9090K, committed 9920K, reserved 212992K
}
Event: 7.025 GC heap before
{Heap before GC invocations=19 (full 0):
 garbage-first heap   total 111616K, used 110002K [0x00000000c0000000, 0x0000000100000000)
  region size 1024K, 51 young (52224K), 5 survivors (5120K)
 Metaspace       used 67985K, committed 69696K, reserved 278528K
  class space    used 9247K, committed 10112K, reserved 212992K
}
Event: 7.030 GC heap after
{Heap after GC invocations=20 (full 0):
 garbage-first heap   total 123904K, used 70469K [0x00000000c0000000, 0x0000000100000000)
  region size 1024K, 7 young (7168K), 7 survivors (7168K)
 Metaspace       used 67985K, committed 69696K, reserved 278528K
  class space    used 9247K, committed 10112K, reserved 212992K
}
Event: 7.309 GC heap before
{Heap before GC invocations=20 (full 0):
 garbage-first heap   total 123904K, used 108357K [0x00000000c0000000, 0x0000000100000000)
  region size 1024K, 43 young (44032K), 7 survivors (7168K)
 Metaspace       used 71019K, committed 72704K, reserved 278528K
  class space    used 9626K, committed 10496K, reserved 212992K
}
Event: 7.313 GC heap after
{Heap after GC invocations=21 (full 0):
 garbage-first heap   total 123904K, used 73627K [0x00000000c0000000, 0x0000000100000000)
  region size 1024K, 2 young (2048K), 2 survivors (2048K)
 Metaspace       used 71019K, committed 72704K, reserved 278528K
  class space    used 9626K, committed 10496K, reserved 212992K
}
Event: 7.575 GC heap before
{Heap before GC invocations=21 (full 0):
 garbage-first heap   total 123904K, used 110491K [0x00000000c0000000, 0x0000000100000000)
  region size 1024K, 38 young (38912K), 2 survivors (2048K)
 Metaspace       used 75333K, committed 77056K, reserved 344064K
  class space    used 10016K, committed 10880K, reserved 212992K
}
Event: 7.577 GC heap after
{Heap after GC invocations=22 (full 0):
 garbage-first heap   total 123904K, used 74256K [0x00000000c0000000, 0x0000000100000000)
  region size 1024K, 3 young (3072K), 3 survivors (3072K)
 Metaspace       used 75333K, committed 77056K, reserved 344064K
  class space    used 10016K, committed 10880K, reserved 212992K
}
Event: 7.880 GC heap before
{Heap before GC invocations=23 (full 0):
 garbage-first heap   total 124928K, used 116240K [0x00000000c0000000, 0x0000000100000000)
  region size 1024K, 40 young (40960K), 3 survivors (3072K)
 Metaspace       used 79378K, committed 81216K, reserved 344064K
  class space    used 10616K, committed 11584K, reserved 212992K
}
Event: 7.886 GC heap after
{Heap after GC invocations=24 (full 0):
 garbage-first heap   total 124928K, used 81051K [0x00000000c0000000, 0x0000000100000000)
  region size 1024K, 5 young (5120K), 5 survivors (5120K)
 Metaspace       used 79378K, committed 81216K, reserved 344064K
  class space    used 10616K, committed 11584K, reserved 212992K
}
Event: 8.095 GC heap before
{Heap before GC invocations=24 (full 0):
 garbage-first heap   total 124928K, used 112795K [0x00000000c0000000, 0x0000000100000000)
  region size 1024K, 35 young (35840K), 5 survivors (5120K)
 Metaspace       used 81267K, committed 83200K, reserved 344064K
  class space    used 10867K, committed 11840K, reserved 212992K
}
Event: 8.099 GC heap after
{Heap after GC invocations=25 (full 0):
 garbage-first heap   total 124928K, used 81023K [0x00000000c0000000, 0x0000000100000000)
  region size 1024K, 3 young (3072K), 3 survivors (3072K)
 Metaspace       used 81267K, committed 83200K, reserved 344064K
  class space    used 10867K, committed 11840K, reserved 212992K
}

Dll operation events (3 events):
Event: 0.012 Loaded shared library C:\Program Files\Android\Android Studio\jbr\bin\java.dll
Event: 0.018 Loaded shared library C:\Program Files\Android\Android Studio\jbr\bin\zip.dll
Event: 0.271 Loaded shared library C:\Program Files\Android\Android Studio\jbr\bin\verify.dll

Deoptimization events (20 events):
Event: 8.003 Thread 0x000001ebfdf84d30 Uncommon trap: trap_request=0xffffffc6 fr.pc=0x000001eb87ef3928 relative=0x0000000000000068
Event: 8.003 Thread 0x000001ebfdf84d30 Uncommon trap: reason=bimorphic_or_optimized_type_check action=maybe_recompile pc=0x000001eb87ef3928 method=java.util.AbstractQueue.add(Ljava/lang/Object;)Z @ 2 c2
Event: 8.003 Thread 0x000001ebfdf84d30 DEOPT PACKING pc=0x000001eb87ef3928 sp=0x000000bfad0f6f60
Event: 8.003 Thread 0x000001ebfdf84d30 DEOPT UNPACKING pc=0x000001eb875846a2 sp=0x000000bfad0f6f28 mode 2
Event: 8.355 Thread 0x000001ebfdf84d30 Uncommon trap: trap_request=0xffffffd6 fr.pc=0x000001eb87fa05cc relative=0x00000000000003ac
Event: 8.355 Thread 0x000001ebfdf84d30 Uncommon trap: reason=array_check action=maybe_recompile pc=0x000001eb87fa05cc method=java.util.LinkedHashMap.keysToArray([Ljava/lang/Object;Z)[Ljava/lang/Object; @ 67 c2
Event: 8.355 Thread 0x000001ebfdf84d30 DEOPT PACKING pc=0x000001eb87fa05cc sp=0x000000bfad0f69a0
Event: 8.355 Thread 0x000001ebfdf84d30 DEOPT UNPACKING pc=0x000001eb875846a2 sp=0x000000bfad0f6940 mode 2
Event: 8.356 Thread 0x000001ebfdf84d30 Uncommon trap: trap_request=0xffffffd6 fr.pc=0x000001eb87fa05cc relative=0x00000000000003ac
Event: 8.356 Thread 0x000001ebfdf84d30 Uncommon trap: reason=array_check action=maybe_recompile pc=0x000001eb87fa05cc method=java.util.LinkedHashMap.keysToArray([Ljava/lang/Object;Z)[Ljava/lang/Object; @ 67 c2
Event: 8.356 Thread 0x000001ebfdf84d30 DEOPT PACKING pc=0x000001eb87fa05cc sp=0x000000bfad0f69a0
Event: 8.356 Thread 0x000001ebfdf84d30 DEOPT UNPACKING pc=0x000001eb875846a2 sp=0x000000bfad0f6940 mode 2
Event: 8.356 Thread 0x000001ebfdf84d30 Uncommon trap: trap_request=0xffffffd6 fr.pc=0x000001eb87fa05cc relative=0x00000000000003ac
Event: 8.356 Thread 0x000001ebfdf84d30 Uncommon trap: reason=array_check action=maybe_recompile pc=0x000001eb87fa05cc method=java.util.LinkedHashMap.keysToArray([Ljava/lang/Object;Z)[Ljava/lang/Object; @ 67 c2
Event: 8.356 Thread 0x000001ebfdf84d30 DEOPT PACKING pc=0x000001eb87fa05cc sp=0x000000bfad0f69a0
Event: 8.356 Thread 0x000001ebfdf84d30 DEOPT UNPACKING pc=0x000001eb875846a2 sp=0x000000bfad0f6940 mode 2
Event: 8.356 Thread 0x000001ebfdf84d30 Uncommon trap: trap_request=0xffffffd6 fr.pc=0x000001eb87fa05cc relative=0x00000000000003ac
Event: 8.356 Thread 0x000001ebfdf84d30 Uncommon trap: reason=array_check action=maybe_recompile pc=0x000001eb87fa05cc method=java.util.LinkedHashMap.keysToArray([Ljava/lang/Object;Z)[Ljava/lang/Object; @ 67 c2
Event: 8.356 Thread 0x000001ebfdf84d30 DEOPT PACKING pc=0x000001eb87fa05cc sp=0x000000bfad0f69a0
Event: 8.356 Thread 0x000001ebfdf84d30 DEOPT UNPACKING pc=0x000001eb875846a2 sp=0x000000bfad0f6940 mode 2

Classes loaded (20 events):
Event: 7.867 Loading class javax/crypto/SecretKey
Event: 7.867 Loading class javax/crypto/SecretKey done
Event: 7.868 Loading class java/util/Base64
Event: 7.868 Loading class java/util/Base64 done
Event: 7.868 Loading class java/util/Base64$Decoder
Event: 7.868 Loading class java/util/Base64$Decoder done
Event: 7.868 Loading class java/util/Base64$Encoder
Event: 7.868 Loading class java/util/Base64$Encoder done
Event: 7.869 Loading class java/util/jar/JarVerifier$VerifierStream
Event: 7.870 Loading class java/util/jar/JarVerifier$VerifierStream done
Event: 7.870 Loading class sun/security/util/ManifestEntryVerifier$SunProviderHolder
Event: 7.870 Loading class sun/security/util/ManifestEntryVerifier$SunProviderHolder done
Event: 7.907 Loading class java/security/KeyStore$ProtectionParameter
Event: 7.907 Loading class java/security/KeyStore$ProtectionParameter done
Event: 8.002 Loading class java/lang/foreign/ValueLayout
Event: 8.002 Loading class java/lang/foreign/MemoryLayout
Event: 8.002 Loading class java/lang/foreign/MemoryLayout done
Event: 8.002 Loading class java/lang/foreign/ValueLayout done
Event: 8.171 Loading class java/security/KeyStore
Event: 8.172 Loading class java/security/KeyStore done

Classes unloaded (0 events):
No events

Classes redefined (0 events):
No events

Internal exceptions (20 events):
Event: 6.856 Thread 0x000001ebfdf87490 Exception <a 'java/lang/NoSuchMethodError'{0x00000000c54349c0}: static Lorg/gradle/internal/build/event/types/AbstractOperationResult;.<clinit>()V> (0x00000000c54349c0) 
thrown [s\src\hotspot\share\prims\jni.cpp, line 1135]
Event: 6.856 Thread 0x000001ebfdf87490 Exception <a 'java/lang/NoSuchMethodError'{0x00000000c5435de8}: static Lorg/gradle/internal/build/event/types/AbstractResult;.<clinit>()V> (0x00000000c5435de8) 
thrown [s\src\hotspot\share\prims\jni.cpp, line 1135]
Event: 6.857 Thread 0x000001ebfdf87490 Exception <a 'java/lang/NoSuchMethodError'{0x00000000c54ce068}: static Lorg/gradle/internal/build/event/types/DefaultPluginApplicationResult;.<clinit>()V> (0x00000000c54ce068) 
thrown [s\src\hotspot\share\prims\jni.cpp, line 1135]
Event: 6.858 Thread 0x000001ebfdf87490 Exception <a 'java/lang/NoSuchMethodError'{0x00000000c54da728}: static Lorg/gradle/internal/build/event/types/DefaultBinaryPluginIdentifier;.<clinit>()V> (0x00000000c54da728) 
thrown [s\src\hotspot\share\prims\jni.cpp, line 1135]
Event: 6.860 Thread 0x000001ebfdf87490 Exception <a 'java/lang/NoSuchMethodError'{0x00000000c54f3b18}: static Lorg/gradle/internal/build/event/types/DefaultScriptPluginIdentifier;.<clinit>()V> (0x00000000c54f3b18) 
thrown [s\src\hotspot\share\prims\jni.cpp, line 1135]
Event: 6.894 Thread 0x000001ebfdf84d30 Implicit null exception at 0x000001eb87e5cd5d to 0x000001eb87e5d240
Event: 6.894 Thread 0x000001ebfdf84d30 Implicit null exception at 0x000001eb87e5c03f to 0x000001eb87e5c4fc
Event: 6.980 Thread 0x000001ebfdf84d30 Exception <a 'java/lang/NoSuchMethodError'{0x00000000c446b7d0}: 'void java.lang.invoke.Invokers$Holder.invoke_MT(java.lang.Object, java.lang.Object, java.lang.Object, java.lang.Object)'> (0x00000000c446b7d0) 
thrown [s\src\hotspot\share\interpreter\linkResolver.cpp, line 784]
Event: 6.984 Thread 0x000001ebfdf84d30 Exception <a 'java/lang/NoSuchMethodError'{0x00000000c44e3450}: 'java.lang.Object java.lang.invoke.DirectMethodHandle$Holder.invokeSpecial(java.lang.Object, java.lang.Object, java.lang.Object, int, java.lang.Object, java.lang.Object)'> (0x00000000c44e3450) 
thrown [s\src\hotspot\share\interpreter\linkResolver.cpp, line 784]
Event: 7.002 Thread 0x000001ebfdf84d30 Exception <a 'java/lang/ClassNotFoundException'{0x00000000c4128648}: sun/misc/SharedSecrets> (0x00000000c4128648) 
thrown [s\src\hotspot\share\classfile\systemDictionary.cpp, line 312]
Event: 7.002 Thread 0x000001ebfdf84d30 Exception <a 'java/lang/ClassNotFoundException'{0x00000000c4129c60}: org/gradle/api/internal/plugins/DefaultObjectConfigurationActionBeanInfo> (0x00000000c4129c60) 
thrown [s\src\hotspot\share\classfile\systemDictionary.cpp, line 312]
Event: 7.003 Thread 0x000001ebfdf84d30 Exception <a 'java/lang/ClassNotFoundException'{0x00000000c413d398}: org/gradle/api/internal/plugins/DefaultObjectConfigurationActionCustomizer> (0x00000000c413d398) 
thrown [s\src\hotspot\share\classfile\systemDictionary.cpp, line 312]
Event: 7.004 Thread 0x000001ebfdf84d30 Implicit null exception at 0x000001eb87c158f2 to 0x000001eb87c15b70
Event: 7.004 Thread 0x000001ebfdf84d30 Exception <a 'java/lang/NoSuchMethodError'{0x00000000c414a8c0}: 'int java.lang.invoke.DirectMethodHandle$Holder.invokeSpecial(java.lang.Object, java.lang.Object, java.lang.Object, int)'> (0x00000000c414a8c0) 
thrown [s\src\hotspot\share\interpreter\linkResolver.cpp, line 784]
Event: 7.005 Thread 0x000001ebfdf84d30 Exception <a 'java/lang/NoSuchMethodError'{0x00000000c415b820}: 'java.lang.Object java.lang.invoke.DirectMethodHandle$Holder.invokeStatic(java.lang.Object, java.lang.Object, java.lang.Object, java.lang.Object, int)'> (0x00000000c415b820) 
thrown [s\src\hotspot\share\interpreter\linkResolver.cpp, line 784]
Event: 7.717 Thread 0x000001ebfdf84d30 Exception <a 'java/lang/NoSuchMethodError'{0x00000000c6530e08}: 'java.lang.Object java.lang.invoke.DirectMethodHandle$Holder.newInvokeSpecial(java.lang.Object, java.lang.Object, java.lang.Object, java.lang.Object, java.lang.Object, java.lang.Object, java.lang.Object, java.lang.Object, java.lang.Object, java.lang.Object, java.lang.Object, java.lang.Object, java.lang.Object, java.lang.Object, java.lang.Object, java.lang.Object)'> (0x00000000c6530e08) 
thrown [s\src\hotspot\share\interpreter\linkResolver.cpp,
Event: 7.717 Thread 0x000001ebfdf84d30 Exception <a 'java/lang/NoSuchMethodError'{0x00000000c6537a80}: 'java.lang.Object java.lang.invoke.DirectMethodHandle$Holder.invokeSpecial(java.lang.Object, java.lang.Object, java.lang.Object, java.lang.Object, java.lang.Object, java.lang.Object, java.lang.Object, java.lang.Object, java.lang.Object, java.lang.Object, java.lang.Object, java.lang.Object, java.lang.Object, java.lang.Object, java.lang.Object, java.lang.Object, java.lang.Object)'> (0x00000000c6537a80) 
thrown [s\src\hotspot\share\interpreter\li
Event: 7.717 Thread 0x000001ebfdf84d30 Exception <a 'java/lang/NoSuchMethodError'{0x00000000c653d910}: 'java.lang.Object java.lang.invoke.DelegatingMethodHandle$Holder.reinvoke_L(java.lang.Object, java.lang.Object, java.lang.Object, java.lang.Object, java.lang.Object, java.lang.Object, java.lang.Object, java.lang.Object, java.lang.Object, java.lang.Object, java.lang.Object, java.lang.Object, java.lang.Object, java.lang.Object, java.lang.Object, java.lang.Object)'> (0x00000000c653d910) 
thrown [s\src\hotspot\share\interpreter\linkResolver.cpp, l
Event: 7.763 Thread 0x000001ebfdf84d30 Exception <a 'java/lang/NoSuchMethodError'{0x00000000c60ecb10}: 'void java.lang.invoke.DirectMethodHandle$Holder.invokeVirtual(java.lang.Object, java.lang.Object)'> (0x00000000c60ecb10) 
thrown [s\src\hotspot\share\interpreter\linkResolver.cpp, line 784]
Event: 7.892 Thread 0x000001ebfdf84d30 Implicit null exception at 0x000001eb87cd9674 to 0x000001eb87cd9eea

ZGC Phase Switch (0 events):
No events

VM Operations (20 events):
Event: 7.309 Executing VM operation: G1CollectForAllocation (G1 Evacuation Pause)
Event: 7.313 Executing VM operation: G1CollectForAllocation (G1 Evacuation Pause) done
Event: 7.575 Executing VM operation: G1CollectForAllocation (G1 Evacuation Pause)
Event: 7.577 Executing VM operation: G1CollectForAllocation (G1 Evacuation Pause) done
Event: 7.597 Executing VM operation: G1PauseRemark
Event: 7.601 Executing VM operation: G1PauseRemark done
Event: 7.612 Executing VM operation: G1PauseCleanup
Event: 7.612 Executing VM operation: G1PauseCleanup done
Event: 7.722 Executing VM operation: HandshakeAllThreads (Deoptimize)
Event: 7.722 Executing VM operation: HandshakeAllThreads (Deoptimize) done
Event: 7.816 Executing VM operation: HandshakeAllThreads (Deoptimize)
Event: 7.816 Executing VM operation: HandshakeAllThreads (Deoptimize) done
Event: 7.843 Executing VM operation: HandshakeAllThreads (Deoptimize)
Event: 7.843 Executing VM operation: HandshakeAllThreads (Deoptimize) done
Event: 7.844 Executing VM operation: HandshakeAllThreads (Deoptimize)
Event: 7.844 Executing VM operation: HandshakeAllThreads (Deoptimize) done
Event: 7.880 Executing VM operation: G1CollectForAllocation (G1 Evacuation Pause)
Event: 7.886 Executing VM operation: G1CollectForAllocation (G1 Evacuation Pause) done
Event: 8.095 Executing VM operation: G1CollectForAllocation (G1 Evacuation Pause)
Event: 8.099 Executing VM operation: G1CollectForAllocation (G1 Evacuation Pause) done

Memory protections (0 events):
No events

Nmethod flushes (20 events):
Event: 7.600 Thread 0x000001ebf779ffa0 flushing  nmethod 0x000001eb808bc910
Event: 7.600 Thread 0x000001ebf779ffa0 flushing  nmethod 0x000001eb808c8210
Event: 7.600 Thread 0x000001ebf779ffa0 flushing  nmethod 0x000001eb8092f610
Event: 7.600 Thread 0x000001ebf779ffa0 flushing  nmethod 0x000001eb80933110
Event: 7.600 Thread 0x000001ebf779ffa0 flushing  nmethod 0x000001eb8094eb10
Event: 7.600 Thread 0x000001ebf779ffa0 flushing  nmethod 0x000001eb8094ee90
Event: 7.600 Thread 0x000001ebf779ffa0 flushing  nmethod 0x000001eb80951a90
Event: 7.600 Thread 0x000001ebf779ffa0 flushing  nmethod 0x000001eb80953090
Event: 7.600 Thread 0x000001ebf779ffa0 flushing  nmethod 0x000001eb80953410
Event: 7.600 Thread 0x000001ebf779ffa0 flushing  nmethod 0x000001eb8097b990
Event: 7.600 Thread 0x000001ebf779ffa0 flushing  nmethod 0x000001eb809eeb90
Event: 7.600 Thread 0x000001ebf779ffa0 flushing  nmethod 0x000001eb809fc690
Event: 7.600 Thread 0x000001ebf779ffa0 flushing  nmethod 0x000001eb809fd510
Event: 7.600 Thread 0x000001ebf779ffa0 flushing  nmethod 0x000001eb809fdf10
Event: 7.600 Thread 0x000001ebf779ffa0 flushing  nmethod 0x000001eb809fe910
Event: 7.600 Thread 0x000001ebf779ffa0 flushing  nmethod 0x000001eb809fef90
Event: 7.600 Thread 0x000001ebf779ffa0 flushing  nmethod 0x000001eb80b99990
Event: 7.600 Thread 0x000001ebf779ffa0 flushing  nmethod 0x000001eb80b9a610
Event: 7.600 Thread 0x000001ebf779ffa0 flushing  nmethod 0x000001eb80bdd990
Event: 7.600 Thread 0x000001ebf779ffa0 flushing  nmethod 0x000001eb80c86690

Events (20 events):
Event: 1.113 Thread 0x000001ebfdf84d30 Thread added: 0x000001ebfdf85a50
Event: 1.114 Thread 0x000001ebfdf84d30 Thread added: 0x000001ebfdf87490
Event: 1.345 Thread 0x000001ebfdf84d30 Thread added: 0x000001ebfdf86770
Event: 1.352 Thread 0x000001ebfdf84d30 Thread added: 0x000001ebfdf860e0
Event: 1.369 Thread 0x000001ebfdf84d30 Thread added: 0x000001ebfdf846a0
Event: 2.074 Thread 0x000001ebfdf84d30 Thread added: 0x000001ebfdf86e00
Event: 2.094 Thread 0x000001ebfdf84d30 Thread added: 0x000001ebfe719a90
Event: 2.252 Thread 0x000001ebfdf84d30 Thread added: 0x000001ebfe71a120
Event: 2.256 Thread 0x000001ebfdf84d30 Thread added: 0x000001ebfe71c1f0
Event: 2.311 Thread 0x000001ebfc169480 Thread exited: 0x000001ebfc169480
Event: 2.423 Thread 0x000001ebfdf84d30 Thread added: 0x000001ebfe71ae40
Event: 2.444 Thread 0x000001ebfdf84d30 Thread added: 0x000001ebfe71a7b0
Event: 2.526 Thread 0x000001ebfdf84d30 Thread added: 0x000001ebfe71b4d0
Event: 2.599 Thread 0x000001ebfdf84d30 Thread added: 0x000001ebfe71c880
Event: 2.723 Thread 0x000001ebf783bf30 Thread added: 0x000001ebfccbf370
Event: 5.218 Thread 0x000001ebfdf84d30 Thread added: 0x000001ebfe720a20
Event: 5.294 Thread 0x000001ebfdf84d30 Thread added: 0x000001ebfe71dc30
Event: 5.791 Thread 0x000001ebfdf84d30 Thread added: 0x000001ebfe720390
Event: 7.491 Thread 0x000001ebfdf84d30 Thread added: 0x000001ebff10d7c0
Event: 7.755 Thread 0x000001ebfdf84d30 Thread added: 0x000001ebff10de50


Dynamic libraries:
0x00007ff65e950000 - 0x00007ff65e95a000 	C:\Program Files\Android\Android Studio\jbr\bin\java.exe
0x00007ffc036c0000 - 0x00007ffc03927000 	C:\WINDOWS\SYSTEM32\ntdll.dll
0x00007ffc026c0000 - 0x00007ffc02789000 	C:\WINDOWS\System32\KERNEL32.DLL
0x00007ffc01060000 - 0x00007ffc0144f000 	C:\WINDOWS\System32\KERNELBASE.dll
0x00007ffc00f10000 - 0x00007ffc0105b000 	C:\WINDOWS\System32\ucrtbase.dll
0x00007ffbfd240000 - 0x00007ffbfd25b000 	C:\Program Files\Android\Android Studio\jbr\bin\VCRUNTIME140.dll
0x00007ffbf70c0000 - 0x00007ffbf70d8000 	C:\Program Files\Android\Android Studio\jbr\bin\jli.dll
0x00007ffc032e0000 - 0x00007ffc034a5000 	C:\WINDOWS\System32\USER32.dll
0x00007ffbdd1f0000 - 0x00007ffbdd483000 	C:\WINDOWS\WinSxS\amd64_microsoft.windows.common-controls_6595b64144ccf1df_6.0.26100.7309_none_3e05feeae336a044\COMCTL32.dll
0x00007ffc008a0000 - 0x00007ffc008c7000 	C:\WINDOWS\System32\win32u.dll
0x00007ffc034b0000 - 0x00007ffc034db000 	C:\WINDOWS\System32\GDI32.dll
0x00007ffc01d20000 - 0x00007ffc01dc9000 	C:\WINDOWS\System32\msvcrt.dll
0x00007ffc00bc0000 - 0x00007ffc00cec000 	C:\WINDOWS\System32\gdi32full.dll
0x00007ffc00e60000 - 0x00007ffc00f03000 	C:\WINDOWS\System32\msvcp_win.dll
0x00007ffc031e0000 - 0x00007ffc03211000 	C:\WINDOWS\System32\IMM32.DLL
0x00007ffbfd230000 - 0x00007ffbfd23c000 	C:\Program Files\Android\Android Studio\jbr\bin\vcruntime140_1.dll
0x00007ffba2550000 - 0x00007ffba25dd000 	C:\Program Files\Android\Android Studio\jbr\bin\msvcp140.dll
0x00007ffafb800000 - 0x00007ffafc483000 	C:\Program Files\Android\Android Studio\jbr\bin\server\jvm.dll
0x00007ffc03220000 - 0x00007ffc032d4000 	C:\WINDOWS\System32\ADVAPI32.dll
0x00007ffc01f20000 - 0x00007ffc01fc6000 	C:\WINDOWS\System32\sechost.dll
0x00007ffc01c00000 - 0x00007ffc01d18000 	C:\WINDOWS\System32\RPCRT4.dll
0x00007ffc02970000 - 0x00007ffc029e4000 	C:\WINDOWS\System32\WS2_32.dll
0x00007ffbfae20000 - 0x00007ffbfae55000 	C:\WINDOWS\SYSTEM32\WINMM.dll
0x00007ffc00670000 - 0x00007ffc006ce000 	C:\WINDOWS\SYSTEM32\POWRPROF.dll
0x00007ffbf0de0000 - 0x00007ffbf0deb000 	C:\WINDOWS\SYSTEM32\VERSION.dll
0x00007ffc00650000 - 0x00007ffc00664000 	C:\WINDOWS\SYSTEM32\UMPDC.dll
0x00007ffbff580000 - 0x00007ffbff59b000 	C:\WINDOWS\SYSTEM32\kernel.appcore.dll
0x00007ffbf7980000 - 0x00007ffbf798a000 	C:\Program Files\Android\Android Studio\jbr\bin\jimage.dll
0x00007ffbfe100000 - 0x00007ffbfe342000 	C:\WINDOWS\SYSTEM32\DBGHELP.DLL
0x00007ffc015d0000 - 0x00007ffc01955000 	C:\WINDOWS\System32\combase.dll
0x00007ffc024c0000 - 0x00007ffc02596000 	C:\WINDOWS\System32\OLEAUT32.dll
0x00007ffbdddf0000 - 0x00007ffbdde2c000 	C:\WINDOWS\SYSTEM32\dbgcore.DLL
0x00007ffc008d0000 - 0x00007ffc00975000 	C:\WINDOWS\System32\bcryptPrimitives.dll
0x00007ffbf70b0000 - 0x00007ffbf70be000 	C:\Program Files\Android\Android Studio\jbr\bin\instrument.dll
0x00007ffbe6b40000 - 0x00007ffbe6b60000 	C:\Program Files\Android\Android Studio\jbr\bin\java.dll
0x00007ffbc8d70000 - 0x00007ffbc8d88000 	C:\Program Files\Android\Android Studio\jbr\bin\zip.dll
0x00007ffc02a80000 - 0x00007ffc031d3000 	C:\WINDOWS\System32\SHELL32.dll
0x00007ffc00cf0000 - 0x00007ffc00e5a000 	C:\WINDOWS\System32\wintypes.dll
0x00007ffbfe3d0000 - 0x00007ffbfec2e000 	C:\WINDOWS\SYSTEM32\windows.storage.dll
0x00007ffc025a0000 - 0x00007ffc02695000 	C:\WINDOWS\System32\SHCORE.dll
0x00007ffc019f0000 - 0x00007ffc01a56000 	C:\WINDOWS\System32\shlwapi.dll
0x00007ffc00730000 - 0x00007ffc00759000 	C:\WINDOWS\SYSTEM32\profapi.dll
0x00007ffbed340000 - 0x00007ffbed350000 	C:\Program Files\Android\Android Studio\jbr\bin\net.dll
0x00007ffbfa8b0000 - 0x00007ffbfa9d8000 	C:\WINDOWS\SYSTEM32\WINHTTP.dll
0x00007ffbffad0000 - 0x00007ffbffb3b000 	C:\WINDOWS\system32\mswsock.dll
0x00007ffbc8c10000 - 0x00007ffbc8c26000 	C:\Program Files\Android\Android Studio\jbr\bin\nio.dll
0x00007ffbc8c00000 - 0x00007ffbc8c10000 	C:\Program Files\Android\Android Studio\jbr\bin\verify.dll
0x00007ffba27d0000 - 0x00007ffba27f7000 	D:\.gradle\native\c067742578af261105cb4f569cf0c3c89f3d7b1fecec35dd04571415982c5e48\windows-amd64\native-platform.dll
0x00007ffb65fd0000 - 0x00007ffb66114000 	D:\.gradle\native\100fb08df4bc3b14c8652ba06237920a3bd2aa13389f12d3474272988ae205f9\windows-amd64\native-platform-file-events.dll
0x00007ffbddf60000 - 0x00007ffbddf69000 	C:\Program Files\Android\Android Studio\jbr\bin\management.dll
0x00007ffbcd900000 - 0x00007ffbcd90b000 	C:\Program Files\Android\Android Studio\jbr\bin\management_ext.dll
0x00007ffc01b60000 - 0x00007ffc01b68000 	C:\WINDOWS\System32\PSAPI.DLL
0x00007ffbffec0000 - 0x00007ffbffedb000 	C:\WINDOWS\SYSTEM32\CRYPTSP.dll
0x00007ffbff4e0000 - 0x00007ffbff51a000 	C:\WINDOWS\system32\rsaenh.dll
0x00007ffbffb80000 - 0x00007ffbffbab000 	C:\WINDOWS\SYSTEM32\USERENV.dll
0x00007ffc00700000 - 0x00007ffc0072a000 	C:\WINDOWS\SYSTEM32\bcrypt.dll
0x00007ffbffd20000 - 0x00007ffbffd2c000 	C:\WINDOWS\SYSTEM32\CRYPTBASE.dll
0x00007ffbfef70000 - 0x00007ffbfefa4000 	C:\WINDOWS\SYSTEM32\IPHLPAPI.DLL
0x00007ffc019e0000 - 0x00007ffc019ea000 	C:\WINDOWS\System32\NSI.dll
0x00007ffbecdc0000 - 0x00007ffbecdc9000 	C:\Program Files\Android\Android Studio\jbr\bin\extnet.dll
0x00007ffbe5f20000 - 0x00007ffbe5f28000 	C:\WINDOWS\system32\wshunix.dll

dbghelp: loaded successfully - version: 4.0.5 - missing functions: none
symbol engine: initialized successfully - sym options: 0x614 - pdb path: .;C:\Program Files\Android\Android Studio\jbr\bin;C:\WINDOWS\SYSTEM32;C:\WINDOWS\WinSxS\amd64_microsoft.windows.common-controls_6595b64144ccf1df_6.0.26100.7309_none_3e05feeae336a044;C:\Program Files\Android\Android Studio\jbr\bin\server;D:\.gradle\native\c067742578af261105cb4f569cf0c3c89f3d7b1fecec35dd04571415982c5e48\windows-amd64;D:\.gradle\native\100fb08df4bc3b14c8652ba06237920a3bd2aa13389f12d3474272988ae205f9\windows-amd64

VM Arguments:
jvm_args: -XX:MaxMetaspaceSize=256m -Xss512k --add-opens=java.base/java.util=ALL-UNNAMED --add-opens=java.base/java.lang=ALL-UNNAMED --add-opens=java.base/java.lang.invoke=ALL-UNNAMED --add-opens=java.prefs/java.util.prefs=ALL-UNNAMED --add-exports=jdk.compiler/com.sun.tools.javac.api=ALL-UNNAMED --add-exports=jdk.compiler/com.sun.tools.javac.util=ALL-UNNAMED --add-opens=java.base/java.nio.charset=ALL-UNNAMED --add-opens=java.base/java.net=ALL-UNNAMED --add-opens=java.base/java.util.concurrent.atomic=ALL-UNNAMED -Xmx1024m -Dfile.encoding=UTF-8 -Duser.country=US -Duser.language=en -Duser.variant -javaagent:D:\.gradle\wrapper\dists\gradle-8.10.2-bin\a04bxjujx95o3nb99gddekhwo\gradle-8.10.2\lib\agents\gradle-instrumentation-agent-8.10.2.jar 
java_command: org.gradle.launcher.daemon.bootstrap.GradleDaemon 8.10.2
java_class_path (initial): D:\.gradle\wrapper\dists\gradle-8.10.2-bin\a04bxjujx95o3nb99gddekhwo\gradle-8.10.2\lib\gradle-daemon-main-8.10.2.jar
Launcher Type: SUN_STANDARD

[Global flags]
     intx CICompilerCount                          = 4                                         {product} {ergonomic}
   size_t CompressedClassSpaceSize                 = 218103808                                 {product} {ergonomic}
     uint ConcGCThreads                            = 3                                         {product} {ergonomic}
     uint G1ConcRefinementThreads                  = 10                                        {product} {ergonomic}
   size_t G1HeapRegionSize                         = 1048576                                   {product} {ergonomic}
    uintx GCDrainStackTargetSize                   = 64                                        {product} {ergonomic}
   size_t InitialHeapSize                          = 264241152                                 {product} {ergonomic}
   size_t MarkStackSize                            = 4194304                                   {product} {ergonomic}
   size_t MaxHeapSize                              = 1073741824                                {product} {command line}
   size_t MaxMetaspaceSize                         = 268435456                                 {product} {command line}
   size_t MaxNewSize                               = 643825664                                 {product} {ergonomic}
   size_t MinHeapDeltaBytes                        = 1048576                                   {product} {ergonomic}
   size_t MinHeapSize                              = 8388608                                   {product} {ergonomic}
    uintx NonNMethodCodeHeapSize                   = 5839372                                {pd product} {ergonomic}
    uintx NonProfiledCodeHeapSize                  = 122909434                              {pd product} {ergonomic}
    uintx ProfiledCodeHeapSize                     = 122909434                              {pd product} {ergonomic}
    uintx ReservedCodeCacheSize                    = 251658240                              {pd product} {ergonomic}
     bool SegmentedCodeCache                       = true                                      {product} {ergonomic}
   size_t SoftMaxHeapSize                          = 1073741824                             {manageable} {ergonomic}
     intx ThreadStackSize                          = 512                                    {pd product} {command line}
     bool UseCompressedOops                        = true                           {product lp64_product} {ergonomic}
     bool UseG1GC                                  = true                                      {product} {ergonomic}
     bool UseLargePagesIndividualAllocation        = false                                  {pd product} {ergonomic}

Logging:
Log output configuration:
 #0: stdout all=warning uptime,level,tags foldmultilines=false
 #1: stderr all=off uptime,level,tags foldmultilines=false

Environment Variables:
JAVA_HOME=C:\Program Files\Java\jdk-21
PATH=C:\oracle\dbhomeFree\bin;C:\app\HP\product\23ai\dbhomeFree\bin;C:\Program Files\Common Files\Oracle\Java\javapath;C:\Program Files (x86)\Common Files\Oracle\Java\java8path;C:\Program Files (x86)\Common Files\Oracle\Java\javapath;C:\WINDOWS\system32;C:\WINDOWS;C:\WINDOWS\System32\Wbem;C:\WINDOWS\System32\WindowsPowerShell\v1.0\;C:\WINDOWS\System32\OpenSSH\;C:\Program Files (x86)\Microsoft SQL Server\160\Tools\Binn\;C:\Program Files\Microsoft SQL Server\160\Tools\Binn\;C:\Program Files\Microsoft SQL Server\Client SDK\ODBC\170\Tools\Binn\;C:\Program Files\Microsoft SQL Server\160\DTS\Binn\;C:\Program Files (x86)\Microsoft SQL Server\160\DTS\Binn\;C:\Program Files\Azure Data Studio\bin;C:\Program Files\Java\jdk-21\bin;C:\Program Files\Microsoft SQL Server\150\Tools\Binn\;C:\Program Files\nodejs;C:\ProgramData\chocolatey\bin;C:\Program Files\nodejs\;C:\sqlite;C:\Program Files\Git\cmd;C:\Program Files\TortoiseGit\bin;C:\Program Files\dotnet\;C:\Users\HP\AppData\Local\Programs\Python\Python313\Scripts\;C:\Users\HP\AppData\Local\Programs\Python\Python313\;C:\Users\HP\AppData\Local\Programs\Python\Launcher\;C:\Users\HP\AppData\Local\Microsoft\WindowsApps;C:\Program Files\Azure Data Studio\bin;C:\Program Files\JetBrains\IntelliJ IDEA Community Edition 2023.2.5\bin;C:\Users\HP\AppData\Local\Programs\Microsoft VS Code\bin;C:\Program Files\JetBrains\IntelliJ IDEA 2024.3.1.1\bin;C:\Users\HP\.dotnet\tools;C:\Users\HP\AppData\Roaming\npm;C:\Users\HP\AppData\Local\Programs\mongosh\;D:\software\flutter_windows_3.38.0-stable (1)\flutter\bin;D:\software\flutter_3.38.0\flutter\bin;D:\software\flutter_windows_3.35.7-stable\flutter\bin;C:\Users\HP\.dotnet\tools
USERNAME=HP
OS=Windows_NT
PROCESSOR_IDENTIFIER=Intel64 Family 6 Model 154 Stepping 4, GenuineIntel
TMP=C:\Users\HP\AppData\Local\Temp
TEMP=C:\Users\HP\AppData\Local\Temp




Periodic native trim disabled

JNI global refs:
JNI global refs: 28, weak refs: 0

JNI global refs memory usage: 835, weak refs: 833

Process memory usage:
Resident Set Size: 370860K (2% of 16400712K total physical memory with 2343616K free physical memory)

OOME stack traces (most recent first):
Classloader memory used:
Loader org.gradle.internal.classloader.VisitableURLClassLoader                         : 35164K
Loader bootstrap                                                                       : 25205K
Loader org.gradle.internal.classloader.VisitableURLClassLoader$InstrumentingVisitableURLClassLoader: 10545K
Loader org.gradle.initialization.MixInLegacyTypesClassLoader                           : 10311K
Loader jdk.internal.loader.ClassLoaders$PlatformClassLoader                            : 496K
Loader org.gradle.internal.classloader.VisitableURLClassLoader                         : 365K
Loader jdk.internal.loader.ClassLoaders$AppClassLoader                                 : 234K
Loader jdk.internal.reflect.DelegatingClassLoader                                      : 145K

Classes loaded by more than one classloader:
Class Program                                                                         : loaded 4 times (x 70B)
Class com.google.common.base.Equivalence$Identity                                     : loaded 2 times (x 78B)
Class com.google.common.collect.RegularImmutableMap$KeySet                            : loaded 2 times (x 146B)
Class org.gradle.internal.classloader.FilteringClassLoader                            : loaded 2 times (x 101B)
Class [Lcom.google.common.base.AbstractIterator$State;                                : loaded 2 times (x 65B)
Class com.google.common.base.CharMatcher$IsEither                                     : loaded 2 times (x 107B)
Class org.gradle.internal.classloader.ClassLoaderHierarchy                            : loaded 2 times (x 66B)
Class com.google.common.collect.ImmutableEnumSet                                      : loaded 2 times (x 142B)
Class com.google.common.util.concurrent.ExecutionError                                : loaded 2 times (x 78B)
Class com.google.common.collect.ImmutableList$1                                       : loaded 2 times (x 93B)
Class org.gradle.api.internal.classpath.ManifestUtil                                  : loaded 2 times (x 67B)
Class com.google.common.collect.RegularImmutableMap                                   : loaded 2 times (x 117B)
Class com.google.common.collect.ImmutableMap$MapViewOfValuesAsSingletonSets           : loaded 2 times (x 121B)
Class [Lorg.objectweb.asm.Symbol;                                                     : loaded 2 times (x 65B)
Class org.objectweb.asm.ClassVisitor                                                  : loaded 2 times (x 84B)
Class com.google.common.collect.UnmodifiableListIterator                              : loaded 2 times (x 91B)
Class org.objectweb.asm.MethodTooLargeException                                       : loaded 2 times (x 79B)
Class [Lcom.google.common.cache.CacheBuilder$OneWeigher;                              : loaded 2 times (x 65B)
Class com.google.common.base.Suppliers                                                : loaded 2 times (x 67B)
Class org.gradle.internal.classloader.DefaultClassLoaderFactory                       : loaded 2 times (x 78B)
Class com.google.common.base.CharMatcher$None                                         : loaded 2 times (x 108B)
Class org.gradle.internal.classloader.ClassLoaderVisitor                              : loaded 2 times (x 72B)
Class [Lcom.google.common.collect.ImmutableMapEntry;                                  : loaded 2 times (x 65B)
Class org.gradle.api.internal.classpath.EffectiveClassPath                            : loaded 2 times (x 86B)
Class com.google.common.collect.ImmutableEnumMap                                      : loaded 2 times (x 121B)
Class com.google.common.collect.ListMultimap                                          : loaded 2 times (x 66B)
Class com.google.common.collect.Sets$1                                                : loaded 2 times (x 135B)
Class org.objectweb.asm.AnnotationVisitor                                             : loaded 2 times (x 74B)
Class com.google.common.base.Splitter                                                 : loaded 2 times (x 68B)
Class org.gradle.api.internal.DefaultClassPathProvider                                : loaded 2 times (x 72B)
Class com.google.common.collect.Sets$2                                                : loaded 2 times (x 135B)
Class [Lorg.gradle.api.internal.ClassPathProvider;                                    : loaded 2 times (x 65B)
Class org.gradle.api.internal.ClassPathProvider                                       : loaded 2 times (x 66B)
Class [Lorg.objectweb.asm.AnnotationVisitor;                                          : loaded 2 times (x 65B)
Class com.google.common.collect.Sets$3                                                : loaded 2 times (x 135B)
Class com.google.common.util.concurrent.AbstractFuture$SafeAtomicHelper               : loaded 2 times (x 75B)
Class com.google.common.cache.LocalCache$LocalLoadingCache                            : loaded 2 times (x 130B)
Class com.google.common.base.AbstractIterator$State                                   : loaded 2 times (x 75B)
Class org.gradle.internal.service.UnknownServiceException                             : loaded 2 times (x 79B)
Class com.google.common.collect.Sets$4                                                : loaded 2 times (x 135B)
Class org.objectweb.asm.ModuleVisitor                                                 : loaded 2 times (x 77B)
Class com.google.common.cache.LocalCache$Strength$1                                   : loaded 2 times (x 77B)
Class com.google.common.util.concurrent.SettableFuture                                : loaded 2 times (x 110B)
Class com.google.common.cache.LocalCache$Strength$2                                   : loaded 2 times (x 77B)
Class com.google.common.cache.LocalCache$Strength$3                                   : loaded 2 times (x 77B)
Class com.google.common.collect.MapDifference                                         : loaded 2 times (x 66B)
Class com.google.common.base.Splitter$1                                               : loaded 2 times (x 73B)
Class org.objectweb.asm.FieldWriter                                                   : loaded 2 times (x 74B)
Class com.google.common.cache.CacheBuilder$NullListener                               : loaded 2 times (x 78B)
Class org.gradle.internal.classpath.TransformedClassPath                              : loaded 2 times (x 92B)
Class org.gradle.internal.classloader.InstrumentingClassLoader                        : loaded 2 times (x 66B)
Class com.google.common.cache.CacheLoader$FunctionToCacheLoader                       : loaded 2 times (x 71B)
Class com.google.common.collect.Iterators$ArrayItr                                    : loaded 2 times (x 93B)
Class com.google.common.collect.ImmutableCollection$Builder                           : loaded 2 times (x 72B)
Class com.google.common.base.MoreObjects                                              : loaded 2 times (x 67B)
Class [Lorg.objectweb.asm.Type;                                                       : loaded 2 times (x 65B)
Class com.google.common.collect.Platform                                              : loaded 2 times (x 67B)
Class com.google.common.collect.UnmodifiableIterator                                  : loaded 2 times (x 76B)
Class org.gradle.internal.service.ServiceLocator                                      : loaded 2 times (x 66B)
Class com.google.common.base.Ascii                                                    : loaded 2 times (x 67B)
Class com.google.common.collect.SingletonImmutableBiMap                               : loaded 2 times (x 139B)
Class com.google.common.cache.LocalCache$1                                            : loaded 2 times (x 85B)
Class com.google.common.collect.AbstractMapEntry                                      : loaded 2 times (x 77B)
Class com.google.common.cache.LocalCache$2                                            : loaded 2 times (x 138B)
Class com.google.common.collect.AbstractMultimap                                      : loaded 2 times (x 119B)
Class com.google.common.util.concurrent.AbstractFuture$UnsafeAtomicHelper$1           : loaded 2 times (x 72B)
Class com.google.common.collect.RegularImmutableAsList                                : loaded 2 times (x 212B)
Class com.google.common.util.concurrent.AbstractFuture$Trusted                        : loaded 2 times (x 66B)
Class com.google.common.collect.Iterators                                             : loaded 2 times (x 67B)
Class com.google.common.base.CharMatcher$RangesMatcher                                : loaded 2 times (x 108B)
Class com.google.common.util.concurrent.UncheckedExecutionException                   : loaded 2 times (x 78B)
Class com.google.common.collect.Lists$StringAsImmutableList                           : loaded 2 times (x 203B)
Class org.gradle.kotlin.dsl.VersionCatalogAccessorsKt                                 : loaded 2 times (x 67B)
Class com.google.common.base.CharMatcher$JavaLetterOrDigit                            : loaded 2 times (x 107B)
Class org.gradle.internal.InternalTransformer                                         : loaded 2 times (x 66B)
Class org.objectweb.asm.ClassWriter                                                   : loaded 2 times (x 102B)
Class com.google.common.cache.CacheLoader$UnsupportedLoadingOperationException        : loaded 2 times (x 78B)
Class com.google.common.base.CharMatcher$And                                          : loaded 2 times (x 108B)
Class org.gradle.internal.classloader.ClasspathUtil$1                                 : loaded 2 times (x 72B)
Class org.objectweb.asm.FieldVisitor                                                  : loaded 2 times (x 73B)
Class com.google.common.collect.IndexedImmutableSet                                   : loaded 2 times (x 146B)
Class com.google.common.collect.ImmutableMap$1                                        : loaded 2 times (x 77B)
Class com.google.common.collect.BiMap                                                 : loaded 2 times (x 66B)
Class org.gradle.api.internal.classpath.DefaultModuleRegistry$DefaultModule           : loaded 2 times (x 82B)
Class com.google.common.primitives.Ints                                               : loaded 2 times (x 67B)
Class com.google.common.collect.AbstractIterator                                      : loaded 2 times (x 78B)
Class com.google.common.math.MathPreconditions                                        : loaded 2 times (x 67B)
Class com.google.common.collect.Multiset                                              : loaded 2 times (x 66B)
Class com.google.common.collect.ArrayListMultimapGwtSerializationDependencies         : loaded 2 times (x 168B)
Class com.google.common.collect.ObjectArrays                                          : loaded 2 times (x 67B)
Class com.google.common.collect.AbstractIndexedListIterator                           : loaded 2 times (x 92B)
Class com.google.common.collect.ImmutableMapEntrySet                                  : loaded 2 times (x 147B)
Class org.gradle.api.internal.classpath.Module                                        : loaded 2 times (x 66B)
Class com.google.common.cache.Weigher                                                 : loaded 2 times (x 66B)
Class org.gradle.api.internal.classpath.UnknownModuleException                        : loaded 2 times (x 78B)
Class com.google.common.base.Stopwatch                                                : loaded 2 times (x 68B)
Class com.google.common.cache.LocalCache$Strength                                     : loaded 2 times (x 77B)
Class com.google.common.cache.Cache                                                   : loaded 2 times (x 66B)
Class com.google.common.util.concurrent.AbstractFuture$Cancellation                   : loaded 2 times (x 68B)
Class com.google.common.collect.ImmutableMap$Builder                                  : loaded 2 times (x 78B)
Class com.google.common.base.NullnessCasts                                            : loaded 2 times (x 67B)
Class com.google.common.cache.RemovalListener                                         : loaded 2 times (x 66B)
Class org.gradle.api.internal.DefaultClassPathRegistry                                : loaded 2 times (x 72B)
Class com.google.common.primitives.IntsMethodsForWeb                                  : loaded 2 times (x 67B)
Class com.google.common.collect.Multimap                                              : loaded 2 times (x 66B)
Class org.gradle.api.internal.ClassPathRegistry                                       : loaded 2 times (x 66B)
Class org.gradle.internal.classpath.DefaultClassPath$ImmutableUniqueList              : loaded 2 times (x 195B)
Class com.google.common.cache.CacheBuilder                                            : loaded 2 times (x 68B)
Class com.google.common.collect.SingletonImmutableList                                : loaded 2 times (x 203B)
Class com.google.common.base.PairwiseEquivalence                                      : loaded 2 times (x 79B)
Class Settings_gradle$1                                                               : loaded 2 times (x 70B)
Class org.gradle.internal.classpath.ClassPath                                         : loaded 2 times (x 66B)
Class org.gradle.api.UncheckedIOException                                             : loaded 2 times (x 78B)
Class com.google.common.collect.ImmutableList$ReverseImmutableList                    : loaded 2 times (x 204B)
Class com.google.common.base.JdkPattern                                               : loaded 2 times (x 71B)
Class org.objectweb.asm.SymbolTable$Entry                                             : loaded 2 times (x 70B)
Class com.google.common.util.concurrent.AbstractFuture$AtomicHelper                   : loaded 2 times (x 74B)
Class org.objectweb.asm.Edge                                                          : loaded 2 times (x 68B)
Class com.google.common.base.Suppliers$SupplierOfInstance                             : loaded 2 times (x 75B)
Class com.google.common.collect.Iterators$1                                           : loaded 2 times (x 77B)
Class com.google.common.cache.LocalCache$ComputingValueReference                      : loaded 2 times (x 92B)
Class com.google.common.collect.SingletonImmutableSet                                 : loaded 2 times (x 142B)
Class com.google.common.collect.ImmutableMap$IteratorBasedImmutableMap                : loaded 2 times (x 121B)
Class com.google.common.cache.LocalCache$Segment                                      : loaded 2 times (x 150B)
Class [Lorg.objectweb.asm.SymbolTable$Entry;                                          : loaded 2 times (x 65B)
Class com.google.common.cache.CacheLoader                                             : loaded 2 times (x 70B)
Class com.google.common.collect.Iterators$4                                           : loaded 2 times (x 78B)
Class com.google.common.collect.ImmutableBiMap                                        : loaded 2 times (x 139B)
Class com.google.common.collect.AbstractListMultimap                                  : loaded 2 times (x 168B)
Class org.gradle.internal.installation.GradleInstallation$1                           : loaded 2 times (x 71B)
Class org.gradle.api.internal.classpath.ModuleRegistry                                : loaded 2 times (x 66B)
Class com.google.common.util.concurrent.internal.InternalFutureFailureAccess          : loaded 2 times (x 68B)
Class com.google.common.collect.Iterators$5                                           : loaded 2 times (x 78B)
Class com.google.common.collect.ImmutableSet$JdkBackedSetBuilderImpl                  : loaded 2 times (x 72B)
Class com.google.common.base.Splitter$SplittingIterator                               : loaded 2 times (x 80B)
Class com.google.common.util.concurrent.AbstractFuture$UnsafeAtomicHelper             : loaded 2 times (x 74B)
Class com.google.common.cache.LocalCache$LocalManualCache$1                           : loaded 2 times (x 71B)
Class com.google.common.base.CharMatcher$ForPredicate                                 : loaded 2 times (x 108B)
Class com.google.common.collect.ImmutableCollection                                   : loaded 2 times (x 121B)
Class com.google.common.base.CharMatcher$AnyOf                                        : loaded 2 times (x 108B)
Class org.gradle.api.internal.classpath.DefaultModuleRegistry                         : loaded 2 times (x 82B)
Class com.google.common.util.concurrent.ListenableFuture                              : loaded 2 times (x 66B)
Class com.google.common.cache.ReferenceEntry                                          : loaded 2 times (x 66B)
Class com.google.common.collect.ImmutableSet$CachingAsList                            : loaded 2 times (x 143B)
Class com.google.common.base.Converter                                                : loaded 2 times (x 86B)
Class com.google.common.collect.Lists                                                 : loaded 2 times (x 67B)
Class com.google.common.base.CharMatcher$Any                                          : loaded 2 times (x 108B)
Class com.google.common.util.concurrent.AbstractFuture                                : loaded 2 times (x 102B)
Class com.google.common.base.FunctionalEquivalence                                    : loaded 2 times (x 79B)
Class com.google.common.collect.Iterators$9                                           : loaded 2 times (x 77B)
Class com.google.common.collect.AbstractMapBasedMultimap                              : loaded 2 times (x 135B)
Class com.google.common.collect.ImmutableAsList                                       : loaded 2 times (x 205B)
Class org.objectweb.asm.RecordComponentVisitor                                        : loaded 2 times (x 73B)
Class com.google.common.cache.CacheLoader$SupplierToCacheLoader                       : loaded 2 times (x 71B)
Class com.google.common.collect.Maps$EntryTransformer                                 : loaded 2 times (x 66B)
Class org.gradle.internal.service.ServiceLookupException                              : loaded 2 times (x 78B)
Class [Lcom.google.common.cache.LocalCache$EntryFactory;                              : loaded 2 times (x 65B)
Class com.google.common.base.CharMatcher$JavaLetter                                   : loaded 2 times (x 107B)
Class org.gradle.internal.classloader.ClassLoaderFactory                              : loaded 2 times (x 66B)
Class com.google.common.cache.LocalCache$LocalManualCache                             : loaded 2 times (x 95B)
Class com.google.common.base.CharMatcher$IsNot                                        : loaded 2 times (x 107B)
Class com.google.common.base.CommonPattern                                            : loaded 2 times (x 70B)
Class org.gradle.internal.service.CachingServiceLocator                               : loaded 2 times (x 78B)
Class com.google.common.math.IntMath                                                  : loaded 2 times (x 67B)
Class com.google.common.collect.Iterators$10                                          : loaded 2 times (x 77B)
Class com.google.common.collect.ImmutableMapEntry                                     : loaded 2 times (x 81B)
Class com.google.common.base.CharMatcher$JavaDigit                                    : loaded 2 times (x 107B)
Class com.google.common.base.Equivalence                                              : loaded 2 times (x 78B)
Class com.google.common.collect.ImmutableMapEntry$NonTerminalImmutableMapEntry        : loaded 2 times (x 81B)
Class com.google.common.base.Function                                                 : loaded 2 times (x 66B)
Class com.google.common.collect.IndexedImmutableSet$1                                 : loaded 2 times (x 208B)
Class com.google.common.cache.CacheBuilder$OneWeigher                                 : loaded 2 times (x 78B)
Class com.google.common.collect.RegularImmutableList                                  : loaded 2 times (x 208B)
Class com.google.common.collect.ImmutableBiMapFauxverideShim                          : loaded 2 times (x 116B)
Class org.gradle.internal.classloader.ClasspathUtil                                   : loaded 2 times (x 67B)
Class com.google.common.base.Charsets                                                 : loaded 2 times (x 67B)
Class com.google.common.util.concurrent.Uninterruptibles                              : loaded 2 times (x 67B)
Class com.google.common.collect.Maps                                                  : loaded 2 times (x 67B)
Class com.google.common.base.CharMatcher$JavaUpperCase                                : loaded 2 times (x 107B)
Class org.gradle.api.specs.Spec                                                       : loaded 2 times (x 66B)
Class [Lcom.google.common.collect.ImmutableEntry;                                     : loaded 2 times (x 65B)
Class com.google.common.cache.LocalCache$LoadingValueReference                        : loaded 2 times (x 92B)
Class Build_gradle$1                                                                  : loaded 2 times (x 74B)
Class [Lorg.objectweb.asm.AnnotationWriter;                                           : loaded 2 times (x 65B)
Class com.google.common.primitives.Ints$IntConverter                                  : loaded 2 times (x 86B)
Class com.google.common.collect.Maps$8                                                : loaded 2 times (x 78B)
Class com.google.common.collect.Sets$SetView                                          : loaded 2 times (x 134B)
Class com.google.common.cache.LocalCache$StrongValueReference                         : loaded 2 times (x 86B)
Class com.google.common.util.concurrent.AbstractFuture$SynchronizedHelper             : loaded 2 times (x 74B)
Class com.google.common.base.CharMatcher$Invisible                                    : loaded 2 times (x 108B)
Class org.objectweb.asm.Type                                                          : loaded 2 times (x 68B)
Class org.gradle.internal.classloader.VisitableURLClassLoader$InstrumentingVisitableURLClassLoader: loaded 2 times (x 119B)
Class org.objectweb.asm.ByteVector                                                    : loaded 2 times (x 75B)
Class [Lcom.google.common.cache.CacheBuilder$NullListener;                            : loaded 2 times (x 65B)
Class com.google.common.math.IntMath$1                                                : loaded 2 times (x 67B)
Class org.gradle.internal.classloader.VisitableURLClassLoader$Spec                    : loaded 2 times (x 70B)
Class org.gradle.internal.classpath.DefaultClassPath                                  : loaded 2 times (x 86B)
Class org.objectweb.asm.Symbol                                                        : loaded 2 times (x 69B)
Class com.google.common.base.AbstractIterator                                         : loaded 2 times (x 76B)
Class com.google.common.collect.ImmutableSet                                          : loaded 2 times (x 141B)
Class com.google.common.collect.RegularImmutableMap$Values                            : loaded 2 times (x 203B)
Class com.google.common.base.CharMatcher$Ascii                                        : loaded 2 times (x 108B)
Class com.google.common.base.CharMatcher$BitSetMatcher                                : loaded 2 times (x 108B)
Class org.gradle.internal.classloader.ClassLoaderSpec                                 : loaded 2 times (x 67B)
Class org.objectweb.asm.AnnotationWriter                                              : loaded 2 times (x 75B)
Class com.google.common.cache.CacheStats                                              : loaded 2 times (x 67B)
Class org.objectweb.asm.RecordComponentWriter                                         : loaded 2 times (x 74B)
Class com.google.common.util.concurrent.AbstractFuture$Listener                       : loaded 2 times (x 68B)
Class com.google.common.base.CharMatcher$Or                                           : loaded 2 times (x 108B)
Class Settings_gradle$1$1                                                             : loaded 2 times (x 70B)
Class org.objectweb.asm.Attribute                                                     : loaded 2 times (x 73B)
Class com.google.common.base.Supplier                                                 : loaded 2 times (x 66B)
Class org.gradle.internal.classloader.VisitableURLClassLoader                         : loaded 2 times (x 113B)
Class com.google.common.util.concurrent.AbstractFuture$Waiter                         : loaded 2 times (x 68B)
Class Settings_gradle                                                                 : loaded 2 times (x 124B)
Class org.gradle.internal.Cast                                                        : loaded 2 times (x 67B)
Class org.gradle.api.Action                                                           : loaded 2 times (x 66B)
Class com.google.common.collect.Sets                                                  : loaded 2 times (x 67B)
Class org.objectweb.asm.Handler                                                       : loaded 2 times (x 68B)
Class com.google.common.base.Ticker                                                   : loaded 2 times (x 68B)
Class com.google.common.base.CharMatcher$FastMatcher                                  : loaded 2 times (x 107B)
Class [Lcom.google.common.cache.LocalCache$Segment;                                   : loaded 2 times (x 65B)
Class [Lcom.google.common.cache.LocalCache$Strength;                                  : loaded 2 times (x 65B)
Class com.google.common.cache.CacheBuilder$1                                          : loaded 2 times (x 81B)
Class com.google.common.collect.ImmutableMap                                          : loaded 2 times (x 116B)
Class com.google.common.base.Predicate                                                : loaded 2 times (x 66B)
Class org.gradle.internal.classpath.DefaultClassPath$ImmutableUniqueList$Builder      : loaded 2 times (x 71B)
Class com.google.common.cache.LocalCache                                              : loaded 2 times (x 183B)
Class com.google.common.cache.CacheBuilder$2                                          : loaded 2 times (x 68B)
Class com.google.common.base.CharMatcher$NegatedFastMatcher                           : loaded 2 times (x 109B)
Class [Lcom.google.common.collect.AbstractMapEntry;                                   : loaded 2 times (x 65B)
Class com.google.common.collect.ImmutableEntry                                        : loaded 2 times (x 78B)
Class com.google.common.collect.ArrayListMultimap                                     : loaded 2 times (x 168B)
Class com.google.common.base.AbstractIterator$1                                       : loaded 2 times (x 67B)
Class com.google.common.base.CharMatcher$Digit                                        : loaded 2 times (x 108B)
Class org.gradle.api.GradleException                                                  : loaded 2 times (x 78B)
Class com.google.common.collect.CollectPreconditions                                  : loaded 2 times (x 67B)
Class com.google.common.base.CharMatcher$JavaIsoControl                               : loaded 2 times (x 108B)
Class com.google.common.collect.SortedMapDifference                                   : loaded 2 times (x 66B)
Class com.google.common.base.CharMatcher$JavaLowerCase                                : loaded 2 times (x 107B)
Class com.google.common.cache.LocalCache$EntryFactory                                 : loaded 2 times (x 79B)
Class com.google.common.cache.LocalCache$AbstractReferenceEntry                       : loaded 2 times (x 103B)
Class com.google.common.base.Splitter$1$1                                             : loaded 2 times (x 82B)
Class com.google.common.base.CharMatcher$Whitespace                                   : loaded 2 times (x 108B)
Class org.gradle.internal.IoActions                                                   : loaded 2 times (x 67B)
Class org.objectweb.asm.SymbolTable                                                   : loaded 2 times (x 68B)
Class com.google.common.cache.CacheLoader$InvalidCacheLoadException                   : loaded 2 times (x 78B)
Class com.google.common.collect.ImmutableSet$RegularSetBuilderImpl                    : loaded 2 times (x 73B)
Class com.google.common.base.CharMatcher$SingleWidth                                  : loaded 2 times (x 108B)
Class org.gradle.internal.classloader.SystemClassLoaderSpec                           : loaded 2 times (x 67B)
Class com.google.common.cache.LocalCache$StrongEntry                                  : loaded 2 times (x 104B)
Class com.google.common.util.concurrent.AbstractFuture$TrustedFuture                  : loaded 2 times (x 110B)
Class com.google.common.cache.LoadingCache                                            : loaded 2 times (x 66B)
Class org.objectweb.asm.MethodWriter                                                  : loaded 2 times (x 102B)
Class [Lcom.google.common.cache.Weigher;                                              : loaded 2 times (x 65B)
Class com.google.common.collect.RegularImmutableMap$BucketOverflowException           : loaded 2 times (x 78B)
Class com.google.common.collect.RegularImmutableBiMap                                 : loaded 2 times (x 144B)
Class com.google.common.cache.LocalCache$ValueReference                               : loaded 2 times (x 66B)
Class com.google.common.base.CharMatcher$Is                                           : loaded 2 times (x 107B)
Class com.google.common.base.CharMatcher$Negated                                      : loaded 2 times (x 109B)
Class com.google.common.util.concurrent.AbstractFuture$Failure                        : loaded 2 times (x 68B)
Class com.google.common.base.Equivalence$Equals                                       : loaded 2 times (x 78B)
Class com.google.common.collect.Hashing                                               : loaded 2 times (x 67B)
Class com.google.common.base.Preconditions                                            : loaded 2 times (x 67B)
Class org.objectweb.asm.Label                                                         : loaded 2 times (x 69B)
Class org.objectweb.asm.CurrentFrame                                                  : loaded 2 times (x 69B)
Class org.objectweb.asm.ClassTooLargeException                                        : loaded 2 times (x 79B)
Class com.google.common.collect.PeekingIterator                                       : loaded 2 times (x 66B)
Class com.google.common.base.CharMatcher                                              : loaded 2 times (x 107B)
Class org.objectweb.asm.Frame                                                         : loaded 2 times (x 69B)
Class org.objectweb.asm.MethodVisitor                                                 : loaded 2 times (x 101B)
Class com.google.common.cache.LocalCache$EntryFactory$1                               : loaded 2 times (x 79B)
Class [Lcom.google.common.cache.RemovalListener;                                      : loaded 2 times (x 65B)
Class com.google.common.base.CharMatcher$1                                            : loaded 2 times (x 109B)
Class com.google.common.base.CharMatcher$NamedFastMatcher                             : loaded 2 times (x 108B)
Class com.google.common.cache.LocalCache$EntryFactory$2                               : loaded 2 times (x 79B)
Class org.gradle.api.internal.classpath.GlobalCacheRootsProvider                      : loaded 2 times (x 66B)
Class org.objectweb.asm.ModuleWriter                                                  : loaded 2 times (x 78B)
Class com.google.common.cache.LocalCache$EntryFactory$3                               : loaded 2 times (x 79B)
Class com.google.common.base.Ticker$1                                                 : loaded 2 times (x 68B)
Class com.google.common.collect.ImmutableMapEntrySet$RegularEntrySet                  : loaded 2 times (x 147B)
Class com.google.common.collect.Maps$BiMapConverter                                   : loaded 2 times (x 86B)
Class com.google.common.cache.LocalCache$EntryFactory$4                               : loaded 2 times (x 79B)
Class com.google.common.collect.ImmutableSet$Builder                                  : loaded 2 times (x 81B)
Class com.google.common.base.CharMatcher$InRange                                      : loaded 2 times (x 107B)
Class com.google.common.cache.LocalCache$EntryFactory$5                               : loaded 2 times (x 79B)
Class com.google.common.cache.LocalCache$EntryFactory$6                               : loaded 2 times (x 79B)
Class Build_gradle                                                                    : loaded 2 times (x 68B)
Class org.gradle.internal.installation.CurrentGradleInstallationLocator               : loaded 2 times (x 67B)
Class com.google.common.cache.LocalCache$EntryFactory$7                               : loaded 2 times (x 79B)
Class com.google.common.collect.ImmutableSet$EmptySetBuilderImpl                      : loaded 2 times (x 72B)
Class com.google.common.collect.ImmutableList                                         : loaded 2 times (x 202B)
Class org.gradle.internal.service.DefaultServiceLocator                               : loaded 2 times (x 79B)
Class com.google.common.cache.LocalCache$EntryFactory$8                               : loaded 2 times (x 79B)
Class com.google.common.collect.ImmutableSet$SetBuilderImpl                           : loaded 2 times (x 72B)
Class org.gradle.internal.installation.CurrentGradleInstallation                      : loaded 2 times (x 69B)
Class com.google.common.cache.CacheLoader$1                                           : loaded 2 times (x 71B)
Class com.google.common.collect.ImmutableList$SubList                                 : loaded 2 times (x 204B)
Class org.gradle.util.internal.GUtil                                                  : loaded 2 times (x 67B)
Class com.google.common.util.concurrent.AbstractFuture$SetFuture                      : loaded 2 times (x 71B)
Class com.google.common.cache.AbstractCache$StatsCounter                              : loaded 2 times (x 66B)
Class com.google.common.collect.Iterators$MergingIterator                             : loaded 2 times (x 77B)
Class com.google.common.collect.RegularImmutableSet                                   : loaded 2 times (x 144B)
Class org.gradle.internal.installation.GradleInstallation                             : loaded 2 times (x 71B)
Class com.google.common.collect.Iterables                                             : loaded 2 times (x 67B)
Class com.google.common.base.Splitter$Strategy                                        : loaded 2 times (x 66B)

---------------  S Y S T E M  ---------------

OS:
 Windows 11 , 64 bit Build 26100 (10.0.26100.7309)
OS uptime: 3 days 11:13 hours
Hyper-V role detected

CPU: total 12 (initial active 12) (6 cores per cpu, 2 threads per core) family 6 model 154 stepping 4 microcode 0x437, cx8, cmov, fxsr, ht, mmx, 3dnowpref, sse, sse2, sse3, ssse3, sse4.1, sse4.2, popcnt, lzcnt, tsc, tscinvbit, avx, avx2, aes, erms, clmul, bmi1, bmi2, adx, sha, fma, vzeroupper, clflush, clflushopt, clwb, hv, serialize, rdtscp, rdpid, fsrm, f16c, cet_ibt, cet_ss
Processor Information for all 12 processors :
  Max Mhz: 1300, Current Mhz: 1300, Mhz Limit: 1300

Memory: 4k page, system-wide physical 16016M (2288M free)
TotalPageFile size 26260M (AvailPageFile size 8M)
current process WorkingSet (physical memory assigned to process): 362M, peak: 362M
current process commit charge ("private bytes"): 397M, peak: 400M

vm_info: OpenJDK 64-Bit Server VM (21.0.4+-12508038-b607.1) for windows-amd64 JRE (21.0.4+-12508038-b607.1), built on 2024-10-16T17:23:34Z by "builder" with MS VC++ 16.10 / 16.11 (VS2019)

END.
