#
# There is insufficient memory for the Java Runtime Environment to continue.
# Native memory allocation (malloc) failed to allocate 32744 bytes for Chunk::new
# Possible reasons:
#   The system is out of physical RAM or swap space
#   The process is running with CompressedOops enabled, and the Java Heap may be blocking the growth of the native heap
# Possible solutions:
#   Reduce memory load on the system
#   Increase physical memory or swap space
#   Check if swap backing store is full
#   Decrease Java heap size (-Xmx/-Xms)
#   Decrease number of Java threads
#   Decrease Java thread stack sizes (-Xss)
#   Set larger code cache with -XX:ReservedCodeCacheSize=
#   JVM is running with Zero Based Compressed Oops mode in which the Java heap is
#     placed in the first 32GB address space. The Java Heap base address is the
#     maximum limit for the native heap growth. Please use -XX:HeapBaseMinAddress
#     to set the Java Heap base and to place the Java Heap above 32GB virtual address.
# This output file may be truncated or incomplete.
#
#  Out of Memory Error (arena.cpp:168), pid=13508, tid=30548
#
# JRE version: Java(TM) SE Runtime Environment (21.0.1+12) (build 21.0.1+12-LTS-29)
# Java VM: Java HotSpot(TM) 64-Bit Server VM (21.0.1+12-LTS-29, mixed mode, sharing, tiered, compressed oops, compressed class ptrs, g1 gc, windows-amd64)
# No core dump will be written. Minidumps are not enabled by default on client versions of Windows
#

---------------  S U M M A R Y ------------

Command Line: --add-opens=java.base/java.util=ALL-UNNAMED --add-opens=java.base/java.lang=ALL-UNNAMED --add-opens=java.base/java.lang.invoke=ALL-UNNAMED --add-opens=java.prefs/java.util.prefs=ALL-UNNAMED --add-exports=jdk.compiler/com.sun.tools.javac.api=ALL-UNNAMED --add-exports=jdk.compiler/com.sun.tools.javac.util=ALL-UNNAMED --add-opens=java.base/java.nio.charset=ALL-UNNAMED --add-opens=java.base/java.net=ALL-UNNAMED --add-opens=java.base/java.util.concurrent.atomic=ALL-UNNAMED -Xmx4096m -Dfile.encoding=UTF-8 -Duser.country=US -Duser.language=en -Duser.variant -javaagent:D:\.gradle\wrapper\dists\gradle-8.10.2-bin\a04bxjujx95o3nb99gddekhwo\gradle-8.10.2\lib\agents\gradle-instrumentation-agent-8.10.2.jar org.gradle.launcher.daemon.bootstrap.GradleDaemon 8.10.2

Host: 12th Gen Intel(R) Core(TM) i5-1235U, 12 cores, 15G,  Windows 11 , 64 bit Build 26100 (10.0.26100.7309)
Time: Fri Dec 12 13:23:24 2025 Sri Lanka Standard Time elapsed time: 4428.330252 seconds (0d 1h 13m 48s)

---------------  T H R E A D  ---------------

Current thread (0x0000024cf4d51eb0):  JavaThread "C2 CompilerThread2" daemon [_thread_in_native, id=30548, stack(0x0000005e9ea00000,0x0000005e9eb00000) (1024K)]


Current CompileTask:
C2:4428330 52676       4       com.google.common.collect.AbstractMapBasedMultimap$WrappedCollection::<init> (44 bytes)

Stack: [0x0000005e9ea00000,0x0000005e9eb00000]
Native frames: (J=compiled Java code, j=interpreted, Vv=VM code, C=native code)
V  [jvm.dll+0x6c9029]
V  [jvm.dll+0x854b81]
V  [jvm.dll+0x856e5e]
V  [jvm.dll+0x857543]
V  [jvm.dll+0x280c06]
V  [jvm.dll+0xc3ead]
V  [jvm.dll+0xc43c3]
V  [jvm.dll+0xc3fd5]
V  [jvm.dll+0x6a5c9c]
V  [jvm.dll+0xd0cf6]
V  [jvm.dll+0x3b2160]
V  [jvm.dll+0x3b36d5]
V  [jvm.dll+0x320a24]
V  [jvm.dll+0x321885]
V  [jvm.dll+0x68c7f7]
V  [jvm.dll+0x1372ec]
V  [jvm.dll+0x3920d4]
V  [jvm.dll+0x6e6c5e]
V  [jvm.dll+0x6e5f00]
V  [jvm.dll+0x6e13cf]
V  [jvm.dll+0x6db7d6]
V  [jvm.dll+0x6dac6e]
V  [jvm.dll+0x6d8e8c]
V  [jvm.dll+0x1ccefc]
V  [jvm.dll+0x248c3d]
V  [jvm.dll+0x1c9ca1]
V  [jvm.dll+0x2586b9]
V  [jvm.dll+0x256c9a]
V  [jvm.dll+0x3ef1b6]
V  [jvm.dll+0x7fd728]
V  [jvm.dll+0x6c777d]
C  [ucrtbase.dll+0x37b0]
C  [KERNEL32.DLL+0x2e8d7]
C  [ntdll.dll+0x8c53c]


---------------  P R O C E S S  ---------------

Threads class SMR info:
_java_thread_list=0x0000024c84226e00, length=169, elements={
0x0000024c8c93df50, 0x0000024cad906e40, 0x0000024cad9079a0, 0x0000024cad90c820,
0x0000024cad90d280, 0x0000024cad90dce0, 0x0000024cad90e740, 0x0000024cad9114e0,
0x0000024cad9120b0, 0x0000024cae3cd710, 0x0000024cae50ee10, 0x0000024cf438a130,
0x0000024cf55bda80, 0x0000024cf54c1630, 0x0000024cf5613760, 0x0000024cf5612a40,
0x0000024cf56130d0, 0x0000024cf8fe7440, 0x0000024cf8fe7ad0, 0x0000024cf8fe9ba0,
0x0000024cfa287c30, 0x0000024cf6f48390, 0x0000024cf4c02de0, 0x0000024cf493a790,
0x0000024cf4939a70, 0x0000024c87a12110, 0x0000024c878bc700, 0x0000024c878bb350,
0x0000024c878bdab0, 0x0000024cf6c43910, 0x0000024c878bd420, 0x0000024c878be140,
0x0000024c878be7d0, 0x0000024c878bb9e0, 0x0000024c85ed8e50, 0x0000024c85ed6060,
0x0000024c85eda200, 0x0000024c85ed6d80, 0x0000024c85ed9b70, 0x0000024cf4937310,
0x0000024cf4938d50, 0x0000024cf49393e0, 0x0000024cf49379a0, 0x0000024cf493a100,
0x0000024cf4938030, 0x0000024cf49386c0, 0x0000024c8a402690, 0x0000024c8a402d20,
0x0000024c8a3ff8a0, 0x0000024c8a3fff30, 0x0000024c8a4005c0, 0x0000024c8a400c50,
0x0000024c8a4012e0, 0x0000024c8a401970, 0x0000024c8a402000, 0x0000024c87abd3c0,
0x0000024c87ac01b0, 0x0000024c87abf490, 0x0000024c87abee00, 0x0000024c87abcd30,
0x0000024c87abda50, 0x0000024c87abfb20, 0x0000024c87abe0e0, 0x0000024c87abe770,
0x0000024c891f04b0, 0x0000024c891eea70, 0x0000024c891ef100, 0x0000024c891ef790,
0x0000024cfb2ea000, 0x0000024cfb2ea690, 0x0000024cfb2e92e0, 0x0000024cfb2e9970,
0x0000024cf6c43280, 0x0000024cf6c43fa0, 0x0000024cf6c42bf0, 0x0000024c8a322c70,
0x0000024c8a31f7f0, 0x0000024c8a3218c0, 0x0000024c8a321230, 0x0000024c870799b0,
0x0000024c878bc070, 0x0000024c878bcd90, 0x0000024c87a106d0, 0x0000024c87a10d60,
0x0000024c85edc960, 0x0000024c85ed94e0, 0x0000024c85edfde0, 0x0000024c85eddd10,
0x0000024c85edea30, 0x0000024c85ede3a0, 0x0000024c85edd680, 0x0000024c85edf0c0,
0x0000024c85edf750, 0x0000024c85ee0470, 0x0000024c85edcff0, 0x0000024c85ee38f0,
0x0000024c85ee1820, 0x0000024c85ee0b00, 0x0000024c85ee3f80, 0x0000024cf5549830,
0x0000024cf5c6af30, 0x0000024cf5c6c2e0, 0x0000024cf5c6a8a0, 0x0000024c85ee4610,
0x0000024c85ee1190, 0x0000024c85ee1eb0, 0x0000024c85ee3260, 0x0000024c85ee5330,
0x0000024c85ee4ca0, 0x0000024c85ee2540, 0x0000024c85ee2bd0, 0x0000024cfb2074b0,
0x0000024cfb206790, 0x0000024cfb2046c0, 0x0000024cf5c6a210, 0x0000024cf5c6c970,
0x0000024cf5c694f0, 0x0000024cf5c69b80, 0x0000024cf5c6b5c0, 0x0000024c8665ce10,
0x0000024c8665c780, 0x0000024c8665d4a0, 0x0000024cf5549ec0, 0x0000024c8665ad40,
0x0000024c8665ba60, 0x0000024c8665a6b0, 0x0000024c8665c0f0, 0x0000024c8707ad60,
0x0000024c87078c90, 0x0000024c87079320, 0x0000024c8707ba80, 0x0000024c8707c110,
0x0000024c8707b3f0, 0x0000024c8707a040, 0x0000024cf73c5ec0, 0x0000024cf73c4480,
0x0000024cf73c4b10, 0x0000024cf73c51a0, 0x0000024cf73c6be0, 0x0000024cf73c7900,
0x0000024c88420bc0, 0x0000024c8665a020, 0x0000024c88420530, 0x0000024c85941bb0,
0x0000024c85944310, 0x0000024c85940e90, 0x0000024c85941520, 0x0000024c85942240,
0x0000024c859428d0, 0x0000024c85943c80, 0x0000024c85942f60, 0x0000024cf554b270,
0x0000024cf554a550, 0x0000024cf55491a0, 0x0000024c8669c430, 0x0000024cf6af3dd0,
0x0000024cf6af1670, 0x0000024cf554abe0, 0x0000024cfb206e20, 0x0000024cfb204d50,
0x0000024cfb2053e0, 0x0000024cfb206100, 0x0000024cf9d44b10, 0x0000024cf9d430d0,
0x0000024cf9d45830, 0x0000024cf9d44480, 0x0000024cf9d42a40, 0x0000024cf4d4f5d0,
0x0000024cf4d51eb0
}

Java Threads: ( => current thread )
  0x0000024c8c93df50 JavaThread "main"                              [_thread_blocked, id=11844, stack(0x0000005e94d00000,0x0000005e94e00000) (1024K)]
  0x0000024cad906e40 JavaThread "Reference Handler"          daemon [_thread_blocked, id=16536, stack(0x0000005e95500000,0x0000005e95600000) (1024K)]
  0x0000024cad9079a0 JavaThread "Finalizer"                  daemon [_thread_blocked, id=24044, stack(0x0000005e95600000,0x0000005e95700000) (1024K)]
  0x0000024cad90c820 JavaThread "Signal Dispatcher"          daemon [_thread_blocked, id=11372, stack(0x0000005e95700000,0x0000005e95800000) (1024K)]
  0x0000024cad90d280 JavaThread "Attach Listener"            daemon [_thread_blocked, id=10424, stack(0x0000005e95800000,0x0000005e95900000) (1024K)]
  0x0000024cad90dce0 JavaThread "Service Thread"             daemon [_thread_blocked, id=11288, stack(0x0000005e95900000,0x0000005e95a00000) (1024K)]
  0x0000024cad90e740 JavaThread "Monitor Deflation Thread"   daemon [_thread_blocked, id=29552, stack(0x0000005e95a00000,0x0000005e95b00000) (1024K)]
  0x0000024cad9114e0 JavaThread "C2 CompilerThread0"         daemon [_thread_in_native, id=4792, stack(0x0000005e95b00000,0x0000005e95c00000) (1024K)]
  0x0000024cad9120b0 JavaThread "C1 CompilerThread0"         daemon [_thread_in_vm, id=18488, stack(0x0000005e95c00000,0x0000005e95d00000) (1024K)]
  0x0000024cae3cd710 JavaThread "Common-Cleaner"             daemon [_thread_blocked, id=19824, stack(0x0000005e95d00000,0x0000005e95e00000) (1024K)]
  0x0000024cae50ee10 JavaThread "Notification Thread"        daemon [_thread_blocked, id=28148, stack(0x0000005e95e00000,0x0000005e95f00000) (1024K)]
  0x0000024cf438a130 JavaThread "Daemon health stats"               [_thread_blocked, id=19256, stack(0x0000005e96600000,0x0000005e96700000) (1024K)]
  0x0000024cf55bda80 JavaThread "Incoming local TCP Connector on port 62925"        [_thread_in_native, id=27456, stack(0x0000005e96a00000,0x0000005e96b00000) (1024K)]
  0x0000024cf54c1630 JavaThread "Daemon periodic checks"            [_thread_blocked, id=3188, stack(0x0000005e96b00000,0x0000005e96c00000) (1024K)]
  0x0000024cf5613760 JavaThread "Cache worker for journal cache (D:\.gradle\caches\journal-1)"        [_thread_blocked, id=27008, stack(0x0000005e97300000,0x0000005e97400000) (1024K)]
  0x0000024cf5612a40 JavaThread "File lock request listener"        [_thread_in_native, id=25548, stack(0x0000005e97400000,0x0000005e97500000) (1024K)]
  0x0000024cf56130d0 JavaThread "Cache worker for file hash cache (D:\.gradle\caches\8.10.2\fileHashes)"        [_thread_blocked, id=25828, stack(0x0000005e97500000,0x0000005e97600000) (1024K)]
  0x0000024cf8fe7440 JavaThread "File watcher server"        daemon [_thread_in_native, id=26592, stack(0x0000005e97b00000,0x0000005e97c00000) (1024K)]
  0x0000024cf8fe7ad0 JavaThread "File watcher consumer"      daemon [_thread_blocked, id=12392, stack(0x0000005e97c00000,0x0000005e97d00000) (1024K)]
  0x0000024cf8fe9ba0 JavaThread "Cache worker for file content cache (D:\.gradle\caches\8.10.2\fileContent)"        [_thread_blocked, id=20752, stack(0x0000005e97e00000,0x0000005e97f00000) (1024K)]
  0x0000024cfa287c30 JavaThread "Memory manager"                    [_thread_blocked, id=5144, stack(0x0000005e9a200000,0x0000005e9a300000) (1024K)]
  0x0000024cf6f48390 JavaThread "pool-3-thread-1"                   [_thread_blocked, id=11952, stack(0x0000005e9a400000,0x0000005e9a500000) (1024K)]
  0x0000024cf4c02de0 JavaThread "Cache worker for Java compile cache (D:\.gradle\caches\8.10.2\javaCompile)"        [_thread_blocked, id=29124, stack(0x0000005ea0f00000,0x0000005ea1000000) (1024K)]
  0x0000024cf493a790 JavaThread "pool-8-thread-1"                   [_thread_blocked, id=28708, stack(0x0000005e99700000,0x0000005e99800000) (1024K)]
  0x0000024cf4939a70 JavaThread "pool-11-thread-1"                  [_thread_blocked, id=7584, stack(0x0000005e99500000,0x0000005e99600000) (1024K)]
  0x0000024c87a12110 JavaThread "RMI Scheduler(0)"           daemon [_thread_blocked, id=14332, stack(0x0000005e97a00000,0x0000005e97b00000) (1024K)]
  0x0000024c878bc700 JavaThread "RMI GC Daemon"              daemon [_thread_blocked, id=7312, stack(0x0000005e9e400000,0x0000005e9e500000) (1024K)]
  0x0000024c878bb350 JavaThread "RMI TCP Accept-0"           daemon [_thread_in_native, id=2596, stack(0x0000005e9e500000,0x0000005e9e600000) (1024K)]
  0x0000024c878bdab0 JavaThread "RMI Reaper"                        [_thread_blocked, id=28076, stack(0x0000005e9e600000,0x0000005e9e700000) (1024K)]
  0x0000024cf6c43910 JavaThread "pool-15-thread-1"                  [_thread_blocked, id=27644, stack(0x0000005e99a00000,0x0000005e99b00000) (1024K)]
  0x0000024c878bd420 JavaThread "Daemon Thread 3"                   [_thread_blocked, id=15932, stack(0x0000005e94a00000,0x0000005e94b00000) (1024K)]
  0x0000024c878be140 JavaThread "Handler for socket connection from /127.0.0.1:62925 to /127.0.0.1:57016"        [_thread_in_native, id=30340, stack(0x0000005e94b00000,0x0000005e94c00000) (1024K)]
  0x0000024c878be7d0 JavaThread "Cancel handler"                    [_thread_blocked, id=27264, stack(0x0000005e94c00000,0x0000005e94d00000) (1024K)]
  0x0000024c878bb9e0 JavaThread "Daemon worker Thread 3"            [_thread_blocked, id=28496, stack(0x0000005e95f00000,0x0000005e96000000) (1024K)]
  0x0000024c85ed8e50 JavaThread "Asynchronous log dispatcher for DefaultDaemonConnection: socket connection from /127.0.0.1:62925 to /127.0.0.1:57016"        [_thread_blocked, id=17508, stack(0x0000005e96000000,0x0000005e96100000) (1024K)]
  0x0000024c85ed6060 JavaThread "Stdin handler"                     [_thread_blocked, id=28904, stack(0x0000005e96c00000,0x0000005e96d00000) (1024K)]
  0x0000024c85eda200 JavaThread "Daemon client event forwarder"        [_thread_blocked, id=27804, stack(0x0000005e96d00000,0x0000005e96e00000) (1024K)]
  0x0000024c85ed6d80 JavaThread "Cache worker for file hash cache (D:\Diploma\Final Project\FixMate\.gradle\8.10.2\fileHashes)"        [_thread_blocked, id=16984, stack(0x0000005e96e00000,0x0000005e96f00000) (1024K)]
  0x0000024c85ed9b70 JavaThread "Cache worker for Build Output Cleanup Cache (D:\Diploma\Final Project\FixMate\.gradle\buildOutputCleanup)"        [_thread_blocked, id=22000, stack(0x0000005e96f00000,0x0000005e97000000) (1024K)]
  0x0000024cf4937310 JavaThread "Cache worker for checksums cache (D:\Diploma\Final Project\FixMate\.gradle\8.10.2\checksums)"        [_thread_blocked, id=23144, stack(0x0000005e97000000,0x0000005e97100000) (1024K)]
  0x0000024cf4938d50 JavaThread "Cache worker for cache directory md-rule (D:\.gradle\caches\8.10.2\md-rule)"        [_thread_blocked, id=14900, stack(0x0000005e97100000,0x0000005e97200000) (1024K)]
  0x0000024cf49393e0 JavaThread "Cache worker for cache directory md-supplier (D:\.gradle\caches\8.10.2\md-supplier)"        [_thread_blocked, id=23992, stack(0x0000005e97200000,0x0000005e97300000) (1024K)]
  0x0000024cf49379a0 JavaThread "Unconstrained build operations"        [_thread_blocked, id=26176, stack(0x0000005e97f00000,0x0000005e98000000) (1024K)]
  0x0000024cf493a100 JavaThread "Unconstrained build operations Thread 2"        [_thread_blocked, id=24512, stack(0x0000005e98000000,0x0000005e98100000) (1024K)]
  0x0000024cf4938030 JavaThread "Unconstrained build operations Thread 3"        [_thread_blocked, id=28740, stack(0x0000005e98100000,0x0000005e98200000) (1024K)]
  0x0000024cf49386c0 JavaThread "Unconstrained build operations Thread 4"        [_thread_blocked, id=23700, stack(0x0000005e98200000,0x0000005e98300000) (1024K)]
  0x0000024c8a402690 JavaThread "Unconstrained build operations Thread 5"        [_thread_blocked, id=2428, stack(0x0000005e98300000,0x0000005e98400000) (1024K)]
  0x0000024c8a402d20 JavaThread "Unconstrained build operations Thread 6"        [_thread_blocked, id=16716, stack(0x0000005e98400000,0x0000005e98500000) (1024K)]
  0x0000024c8a3ff8a0 JavaThread "Unconstrained build operations Thread 7"        [_thread_blocked, id=7988, stack(0x0000005e98500000,0x0000005e98600000) (1024K)]
  0x0000024c8a3fff30 JavaThread "Unconstrained build operations Thread 8"        [_thread_blocked, id=27488, stack(0x0000005e98600000,0x0000005e98700000) (1024K)]
  0x0000024c8a4005c0 JavaThread "Unconstrained build operations Thread 9"        [_thread_blocked, id=10872, stack(0x0000005e98700000,0x0000005e98800000) (1024K)]
  0x0000024c8a400c50 JavaThread "Unconstrained build operations Thread 10"        [_thread_blocked, id=29572, stack(0x0000005e98800000,0x0000005e98900000) (1024K)]
  0x0000024c8a4012e0 JavaThread "Unconstrained build operations Thread 11"        [_thread_blocked, id=20352, stack(0x0000005e98900000,0x0000005e98a00000) (1024K)]
  0x0000024c8a401970 JavaThread "Unconstrained build operations Thread 12"        [_thread_blocked, id=17912, stack(0x0000005e98a00000,0x0000005e98b00000) (1024K)]
  0x0000024c8a402000 JavaThread "Unconstrained build operations Thread 13"        [_thread_blocked, id=10140, stack(0x0000005e98b00000,0x0000005e98c00000) (1024K)]
  0x0000024c87abd3c0 JavaThread "Unconstrained build operations Thread 14"        [_thread_blocked, id=22864, stack(0x0000005e98c00000,0x0000005e98d00000) (1024K)]
  0x0000024c87ac01b0 JavaThread "Unconstrained build operations Thread 15"        [_thread_blocked, id=22996, stack(0x0000005e98d00000,0x0000005e98e00000) (1024K)]
  0x0000024c87abf490 JavaThread "Unconstrained build operations Thread 16"        [_thread_blocked, id=28720, stack(0x0000005e98e00000,0x0000005e98f00000) (1024K)]
  0x0000024c87abee00 JavaThread "Unconstrained build operations Thread 17"        [_thread_blocked, id=23420, stack(0x0000005e98f00000,0x0000005e99000000) (1024K)]
  0x0000024c87abcd30 JavaThread "Unconstrained build operations Thread 18"        [_thread_blocked, id=26984, stack(0x0000005e99000000,0x0000005e99100000) (1024K)]
  0x0000024c87abda50 JavaThread "Unconstrained build operations Thread 19"        [_thread_blocked, id=30256, stack(0x0000005e99100000,0x0000005e99200000) (1024K)]
  0x0000024c87abfb20 JavaThread "Unconstrained build operations Thread 20"        [_thread_blocked, id=25792, stack(0x0000005e99200000,0x0000005e99300000) (1024K)]
  0x0000024c87abe0e0 JavaThread "Unconstrained build operations Thread 21"        [_thread_blocked, id=22088, stack(0x0000005e99300000,0x0000005e99400000) (1024K)]
  0x0000024c87abe770 JavaThread "Unconstrained build operations Thread 22"        [_thread_blocked, id=28932, stack(0x0000005e99400000,0x0000005e99500000) (1024K)]
  0x0000024c891f04b0 JavaThread "build event listener"              [_thread_blocked, id=29052, stack(0x0000005e99600000,0x0000005e99700000) (1024K)]
  0x0000024c891eea70 JavaThread "pool-18-thread-1"                  [_thread_blocked, id=23732, stack(0x0000005e99800000,0x0000005e99900000) (1024K)]
  0x0000024c891ef100 JavaThread "build event listener"              [_thread_blocked, id=30588, stack(0x0000005e99900000,0x0000005e99a00000) (1024K)]
  0x0000024c891ef790 JavaThread "included builds"                   [_thread_blocked, id=23140, stack(0x0000005e99b00000,0x0000005e99c00000) (1024K)]
  0x0000024cfb2ea000 JavaThread "Execution worker"                  [_thread_blocked, id=27868, stack(0x0000005e99c00000,0x0000005e99d00000) (1024K)]
  0x0000024cfb2ea690 JavaThread "Execution worker Thread 2"         [_thread_blocked, id=23804, stack(0x0000005e99d00000,0x0000005e99e00000) (1024K)]
  0x0000024cfb2e92e0 JavaThread "Execution worker Thread 3"         [_thread_blocked, id=28444, stack(0x0000005e99e00000,0x0000005e99f00000) (1024K)]
  0x0000024cfb2e9970 JavaThread "Execution worker Thread 4"         [_thread_blocked, id=28384, stack(0x0000005e99f00000,0x0000005e9a000000) (1024K)]
  0x0000024cf6c43280 JavaThread "Execution worker Thread 5"         [_thread_blocked, id=8388, stack(0x0000005e9a000000,0x0000005e9a100000) (1024K)]
  0x0000024cf6c43fa0 JavaThread "Execution worker Thread 6"         [_thread_blocked, id=14060, stack(0x0000005e9a100000,0x0000005e9a200000) (1024K)]
  0x0000024cf6c42bf0 JavaThread "Execution worker Thread 7"         [_thread_blocked, id=30680, stack(0x0000005e9a300000,0x0000005e9a400000) (1024K)]
  0x0000024c8a322c70 JavaThread "Execution worker Thread 8"         [_thread_blocked, id=28748, stack(0x0000005e9a500000,0x0000005e9a600000) (1024K)]
  0x0000024c8a31f7f0 JavaThread "Execution worker Thread 9"         [_thread_blocked, id=16096, stack(0x0000005e9a600000,0x0000005e9a700000) (1024K)]
  0x0000024c8a3218c0 JavaThread "Execution worker Thread 10"        [_thread_blocked, id=1436, stack(0x0000005e9a700000,0x0000005e9a800000) (1024K)]
  0x0000024c8a321230 JavaThread "Execution worker Thread 11"        [_thread_blocked, id=13420, stack(0x0000005e9a800000,0x0000005e9a900000) (1024K)]
  0x0000024c870799b0 JavaThread "Cache worker for execution history cache (D:\Diploma\Final Project\FixMate\.gradle\8.10.2\executionHistory)"        [_thread_blocked, id=20264, stack(0x0000005e9a900000,0x0000005e9aa00000) (1024K)]
  0x0000024c878bc070 JavaThread "Unconstrained build operations Thread 23"        [_thread_blocked, id=10616, stack(0x0000005e9aa00000,0x0000005e9ab00000) (1024K)]
  0x0000024c878bcd90 JavaThread "Unconstrained build operations Thread 24"        [_thread_blocked, id=18500, stack(0x0000005e9ab00000,0x0000005e9ac00000) (1024K)]
  0x0000024c87a106d0 JavaThread "Unconstrained build operations Thread 25"        [_thread_blocked, id=21136, stack(0x0000005e9ac00000,0x0000005e9ad00000) (1024K)]
  0x0000024c87a10d60 JavaThread "Unconstrained build operations Thread 26"        [_thread_blocked, id=27400, stack(0x0000005e9ad00000,0x0000005e9ae00000) (1024K)]
  0x0000024c85edc960 JavaThread "Unconstrained build operations Thread 27"        [_thread_blocked, id=21164, stack(0x0000005e9ae00000,0x0000005e9af00000) (1024K)]
  0x0000024c85ed94e0 JavaThread "Unconstrained build operations Thread 28"        [_thread_blocked, id=24184, stack(0x0000005e9af00000,0x0000005e9b000000) (1024K)]
  0x0000024c85edfde0 JavaThread "Unconstrained build operations Thread 29"        [_thread_blocked, id=25000, stack(0x0000005e9b000000,0x0000005e9b100000) (1024K)]
  0x0000024c85eddd10 JavaThread "Unconstrained build operations Thread 30"        [_thread_blocked, id=26716, stack(0x0000005e9b100000,0x0000005e9b200000) (1024K)]
  0x0000024c85edea30 JavaThread "Unconstrained build operations Thread 31"        [_thread_blocked, id=18388, stack(0x0000005e9b200000,0x0000005e9b300000) (1024K)]
  0x0000024c85ede3a0 JavaThread "Unconstrained build operations Thread 32"        [_thread_blocked, id=27724, stack(0x0000005e9b300000,0x0000005e9b400000) (1024K)]
  0x0000024c85edd680 JavaThread "Unconstrained build operations Thread 33"        [_thread_blocked, id=10008, stack(0x0000005e9b400000,0x0000005e9b500000) (1024K)]
  0x0000024c85edf0c0 JavaThread "Unconstrained build operations Thread 34"        [_thread_blocked, id=26456, stack(0x0000005e9b500000,0x0000005e9b600000) (1024K)]
  0x0000024c85edf750 JavaThread "Unconstrained build operations Thread 35"        [_thread_blocked, id=25804, stack(0x0000005e9b600000,0x0000005e9b700000) (1024K)]
  0x0000024c85ee0470 JavaThread "Unconstrained build operations Thread 36"        [_thread_blocked, id=14044, stack(0x0000005e9b700000,0x0000005e9b800000) (1024K)]
  0x0000024c85edcff0 JavaThread "Unconstrained build operations Thread 37"        [_thread_blocked, id=17660, stack(0x0000005e9b800000,0x0000005e9b900000) (1024K)]
  0x0000024c85ee38f0 JavaThread "Unconstrained build operations Thread 38"        [_thread_blocked, id=27232, stack(0x0000005e9b900000,0x0000005e9ba00000) (1024K)]
  0x0000024c85ee1820 JavaThread "Unconstrained build operations Thread 39"        [_thread_blocked, id=16736, stack(0x0000005e9ba00000,0x0000005e9bb00000) (1024K)]
  0x0000024c85ee0b00 JavaThread "Unconstrained build operations Thread 40"        [_thread_blocked, id=30032, stack(0x0000005e9bb00000,0x0000005e9bc00000) (1024K)]
  0x0000024c85ee3f80 JavaThread "Unconstrained build operations Thread 41"        [_thread_blocked, id=12064, stack(0x0000005e9bc00000,0x0000005e9bd00000) (1024K)]
  0x0000024cf5549830 JavaThread "Unconstrained build operations Thread 42"        [_thread_blocked, id=23844, stack(0x0000005e9bd00000,0x0000005e9be00000) (1024K)]
  0x0000024cf5c6af30 JavaThread "Unconstrained build operations Thread 43"        [_thread_blocked, id=24308, stack(0x0000005e9be00000,0x0000005e9bf00000) (1024K)]
  0x0000024cf5c6c2e0 JavaThread "Unconstrained build operations Thread 44"        [_thread_blocked, id=24676, stack(0x0000005e9bf00000,0x0000005e9c000000) (1024K)]
  0x0000024cf5c6a8a0 JavaThread "Unconstrained build operations Thread 45"        [_thread_blocked, id=23744, stack(0x0000005e9c000000,0x0000005e9c100000) (1024K)]
  0x0000024c85ee4610 JavaThread "Unconstrained build operations Thread 46"        [_thread_blocked, id=25176, stack(0x0000005e9c100000,0x0000005e9c200000) (1024K)]
  0x0000024c85ee1190 JavaThread "Unconstrained build operations Thread 47"        [_thread_blocked, id=17040, stack(0x0000005e9c200000,0x0000005e9c300000) (1024K)]
  0x0000024c85ee1eb0 JavaThread "Unconstrained build operations Thread 48"        [_thread_blocked, id=21244, stack(0x0000005e9c300000,0x0000005e9c400000) (1024K)]
  0x0000024c85ee3260 JavaThread "Unconstrained build operations Thread 49"        [_thread_blocked, id=9856, stack(0x0000005e9c400000,0x0000005e9c500000) (1024K)]
  0x0000024c85ee5330 JavaThread "Unconstrained build operations Thread 50"        [_thread_blocked, id=24624, stack(0x0000005e9c500000,0x0000005e9c600000) (1024K)]
  0x0000024c85ee4ca0 JavaThread "Unconstrained build operations Thread 51"        [_thread_blocked, id=29956, stack(0x0000005e9c600000,0x0000005e9c700000) (1024K)]
  0x0000024c85ee2540 JavaThread "Unconstrained build operations Thread 52"        [_thread_blocked, id=24792, stack(0x0000005e9c700000,0x0000005e9c800000) (1024K)]
  0x0000024c85ee2bd0 JavaThread "Unconstrained build operations Thread 53"        [_thread_blocked, id=23168, stack(0x0000005e9c800000,0x0000005e9c900000) (1024K)]
  0x0000024cfb2074b0 JavaThread "Unconstrained build operations Thread 54"        [_thread_blocked, id=29412, stack(0x0000005e9c900000,0x0000005e9ca00000) (1024K)]
  0x0000024cfb206790 JavaThread "Unconstrained build operations Thread 55"        [_thread_blocked, id=25416, stack(0x0000005e9ca00000,0x0000005e9cb00000) (1024K)]
  0x0000024cfb2046c0 JavaThread "Unconstrained build operations Thread 56"        [_thread_blocked, id=14444, stack(0x0000005e9cb00000,0x0000005e9cc00000) (1024K)]
  0x0000024cf5c6a210 JavaThread "Unconstrained build operations Thread 57"        [_thread_blocked, id=12572, stack(0x0000005e9cc00000,0x0000005e9cd00000) (1024K)]
  0x0000024cf5c6c970 JavaThread "Unconstrained build operations Thread 58"        [_thread_blocked, id=3984, stack(0x0000005e9cd00000,0x0000005e9ce00000) (1024K)]
  0x0000024cf5c694f0 JavaThread "Unconstrained build operations Thread 59"        [_thread_blocked, id=1732, stack(0x0000005e9ce00000,0x0000005e9cf00000) (1024K)]
  0x0000024cf5c69b80 JavaThread "Unconstrained build operations Thread 60"        [_thread_blocked, id=28684, stack(0x0000005e9cf00000,0x0000005e9d000000) (1024K)]
  0x0000024cf5c6b5c0 JavaThread "Unconstrained build operations Thread 61"        [_thread_blocked, id=5972, stack(0x0000005e9d000000,0x0000005e9d100000) (1024K)]
  0x0000024c8665ce10 JavaThread "Unconstrained build operations Thread 62"        [_thread_blocked, id=26936, stack(0x0000005e9d100000,0x0000005e9d200000) (1024K)]
  0x0000024c8665c780 JavaThread "Unconstrained build operations Thread 63"        [_thread_blocked, id=26336, stack(0x0000005e9d200000,0x0000005e9d300000) (1024K)]
  0x0000024c8665d4a0 JavaThread "Unconstrained build operations Thread 64"        [_thread_blocked, id=18072, stack(0x0000005e9d300000,0x0000005e9d400000) (1024K)]
  0x0000024cf5549ec0 JavaThread "Unconstrained build operations Thread 65"        [_thread_blocked, id=8732, stack(0x0000005e9d400000,0x0000005e9d500000) (1024K)]
  0x0000024c8665ad40 JavaThread "Unconstrained build operations Thread 66"        [_thread_blocked, id=11280, stack(0x0000005e9d500000,0x0000005e9d600000) (1024K)]
  0x0000024c8665ba60 JavaThread "Unconstrained build operations Thread 67"        [_thread_blocked, id=28200, stack(0x0000005e9d600000,0x0000005e9d700000) (1024K)]
  0x0000024c8665a6b0 JavaThread "Unconstrained build operations Thread 68"        [_thread_blocked, id=13908, stack(0x0000005e9d700000,0x0000005e9d800000) (1024K)]
  0x0000024c8665c0f0 JavaThread "WorkerExecutor Queue"              [_thread_blocked, id=26252, stack(0x0000005e97900000,0x0000005e97a00000) (1024K)]
  0x0000024c8707ad60 JavaThread "Unconstrained build operations Thread 69"        [_thread_blocked, id=29328, stack(0x0000005e9d900000,0x0000005e9da00000) (1024K)]
  0x0000024c87078c90 JavaThread "Unconstrained build operations Thread 70"        [_thread_blocked, id=28836, stack(0x0000005e9da00000,0x0000005e9db00000) (1024K)]
  0x0000024c87079320 JavaThread "Unconstrained build operations Thread 71"        [_thread_blocked, id=27596, stack(0x0000005e9db00000,0x0000005e9dc00000) (1024K)]
  0x0000024c8707ba80 JavaThread "Unconstrained build operations Thread 72"        [_thread_blocked, id=29292, stack(0x0000005e9dc00000,0x0000005e9dd00000) (1024K)]
  0x0000024c8707c110 JavaThread "Unconstrained build operations Thread 73"        [_thread_blocked, id=25560, stack(0x0000005e9dd00000,0x0000005e9de00000) (1024K)]
  0x0000024c8707b3f0 JavaThread "Unconstrained build operations Thread 74"        [_thread_blocked, id=8584, stack(0x0000005e9de00000,0x0000005e9df00000) (1024K)]
  0x0000024c8707a040 JavaThread "Unconstrained build operations Thread 75"        [_thread_blocked, id=11708, stack(0x0000005e9df00000,0x0000005e9e000000) (1024K)]
  0x0000024cf73c5ec0 JavaThread "Unconstrained build operations Thread 76"        [_thread_blocked, id=10604, stack(0x0000005e9e000000,0x0000005e9e100000) (1024K)]
  0x0000024cf73c4480 JavaThread "Unconstrained build operations Thread 77"        [_thread_blocked, id=16976, stack(0x0000005e9e100000,0x0000005e9e200000) (1024K)]
  0x0000024cf73c4b10 JavaThread "Unconstrained build operations Thread 78"        [_thread_blocked, id=25016, stack(0x0000005e9e200000,0x0000005e9e300000) (1024K)]
  0x0000024cf73c51a0 JavaThread "Unconstrained build operations Thread 79"        [_thread_blocked, id=28888, stack(0x0000005e9e300000,0x0000005e9e400000) (1024K)]
  0x0000024cf73c6be0 JavaThread "Unconstrained build operations Thread 80"        [_thread_blocked, id=22224, stack(0x0000005e9e700000,0x0000005e9e800000) (1024K)]
  0x0000024cf73c7900 JavaThread "Unconstrained build operations Thread 81"        [_thread_blocked, id=27792, stack(0x0000005e9e800000,0x0000005e9e900000) (1024K)]
  0x0000024c88420bc0 JavaThread "RMI TCP Connection(idle)"   daemon [_thread_blocked, id=25312, stack(0x0000005e9e900000,0x0000005e9ea00000) (1024K)]
  0x0000024c8665a020 JavaThread "WorkerExecutor Queue Thread 2"        [_thread_blocked, id=12216, stack(0x0000005e9d800000,0x0000005e9d900000) (1024K)]
  0x0000024c88420530 JavaThread "RMI TCP Connection(16)-127.0.0.1" daemon [_thread_in_native, id=17484, stack(0x0000005e9eb00000,0x0000005e9ec00000) (1024K)]
  0x0000024c85941bb0 JavaThread "Build operations"                  [_thread_blocked, id=29448, stack(0x0000005e9ec00000,0x0000005e9ed00000) (1024K)]
  0x0000024c85944310 JavaThread "Build operations Thread 2"         [_thread_blocked, id=8796, stack(0x0000005e9ed00000,0x0000005e9ee00000) (1024K)]
  0x0000024c85940e90 JavaThread "Build operations Thread 3"         [_thread_blocked, id=26964, stack(0x0000005e9ee00000,0x0000005e9ef00000) (1024K)]
  0x0000024c85941520 JavaThread "Build operations Thread 4"         [_thread_blocked, id=17776, stack(0x0000005e9ef00000,0x0000005e9f000000) (1024K)]
  0x0000024c85942240 JavaThread "Build operations Thread 5"         [_thread_blocked, id=30600, stack(0x0000005e9f000000,0x0000005e9f100000) (1024K)]
  0x0000024c859428d0 JavaThread "Build operations Thread 6"         [_thread_blocked, id=21404, stack(0x0000005e9f100000,0x0000005e9f200000) (1024K)]
  0x0000024c85943c80 JavaThread "Build operations Thread 7"         [_thread_blocked, id=1924, stack(0x0000005e9f200000,0x0000005e9f300000) (1024K)]
  0x0000024c85942f60 JavaThread "Build operations Thread 8"         [_thread_blocked, id=3968, stack(0x0000005e9f300000,0x0000005e9f400000) (1024K)]
  0x0000024cf554b270 JavaThread "Build operations Thread 9"         [_thread_blocked, id=28228, stack(0x0000005e9f400000,0x0000005e9f500000) (1024K)]
  0x0000024cf554a550 JavaThread "Build operations Thread 10"        [_thread_blocked, id=27540, stack(0x0000005e9f500000,0x0000005e9f600000) (1024K)]
  0x0000024cf55491a0 JavaThread "Build operations Thread 11"        [_thread_blocked, id=8244, stack(0x0000005e9f600000,0x0000005e9f700000) (1024K)]
  0x0000024c8669c430 JavaThread "Unconstrained build operations Thread 82"        [_thread_blocked, id=7960, stack(0x0000005e9f700000,0x0000005e9f800000) (1024K)]
  0x0000024cf6af3dd0 JavaThread "Unconstrained build operations Thread 83"        [_thread_blocked, id=12212, stack(0x0000005e9f800000,0x0000005e9f900000) (1024K)]
  0x0000024cf6af1670 JavaThread "Build operations Thread 12"        [_thread_blocked, id=7600, stack(0x0000005e9f900000,0x0000005e9fa00000) (1024K)]
  0x0000024cf554abe0 JavaThread "WorkerExecutor Queue Thread 3"        [_thread_blocked, id=29592, stack(0x0000005e9fa00000,0x0000005e9fb00000) (1024K)]
  0x0000024cfb206e20 JavaThread "WorkerExecutor Queue Thread 4"        [_thread_blocked, id=15328, stack(0x0000005e9fb00000,0x0000005e9fc00000) (1024K)]
  0x0000024cfb204d50 JavaThread "WorkerExecutor Queue Thread 5"        [_thread_blocked, id=30188, stack(0x0000005e9fc00000,0x0000005e9fd00000) (1024K)]
  0x0000024cfb2053e0 JavaThread "WorkerExecutor Queue Thread 6"        [_thread_blocked, id=20324, stack(0x0000005e9fd00000,0x0000005e9fe00000) (1024K)]
  0x0000024cfb206100 JavaThread "WorkerExecutor Queue Thread 7"        [_thread_in_vm, id=30316, stack(0x0000005e9fe00000,0x0000005e9ff00000) (1024K)]
  0x0000024cf9d44b10 JavaThread "WorkerExecutor Queue Thread 8"        [_thread_blocked, id=30468, stack(0x0000005e9ff00000,0x0000005ea0000000) (1024K)]
  0x0000024cf9d430d0 JavaThread "WorkerExecutor Queue Thread 9"        [_thread_in_Java, id=27268, stack(0x0000005ea0000000,0x0000005ea0100000) (1024K)]
  0x0000024cf9d45830 JavaThread "WorkerExecutor Queue Thread 10"        [_thread_in_native, id=28180, stack(0x0000005ea0100000,0x0000005ea0200000) (1024K)]
  0x0000024cf9d44480 JavaThread "WorkerExecutor Queue Thread 11"        [_thread_in_Java, id=30260, stack(0x0000005ea0200000,0x0000005ea0300000) (1024K)]
  0x0000024cf9d42a40 JavaThread "WorkerExecutor Queue Thread 12"        [_thread_blocked, id=26244, stack(0x0000005ea0300000,0x0000005ea0400000) (1024K)]
  0x0000024cf4d4f5d0 JavaThread "C2 CompilerThread1"         daemon [_thread_in_native, id=27328, stack(0x0000005e97d00000,0x0000005e97e00000) (1024K)]
=>0x0000024cf4d51eb0 JavaThread "C2 CompilerThread2"         daemon [_thread_in_native, id=30548, stack(0x0000005e9ea00000,0x0000005e9eb00000) (1024K)]
Total: 169

Other Threads:
  0x0000024cad8ea0a0 VMThread "VM Thread"                           [id=25348, stack(0x0000005e95400000,0x0000005e95500000) (1024K)]
  0x0000024cad8cf5f0 WatcherThread "VM Periodic Task Thread"        [id=28676, stack(0x0000005e95300000,0x0000005e95400000) (1024K)]
  0x0000024c8ebc9400 WorkerThread "GC Thread#0"                     [id=28164, stack(0x0000005e94e00000,0x0000005e94f00000) (1024K)]
  0x0000024caed14e40 WorkerThread "GC Thread#1"                     [id=13124, stack(0x0000005e96100000,0x0000005e96200000) (1024K)]
  0x0000024caed7c0b0 WorkerThread "GC Thread#2"                     [id=24036, stack(0x0000005e96200000,0x0000005e96300000) (1024K)]
  0x0000024cae5d7380 WorkerThread "GC Thread#3"                     [id=28112, stack(0x0000005e96300000,0x0000005e96400000) (1024K)]
  0x0000024caec041f0 WorkerThread "GC Thread#4"                     [id=2252, stack(0x0000005e96400000,0x0000005e96500000) (1024K)]
  0x0000024caec04590 WorkerThread "GC Thread#5"                     [id=27860, stack(0x0000005e96500000,0x0000005e96600000) (1024K)]
  0x0000024cf4e568b0 WorkerThread "GC Thread#6"                     [id=5032, stack(0x0000005e96700000,0x0000005e96800000) (1024K)]
  0x0000024cf55feb00 WorkerThread "GC Thread#7"                     [id=26580, stack(0x0000005e96800000,0x0000005e96900000) (1024K)]
  0x0000024cf54e36c0 WorkerThread "GC Thread#8"                     [id=21256, stack(0x0000005e96900000,0x0000005e96a00000) (1024K)]
  0x0000024cf54e3320 WorkerThread "GC Thread#9"                     [id=29004, stack(0x0000005e97600000,0x0000005e97700000) (1024K)]
  0x0000024c8ebda2f0 ConcurrentGCThread "G1 Main Marker"            [id=10256, stack(0x0000005e94f00000,0x0000005e95000000) (1024K)]
  0x0000024c8ebdad00 WorkerThread "G1 Conc#0"                       [id=27160, stack(0x0000005e95000000,0x0000005e95100000) (1024K)]
  0x0000024cf54e2f80 WorkerThread "G1 Conc#1"                       [id=28236, stack(0x0000005e97700000,0x0000005e97800000) (1024K)]
  0x0000024cf54e2be0 WorkerThread "G1 Conc#2"                       [id=2760, stack(0x0000005e97800000,0x0000005e97900000) (1024K)]
  0x0000024cad79f030 ConcurrentGCThread "G1 Refine#0"               [id=26280, stack(0x0000005e95100000,0x0000005e95200000) (1024K)]
  0x0000024cad79f850 ConcurrentGCThread "G1 Service"                [id=8632, stack(0x0000005e95200000,0x0000005e95300000) (1024K)]
Total: 18

Threads with active compile tasks:
C2 CompilerThread0  4428374 52662       4       org.gradle.internal.fingerprint.impl.RelativePathFingerprintingStrategy::lambda$collectFingerprints$0 (126 bytes)
C1 CompilerThread0  4428374 52809       3       com.android.tools.r8.dex.C$$Lambda/0x0000024cb17a6658::get (8 bytes)
C2 CompilerThread1  4428374 52699       4       com.android.utils.PathUtils::toSystemIndependentPath (42 bytes)
C2 CompilerThread2  4428374 52676       4       com.google.common.collect.AbstractMapBasedMultimap$WrappedCollection::<init> (44 bytes)
Total: 4

VM state: not at safepoint (normal execution)

VM Mutex/Monitor currently owned by a thread:  ([mutex/lock_event])
[0x00007ffb3b509178] MethodCompileQueue_lock - owner thread: 0x0000024cad9120b0
[0x00007ffb3b50a4f8] CodeCache_lock - owner thread: 0x0000024cad9120b0
[0x00007ffb3b50a678] Compile_lock - owner thread: 0x0000024cad9120b0

Heap address: 0x0000000700000000, size: 4096 MB, Compressed Oops mode: Zero based, Oop shift amount: 3

CDS archive(s) mapped at: [0x0000024caf000000-0x0000024cafc90000-0x0000024cafc90000), size 13172736, SharedBaseAddress: 0x0000024caf000000, ArchiveRelocationMode: 1.
Compressed class space mapped at: 0x0000024cb0000000-0x0000024cf0000000, reserved size: 1073741824
Narrow klass base: 0x0000024caf000000, Narrow klass shift: 0, Narrow klass range: 0x100000000

GC Precious Log:
 CardTable entry size: 512
 Card Set container configuration: InlinePtr #cards 4 size 8 Array Of Cards #cards 16 size 48 Howl #buckets 8 coarsen threshold 3686 Howl Bitmap #cards 512 size 80 coarsen threshold 460 Card regions per heap region 1 cards per card region 4096
 CPUs: 12 total, 12 available
 Memory: 16016M
 Large Page Support: Disabled
 NUMA Support: Disabled
 Compressed Oops: Enabled (Zero based)
 Heap Region Size: 2M
 Heap Min Capacity: 8M
 Heap Initial Capacity: 252M
 Heap Max Capacity: 4G
 Pre-touch: Disabled
 Parallel Workers: 10
 Concurrent Workers: 3
 Concurrent Refinement Workers: 10
 Periodic GC: Disabled

Heap:
 garbage-first heap   total 1060864K, used 542821K [0x0000000700000000, 0x0000000800000000)
  region size 2048K, 136 young (278528K), 22 survivors (45056K)
 Metaspace       used 180725K, committed 183232K, reserved 1245184K
  class space    used 24114K, committed 25024K, reserved 1048576K

Heap Regions: E=young(eden), S=young(survivor), O=old, HS=humongous(starts), HC=humongous(continues), CS=collection set, F=free, TAMS=top-at-mark-start, PB=parsable bottom
|   0|0x0000000700000000, 0x0000000700200000, 0x0000000700200000|100%|HS|  |TAMS 0x0000000700000000| PB 0x0000000700000000| Complete 
|   1|0x0000000700200000, 0x0000000700400000, 0x0000000700400000|100%|HC|  |TAMS 0x0000000700200000| PB 0x0000000700200000| Complete 
|   2|0x0000000700400000, 0x00000007005ffff8, 0x0000000700600000| 99%| O|  |TAMS 0x0000000700400000| PB 0x0000000700400000| Untracked 
|   3|0x0000000700600000, 0x0000000700800000, 0x0000000700800000|100%| O|  |TAMS 0x0000000700600000| PB 0x0000000700600000| Untracked 
|   4|0x0000000700800000, 0x00000007009ffff0, 0x0000000700a00000| 99%| O|  |TAMS 0x0000000700800000| PB 0x0000000700800000| Untracked 
|   5|0x0000000700a00000, 0x0000000700c00000, 0x0000000700c00000|100%| O|  |TAMS 0x0000000700a00000| PB 0x0000000700a00000| Untracked 
|   6|0x0000000700c00000, 0x0000000700e00000, 0x0000000700e00000|100%| O|  |TAMS 0x0000000700c00000| PB 0x0000000700c00000| Untracked 
|   7|0x0000000700e00000, 0x0000000700fffff8, 0x0000000701000000| 99%| O|  |TAMS 0x0000000700e00000| PB 0x0000000700e00000| Untracked 
|   8|0x0000000701000000, 0x00000007011ffff8, 0x0000000701200000| 99%| O|  |TAMS 0x0000000701000000| PB 0x0000000701000000| Untracked 
|   9|0x0000000701200000, 0x00000007013fffc8, 0x0000000701400000| 99%| O|  |TAMS 0x0000000701200000| PB 0x0000000701200000| Untracked 
|  10|0x0000000701400000, 0x0000000701600000, 0x0000000701600000|100%| O|  |TAMS 0x0000000701400000| PB 0x0000000701400000| Untracked 
|  11|0x0000000701600000, 0x00000007017fffc0, 0x0000000701800000| 99%| O|  |TAMS 0x0000000701600000| PB 0x0000000701600000| Untracked 
|  12|0x0000000701800000, 0x00000007019b4fa0, 0x0000000701a00000| 85%| O|  |TAMS 0x0000000701800000| PB 0x0000000701800000| Untracked 
|  13|0x0000000701a00000, 0x0000000701bfffe0, 0x0000000701c00000| 99%| O|  |TAMS 0x0000000701a00000| PB 0x0000000701a00000| Untracked 
|  14|0x0000000701c00000, 0x0000000701e00000, 0x0000000701e00000|100%| O|  |TAMS 0x0000000701c00000| PB 0x0000000701c00000| Untracked 
|  15|0x0000000701e00000, 0x0000000702000000, 0x0000000702000000|100%| O|  |TAMS 0x0000000701e00000| PB 0x0000000701e00000| Untracked 
|  16|0x0000000702000000, 0x00000007021ffff8, 0x0000000702200000| 99%| O|  |TAMS 0x0000000702000000| PB 0x0000000702000000| Untracked 
|  17|0x0000000702200000, 0x00000007023fffb8, 0x0000000702400000| 99%| O|  |TAMS 0x0000000702200000| PB 0x0000000702200000| Untracked 
|  18|0x0000000702400000, 0x0000000702600000, 0x0000000702600000|100%|HS|  |TAMS 0x0000000702400000| PB 0x0000000702400000| Complete 
|  19|0x0000000702600000, 0x0000000702800000, 0x0000000702800000|100%|HS|  |TAMS 0x0000000702600000| PB 0x0000000702600000| Complete 
|  20|0x0000000702800000, 0x0000000702a00000, 0x0000000702a00000|100%|HS|  |TAMS 0x0000000702800000| PB 0x0000000702800000| Complete 
|  21|0x0000000702a00000, 0x0000000702c00000, 0x0000000702c00000|100%|HC|  |TAMS 0x0000000702a00000| PB 0x0000000702a00000| Complete 
|  22|0x0000000702c00000, 0x0000000702ded5b0, 0x0000000702e00000| 96%| O|  |TAMS 0x0000000702c00000| PB 0x0000000702c00000| Untracked 
|  23|0x0000000702e00000, 0x0000000703000000, 0x0000000703000000|100%| O|  |TAMS 0x0000000702e00000| PB 0x0000000702e00000| Untracked 
|  24|0x0000000703000000, 0x0000000703200000, 0x0000000703200000|100%| O|  |TAMS 0x0000000703000000| PB 0x0000000703000000| Untracked 
|  25|0x0000000703200000, 0x0000000703400000, 0x0000000703400000|100%| O|  |TAMS 0x0000000703200000| PB 0x0000000703200000| Untracked 
|  26|0x0000000703400000, 0x00000007035fffe8, 0x0000000703600000| 99%| O|  |TAMS 0x0000000703400000| PB 0x0000000703400000| Untracked 
|  27|0x0000000703600000, 0x00000007037ffff8, 0x0000000703800000| 99%| O|  |TAMS 0x0000000703600000| PB 0x0000000703600000| Untracked 
|  28|0x0000000703800000, 0x00000007039eddc0, 0x0000000703a00000| 96%| O|  |TAMS 0x0000000703800000| PB 0x0000000703800000| Untracked 
|  29|0x0000000703a00000, 0x0000000703bffff8, 0x0000000703c00000| 99%| O|  |TAMS 0x0000000703a00000| PB 0x0000000703a00000| Untracked 
|  30|0x0000000703c00000, 0x0000000703dfffe8, 0x0000000703e00000| 99%| O|  |TAMS 0x0000000703c00000| PB 0x0000000703c00000| Untracked 
|  31|0x0000000703e00000, 0x0000000703fffff0, 0x0000000704000000| 99%| O|  |TAMS 0x0000000703e00000| PB 0x0000000703e00000| Untracked 
|  32|0x0000000704000000, 0x0000000704200000, 0x0000000704200000|100%| O|  |TAMS 0x0000000704000000| PB 0x0000000704000000| Untracked 
|  33|0x0000000704200000, 0x00000007043fffe0, 0x0000000704400000| 99%| O|  |TAMS 0x0000000704200000| PB 0x0000000704200000| Untracked 
|  34|0x0000000704400000, 0x0000000704600000, 0x0000000704600000|100%|HS|  |TAMS 0x0000000704400000| PB 0x0000000704400000| Complete 
|  35|0x0000000704600000, 0x0000000704800000, 0x0000000704800000|100%|HC|  |TAMS 0x0000000704600000| PB 0x0000000704600000| Complete 
|  36|0x0000000704800000, 0x0000000704a00000, 0x0000000704a00000|100%| O|  |TAMS 0x0000000704800000| PB 0x0000000704800000| Untracked 
|  37|0x0000000704a00000, 0x0000000704bffff8, 0x0000000704c00000| 99%| O|  |TAMS 0x0000000704a00000| PB 0x0000000704a00000| Untracked 
|  38|0x0000000704c00000, 0x0000000704dffff0, 0x0000000704e00000| 99%| O|  |TAMS 0x0000000704c00000| PB 0x0000000704c00000| Untracked 
|  39|0x0000000704e00000, 0x0000000705000000, 0x0000000705000000|100%| O|  |TAMS 0x0000000704e00000| PB 0x0000000704e00000| Untracked 
|  40|0x0000000705000000, 0x00000007051fb488, 0x0000000705200000| 99%| O|  |TAMS 0x0000000705000000| PB 0x0000000705000000| Untracked 
|  41|0x0000000705200000, 0x00000007053fffe0, 0x0000000705400000| 99%| O|  |TAMS 0x0000000705200000| PB 0x0000000705200000| Untracked 
|  42|0x0000000705400000, 0x00000007055fffe0, 0x0000000705600000| 99%| O|  |TAMS 0x0000000705400000| PB 0x0000000705400000| Untracked 
|  43|0x0000000705600000, 0x00000007057ffff8, 0x0000000705800000| 99%| O|  |TAMS 0x0000000705600000| PB 0x0000000705600000| Untracked 
|  44|0x0000000705800000, 0x00000007059ec858, 0x0000000705a00000| 96%| O|  |TAMS 0x0000000705800000| PB 0x0000000705800000| Untracked 
|  45|0x0000000705a00000, 0x0000000705c00000, 0x0000000705c00000|100%| O|  |TAMS 0x0000000705a00000| PB 0x0000000705a00000| Untracked 
|  46|0x0000000705c00000, 0x0000000705dffff8, 0x0000000705e00000| 99%| O|  |TAMS 0x0000000705c00000| PB 0x0000000705c00000| Untracked 
|  47|0x0000000705e00000, 0x0000000705ffeb08, 0x0000000706000000| 99%| O|  |TAMS 0x0000000705e00000| PB 0x0000000705e00000| Untracked 
|  48|0x0000000706000000, 0x00000007061fff38, 0x0000000706200000| 99%| O|  |TAMS 0x0000000706000000| PB 0x0000000706000000| Untracked 
|  49|0x0000000706200000, 0x00000007063fffc0, 0x0000000706400000| 99%| O|  |TAMS 0x0000000706200000| PB 0x0000000706200000| Untracked 
|  50|0x0000000706400000, 0x0000000706600000, 0x0000000706600000|100%| O|  |TAMS 0x0000000706400000| PB 0x0000000706400000| Untracked 
|  51|0x0000000706600000, 0x00000007067ffff8, 0x0000000706800000| 99%| O|  |TAMS 0x0000000706600000| PB 0x0000000706600000| Untracked 
|  52|0x0000000706800000, 0x00000007069fff98, 0x0000000706a00000| 99%| O|  |TAMS 0x0000000706800000| PB 0x0000000706800000| Untracked 
|  53|0x0000000706a00000, 0x0000000706bffff0, 0x0000000706c00000| 99%| O|  |TAMS 0x0000000706a00000| PB 0x0000000706a00000| Untracked 
|  54|0x0000000706c00000, 0x0000000706dffff0, 0x0000000706e00000| 99%| O|  |TAMS 0x0000000706c00000| PB 0x0000000706c00000| Untracked 
|  55|0x0000000706e00000, 0x0000000706fffff8, 0x0000000707000000| 99%| O|  |TAMS 0x0000000706e00000| PB 0x0000000706e00000| Untracked 
|  56|0x0000000707000000, 0x00000007071fffe8, 0x0000000707200000| 99%| O|  |TAMS 0x0000000707000000| PB 0x0000000707000000| Untracked 
|  57|0x0000000707200000, 0x00000007073ff2f8, 0x0000000707400000| 99%| O|  |TAMS 0x0000000707200000| PB 0x0000000707200000| Untracked 
|  58|0x0000000707400000, 0x00000007075fffc0, 0x0000000707600000| 99%| O|  |TAMS 0x0000000707400000| PB 0x0000000707400000| Untracked 
|  59|0x0000000707600000, 0x0000000707800000, 0x0000000707800000|100%| O|  |TAMS 0x0000000707600000| PB 0x0000000707600000| Untracked 
|  60|0x0000000707800000, 0x00000007079d92f0, 0x0000000707a00000| 92%| O|  |TAMS 0x0000000707800000| PB 0x0000000707800000| Untracked 
|  61|0x0000000707a00000, 0x0000000707bffff0, 0x0000000707c00000| 99%| O|  |TAMS 0x0000000707a00000| PB 0x0000000707a00000| Untracked 
|  62|0x0000000707c00000, 0x0000000707e00000, 0x0000000707e00000|100%| O|  |TAMS 0x0000000707c00000| PB 0x0000000707c00000| Untracked 
|  63|0x0000000707e00000, 0x0000000707fd2d18, 0x0000000708000000| 91%| O|  |TAMS 0x0000000707e00000| PB 0x0000000707e00000| Untracked 
|  64|0x0000000708000000, 0x0000000708200000, 0x0000000708200000|100%| O|  |TAMS 0x0000000708000000| PB 0x0000000708000000| Untracked 
|  65|0x0000000708200000, 0x0000000708400000, 0x0000000708400000|100%| O|  |TAMS 0x0000000708200000| PB 0x0000000708200000| Untracked 
|  66|0x0000000708400000, 0x0000000708600000, 0x0000000708600000|100%| O|  |TAMS 0x0000000708400000| PB 0x0000000708400000| Untracked 
|  67|0x0000000708600000, 0x00000007087fffb8, 0x0000000708800000| 99%| O|  |TAMS 0x0000000708600000| PB 0x0000000708600000| Untracked 
|  68|0x0000000708800000, 0x00000007089ffff8, 0x0000000708a00000| 99%| O|  |TAMS 0x0000000708800000| PB 0x0000000708800000| Untracked 
|  69|0x0000000708a00000, 0x0000000708bffff8, 0x0000000708c00000| 99%| O|  |TAMS 0x0000000708a00000| PB 0x0000000708a00000| Untracked 
|  70|0x0000000708c00000, 0x0000000708e00000, 0x0000000708e00000|100%|HS|  |TAMS 0x0000000708c00000| PB 0x0000000708c00000| Complete 
|  71|0x0000000708e00000, 0x0000000709000000, 0x0000000709000000|100%|HS|  |TAMS 0x0000000708e00000| PB 0x0000000708e00000| Complete 
|  72|0x0000000709000000, 0x00000007091fffb8, 0x0000000709200000| 99%| O|  |TAMS 0x0000000709000000| PB 0x0000000709000000| Untracked 
|  73|0x0000000709200000, 0x0000000709200000, 0x0000000709400000|  0%| F|  |TAMS 0x0000000709200000| PB 0x0000000709200000| Untracked 
|  74|0x0000000709400000, 0x00000007095fffe0, 0x0000000709600000| 99%| O|  |TAMS 0x0000000709400000| PB 0x0000000709400000| Untracked 
|  75|0x0000000709600000, 0x0000000709800000, 0x0000000709800000|100%| O|  |TAMS 0x0000000709600000| PB 0x0000000709600000| Untracked 
|  76|0x0000000709800000, 0x0000000709800000, 0x0000000709a00000|  0%| F|  |TAMS 0x0000000709800000| PB 0x0000000709800000| Untracked 
|  77|0x0000000709a00000, 0x0000000709c00000, 0x0000000709c00000|100%| O|  |TAMS 0x0000000709a00000| PB 0x0000000709a00000| Untracked 
|  78|0x0000000709c00000, 0x0000000709e00000, 0x0000000709e00000|100%| O|  |TAMS 0x0000000709c00000| PB 0x0000000709c00000| Untracked 
|  79|0x0000000709e00000, 0x000000070a000000, 0x000000070a000000|100%| O|  |TAMS 0x0000000709e00000| PB 0x0000000709e00000| Untracked 
|  80|0x000000070a000000, 0x000000070a200000, 0x000000070a200000|100%| O|  |TAMS 0x000000070a000000| PB 0x000000070a000000| Untracked 
|  81|0x000000070a200000, 0x000000070a400000, 0x000000070a400000|100%| O|  |TAMS 0x000000070a200000| PB 0x000000070a200000| Untracked 
|  82|0x000000070a400000, 0x000000070a5fdb20, 0x000000070a600000| 99%| O|  |TAMS 0x000000070a400000| PB 0x000000070a400000| Untracked 
|  83|0x000000070a600000, 0x000000070a748888, 0x000000070a800000| 64%| O|  |TAMS 0x000000070a600000| PB 0x000000070a600000| Untracked 
|  84|0x000000070a800000, 0x000000070aa00000, 0x000000070aa00000|100%| O|  |TAMS 0x000000070a800000| PB 0x000000070a800000| Untracked 
|  85|0x000000070aa00000, 0x000000070ac00000, 0x000000070ac00000|100%| O|  |TAMS 0x000000070aa00000| PB 0x000000070aa00000| Untracked 
|  86|0x000000070ac00000, 0x000000070ae00000, 0x000000070ae00000|100%| O|  |TAMS 0x000000070ac00000| PB 0x000000070ac00000| Untracked 
|  87|0x000000070ae00000, 0x000000070afb1ae8, 0x000000070b000000| 84%| O|  |TAMS 0x000000070ae00000| PB 0x000000070ae00000| Untracked 
|  88|0x000000070b000000, 0x000000070b200000, 0x000000070b200000|100%| O|  |TAMS 0x000000070b000000| PB 0x000000070b000000| Untracked 
|  89|0x000000070b200000, 0x000000070b400000, 0x000000070b400000|100%| O|  |TAMS 0x000000070b200000| PB 0x000000070b200000| Untracked 
|  90|0x000000070b400000, 0x000000070b600000, 0x000000070b600000|100%| O|  |TAMS 0x000000070b400000| PB 0x000000070b400000| Untracked 
|  91|0x000000070b600000, 0x000000070b800000, 0x000000070b800000|100%| O|  |TAMS 0x000000070b600000| PB 0x000000070b600000| Untracked 
|  92|0x000000070b800000, 0x000000070ba00000, 0x000000070ba00000|100%| O|  |TAMS 0x000000070b800000| PB 0x000000070b800000| Untracked 
|  93|0x000000070ba00000, 0x000000070bc00000, 0x000000070bc00000|100%| O|  |TAMS 0x000000070ba00000| PB 0x000000070ba00000| Untracked 
|  94|0x000000070bc00000, 0x000000070be00000, 0x000000070be00000|100%| O|  |TAMS 0x000000070bc00000| PB 0x000000070bc00000| Untracked 
|  95|0x000000070be00000, 0x000000070be00000, 0x000000070c000000|  0%| F|  |TAMS 0x000000070be00000| PB 0x000000070be00000| Untracked 
|  96|0x000000070c000000, 0x000000070c000000, 0x000000070c200000|  0%| F|  |TAMS 0x000000070c000000| PB 0x000000070c000000| Untracked 
|  97|0x000000070c200000, 0x000000070c400000, 0x000000070c400000|100%| O|  |TAMS 0x000000070c200000| PB 0x000000070c200000| Untracked 
|  98|0x000000070c400000, 0x000000070c600000, 0x000000070c600000|100%| O|  |TAMS 0x000000070c400000| PB 0x000000070c400000| Untracked 
|  99|0x000000070c600000, 0x000000070c800000, 0x000000070c800000|100%| O|  |TAMS 0x000000070c600000| PB 0x000000070c600000| Untracked 
| 100|0x000000070c800000, 0x000000070ca00000, 0x000000070ca00000|100%| O|  |TAMS 0x000000070c800000| PB 0x000000070c800000| Untracked 
| 101|0x000000070ca00000, 0x000000070cc00000, 0x000000070cc00000|100%| O|  |TAMS 0x000000070ca00000| PB 0x000000070ca00000| Untracked 
| 102|0x000000070cc00000, 0x000000070ce00000, 0x000000070ce00000|100%| O|  |TAMS 0x000000070cc00000| PB 0x000000070cc00000| Untracked 
| 103|0x000000070ce00000, 0x000000070d000000, 0x000000070d000000|100%| O|  |TAMS 0x000000070ce00000| PB 0x000000070ce00000| Untracked 
| 104|0x000000070d000000, 0x000000070d200000, 0x000000070d200000|100%| O|  |TAMS 0x000000070d000000| PB 0x000000070d000000| Untracked 
| 105|0x000000070d200000, 0x000000070d400000, 0x000000070d400000|100%| O|  |TAMS 0x000000070d200000| PB 0x000000070d200000| Untracked 
| 106|0x000000070d400000, 0x000000070d600000, 0x000000070d600000|100%| O|  |TAMS 0x000000070d400000| PB 0x000000070d400000| Untracked 
| 107|0x000000070d600000, 0x000000070d800000, 0x000000070d800000|100%| O|  |TAMS 0x000000070d600000| PB 0x000000070d600000| Untracked 
| 108|0x000000070d800000, 0x000000070da00000, 0x000000070da00000|100%| O|  |TAMS 0x000000070d800000| PB 0x000000070d800000| Untracked 
| 109|0x000000070da00000, 0x000000070dc00000, 0x000000070dc00000|100%| O|  |TAMS 0x000000070da00000| PB 0x000000070da00000| Untracked 
| 110|0x000000070dc00000, 0x000000070de00000, 0x000000070de00000|100%| O|  |TAMS 0x000000070dc00000| PB 0x000000070dc00000| Untracked 
| 111|0x000000070de00000, 0x000000070e000000, 0x000000070e000000|100%| O|  |TAMS 0x000000070de00000| PB 0x000000070de00000| Untracked 
| 112|0x000000070e000000, 0x000000070e200000, 0x000000070e200000|100%| O|  |TAMS 0x000000070e000000| PB 0x000000070e000000| Untracked 
| 113|0x000000070e200000, 0x000000070e400000, 0x000000070e400000|100%| O|  |TAMS 0x000000070e200000| PB 0x000000070e200000| Untracked 
| 114|0x000000070e400000, 0x000000070e600000, 0x000000070e600000|100%| O|  |TAMS 0x000000070e400000| PB 0x000000070e400000| Untracked 
| 115|0x000000070e600000, 0x000000070e800000, 0x000000070e800000|100%| O|  |TAMS 0x000000070e600000| PB 0x000000070e600000| Untracked 
| 116|0x000000070e800000, 0x000000070ea00000, 0x000000070ea00000|100%| O|  |TAMS 0x000000070e800000| PB 0x000000070e800000| Untracked 
| 117|0x000000070ea00000, 0x000000070ec00000, 0x000000070ec00000|100%| O|  |TAMS 0x000000070ea00000| PB 0x000000070ea00000| Untracked 
| 118|0x000000070ec00000, 0x000000070ee00000, 0x000000070ee00000|100%| O|  |TAMS 0x000000070ec00000| PB 0x000000070ec00000| Untracked 
| 119|0x000000070ee00000, 0x000000070ee00000, 0x000000070f000000|  0%| F|  |TAMS 0x000000070ee00000| PB 0x000000070ee00000| Untracked 
| 120|0x000000070f000000, 0x000000070f200000, 0x000000070f200000|100%| O|  |TAMS 0x000000070f000000| PB 0x000000070f000000| Untracked 
| 121|0x000000070f200000, 0x000000070f400000, 0x000000070f400000|100%| O|  |TAMS 0x000000070f200000| PB 0x000000070f200000| Untracked 
| 122|0x000000070f400000, 0x000000070f600000, 0x000000070f600000|100%| O|  |TAMS 0x000000070f400000| PB 0x000000070f400000| Untracked 
| 123|0x000000070f600000, 0x000000070f800000, 0x000000070f800000|100%| O|  |TAMS 0x000000070f600000| PB 0x000000070f600000| Untracked 
| 124|0x000000070f800000, 0x000000070f800000, 0x000000070fa00000|  0%| F|  |TAMS 0x000000070f800000| PB 0x000000070f800000| Untracked 
| 125|0x000000070fa00000, 0x000000070fa00000, 0x000000070fc00000|  0%| F|  |TAMS 0x000000070fa00000| PB 0x000000070fa00000| Untracked 
| 126|0x000000070fc00000, 0x000000070fc00000, 0x000000070fe00000|  0%| F|  |TAMS 0x000000070fc00000| PB 0x000000070fc00000| Untracked 
| 127|0x000000070fe00000, 0x0000000710000000, 0x0000000710000000|100%| O|  |TAMS 0x000000070fe00000| PB 0x000000070fe00000| Untracked 
| 128|0x0000000710000000, 0x0000000710000000, 0x0000000710200000|  0%| F|  |TAMS 0x0000000710000000| PB 0x0000000710000000| Untracked 
| 129|0x0000000710200000, 0x0000000710200000, 0x0000000710400000|  0%| F|  |TAMS 0x0000000710200000| PB 0x0000000710200000| Untracked 
| 130|0x0000000710400000, 0x0000000710400000, 0x0000000710600000|  0%| F|  |TAMS 0x0000000710400000| PB 0x0000000710400000| Untracked 
| 131|0x0000000710600000, 0x0000000710800000, 0x0000000710800000|100%| O|  |TAMS 0x0000000710600000| PB 0x0000000710600000| Untracked 
| 132|0x0000000710800000, 0x0000000710a00000, 0x0000000710a00000|100%| O|  |TAMS 0x0000000710800000| PB 0x0000000710800000| Untracked 
| 133|0x0000000710a00000, 0x0000000710c00000, 0x0000000710c00000|100%| O|  |TAMS 0x0000000710a00000| PB 0x0000000710a00000| Untracked 
| 134|0x0000000710c00000, 0x0000000710e00000, 0x0000000710e00000|100%| O|  |TAMS 0x0000000710c00000| PB 0x0000000710c00000| Untracked 
| 135|0x0000000710e00000, 0x0000000711000000, 0x0000000711000000|100%| O|  |TAMS 0x0000000710e00000| PB 0x0000000710e00000| Untracked 
| 136|0x0000000711000000, 0x0000000711000000, 0x0000000711200000|  0%| F|  |TAMS 0x0000000711000000| PB 0x0000000711000000| Untracked 
| 137|0x0000000711200000, 0x0000000711200000, 0x0000000711400000|  0%| F|  |TAMS 0x0000000711200000| PB 0x0000000711200000| Untracked 
| 138|0x0000000711400000, 0x0000000711400000, 0x0000000711600000|  0%| F|  |TAMS 0x0000000711400000| PB 0x0000000711400000| Untracked 
| 139|0x0000000711600000, 0x0000000711600000, 0x0000000711800000|  0%| F|  |TAMS 0x0000000711600000| PB 0x0000000711600000| Untracked 
| 140|0x0000000711800000, 0x0000000711800000, 0x0000000711a00000|  0%| F|  |TAMS 0x0000000711800000| PB 0x0000000711800000| Untracked 
| 141|0x0000000711a00000, 0x0000000711a00000, 0x0000000711c00000|  0%| F|  |TAMS 0x0000000711a00000| PB 0x0000000711a00000| Untracked 
| 142|0x0000000711c00000, 0x0000000711c00000, 0x0000000711e00000|  0%| F|  |TAMS 0x0000000711c00000| PB 0x0000000711c00000| Untracked 
| 143|0x0000000711e00000, 0x0000000711e00000, 0x0000000712000000|  0%| F|  |TAMS 0x0000000711e00000| PB 0x0000000711e00000| Untracked 
| 144|0x0000000712000000, 0x0000000712000000, 0x0000000712200000|  0%| F|  |TAMS 0x0000000712000000| PB 0x0000000712000000| Untracked 
| 145|0x0000000712200000, 0x0000000712200000, 0x0000000712400000|  0%| F|  |TAMS 0x0000000712200000| PB 0x0000000712200000| Untracked 
| 146|0x0000000712400000, 0x0000000712400000, 0x0000000712600000|  0%| F|  |TAMS 0x0000000712400000| PB 0x0000000712400000| Untracked 
| 147|0x0000000712600000, 0x0000000712600000, 0x0000000712800000|  0%| F|  |TAMS 0x0000000712600000| PB 0x0000000712600000| Untracked 
| 148|0x0000000712800000, 0x0000000712800000, 0x0000000712a00000|  0%| F|  |TAMS 0x0000000712800000| PB 0x0000000712800000| Untracked 
| 149|0x0000000712a00000, 0x0000000712a00000, 0x0000000712c00000|  0%| F|  |TAMS 0x0000000712a00000| PB 0x0000000712a00000| Untracked 
| 150|0x0000000712c00000, 0x0000000712c00000, 0x0000000712e00000|  0%| F|  |TAMS 0x0000000712c00000| PB 0x0000000712c00000| Untracked 
| 151|0x0000000712e00000, 0x0000000712e00000, 0x0000000713000000|  0%| F|  |TAMS 0x0000000712e00000| PB 0x0000000712e00000| Untracked 
| 152|0x0000000713000000, 0x0000000713000000, 0x0000000713200000|  0%| F|  |TAMS 0x0000000713000000| PB 0x0000000713000000| Untracked 
| 153|0x0000000713200000, 0x0000000713400000, 0x0000000713400000|100%|HS|  |TAMS 0x0000000713200000| PB 0x0000000713200000| Complete 
| 154|0x0000000713400000, 0x0000000713600000, 0x0000000713600000|100%|HC|  |TAMS 0x0000000713400000| PB 0x0000000713400000| Complete 
| 155|0x0000000713600000, 0x0000000713800000, 0x0000000713800000|100%|HC|  |TAMS 0x0000000713600000| PB 0x0000000713600000| Complete 
| 156|0x0000000713800000, 0x0000000713a00000, 0x0000000713a00000|100%|HC|  |TAMS 0x0000000713800000| PB 0x0000000713800000| Complete 
| 157|0x0000000713a00000, 0x0000000713a00000, 0x0000000713c00000|  0%| F|  |TAMS 0x0000000713a00000| PB 0x0000000713a00000| Untracked 
| 158|0x0000000713c00000, 0x0000000713c00000, 0x0000000713e00000|  0%| F|  |TAMS 0x0000000713c00000| PB 0x0000000713c00000| Untracked 
| 159|0x0000000713e00000, 0x0000000713e00000, 0x0000000714000000|  0%| F|  |TAMS 0x0000000713e00000| PB 0x0000000713e00000| Untracked 
| 160|0x0000000714000000, 0x0000000714000000, 0x0000000714200000|  0%| F|  |TAMS 0x0000000714000000| PB 0x0000000714000000| Untracked 
| 161|0x0000000714200000, 0x0000000714200000, 0x0000000714400000|  0%| F|  |TAMS 0x0000000714200000| PB 0x0000000714200000| Untracked 
| 162|0x0000000714400000, 0x0000000714400000, 0x0000000714600000|  0%| F|  |TAMS 0x0000000714400000| PB 0x0000000714400000| Untracked 
| 163|0x0000000714600000, 0x0000000714600000, 0x0000000714800000|  0%| F|  |TAMS 0x0000000714600000| PB 0x0000000714600000| Untracked 
| 164|0x0000000714800000, 0x0000000714800000, 0x0000000714a00000|  0%| F|  |TAMS 0x0000000714800000| PB 0x0000000714800000| Untracked 
| 165|0x0000000714a00000, 0x0000000714a00000, 0x0000000714c00000|  0%| F|  |TAMS 0x0000000714a00000| PB 0x0000000714a00000| Untracked 
| 166|0x0000000714c00000, 0x0000000714c00000, 0x0000000714e00000|  0%| F|  |TAMS 0x0000000714c00000| PB 0x0000000714c00000| Untracked 
| 167|0x0000000714e00000, 0x0000000714e00000, 0x0000000715000000|  0%| F|  |TAMS 0x0000000714e00000| PB 0x0000000714e00000| Untracked 
| 168|0x0000000715000000, 0x0000000715000000, 0x0000000715200000|  0%| F|  |TAMS 0x0000000715000000| PB 0x0000000715000000| Untracked 
| 169|0x0000000715200000, 0x0000000715200000, 0x0000000715400000|  0%| F|  |TAMS 0x0000000715200000| PB 0x0000000715200000| Untracked 
| 170|0x0000000715400000, 0x0000000715400000, 0x0000000715600000|  0%| F|  |TAMS 0x0000000715400000| PB 0x0000000715400000| Untracked 
| 171|0x0000000715600000, 0x0000000715600000, 0x0000000715800000|  0%| F|  |TAMS 0x0000000715600000| PB 0x0000000715600000| Untracked 
| 172|0x0000000715800000, 0x0000000715800000, 0x0000000715a00000|  0%| F|  |TAMS 0x0000000715800000| PB 0x0000000715800000| Untracked 
| 173|0x0000000715a00000, 0x0000000715a00000, 0x0000000715c00000|  0%| F|  |TAMS 0x0000000715a00000| PB 0x0000000715a00000| Untracked 
| 174|0x0000000715c00000, 0x0000000715c00000, 0x0000000715e00000|  0%| F|  |TAMS 0x0000000715c00000| PB 0x0000000715c00000| Untracked 
| 175|0x0000000715e00000, 0x0000000715e00000, 0x0000000716000000|  0%| F|  |TAMS 0x0000000715e00000| PB 0x0000000715e00000| Untracked 
| 176|0x0000000716000000, 0x0000000716000000, 0x0000000716200000|  0%| F|  |TAMS 0x0000000716000000| PB 0x0000000716000000| Untracked 
| 177|0x0000000716200000, 0x0000000716200000, 0x0000000716400000|  0%| F|  |TAMS 0x0000000716200000| PB 0x0000000716200000| Untracked 
| 178|0x0000000716400000, 0x0000000716400000, 0x0000000716600000|  0%| F|  |TAMS 0x0000000716400000| PB 0x0000000716400000| Untracked 
| 179|0x0000000716600000, 0x0000000716600000, 0x0000000716800000|  0%| F|  |TAMS 0x0000000716600000| PB 0x0000000716600000| Untracked 
| 180|0x0000000716800000, 0x0000000716800000, 0x0000000716a00000|  0%| F|  |TAMS 0x0000000716800000| PB 0x0000000716800000| Untracked 
| 181|0x0000000716a00000, 0x0000000716a00000, 0x0000000716c00000|  0%| F|  |TAMS 0x0000000716a00000| PB 0x0000000716a00000| Untracked 
| 182|0x0000000716c00000, 0x0000000716c00000, 0x0000000716e00000|  0%| F|  |TAMS 0x0000000716c00000| PB 0x0000000716c00000| Untracked 
| 183|0x0000000716e00000, 0x0000000716e00000, 0x0000000717000000|  0%| F|  |TAMS 0x0000000716e00000| PB 0x0000000716e00000| Untracked 
| 184|0x0000000717000000, 0x0000000717000000, 0x0000000717200000|  0%| F|  |TAMS 0x0000000717000000| PB 0x0000000717000000| Untracked 
| 185|0x0000000717200000, 0x0000000717200000, 0x0000000717400000|  0%| F|  |TAMS 0x0000000717200000| PB 0x0000000717200000| Untracked 
| 186|0x0000000717400000, 0x0000000717400000, 0x0000000717600000|  0%| F|  |TAMS 0x0000000717400000| PB 0x0000000717400000| Untracked 
| 187|0x0000000717600000, 0x0000000717600000, 0x0000000717800000|  0%| F|  |TAMS 0x0000000717600000| PB 0x0000000717600000| Untracked 
| 188|0x0000000717800000, 0x0000000717800000, 0x0000000717a00000|  0%| F|  |TAMS 0x0000000717800000| PB 0x0000000717800000| Untracked 
| 189|0x0000000717a00000, 0x0000000717a00000, 0x0000000717c00000|  0%| F|  |TAMS 0x0000000717a00000| PB 0x0000000717a00000| Untracked 
| 190|0x0000000717c00000, 0x0000000717c00000, 0x0000000717e00000|  0%| F|  |TAMS 0x0000000717c00000| PB 0x0000000717c00000| Untracked 
| 191|0x0000000717e00000, 0x0000000717e00000, 0x0000000718000000|  0%| F|  |TAMS 0x0000000717e00000| PB 0x0000000717e00000| Untracked 
| 192|0x0000000718000000, 0x0000000718000000, 0x0000000718200000|  0%| F|  |TAMS 0x0000000718000000| PB 0x0000000718000000| Untracked 
| 193|0x0000000718200000, 0x0000000718200000, 0x0000000718400000|  0%| F|  |TAMS 0x0000000718200000| PB 0x0000000718200000| Untracked 
| 194|0x0000000718400000, 0x0000000718400000, 0x0000000718600000|  0%| F|  |TAMS 0x0000000718400000| PB 0x0000000718400000| Untracked 
| 195|0x0000000718600000, 0x0000000718600000, 0x0000000718800000|  0%| F|  |TAMS 0x0000000718600000| PB 0x0000000718600000| Untracked 
| 196|0x0000000718800000, 0x0000000718800000, 0x0000000718a00000|  0%| F|  |TAMS 0x0000000718800000| PB 0x0000000718800000| Untracked 
| 197|0x0000000718a00000, 0x0000000718a00000, 0x0000000718c00000|  0%| F|  |TAMS 0x0000000718a00000| PB 0x0000000718a00000| Untracked 
| 198|0x0000000718c00000, 0x0000000718e00000, 0x0000000718e00000|100%| S|CS|TAMS 0x0000000718c00000| PB 0x0000000718c00000| Complete 
| 199|0x0000000718e00000, 0x0000000719000000, 0x0000000719000000|100%| S|CS|TAMS 0x0000000718e00000| PB 0x0000000718e00000| Complete 
| 200|0x0000000719000000, 0x0000000719200000, 0x0000000719200000|100%| S|CS|TAMS 0x0000000719000000| PB 0x0000000719000000| Complete 
| 201|0x0000000719200000, 0x0000000719400000, 0x0000000719400000|100%| S|CS|TAMS 0x0000000719200000| PB 0x0000000719200000| Complete 
| 202|0x0000000719400000, 0x0000000719600000, 0x0000000719600000|100%| S|CS|TAMS 0x0000000719400000| PB 0x0000000719400000| Complete 
| 203|0x0000000719600000, 0x0000000719800000, 0x0000000719800000|100%| S|CS|TAMS 0x0000000719600000| PB 0x0000000719600000| Complete 
| 204|0x0000000719800000, 0x0000000719a00000, 0x0000000719a00000|100%| S|CS|TAMS 0x0000000719800000| PB 0x0000000719800000| Complete 
| 205|0x0000000719a00000, 0x0000000719c00000, 0x0000000719c00000|100%| S|CS|TAMS 0x0000000719a00000| PB 0x0000000719a00000| Complete 
| 206|0x0000000719c00000, 0x0000000719e00000, 0x0000000719e00000|100%| S|CS|TAMS 0x0000000719c00000| PB 0x0000000719c00000| Complete 
| 207|0x0000000719e00000, 0x000000071a000000, 0x000000071a000000|100%| S|CS|TAMS 0x0000000719e00000| PB 0x0000000719e00000| Complete 
| 208|0x000000071a000000, 0x000000071a200000, 0x000000071a200000|100%| S|CS|TAMS 0x000000071a000000| PB 0x000000071a000000| Complete 
| 209|0x000000071a200000, 0x000000071a400000, 0x000000071a400000|100%| S|CS|TAMS 0x000000071a200000| PB 0x000000071a200000| Complete 
| 210|0x000000071a400000, 0x000000071a600000, 0x000000071a600000|100%| S|CS|TAMS 0x000000071a400000| PB 0x000000071a400000| Complete 
| 211|0x000000071a600000, 0x000000071a800000, 0x000000071a800000|100%| S|CS|TAMS 0x000000071a600000| PB 0x000000071a600000| Complete 
| 212|0x000000071a800000, 0x000000071aa00000, 0x000000071aa00000|100%| S|CS|TAMS 0x000000071a800000| PB 0x000000071a800000| Complete 
| 213|0x000000071aa00000, 0x000000071ac00000, 0x000000071ac00000|100%| S|CS|TAMS 0x000000071aa00000| PB 0x000000071aa00000| Complete 
| 214|0x000000071ac00000, 0x000000071ae00000, 0x000000071ae00000|100%| S|CS|TAMS 0x000000071ac00000| PB 0x000000071ac00000| Complete 
| 215|0x000000071ae00000, 0x000000071b000000, 0x000000071b000000|100%| S|CS|TAMS 0x000000071ae00000| PB 0x000000071ae00000| Complete 
| 216|0x000000071b000000, 0x000000071b200000, 0x000000071b200000|100%| S|CS|TAMS 0x000000071b000000| PB 0x000000071b000000| Complete 
| 217|0x000000071b200000, 0x000000071b400000, 0x000000071b400000|100%| S|CS|TAMS 0x000000071b200000| PB 0x000000071b200000| Complete 
| 218|0x000000071b400000, 0x000000071b600000, 0x000000071b600000|100%| S|CS|TAMS 0x000000071b400000| PB 0x000000071b400000| Complete 
| 219|0x000000071b600000, 0x000000071b800000, 0x000000071b800000|100%| S|CS|TAMS 0x000000071b600000| PB 0x000000071b600000| Complete 
| 220|0x000000071b800000, 0x000000071b800000, 0x000000071ba00000|  0%| F|  |TAMS 0x000000071b800000| PB 0x000000071b800000| Untracked 
| 221|0x000000071ba00000, 0x000000071ba00000, 0x000000071bc00000|  0%| F|  |TAMS 0x000000071ba00000| PB 0x000000071ba00000| Untracked 
| 222|0x000000071bc00000, 0x000000071bc00000, 0x000000071be00000|  0%| F|  |TAMS 0x000000071bc00000| PB 0x000000071bc00000| Untracked 
| 223|0x000000071be00000, 0x000000071be00000, 0x000000071c000000|  0%| F|  |TAMS 0x000000071be00000| PB 0x000000071be00000| Untracked 
| 224|0x000000071c000000, 0x000000071c000000, 0x000000071c200000|  0%| F|  |TAMS 0x000000071c000000| PB 0x000000071c000000| Untracked 
| 225|0x000000071c200000, 0x000000071c200000, 0x000000071c400000|  0%| F|  |TAMS 0x000000071c200000| PB 0x000000071c200000| Untracked 
| 226|0x000000071c400000, 0x000000071c400000, 0x000000071c600000|  0%| F|  |TAMS 0x000000071c400000| PB 0x000000071c400000| Untracked 
| 227|0x000000071c600000, 0x000000071c600000, 0x000000071c800000|  0%| F|  |TAMS 0x000000071c600000| PB 0x000000071c600000| Untracked 
| 228|0x000000071c800000, 0x000000071c800000, 0x000000071ca00000|  0%| F|  |TAMS 0x000000071c800000| PB 0x000000071c800000| Untracked 
| 229|0x000000071ca00000, 0x000000071ca00000, 0x000000071cc00000|  0%| F|  |TAMS 0x000000071ca00000| PB 0x000000071ca00000| Untracked 
| 230|0x000000071cc00000, 0x000000071cc00000, 0x000000071ce00000|  0%| F|  |TAMS 0x000000071cc00000| PB 0x000000071cc00000| Untracked 
| 231|0x000000071ce00000, 0x000000071ce00000, 0x000000071d000000|  0%| F|  |TAMS 0x000000071ce00000| PB 0x000000071ce00000| Untracked 
| 232|0x000000071d000000, 0x000000071d000000, 0x000000071d200000|  0%| F|  |TAMS 0x000000071d000000| PB 0x000000071d000000| Untracked 
| 233|0x000000071d200000, 0x000000071d200000, 0x000000071d400000|  0%| F|  |TAMS 0x000000071d200000| PB 0x000000071d200000| Untracked 
| 234|0x000000071d400000, 0x000000071d400000, 0x000000071d600000|  0%| F|  |TAMS 0x000000071d400000| PB 0x000000071d400000| Untracked 
| 235|0x000000071d600000, 0x000000071d600000, 0x000000071d800000|  0%| F|  |TAMS 0x000000071d600000| PB 0x000000071d600000| Untracked 
| 236|0x000000071d800000, 0x000000071d800000, 0x000000071da00000|  0%| F|  |TAMS 0x000000071d800000| PB 0x000000071d800000| Untracked 
| 237|0x000000071da00000, 0x000000071da00000, 0x000000071dc00000|  0%| F|  |TAMS 0x000000071da00000| PB 0x000000071da00000| Untracked 
| 238|0x000000071dc00000, 0x000000071dc00000, 0x000000071de00000|  0%| F|  |TAMS 0x000000071dc00000| PB 0x000000071dc00000| Untracked 
| 239|0x000000071de00000, 0x000000071de00000, 0x000000071e000000|  0%| F|  |TAMS 0x000000071de00000| PB 0x000000071de00000| Untracked 
| 240|0x000000071e000000, 0x000000071e000000, 0x000000071e200000|  0%| F|  |TAMS 0x000000071e000000| PB 0x000000071e000000| Untracked 
| 241|0x000000071e200000, 0x000000071e200000, 0x000000071e400000|  0%| F|  |TAMS 0x000000071e200000| PB 0x000000071e200000| Untracked 
| 242|0x000000071e400000, 0x000000071e400000, 0x000000071e600000|  0%| F|  |TAMS 0x000000071e400000| PB 0x000000071e400000| Untracked 
| 243|0x000000071e600000, 0x000000071e600000, 0x000000071e800000|  0%| F|  |TAMS 0x000000071e600000| PB 0x000000071e600000| Untracked 
| 244|0x000000071e800000, 0x000000071e800000, 0x000000071ea00000|  0%| F|  |TAMS 0x000000071e800000| PB 0x000000071e800000| Untracked 
| 245|0x000000071ea00000, 0x000000071ea00000, 0x000000071ec00000|  0%| F|  |TAMS 0x000000071ea00000| PB 0x000000071ea00000| Untracked 
| 246|0x000000071ec00000, 0x000000071ec00000, 0x000000071ee00000|  0%| F|  |TAMS 0x000000071ec00000| PB 0x000000071ec00000| Untracked 
| 247|0x000000071ee00000, 0x000000071ee00000, 0x000000071f000000|  0%| F|  |TAMS 0x000000071ee00000| PB 0x000000071ee00000| Untracked 
| 248|0x000000071f000000, 0x000000071f000000, 0x000000071f200000|  0%| F|  |TAMS 0x000000071f000000| PB 0x000000071f000000| Untracked 
| 249|0x000000071f200000, 0x000000071f200000, 0x000000071f400000|  0%| F|  |TAMS 0x000000071f200000| PB 0x000000071f200000| Untracked 
| 250|0x000000071f400000, 0x000000071f400000, 0x000000071f600000|  0%| F|  |TAMS 0x000000071f400000| PB 0x000000071f400000| Untracked 
| 251|0x000000071f600000, 0x000000071f600000, 0x000000071f800000|  0%| F|  |TAMS 0x000000071f600000| PB 0x000000071f600000| Untracked 
| 252|0x000000071f800000, 0x000000071f800000, 0x000000071fa00000|  0%| F|  |TAMS 0x000000071f800000| PB 0x000000071f800000| Untracked 
| 253|0x000000071fa00000, 0x000000071fa00000, 0x000000071fc00000|  0%| F|  |TAMS 0x000000071fa00000| PB 0x000000071fa00000| Untracked 
| 254|0x000000071fc00000, 0x000000071fc00000, 0x000000071fe00000|  0%| F|  |TAMS 0x000000071fc00000| PB 0x000000071fc00000| Untracked 
| 255|0x000000071fe00000, 0x000000071fe00000, 0x0000000720000000|  0%| F|  |TAMS 0x000000071fe00000| PB 0x000000071fe00000| Untracked 
| 256|0x0000000720000000, 0x0000000720000000, 0x0000000720200000|  0%| F|  |TAMS 0x0000000720000000| PB 0x0000000720000000| Untracked 
| 257|0x0000000720200000, 0x0000000720200000, 0x0000000720400000|  0%| F|  |TAMS 0x0000000720200000| PB 0x0000000720200000| Untracked 
| 258|0x0000000720400000, 0x0000000720400000, 0x0000000720600000|  0%| F|  |TAMS 0x0000000720400000| PB 0x0000000720400000| Untracked 
| 259|0x0000000720600000, 0x0000000720600000, 0x0000000720800000|  0%| F|  |TAMS 0x0000000720600000| PB 0x0000000720600000| Untracked 
| 260|0x0000000720800000, 0x0000000720800000, 0x0000000720a00000|  0%| F|  |TAMS 0x0000000720800000| PB 0x0000000720800000| Untracked 
| 261|0x0000000720a00000, 0x0000000720a00000, 0x0000000720c00000|  0%| F|  |TAMS 0x0000000720a00000| PB 0x0000000720a00000| Untracked 
| 262|0x0000000720c00000, 0x0000000720c00000, 0x0000000720e00000|  0%| F|  |TAMS 0x0000000720c00000| PB 0x0000000720c00000| Untracked 
| 263|0x0000000720e00000, 0x0000000720e00000, 0x0000000721000000|  0%| F|  |TAMS 0x0000000720e00000| PB 0x0000000720e00000| Untracked 
| 264|0x0000000721000000, 0x0000000721000000, 0x0000000721200000|  0%| F|  |TAMS 0x0000000721000000| PB 0x0000000721000000| Untracked 
| 265|0x0000000721200000, 0x0000000721200000, 0x0000000721400000|  0%| F|  |TAMS 0x0000000721200000| PB 0x0000000721200000| Untracked 
| 266|0x0000000721400000, 0x0000000721400000, 0x0000000721600000|  0%| F|  |TAMS 0x0000000721400000| PB 0x0000000721400000| Untracked 
| 267|0x0000000721600000, 0x0000000721600000, 0x0000000721800000|  0%| F|  |TAMS 0x0000000721600000| PB 0x0000000721600000| Untracked 
| 268|0x0000000721800000, 0x0000000721800000, 0x0000000721a00000|  0%| F|  |TAMS 0x0000000721800000| PB 0x0000000721800000| Untracked 
| 269|0x0000000721a00000, 0x0000000721a00000, 0x0000000721c00000|  0%| F|  |TAMS 0x0000000721a00000| PB 0x0000000721a00000| Untracked 
| 270|0x0000000721c00000, 0x0000000721c00000, 0x0000000721e00000|  0%| F|  |TAMS 0x0000000721c00000| PB 0x0000000721c00000| Untracked 
| 271|0x0000000721e00000, 0x0000000721e00000, 0x0000000722000000|  0%| F|  |TAMS 0x0000000721e00000| PB 0x0000000721e00000| Untracked 
| 272|0x0000000722000000, 0x0000000722000000, 0x0000000722200000|  0%| F|  |TAMS 0x0000000722000000| PB 0x0000000722000000| Untracked 
| 273|0x0000000722200000, 0x0000000722200000, 0x0000000722400000|  0%| F|  |TAMS 0x0000000722200000| PB 0x0000000722200000| Untracked 
| 274|0x0000000722400000, 0x0000000722400000, 0x0000000722600000|  0%| F|  |TAMS 0x0000000722400000| PB 0x0000000722400000| Untracked 
| 275|0x0000000722600000, 0x0000000722600000, 0x0000000722800000|  0%| F|  |TAMS 0x0000000722600000| PB 0x0000000722600000| Untracked 
| 276|0x0000000722800000, 0x0000000722800000, 0x0000000722a00000|  0%| F|  |TAMS 0x0000000722800000| PB 0x0000000722800000| Untracked 
| 277|0x0000000722a00000, 0x0000000722a00000, 0x0000000722c00000|  0%| F|  |TAMS 0x0000000722a00000| PB 0x0000000722a00000| Untracked 
| 278|0x0000000722c00000, 0x0000000722c00000, 0x0000000722e00000|  0%| F|  |TAMS 0x0000000722c00000| PB 0x0000000722c00000| Untracked 
| 279|0x0000000722e00000, 0x0000000722e00000, 0x0000000723000000|  0%| F|  |TAMS 0x0000000722e00000| PB 0x0000000722e00000| Untracked 
| 280|0x0000000723000000, 0x0000000723000000, 0x0000000723200000|  0%| F|  |TAMS 0x0000000723000000| PB 0x0000000723000000| Untracked 
| 281|0x0000000723200000, 0x0000000723200000, 0x0000000723400000|  0%| F|  |TAMS 0x0000000723200000| PB 0x0000000723200000| Untracked 
| 282|0x0000000723400000, 0x0000000723400000, 0x0000000723600000|  0%| F|  |TAMS 0x0000000723400000| PB 0x0000000723400000| Untracked 
| 283|0x0000000723600000, 0x0000000723600000, 0x0000000723800000|  0%| F|  |TAMS 0x0000000723600000| PB 0x0000000723600000| Untracked 
| 284|0x0000000723800000, 0x0000000723800000, 0x0000000723a00000|  0%| F|  |TAMS 0x0000000723800000| PB 0x0000000723800000| Untracked 
| 285|0x0000000723a00000, 0x0000000723a00000, 0x0000000723c00000|  0%| F|  |TAMS 0x0000000723a00000| PB 0x0000000723a00000| Untracked 
| 286|0x0000000723c00000, 0x0000000723c00000, 0x0000000723e00000|  0%| F|  |TAMS 0x0000000723c00000| PB 0x0000000723c00000| Untracked 
| 287|0x0000000723e00000, 0x0000000723e00000, 0x0000000724000000|  0%| F|  |TAMS 0x0000000723e00000| PB 0x0000000723e00000| Untracked 
| 288|0x0000000724000000, 0x0000000724000000, 0x0000000724200000|  0%| F|  |TAMS 0x0000000724000000| PB 0x0000000724000000| Untracked 
| 289|0x0000000724200000, 0x0000000724200000, 0x0000000724400000|  0%| F|  |TAMS 0x0000000724200000| PB 0x0000000724200000| Untracked 
| 290|0x0000000724400000, 0x0000000724400000, 0x0000000724600000|  0%| F|  |TAMS 0x0000000724400000| PB 0x0000000724400000| Untracked 
| 291|0x0000000724600000, 0x0000000724600000, 0x0000000724800000|  0%| F|  |TAMS 0x0000000724600000| PB 0x0000000724600000| Untracked 
| 292|0x0000000724800000, 0x0000000724800000, 0x0000000724a00000|  0%| F|  |TAMS 0x0000000724800000| PB 0x0000000724800000| Untracked 
| 293|0x0000000724a00000, 0x0000000724a00000, 0x0000000724c00000|  0%| F|  |TAMS 0x0000000724a00000| PB 0x0000000724a00000| Untracked 
| 294|0x0000000724c00000, 0x0000000724c00000, 0x0000000724e00000|  0%| F|  |TAMS 0x0000000724c00000| PB 0x0000000724c00000| Untracked 
| 295|0x0000000724e00000, 0x0000000724e00000, 0x0000000725000000|  0%| F|  |TAMS 0x0000000724e00000| PB 0x0000000724e00000| Untracked 
| 296|0x0000000725000000, 0x0000000725000000, 0x0000000725200000|  0%| F|  |TAMS 0x0000000725000000| PB 0x0000000725000000| Untracked 
| 297|0x0000000725200000, 0x0000000725200000, 0x0000000725400000|  0%| F|  |TAMS 0x0000000725200000| PB 0x0000000725200000| Untracked 
| 298|0x0000000725400000, 0x0000000725400000, 0x0000000725600000|  0%| F|  |TAMS 0x0000000725400000| PB 0x0000000725400000| Untracked 
| 299|0x0000000725600000, 0x0000000725600000, 0x0000000725800000|  0%| F|  |TAMS 0x0000000725600000| PB 0x0000000725600000| Untracked 
| 300|0x0000000725800000, 0x0000000725800000, 0x0000000725a00000|  0%| F|  |TAMS 0x0000000725800000| PB 0x0000000725800000| Untracked 
| 301|0x0000000725a00000, 0x0000000725a00000, 0x0000000725c00000|  0%| F|  |TAMS 0x0000000725a00000| PB 0x0000000725a00000| Untracked 
| 302|0x0000000725c00000, 0x0000000725c00000, 0x0000000725e00000|  0%| F|  |TAMS 0x0000000725c00000| PB 0x0000000725c00000| Untracked 
| 303|0x0000000725e00000, 0x0000000725e00000, 0x0000000726000000|  0%| F|  |TAMS 0x0000000725e00000| PB 0x0000000725e00000| Untracked 
| 304|0x0000000726000000, 0x0000000726000000, 0x0000000726200000|  0%| F|  |TAMS 0x0000000726000000| PB 0x0000000726000000| Untracked 
| 305|0x0000000726200000, 0x0000000726200000, 0x0000000726400000|  0%| F|  |TAMS 0x0000000726200000| PB 0x0000000726200000| Untracked 
| 306|0x0000000726400000, 0x0000000726400000, 0x0000000726600000|  0%| F|  |TAMS 0x0000000726400000| PB 0x0000000726400000| Untracked 
| 307|0x0000000726600000, 0x0000000726600000, 0x0000000726800000|  0%| F|  |TAMS 0x0000000726600000| PB 0x0000000726600000| Untracked 
| 308|0x0000000726800000, 0x0000000726800000, 0x0000000726a00000|  0%| F|  |TAMS 0x0000000726800000| PB 0x0000000726800000| Untracked 
| 309|0x0000000726a00000, 0x0000000726a00000, 0x0000000726c00000|  0%| F|  |TAMS 0x0000000726a00000| PB 0x0000000726a00000| Untracked 
| 310|0x0000000726c00000, 0x0000000726c00000, 0x0000000726e00000|  0%| F|  |TAMS 0x0000000726c00000| PB 0x0000000726c00000| Untracked 
| 311|0x0000000726e00000, 0x0000000726e00000, 0x0000000727000000|  0%| F|  |TAMS 0x0000000726e00000| PB 0x0000000726e00000| Untracked 
| 312|0x0000000727000000, 0x0000000727000000, 0x0000000727200000|  0%| F|  |TAMS 0x0000000727000000| PB 0x0000000727000000| Untracked 
| 313|0x0000000727200000, 0x0000000727200000, 0x0000000727400000|  0%| F|  |TAMS 0x0000000727200000| PB 0x0000000727200000| Untracked 
| 314|0x0000000727400000, 0x0000000727400000, 0x0000000727600000|  0%| F|  |TAMS 0x0000000727400000| PB 0x0000000727400000| Untracked 
| 315|0x0000000727600000, 0x0000000727600000, 0x0000000727800000|  0%| F|  |TAMS 0x0000000727600000| PB 0x0000000727600000| Untracked 
| 316|0x0000000727800000, 0x0000000727800000, 0x0000000727a00000|  0%| F|  |TAMS 0x0000000727800000| PB 0x0000000727800000| Untracked 
| 317|0x0000000727a00000, 0x0000000727a00000, 0x0000000727c00000|  0%| F|  |TAMS 0x0000000727a00000| PB 0x0000000727a00000| Untracked 
| 318|0x0000000727c00000, 0x0000000727c00000, 0x0000000727e00000|  0%| F|  |TAMS 0x0000000727c00000| PB 0x0000000727c00000| Untracked 
| 319|0x0000000727e00000, 0x0000000727e00000, 0x0000000728000000|  0%| F|  |TAMS 0x0000000727e00000| PB 0x0000000727e00000| Untracked 
| 320|0x0000000728000000, 0x0000000728000000, 0x0000000728200000|  0%| F|  |TAMS 0x0000000728000000| PB 0x0000000728000000| Untracked 
| 321|0x0000000728200000, 0x0000000728200000, 0x0000000728400000|  0%| F|  |TAMS 0x0000000728200000| PB 0x0000000728200000| Untracked 
| 322|0x0000000728400000, 0x0000000728400000, 0x0000000728600000|  0%| F|  |TAMS 0x0000000728400000| PB 0x0000000728400000| Untracked 
| 323|0x0000000728600000, 0x0000000728600000, 0x0000000728800000|  0%| F|  |TAMS 0x0000000728600000| PB 0x0000000728600000| Untracked 
| 324|0x0000000728800000, 0x0000000728800000, 0x0000000728a00000|  0%| F|  |TAMS 0x0000000728800000| PB 0x0000000728800000| Untracked 
| 325|0x0000000728a00000, 0x0000000728a00000, 0x0000000728c00000|  0%| F|  |TAMS 0x0000000728a00000| PB 0x0000000728a00000| Untracked 
| 326|0x0000000728c00000, 0x0000000728c00000, 0x0000000728e00000|  0%| F|  |TAMS 0x0000000728c00000| PB 0x0000000728c00000| Untracked 
| 327|0x0000000728e00000, 0x0000000728e00000, 0x0000000729000000|  0%| F|  |TAMS 0x0000000728e00000| PB 0x0000000728e00000| Untracked 
| 328|0x0000000729000000, 0x0000000729000000, 0x0000000729200000|  0%| F|  |TAMS 0x0000000729000000| PB 0x0000000729000000| Untracked 
| 329|0x0000000729200000, 0x0000000729200000, 0x0000000729400000|  0%| F|  |TAMS 0x0000000729200000| PB 0x0000000729200000| Untracked 
| 330|0x0000000729400000, 0x0000000729400000, 0x0000000729600000|  0%| F|  |TAMS 0x0000000729400000| PB 0x0000000729400000| Untracked 
| 331|0x0000000729600000, 0x0000000729600000, 0x0000000729800000|  0%| F|  |TAMS 0x0000000729600000| PB 0x0000000729600000| Untracked 
| 332|0x0000000729800000, 0x0000000729800000, 0x0000000729a00000|  0%| F|  |TAMS 0x0000000729800000| PB 0x0000000729800000| Untracked 
| 333|0x0000000729a00000, 0x0000000729a00000, 0x0000000729c00000|  0%| F|  |TAMS 0x0000000729a00000| PB 0x0000000729a00000| Untracked 
| 334|0x0000000729c00000, 0x0000000729c00000, 0x0000000729e00000|  0%| F|  |TAMS 0x0000000729c00000| PB 0x0000000729c00000| Untracked 
| 335|0x0000000729e00000, 0x0000000729e00000, 0x000000072a000000|  0%| F|  |TAMS 0x0000000729e00000| PB 0x0000000729e00000| Untracked 
| 336|0x000000072a000000, 0x000000072a000000, 0x000000072a200000|  0%| F|  |TAMS 0x000000072a000000| PB 0x000000072a000000| Untracked 
| 337|0x000000072a200000, 0x000000072a200000, 0x000000072a400000|  0%| F|  |TAMS 0x000000072a200000| PB 0x000000072a200000| Untracked 
| 338|0x000000072a400000, 0x000000072a400000, 0x000000072a600000|  0%| F|  |TAMS 0x000000072a400000| PB 0x000000072a400000| Untracked 
| 339|0x000000072a600000, 0x000000072a600000, 0x000000072a800000|  0%| F|  |TAMS 0x000000072a600000| PB 0x000000072a600000| Untracked 
| 340|0x000000072a800000, 0x000000072a800000, 0x000000072aa00000|  0%| F|  |TAMS 0x000000072a800000| PB 0x000000072a800000| Untracked 
| 341|0x000000072aa00000, 0x000000072aa00000, 0x000000072ac00000|  0%| F|  |TAMS 0x000000072aa00000| PB 0x000000072aa00000| Untracked 
| 342|0x000000072ac00000, 0x000000072ac00000, 0x000000072ae00000|  0%| F|  |TAMS 0x000000072ac00000| PB 0x000000072ac00000| Untracked 
| 343|0x000000072ae00000, 0x000000072ae00000, 0x000000072b000000|  0%| F|  |TAMS 0x000000072ae00000| PB 0x000000072ae00000| Untracked 
| 344|0x000000072b000000, 0x000000072b000000, 0x000000072b200000|  0%| F|  |TAMS 0x000000072b000000| PB 0x000000072b000000| Untracked 
| 345|0x000000072b200000, 0x000000072b200000, 0x000000072b400000|  0%| F|  |TAMS 0x000000072b200000| PB 0x000000072b200000| Untracked 
| 346|0x000000072b400000, 0x000000072b400000, 0x000000072b600000|  0%| F|  |TAMS 0x000000072b400000| PB 0x000000072b400000| Untracked 
| 347|0x000000072b600000, 0x000000072b600000, 0x000000072b800000|  0%| F|  |TAMS 0x000000072b600000| PB 0x000000072b600000| Untracked 
| 348|0x000000072b800000, 0x000000072b800000, 0x000000072ba00000|  0%| F|  |TAMS 0x000000072b800000| PB 0x000000072b800000| Untracked 
| 349|0x000000072ba00000, 0x000000072ba00000, 0x000000072bc00000|  0%| F|  |TAMS 0x000000072ba00000| PB 0x000000072ba00000| Untracked 
| 350|0x000000072bc00000, 0x000000072bc00000, 0x000000072be00000|  0%| F|  |TAMS 0x000000072bc00000| PB 0x000000072bc00000| Untracked 
| 351|0x000000072be00000, 0x000000072be00000, 0x000000072c000000|  0%| F|  |TAMS 0x000000072be00000| PB 0x000000072be00000| Untracked 
| 352|0x000000072c000000, 0x000000072c000000, 0x000000072c200000|  0%| F|  |TAMS 0x000000072c000000| PB 0x000000072c000000| Untracked 
| 353|0x000000072c200000, 0x000000072c200000, 0x000000072c400000|  0%| F|  |TAMS 0x000000072c200000| PB 0x000000072c200000| Untracked 
| 354|0x000000072c400000, 0x000000072c400000, 0x000000072c600000|  0%| F|  |TAMS 0x000000072c400000| PB 0x000000072c400000| Untracked 
| 355|0x000000072c600000, 0x000000072c600000, 0x000000072c800000|  0%| F|  |TAMS 0x000000072c600000| PB 0x000000072c600000| Untracked 
| 356|0x000000072c800000, 0x000000072c800000, 0x000000072ca00000|  0%| F|  |TAMS 0x000000072c800000| PB 0x000000072c800000| Untracked 
| 357|0x000000072ca00000, 0x000000072ca00000, 0x000000072cc00000|  0%| F|  |TAMS 0x000000072ca00000| PB 0x000000072ca00000| Untracked 
| 358|0x000000072cc00000, 0x000000072cc00000, 0x000000072ce00000|  0%| F|  |TAMS 0x000000072cc00000| PB 0x000000072cc00000| Untracked 
| 359|0x000000072ce00000, 0x000000072ce00000, 0x000000072d000000|  0%| F|  |TAMS 0x000000072ce00000| PB 0x000000072ce00000| Untracked 
| 360|0x000000072d000000, 0x000000072d000000, 0x000000072d200000|  0%| F|  |TAMS 0x000000072d000000| PB 0x000000072d000000| Untracked 
| 361|0x000000072d200000, 0x000000072d200000, 0x000000072d400000|  0%| F|  |TAMS 0x000000072d200000| PB 0x000000072d200000| Untracked 
| 362|0x000000072d400000, 0x000000072d400000, 0x000000072d600000|  0%| F|  |TAMS 0x000000072d400000| PB 0x000000072d400000| Untracked 
| 363|0x000000072d600000, 0x000000072d600000, 0x000000072d800000|  0%| F|  |TAMS 0x000000072d600000| PB 0x000000072d600000| Untracked 
| 364|0x000000072d800000, 0x000000072d800000, 0x000000072da00000|  0%| F|  |TAMS 0x000000072d800000| PB 0x000000072d800000| Untracked 
| 365|0x000000072da00000, 0x000000072da00000, 0x000000072dc00000|  0%| F|  |TAMS 0x000000072da00000| PB 0x000000072da00000| Untracked 
| 366|0x000000072dc00000, 0x000000072dc00000, 0x000000072de00000|  0%| F|  |TAMS 0x000000072dc00000| PB 0x000000072dc00000| Untracked 
| 367|0x000000072de00000, 0x000000072de00000, 0x000000072e000000|  0%| F|  |TAMS 0x000000072de00000| PB 0x000000072de00000| Untracked 
| 368|0x000000072e000000, 0x000000072e000000, 0x000000072e200000|  0%| F|  |TAMS 0x000000072e000000| PB 0x000000072e000000| Untracked 
| 369|0x000000072e200000, 0x000000072e200000, 0x000000072e400000|  0%| F|  |TAMS 0x000000072e200000| PB 0x000000072e200000| Untracked 
| 370|0x000000072e400000, 0x000000072e400000, 0x000000072e600000|  0%| F|  |TAMS 0x000000072e400000| PB 0x000000072e400000| Untracked 
| 371|0x000000072e600000, 0x000000072e600000, 0x000000072e800000|  0%| F|  |TAMS 0x000000072e600000| PB 0x000000072e600000| Untracked 
| 372|0x000000072e800000, 0x000000072e800000, 0x000000072ea00000|  0%| F|  |TAMS 0x000000072e800000| PB 0x000000072e800000| Untracked 
| 373|0x000000072ea00000, 0x000000072ea00000, 0x000000072ec00000|  0%| F|  |TAMS 0x000000072ea00000| PB 0x000000072ea00000| Untracked 
| 374|0x000000072ec00000, 0x000000072ec00000, 0x000000072ee00000|  0%| F|  |TAMS 0x000000072ec00000| PB 0x000000072ec00000| Untracked 
| 375|0x000000072ee00000, 0x000000072ee00000, 0x000000072f000000|  0%| F|  |TAMS 0x000000072ee00000| PB 0x000000072ee00000| Untracked 
| 376|0x000000072f000000, 0x000000072f000000, 0x000000072f200000|  0%| F|  |TAMS 0x000000072f000000| PB 0x000000072f000000| Untracked 
| 377|0x000000072f200000, 0x000000072f200000, 0x000000072f400000|  0%| F|  |TAMS 0x000000072f200000| PB 0x000000072f200000| Untracked 
| 378|0x000000072f400000, 0x000000072f400000, 0x000000072f600000|  0%| F|  |TAMS 0x000000072f400000| PB 0x000000072f400000| Untracked 
| 379|0x000000072f600000, 0x000000072f600000, 0x000000072f800000|  0%| F|  |TAMS 0x000000072f600000| PB 0x000000072f600000| Untracked 
| 380|0x000000072f800000, 0x000000072f800000, 0x000000072fa00000|  0%| F|  |TAMS 0x000000072f800000| PB 0x000000072f800000| Untracked 
| 381|0x000000072fa00000, 0x000000072fa00000, 0x000000072fc00000|  0%| F|  |TAMS 0x000000072fa00000| PB 0x000000072fa00000| Untracked 
| 382|0x000000072fc00000, 0x000000072fc00000, 0x000000072fe00000|  0%| F|  |TAMS 0x000000072fc00000| PB 0x000000072fc00000| Untracked 
| 383|0x000000072fe00000, 0x000000072fe00000, 0x0000000730000000|  0%| F|  |TAMS 0x000000072fe00000| PB 0x000000072fe00000| Untracked 
| 384|0x0000000730000000, 0x0000000730000000, 0x0000000730200000|  0%| F|  |TAMS 0x0000000730000000| PB 0x0000000730000000| Untracked 
| 385|0x0000000730200000, 0x0000000730200000, 0x0000000730400000|  0%| F|  |TAMS 0x0000000730200000| PB 0x0000000730200000| Untracked 
| 386|0x0000000730400000, 0x0000000730400000, 0x0000000730600000|  0%| F|  |TAMS 0x0000000730400000| PB 0x0000000730400000| Untracked 
| 387|0x0000000730600000, 0x0000000730600000, 0x0000000730800000|  0%| F|  |TAMS 0x0000000730600000| PB 0x0000000730600000| Untracked 
| 388|0x0000000730800000, 0x0000000730800000, 0x0000000730a00000|  0%| F|  |TAMS 0x0000000730800000| PB 0x0000000730800000| Untracked 
| 389|0x0000000730a00000, 0x0000000730a00000, 0x0000000730c00000|  0%| F|  |TAMS 0x0000000730a00000| PB 0x0000000730a00000| Untracked 
| 390|0x0000000730c00000, 0x0000000730c00000, 0x0000000730e00000|  0%| F|  |TAMS 0x0000000730c00000| PB 0x0000000730c00000| Untracked 
| 391|0x0000000730e00000, 0x0000000730e00000, 0x0000000731000000|  0%| F|  |TAMS 0x0000000730e00000| PB 0x0000000730e00000| Untracked 
| 392|0x0000000731000000, 0x0000000731000000, 0x0000000731200000|  0%| F|  |TAMS 0x0000000731000000| PB 0x0000000731000000| Untracked 
| 393|0x0000000731200000, 0x0000000731200000, 0x0000000731400000|  0%| F|  |TAMS 0x0000000731200000| PB 0x0000000731200000| Untracked 
| 394|0x0000000731400000, 0x0000000731400000, 0x0000000731600000|  0%| F|  |TAMS 0x0000000731400000| PB 0x0000000731400000| Untracked 
| 395|0x0000000731600000, 0x0000000731600000, 0x0000000731800000|  0%| F|  |TAMS 0x0000000731600000| PB 0x0000000731600000| Untracked 
| 396|0x0000000731800000, 0x0000000731800000, 0x0000000731a00000|  0%| F|  |TAMS 0x0000000731800000| PB 0x0000000731800000| Untracked 
| 397|0x0000000731a00000, 0x0000000731a00000, 0x0000000731c00000|  0%| F|  |TAMS 0x0000000731a00000| PB 0x0000000731a00000| Untracked 
| 398|0x0000000731c00000, 0x0000000731c00000, 0x0000000731e00000|  0%| F|  |TAMS 0x0000000731c00000| PB 0x0000000731c00000| Untracked 
| 399|0x0000000731e00000, 0x0000000731e00000, 0x0000000732000000|  0%| F|  |TAMS 0x0000000731e00000| PB 0x0000000731e00000| Untracked 
| 400|0x0000000732000000, 0x00000007321404c8, 0x0000000732200000| 62%| E|  |TAMS 0x0000000732000000| PB 0x0000000732000000| Complete 
| 401|0x0000000732200000, 0x0000000732400000, 0x0000000732400000|100%| E|CS|TAMS 0x0000000732200000| PB 0x0000000732200000| Complete 
| 402|0x0000000732400000, 0x0000000732600000, 0x0000000732600000|100%| E|CS|TAMS 0x0000000732400000| PB 0x0000000732400000| Complete 
| 403|0x0000000732600000, 0x0000000732800000, 0x0000000732800000|100%| E|CS|TAMS 0x0000000732600000| PB 0x0000000732600000| Complete 
| 404|0x0000000732800000, 0x0000000732a00000, 0x0000000732a00000|100%| E|CS|TAMS 0x0000000732800000| PB 0x0000000732800000| Complete 
| 405|0x0000000732a00000, 0x0000000732c00000, 0x0000000732c00000|100%| E|CS|TAMS 0x0000000732a00000| PB 0x0000000732a00000| Complete 
| 406|0x0000000732c00000, 0x0000000732e00000, 0x0000000732e00000|100%| E|CS|TAMS 0x0000000732c00000| PB 0x0000000732c00000| Complete 
| 407|0x0000000732e00000, 0x0000000733000000, 0x0000000733000000|100%| E|CS|TAMS 0x0000000732e00000| PB 0x0000000732e00000| Complete 
| 408|0x0000000733000000, 0x0000000733200000, 0x0000000733200000|100%| E|CS|TAMS 0x0000000733000000| PB 0x0000000733000000| Complete 
| 409|0x0000000733200000, 0x0000000733400000, 0x0000000733400000|100%| E|CS|TAMS 0x0000000733200000| PB 0x0000000733200000| Complete 
| 410|0x0000000733400000, 0x0000000733600000, 0x0000000733600000|100%| E|CS|TAMS 0x0000000733400000| PB 0x0000000733400000| Complete 
| 411|0x0000000733600000, 0x0000000733800000, 0x0000000733800000|100%| E|CS|TAMS 0x0000000733600000| PB 0x0000000733600000| Complete 
| 412|0x0000000733800000, 0x0000000733a00000, 0x0000000733a00000|100%| E|CS|TAMS 0x0000000733800000| PB 0x0000000733800000| Complete 
| 413|0x0000000733a00000, 0x0000000733c00000, 0x0000000733c00000|100%| E|CS|TAMS 0x0000000733a00000| PB 0x0000000733a00000| Complete 
| 414|0x0000000733c00000, 0x0000000733e00000, 0x0000000733e00000|100%| E|CS|TAMS 0x0000000733c00000| PB 0x0000000733c00000| Complete 
| 415|0x0000000733e00000, 0x0000000734000000, 0x0000000734000000|100%| E|CS|TAMS 0x0000000733e00000| PB 0x0000000733e00000| Complete 
| 416|0x0000000734000000, 0x0000000734200000, 0x0000000734200000|100%| E|CS|TAMS 0x0000000734000000| PB 0x0000000734000000| Complete 
| 417|0x0000000734200000, 0x0000000734400000, 0x0000000734400000|100%| E|CS|TAMS 0x0000000734200000| PB 0x0000000734200000| Complete 
| 418|0x0000000734400000, 0x0000000734600000, 0x0000000734600000|100%| E|CS|TAMS 0x0000000734400000| PB 0x0000000734400000| Complete 
| 419|0x0000000734600000, 0x0000000734800000, 0x0000000734800000|100%| E|CS|TAMS 0x0000000734600000| PB 0x0000000734600000| Complete 
| 420|0x0000000734800000, 0x0000000734a00000, 0x0000000734a00000|100%| E|CS|TAMS 0x0000000734800000| PB 0x0000000734800000| Complete 
| 421|0x0000000734a00000, 0x0000000734c00000, 0x0000000734c00000|100%| E|CS|TAMS 0x0000000734a00000| PB 0x0000000734a00000| Complete 
| 422|0x0000000734c00000, 0x0000000734e00000, 0x0000000734e00000|100%| E|CS|TAMS 0x0000000734c00000| PB 0x0000000734c00000| Complete 
| 423|0x0000000734e00000, 0x0000000735000000, 0x0000000735000000|100%| E|CS|TAMS 0x0000000734e00000| PB 0x0000000734e00000| Complete 
| 424|0x0000000735000000, 0x0000000735200000, 0x0000000735200000|100%| E|CS|TAMS 0x0000000735000000| PB 0x0000000735000000| Complete 
| 425|0x0000000735200000, 0x0000000735400000, 0x0000000735400000|100%| E|CS|TAMS 0x0000000735200000| PB 0x0000000735200000| Complete 
| 426|0x0000000735400000, 0x0000000735600000, 0x0000000735600000|100%| E|CS|TAMS 0x0000000735400000| PB 0x0000000735400000| Complete 
| 427|0x0000000735600000, 0x0000000735800000, 0x0000000735800000|100%| E|CS|TAMS 0x0000000735600000| PB 0x0000000735600000| Complete 
| 428|0x0000000735800000, 0x0000000735a00000, 0x0000000735a00000|100%| E|CS|TAMS 0x0000000735800000| PB 0x0000000735800000| Complete 
| 429|0x0000000735a00000, 0x0000000735c00000, 0x0000000735c00000|100%| E|CS|TAMS 0x0000000735a00000| PB 0x0000000735a00000| Complete 
| 430|0x0000000735c00000, 0x0000000735e00000, 0x0000000735e00000|100%| E|CS|TAMS 0x0000000735c00000| PB 0x0000000735c00000| Complete 
| 431|0x0000000735e00000, 0x0000000736000000, 0x0000000736000000|100%| E|  |TAMS 0x0000000735e00000| PB 0x0000000735e00000| Complete 
| 432|0x0000000736000000, 0x0000000736200000, 0x0000000736200000|100%| E|CS|TAMS 0x0000000736000000| PB 0x0000000736000000| Complete 
| 433|0x0000000736200000, 0x0000000736400000, 0x0000000736400000|100%| E|CS|TAMS 0x0000000736200000| PB 0x0000000736200000| Complete 
| 434|0x0000000736400000, 0x0000000736600000, 0x0000000736600000|100%| E|CS|TAMS 0x0000000736400000| PB 0x0000000736400000| Complete 
| 435|0x0000000736600000, 0x0000000736800000, 0x0000000736800000|100%| E|CS|TAMS 0x0000000736600000| PB 0x0000000736600000| Complete 
| 436|0x0000000736800000, 0x0000000736a00000, 0x0000000736a00000|100%| E|CS|TAMS 0x0000000736800000| PB 0x0000000736800000| Complete 
| 437|0x0000000736a00000, 0x0000000736c00000, 0x0000000736c00000|100%| E|CS|TAMS 0x0000000736a00000| PB 0x0000000736a00000| Complete 
| 438|0x0000000736c00000, 0x0000000736e00000, 0x0000000736e00000|100%| E|CS|TAMS 0x0000000736c00000| PB 0x0000000736c00000| Complete 
| 439|0x0000000736e00000, 0x0000000737000000, 0x0000000737000000|100%| E|CS|TAMS 0x0000000736e00000| PB 0x0000000736e00000| Complete 
| 440|0x0000000737000000, 0x0000000737200000, 0x0000000737200000|100%| E|CS|TAMS 0x0000000737000000| PB 0x0000000737000000| Complete 
| 441|0x0000000737200000, 0x0000000737400000, 0x0000000737400000|100%| E|CS|TAMS 0x0000000737200000| PB 0x0000000737200000| Complete 
| 442|0x0000000737400000, 0x0000000737600000, 0x0000000737600000|100%| E|CS|TAMS 0x0000000737400000| PB 0x0000000737400000| Complete 
| 443|0x0000000737600000, 0x0000000737800000, 0x0000000737800000|100%| E|CS|TAMS 0x0000000737600000| PB 0x0000000737600000| Complete 
| 444|0x0000000737800000, 0x0000000737a00000, 0x0000000737a00000|100%| E|CS|TAMS 0x0000000737800000| PB 0x0000000737800000| Complete 
| 445|0x0000000737a00000, 0x0000000737c00000, 0x0000000737c00000|100%| E|CS|TAMS 0x0000000737a00000| PB 0x0000000737a00000| Complete 
| 446|0x0000000737c00000, 0x0000000737e00000, 0x0000000737e00000|100%| E|CS|TAMS 0x0000000737c00000| PB 0x0000000737c00000| Complete 
| 447|0x0000000737e00000, 0x0000000738000000, 0x0000000738000000|100%| E|CS|TAMS 0x0000000737e00000| PB 0x0000000737e00000| Complete 
| 448|0x0000000738000000, 0x0000000738200000, 0x0000000738200000|100%| E|CS|TAMS 0x0000000738000000| PB 0x0000000738000000| Complete 
| 449|0x0000000738200000, 0x0000000738400000, 0x0000000738400000|100%| E|CS|TAMS 0x0000000738200000| PB 0x0000000738200000| Complete 
| 450|0x0000000738400000, 0x0000000738600000, 0x0000000738600000|100%| E|CS|TAMS 0x0000000738400000| PB 0x0000000738400000| Complete 
| 451|0x0000000738600000, 0x0000000738800000, 0x0000000738800000|100%| E|CS|TAMS 0x0000000738600000| PB 0x0000000738600000| Complete 
| 452|0x0000000738800000, 0x0000000738a00000, 0x0000000738a00000|100%| E|CS|TAMS 0x0000000738800000| PB 0x0000000738800000| Complete 
| 453|0x0000000738a00000, 0x0000000738c00000, 0x0000000738c00000|100%| E|CS|TAMS 0x0000000738a00000| PB 0x0000000738a00000| Complete 
| 454|0x0000000738c00000, 0x0000000738e00000, 0x0000000738e00000|100%| E|CS|TAMS 0x0000000738c00000| PB 0x0000000738c00000| Complete 
| 455|0x0000000738e00000, 0x0000000739000000, 0x0000000739000000|100%| E|CS|TAMS 0x0000000738e00000| PB 0x0000000738e00000| Complete 
| 456|0x0000000739000000, 0x0000000739200000, 0x0000000739200000|100%| E|CS|TAMS 0x0000000739000000| PB 0x0000000739000000| Complete 
| 457|0x0000000739200000, 0x0000000739400000, 0x0000000739400000|100%| E|CS|TAMS 0x0000000739200000| PB 0x0000000739200000| Complete 
| 458|0x0000000739400000, 0x0000000739600000, 0x0000000739600000|100%| E|CS|TAMS 0x0000000739400000| PB 0x0000000739400000| Complete 
| 459|0x0000000739600000, 0x0000000739800000, 0x0000000739800000|100%| E|CS|TAMS 0x0000000739600000| PB 0x0000000739600000| Complete 
| 460|0x0000000739800000, 0x0000000739a00000, 0x0000000739a00000|100%| E|CS|TAMS 0x0000000739800000| PB 0x0000000739800000| Complete 
| 461|0x0000000739a00000, 0x0000000739c00000, 0x0000000739c00000|100%| E|CS|TAMS 0x0000000739a00000| PB 0x0000000739a00000| Complete 
| 462|0x0000000739c00000, 0x0000000739e00000, 0x0000000739e00000|100%| E|CS|TAMS 0x0000000739c00000| PB 0x0000000739c00000| Complete 
| 463|0x0000000739e00000, 0x000000073a000000, 0x000000073a000000|100%| E|CS|TAMS 0x0000000739e00000| PB 0x0000000739e00000| Complete 
| 464|0x000000073a000000, 0x000000073a200000, 0x000000073a200000|100%| E|CS|TAMS 0x000000073a000000| PB 0x000000073a000000| Complete 
| 465|0x000000073a200000, 0x000000073a400000, 0x000000073a400000|100%| E|CS|TAMS 0x000000073a200000| PB 0x000000073a200000| Complete 
| 466|0x000000073a400000, 0x000000073a600000, 0x000000073a600000|100%| E|CS|TAMS 0x000000073a400000| PB 0x000000073a400000| Complete 
| 467|0x000000073a600000, 0x000000073a800000, 0x000000073a800000|100%| E|CS|TAMS 0x000000073a600000| PB 0x000000073a600000| Complete 
| 468|0x000000073a800000, 0x000000073aa00000, 0x000000073aa00000|100%| E|CS|TAMS 0x000000073a800000| PB 0x000000073a800000| Complete 
| 469|0x000000073aa00000, 0x000000073ac00000, 0x000000073ac00000|100%| E|CS|TAMS 0x000000073aa00000| PB 0x000000073aa00000| Complete 
| 470|0x000000073ac00000, 0x000000073ae00000, 0x000000073ae00000|100%| E|CS|TAMS 0x000000073ac00000| PB 0x000000073ac00000| Complete 
| 471|0x000000073ae00000, 0x000000073b000000, 0x000000073b000000|100%| E|CS|TAMS 0x000000073ae00000| PB 0x000000073ae00000| Complete 
| 472|0x000000073b000000, 0x000000073b200000, 0x000000073b200000|100%| E|CS|TAMS 0x000000073b000000| PB 0x000000073b000000| Complete 
| 473|0x000000073b200000, 0x000000073b400000, 0x000000073b400000|100%| E|CS|TAMS 0x000000073b200000| PB 0x000000073b200000| Complete 
| 474|0x000000073b400000, 0x000000073b600000, 0x000000073b600000|100%| E|CS|TAMS 0x000000073b400000| PB 0x000000073b400000| Complete 
| 475|0x000000073b600000, 0x000000073b800000, 0x000000073b800000|100%| E|CS|TAMS 0x000000073b600000| PB 0x000000073b600000| Complete 
| 476|0x000000073b800000, 0x000000073ba00000, 0x000000073ba00000|100%| E|CS|TAMS 0x000000073b800000| PB 0x000000073b800000| Complete 
| 477|0x000000073ba00000, 0x000000073bc00000, 0x000000073bc00000|100%| E|CS|TAMS 0x000000073ba00000| PB 0x000000073ba00000| Complete 
| 478|0x000000073bc00000, 0x000000073be00000, 0x000000073be00000|100%| E|CS|TAMS 0x000000073bc00000| PB 0x000000073bc00000| Complete 
| 479|0x000000073be00000, 0x000000073c000000, 0x000000073c000000|100%| E|CS|TAMS 0x000000073be00000| PB 0x000000073be00000| Complete 
| 480|0x000000073c000000, 0x000000073c200000, 0x000000073c200000|100%| E|CS|TAMS 0x000000073c000000| PB 0x000000073c000000| Complete 
| 481|0x000000073c200000, 0x000000073c400000, 0x000000073c400000|100%| E|CS|TAMS 0x000000073c200000| PB 0x000000073c200000| Complete 
| 482|0x000000073c400000, 0x000000073c600000, 0x000000073c600000|100%| E|CS|TAMS 0x000000073c400000| PB 0x000000073c400000| Complete 
| 483|0x000000073c600000, 0x000000073c800000, 0x000000073c800000|100%| E|CS|TAMS 0x000000073c600000| PB 0x000000073c600000| Complete 
| 484|0x000000073c800000, 0x000000073ca00000, 0x000000073ca00000|100%| E|CS|TAMS 0x000000073c800000| PB 0x000000073c800000| Complete 
| 485|0x000000073ca00000, 0x000000073cc00000, 0x000000073cc00000|100%| E|CS|TAMS 0x000000073ca00000| PB 0x000000073ca00000| Complete 
| 486|0x000000073cc00000, 0x000000073ce00000, 0x000000073ce00000|100%| E|CS|TAMS 0x000000073cc00000| PB 0x000000073cc00000| Complete 
| 487|0x000000073ce00000, 0x000000073d000000, 0x000000073d000000|100%| E|CS|TAMS 0x000000073ce00000| PB 0x000000073ce00000| Complete 
| 488|0x000000073d000000, 0x000000073d200000, 0x000000073d200000|100%| E|CS|TAMS 0x000000073d000000| PB 0x000000073d000000| Complete 
| 489|0x000000073d200000, 0x000000073d400000, 0x000000073d400000|100%| E|CS|TAMS 0x000000073d200000| PB 0x000000073d200000| Complete 
| 490|0x000000073d400000, 0x000000073d600000, 0x000000073d600000|100%| E|CS|TAMS 0x000000073d400000| PB 0x000000073d400000| Complete 
| 491|0x000000073d600000, 0x000000073d800000, 0x000000073d800000|100%| E|CS|TAMS 0x000000073d600000| PB 0x000000073d600000| Complete 
| 492|0x000000073d800000, 0x000000073da00000, 0x000000073da00000|100%| E|CS|TAMS 0x000000073d800000| PB 0x000000073d800000| Complete 
| 493|0x000000073da00000, 0x000000073dc00000, 0x000000073dc00000|100%| E|CS|TAMS 0x000000073da00000| PB 0x000000073da00000| Complete 
| 494|0x000000073dc00000, 0x000000073de00000, 0x000000073de00000|100%| E|CS|TAMS 0x000000073dc00000| PB 0x000000073dc00000| Complete 
| 495|0x000000073de00000, 0x000000073e000000, 0x000000073e000000|100%| E|CS|TAMS 0x000000073de00000| PB 0x000000073de00000| Complete 
| 496|0x000000073e000000, 0x000000073e200000, 0x000000073e200000|100%| E|CS|TAMS 0x000000073e000000| PB 0x000000073e000000| Complete 
| 497|0x000000073e200000, 0x000000073e400000, 0x000000073e400000|100%| E|CS|TAMS 0x000000073e200000| PB 0x000000073e200000| Complete 
| 498|0x000000073e400000, 0x000000073e600000, 0x000000073e600000|100%| E|CS|TAMS 0x000000073e400000| PB 0x000000073e400000| Complete 
| 499|0x000000073e600000, 0x000000073e800000, 0x000000073e800000|100%| E|CS|TAMS 0x000000073e600000| PB 0x000000073e600000| Complete 
| 500|0x000000073e800000, 0x000000073ea00000, 0x000000073ea00000|100%| E|CS|TAMS 0x000000073e800000| PB 0x000000073e800000| Complete 
| 501|0x000000073ea00000, 0x000000073ec00000, 0x000000073ec00000|100%| E|CS|TAMS 0x000000073ea00000| PB 0x000000073ea00000| Complete 
| 502|0x000000073ec00000, 0x000000073ee00000, 0x000000073ee00000|100%| E|CS|TAMS 0x000000073ec00000| PB 0x000000073ec00000| Complete 
| 503|0x000000073ee00000, 0x000000073f000000, 0x000000073f000000|100%| E|CS|TAMS 0x000000073ee00000| PB 0x000000073ee00000| Complete 
| 504|0x000000073f000000, 0x000000073f200000, 0x000000073f200000|100%| E|CS|TAMS 0x000000073f000000| PB 0x000000073f000000| Complete 
| 505|0x000000073f200000, 0x000000073f400000, 0x000000073f400000|100%| E|CS|TAMS 0x000000073f200000| PB 0x000000073f200000| Complete 
| 506|0x000000073f400000, 0x000000073f600000, 0x000000073f600000|100%| E|CS|TAMS 0x000000073f400000| PB 0x000000073f400000| Complete 
| 507|0x000000073f600000, 0x000000073f800000, 0x000000073f800000|100%| E|CS|TAMS 0x000000073f600000| PB 0x000000073f600000| Complete 
| 508|0x000000073f800000, 0x000000073fa00000, 0x000000073fa00000|100%| E|CS|TAMS 0x000000073f800000| PB 0x000000073f800000| Complete 
| 509|0x000000073fa00000, 0x000000073fc00000, 0x000000073fc00000|100%| E|CS|TAMS 0x000000073fa00000| PB 0x000000073fa00000| Complete 
| 510|0x000000073fc00000, 0x000000073fe00000, 0x000000073fe00000|100%| E|CS|TAMS 0x000000073fc00000| PB 0x000000073fc00000| Complete 
| 511|0x000000073fe00000, 0x0000000740000000, 0x0000000740000000|100%| E|CS|TAMS 0x000000073fe00000| PB 0x000000073fe00000| Complete 
| 512|0x0000000740000000, 0x0000000740200000, 0x0000000740200000|100%| E|CS|TAMS 0x0000000740000000| PB 0x0000000740000000| Complete 
|2043|0x00000007ff600000, 0x00000007ff800000, 0x00000007ff800000|100%| E|CS|TAMS 0x00000007ff600000| PB 0x00000007ff600000| Complete 
|2044|0x00000007ff800000, 0x00000007ffa00000, 0x00000007ffa00000|100%| E|CS|TAMS 0x00000007ff800000| PB 0x00000007ff800000| Complete 
|2045|0x00000007ffa00000, 0x00000007ffc00000, 0x00000007ffc00000|100%| O|  |TAMS 0x00000007ffa00000| PB 0x00000007ffa00000| Untracked 
|2046|0x00000007ffc00000, 0x00000007ffe00000, 0x00000007ffe00000|100%| O|  |TAMS 0x00000007ffc00000| PB 0x00000007ffc00000| Untracked 
|2047|0x00000007ffe00000, 0x0000000800000000, 0x0000000800000000|100%| O|  |TAMS 0x00000007ffe00000| PB 0x00000007ffe00000| Untracked 

Card table byte_map: [0x0000024ca6d00000,0x0000024ca7500000] _byte_map_base: 0x0000024ca3500000

Marking Bits: (CMBitMap*) 0x0000024c8ebc9a10
 Bits: [0x0000024ca7500000, 0x0000024cab500000)

Polling page: 0x0000024c8ccb0000

Metaspace:

Usage:
  Non-class:    152.96 MB used.
      Class:     23.55 MB used.
       Both:    176.51 MB used.

Virtual space:
  Non-class space:      192.00 MB reserved,     154.50 MB ( 80%) committed,  3 nodes.
      Class space:        1.00 GB reserved,      24.44 MB (  2%) committed,  1 nodes.
             Both:        1.19 GB reserved,     178.94 MB ( 15%) committed. 

Chunk freelists:
   Non-Class:  38.06 MB
       Class:  7.79 MB
        Both:  45.85 MB

MaxMetaspaceSize: unlimited
CompressedClassSpaceSize: 1.00 GB
Initial GC threshold: 21.00 MB
Current GC threshold: 343.38 MB
CDS: on
 - commit_granule_bytes: 65536.
 - commit_granule_words: 8192.
 - virtual_space_node_default_size: 8388608.
 - enlarge_chunks_in_place: 1.
 - use_allocation_guard: 0.


Internal statistics:

num_allocs_failed_limit: 12.
num_arena_births: 5162.
num_arena_deaths: 2780.
num_vsnodes_births: 4.
num_vsnodes_deaths: 0.
num_space_committed: 3495.
num_space_uncommitted: 118.
num_chunks_returned_to_freelist: 4666.
num_chunks_taken_from_freelist: 15856.
num_chunk_merges: 1782.
num_chunk_splits: 10125.
num_chunks_enlarged: 7188.
num_inconsistent_stats: 0.

CodeHeap 'non-profiled nmethods': size=120000Kb used=27296Kb max_used=28788Kb free=92703Kb
 bounds [0x0000024c9ea80000, 0x0000024ca06a0000, 0x0000024ca5fb0000]
CodeHeap 'profiled nmethods': size=120000Kb used=32121Kb max_used=68038Kb free=87878Kb
 bounds [0x0000024c96fb0000, 0x0000024c9b230000, 0x0000024c9e4e0000]
CodeHeap 'non-nmethods': size=5760Kb used=2335Kb max_used=2425Kb free=3425Kb
 bounds [0x0000024c9e4e0000, 0x0000024c9e750000, 0x0000024c9ea80000]
 total_blobs=19176 nmethods=18177 adapters=901
 compilation: enabled
              stopped_count=0, restarted_count=0
 full_count=0

Compilation events (20 events):
Event: 4428.320 Thread 0x0000024cad9120b0 52694       3       com.android.build.gradle.internal.tasks.DexMergingTaskDelegate$Companion$isDexFile$1::invoke (17 bytes)
Event: 4428.321 Thread 0x0000024cad9120b0 nmethod 52694 0x0000024c98b6f010 code [0x0000024c98b6f260, 0x0000024c98b6f950]
Event: 4428.321 Thread 0x0000024cad9120b0 52695       3       com.android.builder.dexing.DexUtilsKt$getSortedFilesInDir$2$1::test (9 bytes)
Event: 4428.321 Thread 0x0000024cad9120b0 nmethod 52695 0x0000024c98bdd010 code [0x0000024c98bdd200, 0x0000024c98bdd810]
Event: 4428.321 Thread 0x0000024cad9120b0 52696       3       com.android.builder.dexing.DexUtilsKt$getSortedFilesInDir$2$1::test (29 bytes)
Event: 4428.322 Thread 0x0000024cad9120b0 nmethod 52696 0x0000024c98bdc690 code [0x0000024c98bdc880, 0x0000024c98bdcd18]
Event: 4428.322 Thread 0x0000024cf4d51eb0 nmethod 52688% 0x0000024c9f63d490 code [0x0000024c9f63d640, 0x0000024c9f63d970]
Event: 4428.322 Thread 0x0000024cf4d51eb0 52692 %     4       jdk.internal.reflect.UTF8::utf8Length @ 9 (81 bytes)
Event: 4428.323 Thread 0x0000024cf4d4f5d0 nmethod 52690% 0x0000024c9f63cd90 code [0x0000024c9f63cf60, 0x0000024c9f63d248]
Event: 4428.323 Thread 0x0000024cf4d4f5d0 52685       4       com.google.common.collect.AbstractListMultimap::get (9 bytes)
Event: 4428.324 Thread 0x0000024cf4d51eb0 nmethod 52692% 0x0000024c9f63c710 code [0x0000024c9f63c8c0, 0x0000024c9f63caf8]
Event: 4428.324 Thread 0x0000024cf4d51eb0 52680       4       com.google.common.collect.AbstractListMultimap::put (7 bytes)
Event: 4428.325 Thread 0x0000024cf4d51eb0 nmethod 52680 0x0000024c9f63c410 code [0x0000024c9f63c5a0, 0x0000024c9f63c650]
Event: 4428.325 Thread 0x0000024cf4d51eb0 52689       4       jdk.internal.reflect.ClassFileAssembler::cpi (22 bytes)
Event: 4428.325 Thread 0x0000024cad9120b0 52697       3       com.android.builder.dexing.DexUtilsKt$getSortedFilesInDir$2$2::compare (13 bytes)
Event: 4428.326 Thread 0x0000024cf4d51eb0 nmethod 52689 0x0000024c9f63c110 code [0x0000024c9f63c2a0, 0x0000024c9f63c348]
Event: 4428.326 Thread 0x0000024cad9120b0 nmethod 52697 0x0000024c98cb5810 code [0x0000024c98cb5a60, 0x0000024c98cb6328]
Event: 4428.326 Thread 0x0000024cf4d51eb0 52676       4       com.google.common.collect.AbstractMapBasedMultimap$WrappedCollection::<init> (44 bytes)
Event: 4428.326 Thread 0x0000024cad9120b0 52698       3       com.android.builder.dexing.DexUtilsKt$getSortedFilesInDir$2$2::compare (23 bytes)
Event: 4428.327 Thread 0x0000024cad9120b0 nmethod 52698 0x0000024c99486c90 code [0x0000024c99486ec0, 0x0000024c994874f8]

GC Heap History (20 events):
Event: 4410.622 GC heap before
{Heap before GC invocations=89 (full 1):
 garbage-first heap   total 657408K, used 517865K [0x0000000700000000, 0x0000000800000000)
  region size 2048K, 129 young (264192K), 17 survivors (34816K)
 Metaspace       used 180618K, committed 183232K, reserved 1245184K
  class space    used 24112K, committed 25024K, reserved 1048576K
}
Event: 4410.638 GC heap after
{Heap after GC invocations=90 (full 1):
 garbage-first heap   total 657408K, used 297891K [0x0000000700000000, 0x0000000800000000)
  region size 2048K, 5 young (10240K), 5 survivors (10240K)
 Metaspace       used 180618K, committed 183232K, reserved 1245184K
  class space    used 24112K, committed 25024K, reserved 1048576K
}
Event: 4411.397 GC heap before
{Heap before GC invocations=91 (full 1):
 garbage-first heap   total 657408K, used 525219K [0x0000000700000000, 0x0000000800000000)
  region size 2048K, 122 young (249856K), 5 survivors (10240K)
 Metaspace       used 180618K, committed 183232K, reserved 1245184K
  class space    used 24112K, committed 25024K, reserved 1048576K
}
Event: 4411.408 GC heap after
{Heap after GC invocations=92 (full 1):
 garbage-first heap   total 657408K, used 289388K [0x0000000700000000, 0x0000000800000000)
  region size 2048K, 7 young (14336K), 7 survivors (14336K)
 Metaspace       used 180618K, committed 183232K, reserved 1245184K
  class space    used 24112K, committed 25024K, reserved 1048576K
}
Event: 4411.998 GC heap before
{Heap before GC invocations=92 (full 1):
 garbage-first heap   total 657408K, used 549484K [0x0000000700000000, 0x0000000800000000)
  region size 2048K, 134 young (274432K), 7 survivors (14336K)
 Metaspace       used 180618K, committed 183232K, reserved 1245184K
  class space    used 24112K, committed 25024K, reserved 1048576K
}
Event: 4412.007 GC heap after
{Heap after GC invocations=93 (full 1):
 garbage-first heap   total 657408K, used 285137K [0x0000000700000000, 0x0000000800000000)
  region size 2048K, 7 young (14336K), 7 survivors (14336K)
 Metaspace       used 180618K, committed 183232K, reserved 1245184K
  class space    used 24112K, committed 25024K, reserved 1048576K
}
Event: 4412.425 GC heap before
{Heap before GC invocations=93 (full 1):
 garbage-first heap   total 657408K, used 563665K [0x0000000700000000, 0x0000000800000000)
  region size 2048K, 143 young (292864K), 7 survivors (14336K)
 Metaspace       used 180619K, committed 183232K, reserved 1245184K
  class space    used 24112K, committed 25024K, reserved 1048576K
}
Event: 4412.457 GC heap after
{Heap after GC invocations=94 (full 1):
 garbage-first heap   total 657408K, used 290568K [0x0000000700000000, 0x0000000800000000)
  region size 2048K, 9 young (18432K), 9 survivors (18432K)
 Metaspace       used 180619K, committed 183232K, reserved 1245184K
  class space    used 24112K, committed 25024K, reserved 1048576K
}
Event: 4413.208 GC heap before
{Heap before GC invocations=95 (full 1):
 garbage-first heap   total 694272K, used 577288K [0x0000000700000000, 0x0000000800000000)
  region size 2048K, 149 young (305152K), 9 survivors (18432K)
 Metaspace       used 180608K, committed 183232K, reserved 1245184K
  class space    used 24109K, committed 25024K, reserved 1048576K
}
Event: 4413.223 GC heap after
{Heap after GC invocations=96 (full 1):
 garbage-first heap   total 694272K, used 294882K [0x0000000700000000, 0x0000000800000000)
  region size 2048K, 11 young (22528K), 11 survivors (22528K)
 Metaspace       used 180608K, committed 183232K, reserved 1245184K
  class space    used 24109K, committed 25024K, reserved 1048576K
}
Event: 4413.629 GC heap before
{Heap before GC invocations=96 (full 1):
 garbage-first heap   total 694272K, used 618466K [0x0000000700000000, 0x0000000800000000)
  region size 2048K, 169 young (346112K), 11 survivors (22528K)
 Metaspace       used 180627K, committed 183232K, reserved 1245184K
  class space    used 24109K, committed 25024K, reserved 1048576K
}
Event: 4413.649 GC heap after
{Heap after GC invocations=97 (full 1):
 garbage-first heap   total 694272K, used 291071K [0x0000000700000000, 0x0000000800000000)
  region size 2048K, 11 young (22528K), 11 survivors (22528K)
 Metaspace       used 180627K, committed 183232K, reserved 1245184K
  class space    used 24109K, committed 25024K, reserved 1048576K
}
Event: 4414.079 GC heap before
{Heap before GC invocations=97 (full 1):
 garbage-first heap   total 694272K, used 626943K [0x0000000700000000, 0x0000000800000000)
  region size 2048K, 175 young (358400K), 11 survivors (22528K)
 Metaspace       used 180642K, committed 183232K, reserved 1245184K
  class space    used 24110K, committed 25024K, reserved 1048576K
}
Event: 4414.106 GC heap after
{Heap after GC invocations=98 (full 1):
 garbage-first heap   total 694272K, used 298920K [0x0000000700000000, 0x0000000800000000)
  region size 2048K, 15 young (30720K), 15 survivors (30720K)
 Metaspace       used 180642K, committed 183232K, reserved 1245184K
  class space    used 24110K, committed 25024K, reserved 1048576K
}
Event: 4414.640 GC heap before
{Heap before GC invocations=99 (full 1):
 garbage-first heap   total 694272K, used 622504K [0x0000000700000000, 0x0000000800000000)
  region size 2048K, 173 young (354304K), 15 survivors (30720K)
 Metaspace       used 180650K, committed 183232K, reserved 1245184K
  class space    used 24110K, committed 25024K, reserved 1048576K
}
Event: 4414.659 GC heap after
{Heap after GC invocations=100 (full 1):
 garbage-first heap   total 694272K, used 295798K [0x0000000700000000, 0x0000000800000000)
  region size 2048K, 11 young (22528K), 11 survivors (22528K)
 Metaspace       used 180650K, committed 183232K, reserved 1245184K
  class space    used 24110K, committed 25024K, reserved 1048576K
}
Event: 4415.133 GC heap before
{Heap before GC invocations=100 (full 1):
 garbage-first heap   total 694272K, used 631670K [0x0000000700000000, 0x0000000800000000)
  region size 2048K, 175 young (358400K), 11 survivors (22528K)
 Metaspace       used 180654K, committed 183232K, reserved 1245184K
  class space    used 24110K, committed 25024K, reserved 1048576K
}
Event: 4415.153 GC heap after
{Heap after GC invocations=101 (full 1):
 garbage-first heap   total 1060864K, used 297927K [0x0000000700000000, 0x0000000800000000)
  region size 2048K, 15 young (30720K), 15 survivors (30720K)
 Metaspace       used 180654K, committed 183232K, reserved 1245184K
  class space    used 24110K, committed 25024K, reserved 1048576K
}
Event: 4416.329 GC heap before
{Heap before GC invocations=101 (full 1):
 garbage-first heap   total 1060864K, used 900039K [0x0000000700000000, 0x0000000800000000)
  region size 2048K, 310 young (634880K), 15 survivors (30720K)
 Metaspace       used 180660K, committed 183232K, reserved 1245184K
  class space    used 24110K, committed 25024K, reserved 1048576K
}
Event: 4416.346 GC heap after
{Heap after GC invocations=102 (full 1):
 garbage-first heap   total 1060864K, used 313445K [0x0000000700000000, 0x0000000800000000)
  region size 2048K, 22 young (45056K), 22 survivors (45056K)
 Metaspace       used 180660K, committed 183232K, reserved 1245184K
  class space    used 24110K, committed 25024K, reserved 1048576K
}

Dll operation events (17 events):
Event: 0.008 Loaded shared library C:\Program Files\Java\jdk-21\bin\java.dll
Event: 0.030 Loaded shared library C:\Program Files\Java\jdk-21\bin\jsvml.dll
Event: 0.056 Loaded shared library C:\Program Files\Java\jdk-21\bin\zip.dll
Event: 0.059 Loaded shared library C:\Program Files\Java\jdk-21\bin\instrument.dll
Event: 0.061 Loaded shared library C:\Program Files\Java\jdk-21\bin\net.dll
Event: 0.062 Loaded shared library C:\Program Files\Java\jdk-21\bin\nio.dll
Event: 0.064 Loaded shared library C:\Program Files\Java\jdk-21\bin\zip.dll
Event: 0.166 Loaded shared library C:\Program Files\Java\jdk-21\bin\jimage.dll
Event: 0.238 Loaded shared library C:\Program Files\Java\jdk-21\bin\verify.dll
Event: 0.360 Loaded shared library D:\.gradle\native\c067742578af261105cb4f569cf0c3c89f3d7b1fecec35dd04571415982c5e48\windows-amd64\native-platform.dll
Event: 0.363 Loaded shared library D:\.gradle\native\100fb08df4bc3b14c8652ba06237920a3bd2aa13389f12d3474272988ae205f9\windows-amd64\native-platform-file-events.dll
Event: 0.859 Loaded shared library C:\Program Files\Java\jdk-21\bin\management.dll
Event: 0.861 Loaded shared library C:\Program Files\Java\jdk-21\bin\management_ext.dll
Event: 1.024 Loaded shared library C:\Program Files\Java\jdk-21\bin\extnet.dll
Event: 1.222 Loaded shared library C:\Program Files\Java\jdk-21\bin\sunmscapi.dll
Event: 511.846 Loaded shared library C:\Users\HP\AppData\Local\Temp\native-platform2529219590436229809dir\native-platform.dll
Event: 512.298 Loaded shared library C:\Program Files\Java\jdk-21\bin\rmi.dll

Deoptimization events (20 events):
Event: 4416.963 Thread 0x0000024cfb206e20 Uncommon trap: trap_request=0xffffffde fr.pc=0x0000024c9f95b20c relative=0x00000000000019ac
Event: 4416.963 Thread 0x0000024cfb206e20 Uncommon trap: reason=class_check action=maybe_recompile pc=0x0000024c9f95b20c method=com.android.tools.r8.graph.J0.a(Lcom/android/tools/r8/dex/r;)V @ 121 c2
Event: 4416.963 Thread 0x0000024cfb206e20 DEOPT PACKING pc=0x0000024c9f95b20c sp=0x0000005e9fbfcaf0
Event: 4416.963 Thread 0x0000024cfb206e20 DEOPT UNPACKING pc=0x0000024c9e5346a2 sp=0x0000005e9fbfcaf0 mode 2
Event: 4428.306 Thread 0x0000024c870799b0 Uncommon trap: trap_request=0xffffff45 fr.pc=0x0000024c9fc04470 relative=0x0000000000004eb0
Event: 4428.306 Thread 0x0000024c870799b0 Uncommon trap: reason=unstable_if action=reinterpret pc=0x0000024c9fc04470 method=org.gradle.cache.internal.btree.BTreePersistentIndexedCache$DataBlock.useNewValue(Ljava/lang/Object;)Lorg/gradle/cache/internal/btree/BTreePersistentIndexedCache$DataBlockUp
Event: 4428.306 Thread 0x0000024c870799b0 DEOPT PACKING pc=0x0000024c9fc04470 sp=0x0000005e9a9ff0b0
Event: 4428.306 Thread 0x0000024c870799b0 DEOPT UNPACKING pc=0x0000024c9e5346a2 sp=0x0000005e9a9fee20 mode 2
Event: 4428.307 Thread 0x0000024c870799b0 Uncommon trap: trap_request=0xffffffbe fr.pc=0x0000024c9f4d0998 relative=0x00000000000002b8
Event: 4428.307 Thread 0x0000024c870799b0 Uncommon trap: reason=profile_predicate action=maybe_recompile pc=0x0000024c9f4d0998 method=java.util.Collections.indexedBinarySearch(Ljava/util/List;Ljava/lang/Object;)I @ 13 c2
Event: 4428.307 Thread 0x0000024c870799b0 DEOPT PACKING pc=0x0000024c9f4d0998 sp=0x0000005e9a9fecc0
Event: 4428.307 Thread 0x0000024c870799b0 DEOPT UNPACKING pc=0x0000024c9e5346a2 sp=0x0000005e9a9fec40 mode 2
Event: 4428.307 Thread 0x0000024c870799b0 Uncommon trap: trap_request=0xffffffbe fr.pc=0x0000024c9f4d0998 relative=0x00000000000002b8
Event: 4428.307 Thread 0x0000024c870799b0 Uncommon trap: reason=profile_predicate action=maybe_recompile pc=0x0000024c9f4d0998 method=java.util.Collections.indexedBinarySearch(Ljava/util/List;Ljava/lang/Object;)I @ 13 c2
Event: 4428.307 Thread 0x0000024c870799b0 DEOPT PACKING pc=0x0000024c9f4d0998 sp=0x0000005e9a9fed90
Event: 4428.307 Thread 0x0000024c870799b0 DEOPT UNPACKING pc=0x0000024c9e5346a2 sp=0x0000005e9a9fed10 mode 2
Event: 4428.307 Thread 0x0000024c870799b0 Uncommon trap: trap_request=0xffffffc6 fr.pc=0x0000024ca02a9414 relative=0x00000000000027f4
Event: 4428.307 Thread 0x0000024c870799b0 Uncommon trap: reason=bimorphic_or_optimized_type_check action=maybe_recompile pc=0x0000024ca02a9414 method=org.gradle.cache.internal.btree.FileBackedBlockStore$BlockImpl.write()V @ 29 c2
Event: 4428.307 Thread 0x0000024c870799b0 DEOPT PACKING pc=0x0000024ca02a9414 sp=0x0000005e9a9fecd0
Event: 4428.307 Thread 0x0000024c870799b0 DEOPT UNPACKING pc=0x0000024c9e5346a2 sp=0x0000005e9a9fec90 mode 2

Classes loaded (20 events):
Event: 526.300 Loading class java/rmi/server/Unreferenced
Event: 526.300 Loading class java/rmi/server/Unreferenced done
Event: 536.565 Loading class sun/rmi/transport/DGCClient$EndpointEntry$CleanRequest
Event: 536.566 Loading class sun/rmi/transport/DGCClient$EndpointEntry$CleanRequest done
Event: 551.881 Loading class java/lang/StackStreamFactory
Event: 551.881 Loading class java/lang/StackStreamFactory done
Event: 551.881 Loading class java/lang/StackWalker$ExtendedOption
Event: 551.881 Loading class java/lang/StackWalker$ExtendedOption done
Event: 551.881 Loading class java/lang/StackStreamFactory$StackFrameTraverser
Event: 551.881 Loading class java/lang/StackStreamFactory$StackFrameTraverser done
Event: 551.882 Loading class java/lang/StackStreamFactory$WalkerState
Event: 551.882 Loading class java/lang/StackStreamFactory$WalkerState done
Event: 551.882 Loading class java/lang/StackStreamFactory$StackFrameTraverser$StackFrameBuffer
Event: 551.882 Loading class java/lang/StackStreamFactory$FrameBuffer
Event: 551.882 Loading class java/lang/StackStreamFactory$FrameBuffer done
Event: 551.882 Loading class java/lang/StackStreamFactory$StackFrameTraverser$StackFrameBuffer done
Event: 551.882 Loading class java/util/logging/LogRecord
Event: 551.883 Loading class java/util/logging/LogRecord done
Event: 4406.505 Loading class sun/nio/fs/WindowsSecurity$Privilege
Event: 4406.506 Loading class sun/nio/fs/WindowsSecurity$Privilege done

Classes unloaded (20 events):
Event: 4407.059 Thread 0x0000024cad8ea0a0 Unloading class 0x0000024cb0e04800 'java/lang/invoke/LambdaForm$MH+0x0000024cb0e04800'
Event: 4407.059 Thread 0x0000024cad8ea0a0 Unloading class 0x0000024cb0e04400 'java/lang/invoke/LambdaForm$MH+0x0000024cb0e04400'
Event: 4407.059 Thread 0x0000024cad8ea0a0 Unloading class 0x0000024cb0d3a800 'java/lang/invoke/LambdaForm$MH+0x0000024cb0d3a800'
Event: 4407.059 Thread 0x0000024cad8ea0a0 Unloading class 0x0000024cb0d37000 'java/lang/invoke/LambdaForm$MH+0x0000024cb0d37000'
Event: 4407.059 Thread 0x0000024cad8ea0a0 Unloading class 0x0000024cb0d34c00 'java/lang/invoke/LambdaForm$MH+0x0000024cb0d34c00'
Event: 4407.059 Thread 0x0000024cad8ea0a0 Unloading class 0x0000024cb0aaa800 'java/lang/invoke/LambdaForm$MH+0x0000024cb0aaa800'
Event: 4407.059 Thread 0x0000024cad8ea0a0 Unloading class 0x0000024cb0aaa400 'java/lang/invoke/LambdaForm$MH+0x0000024cb0aaa400'
Event: 4407.059 Thread 0x0000024cad8ea0a0 Unloading class 0x0000024cb0aa9c00 'java/lang/invoke/LambdaForm$MH+0x0000024cb0aa9c00'
Event: 4407.059 Thread 0x0000024cad8ea0a0 Unloading class 0x0000024cb021c400 'java/lang/invoke/LambdaForm$MH+0x0000024cb021c400'
Event: 4407.059 Thread 0x0000024cad8ea0a0 Unloading class 0x0000024cb0194800 'java/lang/invoke/LambdaForm$MH+0x0000024cb0194800'
Event: 4407.059 Thread 0x0000024cad8ea0a0 Unloading class 0x0000024cb0194400 'java/lang/invoke/LambdaForm$MH+0x0000024cb0194400'
Event: 4407.059 Thread 0x0000024cad8ea0a0 Unloading class 0x0000024cb010a000 'java/lang/invoke/LambdaForm$MH+0x0000024cb010a000'
Event: 4407.059 Thread 0x0000024cad8ea0a0 Unloading class 0x0000024cb00eec00 'java/lang/invoke/LambdaForm$MH+0x0000024cb00eec00'
Event: 4407.059 Thread 0x0000024cad8ea0a0 Unloading class 0x0000024cb00edc00 'java/lang/invoke/LambdaForm$MH+0x0000024cb00edc00'
Event: 4407.059 Thread 0x0000024cad8ea0a0 Unloading class 0x0000024cb00ed800 'java/lang/invoke/LambdaForm$MH+0x0000024cb00ed800'
Event: 4412.665 Thread 0x0000024cad8ea0a0 Unloading class 0x0000024cb18f0000 'jdk/internal/reflect/GeneratedSerializationConstructorAccessor212'
Event: 4412.665 Thread 0x0000024cad8ea0a0 Unloading class 0x0000024cb18f0400 'jdk/internal/reflect/GeneratedSerializationConstructorAccessor213'
Event: 4412.665 Thread 0x0000024cad8ea0a0 Unloading class 0x0000024cb010a000 'jdk/internal/reflect/GeneratedSerializationConstructorAccessor211'
Event: 4412.665 Thread 0x0000024cad8ea0a0 Unloading class 0x0000024cb0194400 'jdk/internal/reflect/GeneratedSerializationConstructorAccessor209'
Event: 4412.665 Thread 0x0000024cad8ea0a0 Unloading class 0x0000024cb0aa9c00 'java/lang/invoke/LambdaForm$MH+0x0000024cb0aa9c00'

Classes redefined (0 events):
No events

Internal exceptions (20 events):
Event: 4417.101 Thread 0x0000024cfb206e20 Exception <a 'sun/nio/fs/WindowsException'{0x00000007353d59e8}> (0x00000007353d59e8) 
thrown [s\open\src\hotspot\share\prims\jni.cpp, line 520]
Event: 4417.106 Thread 0x0000024cfb206e20 Exception <a 'sun/nio/fs/WindowsException'{0x000000073505a9e0}> (0x000000073505a9e0) 
thrown [s\open\src\hotspot\share\prims\jni.cpp, line 520]
Event: 4417.109 Thread 0x0000024cfb206e20 Exception <a 'sun/nio/fs/WindowsException'{0x00000007350b2658}> (0x00000007350b2658) 
thrown [s\open\src\hotspot\share\prims\jni.cpp, line 520]
Event: 4417.111 Thread 0x0000024cfb206e20 Exception <a 'sun/nio/fs/WindowsException'{0x00000007350fcac8}> (0x00000007350fcac8) 
thrown [s\open\src\hotspot\share\prims\jni.cpp, line 520]
Event: 4417.114 Thread 0x0000024cfb206e20 Exception <a 'sun/nio/fs/WindowsException'{0x000000073515c8c0}> (0x000000073515c8c0) 
thrown [s\open\src\hotspot\share\prims\jni.cpp, line 520]
Event: 4417.115 Thread 0x0000024cfb206e20 Exception <a 'sun/nio/fs/WindowsException'{0x00000007351a3ca8}> (0x00000007351a3ca8) 
thrown [s\open\src\hotspot\share\prims\jni.cpp, line 520]
Event: 4417.116 Thread 0x0000024cfb206e20 Exception <a 'sun/nio/fs/WindowsException'{0x00000007351ee358}> (0x00000007351ee358) 
thrown [s\open\src\hotspot\share\prims\jni.cpp, line 520]
Event: 4417.118 Thread 0x0000024cfb206e20 Exception <a 'sun/nio/fs/WindowsException'{0x00000007351f3298}> (0x00000007351f3298) 
thrown [s\open\src\hotspot\share\prims\jni.cpp, line 520]
Event: 4417.119 Thread 0x0000024cfb206e20 Exception <a 'sun/nio/fs/WindowsException'{0x00000007351f88e8}> (0x00000007351f88e8) 
thrown [s\open\src\hotspot\share\prims\jni.cpp, line 520]
Event: 4417.121 Thread 0x0000024cfb206e20 Exception <a 'sun/nio/fs/WindowsException'{0x0000000734ec6d20}> (0x0000000734ec6d20) 
thrown [s\open\src\hotspot\share\prims\jni.cpp, line 520]
Event: 4417.124 Thread 0x0000024cfb206e20 Exception <a 'sun/nio/fs/WindowsException'{0x0000000734f2b768}> (0x0000000734f2b768) 
thrown [s\open\src\hotspot\share\prims\jni.cpp, line 520]
Event: 4417.130 Thread 0x0000024cfb206e20 Exception <a 'sun/nio/fs/WindowsException'{0x0000000734f81558}> (0x0000000734f81558) 
thrown [s\open\src\hotspot\share\prims\jni.cpp, line 520]
Event: 4417.133 Thread 0x0000024cfb206e20 Exception <a 'sun/nio/fs/WindowsException'{0x0000000734fe4348}> (0x0000000734fe4348) 
thrown [s\open\src\hotspot\share\prims\jni.cpp, line 520]
Event: 4417.136 Thread 0x0000024cfb206e20 Exception <a 'sun/nio/fs/WindowsException'{0x0000000734ff8868}> (0x0000000734ff8868) 
thrown [s\open\src\hotspot\share\prims\jni.cpp, line 520]
Event: 4417.138 Thread 0x0000024cfb206e20 Exception <a 'sun/nio/fs/WindowsException'{0x0000000734c81730}> (0x0000000734c81730) 
thrown [s\open\src\hotspot\share\prims\jni.cpp, line 520]
Event: 4417.142 Thread 0x0000024cfb206e20 Exception <a 'sun/nio/fs/WindowsException'{0x0000000734ccead0}> (0x0000000734ccead0) 
thrown [s\open\src\hotspot\share\prims\jni.cpp, line 520]
Event: 4417.144 Thread 0x0000024cfb206e20 Exception <a 'sun/nio/fs/WindowsException'{0x0000000734d19510}> (0x0000000734d19510) 
thrown [s\open\src\hotspot\share\prims\jni.cpp, line 520]
Event: 4417.146 Thread 0x0000024cfb206e20 Exception <a 'sun/nio/fs/WindowsException'{0x0000000734d5ef38}> (0x0000000734d5ef38) 
thrown [s\open\src\hotspot\share\prims\jni.cpp, line 520]
Event: 4417.154 Thread 0x0000024cfb206e20 Exception <a 'sun/nio/fs/WindowsException'{0x0000000734a3a458}> (0x0000000734a3a458) 
thrown [s\open\src\hotspot\share\prims\jni.cpp, line 520]
Event: 4417.157 Thread 0x0000024cfb206e20 Exception <a 'sun/nio/fs/WindowsException'{0x0000000734a835e8}> (0x0000000734a835e8) 
thrown [s\open\src\hotspot\share\prims\jni.cpp, line 520]

ZGC Phase Switch (0 events):
No events

VM Operations (20 events):
Event: 4414.639 Executing VM operation: G1CollectForAllocation (G1 Evacuation Pause)
Event: 4414.660 Executing VM operation: G1CollectForAllocation (G1 Evacuation Pause) done
Event: 4415.027 Executing VM operation: ICBufferFull
Event: 4415.031 Executing VM operation: ICBufferFull done
Event: 4415.133 Executing VM operation: G1CollectForAllocation (G1 Evacuation Pause)
Event: 4415.154 Executing VM operation: G1CollectForAllocation (G1 Evacuation Pause) done
Event: 4415.458 Executing VM operation: ICBufferFull
Event: 4415.458 Executing VM operation: ICBufferFull done
Event: 4415.658 Executing VM operation: ICBufferFull
Event: 4415.659 Executing VM operation: ICBufferFull done
Event: 4416.057 Executing VM operation: ICBufferFull
Event: 4416.058 Executing VM operation: ICBufferFull done
Event: 4416.328 Executing VM operation: G1CollectForAllocation (G1 Evacuation Pause)
Event: 4416.346 Executing VM operation: G1CollectForAllocation (G1 Evacuation Pause) done
Event: 4417.356 Executing VM operation: Cleanup
Event: 4417.356 Executing VM operation: Cleanup done
Event: 4418.367 Executing VM operation: Cleanup
Event: 4418.367 Executing VM operation: Cleanup done
Event: 4424.438 Executing VM operation: Cleanup
Event: 4424.438 Executing VM operation: Cleanup done

Events (20 events):
Event: 4414.312 Thread 0x0000024cad8ea0a0 flushing nmethod 0x0000024c97647190
Event: 4414.312 Thread 0x0000024cad8ea0a0 flushing nmethod 0x0000024c97642c90
Event: 4414.312 Thread 0x0000024cad8ea0a0 flushing nmethod 0x0000024c97615590
Event: 4414.312 Thread 0x0000024cad8ea0a0 flushing nmethod 0x0000024c97604510
Event: 4414.312 Thread 0x0000024cad8ea0a0 flushing nmethod 0x0000024c975cc810
Event: 4414.312 Thread 0x0000024cad8ea0a0 flushing nmethod 0x0000024c973e2890
Event: 4414.312 Thread 0x0000024cad8ea0a0 flushing nmethod 0x0000024c97145410
Event: 4414.312 Thread 0x0000024cad8ea0a0 flushing nmethod 0x0000024c97025490
Event: 4414.313 Thread 0x0000024cad8ea0a0 flushing nmethod 0x0000024c9f954290
Event: 4414.313 Thread 0x0000024cad8ea0a0 flushing nmethod 0x0000024c9f9bd510
Event: 4414.313 Thread 0x0000024cad8ea0a0 flushing nmethod 0x0000024c9f70e610
Event: 4414.313 Thread 0x0000024cad8ea0a0 flushing nmethod 0x0000024c9ebf0f90
Event: 4414.313 Thread 0x0000024cad8ea0a0 flushing nmethod 0x0000024c9ef4eb90
Event: 4414.313 Thread 0x0000024cad8ea0a0 flushing nmethod 0x0000024c9ec67c90
Event: 4414.313 Thread 0x0000024cad8ea0a0 flushing nmethod 0x0000024c9eccb090
Event: 4414.313 Thread 0x0000024cad8ea0a0 flushing nmethod 0x0000024c9ec16790
Event: 4428.302 Thread 0x0000024cf67d20e0 Thread exited: 0x0000024cf67d20e0
Event: 4428.306 Thread 0x0000024cf67d27b0 Thread exited: 0x0000024cf67d27b0
Event: 4428.309 Thread 0x0000024cf4d4f5d0 Thread added: 0x0000024cf4d4f5d0
Event: 4428.314 Thread 0x0000024cf4d51eb0 Thread added: 0x0000024cf4d51eb0


Dynamic libraries:
0x00007ff6df560000 - 0x00007ff6df570000 	C:\Program Files\Java\jdk-21\bin\java.exe
0x00007ffc036c0000 - 0x00007ffc03927000 	C:\WINDOWS\SYSTEM32\ntdll.dll
0x00007ffc026c0000 - 0x00007ffc02789000 	C:\WINDOWS\System32\KERNEL32.DLL
0x00007ffc01060000 - 0x00007ffc0144f000 	C:\WINDOWS\System32\KERNELBASE.dll
0x00007ffc00f10000 - 0x00007ffc0105b000 	C:\WINDOWS\System32\ucrtbase.dll
0x00007ffbeb160000 - 0x00007ffbeb179000 	C:\Program Files\Java\jdk-21\bin\jli.dll
0x00007ffbddfd0000 - 0x00007ffbddfeb000 	C:\Program Files\Java\jdk-21\bin\VCRUNTIME140.dll
0x00007ffc03220000 - 0x00007ffc032d4000 	C:\WINDOWS\System32\ADVAPI32.dll
0x00007ffc01d20000 - 0x00007ffc01dc9000 	C:\WINDOWS\System32\msvcrt.dll
0x00007ffc01f20000 - 0x00007ffc01fc6000 	C:\WINDOWS\System32\sechost.dll
0x00007ffc01c00000 - 0x00007ffc01d18000 	C:\WINDOWS\System32\RPCRT4.dll
0x00007ffc032e0000 - 0x00007ffc034a5000 	C:\WINDOWS\System32\USER32.dll
0x00007ffbdd1f0000 - 0x00007ffbdd483000 	C:\WINDOWS\WinSxS\amd64_microsoft.windows.common-controls_6595b64144ccf1df_6.0.26100.7309_none_3e05feeae336a044\COMCTL32.dll
0x00007ffc008a0000 - 0x00007ffc008c7000 	C:\WINDOWS\System32\win32u.dll
0x00007ffc034b0000 - 0x00007ffc034db000 	C:\WINDOWS\System32\GDI32.dll
0x00007ffc00bc0000 - 0x00007ffc00cec000 	C:\WINDOWS\System32\gdi32full.dll
0x00007ffc00e60000 - 0x00007ffc00f03000 	C:\WINDOWS\System32\msvcp_win.dll
0x00007ffbf0de0000 - 0x00007ffbf0deb000 	C:\WINDOWS\SYSTEM32\VERSION.dll
0x00007ffc031e0000 - 0x00007ffc03211000 	C:\WINDOWS\System32\IMM32.DLL
0x00007ffbe58a0000 - 0x00007ffbe58ac000 	C:\Program Files\Java\jdk-21\bin\vcruntime140_1.dll
0x00007ffbb69e0000 - 0x00007ffbb6a6e000 	C:\Program Files\Java\jdk-21\bin\msvcp140.dll
0x00007ffb3a8d0000 - 0x00007ffb3b5e5000 	C:\Program Files\Java\jdk-21\bin\server\jvm.dll
0x00007ffc02970000 - 0x00007ffc029e4000 	C:\WINDOWS\System32\WS2_32.dll
0x00007ffc00670000 - 0x00007ffc006ce000 	C:\WINDOWS\SYSTEM32\POWRPROF.dll
0x00007ffbfae20000 - 0x00007ffbfae55000 	C:\WINDOWS\SYSTEM32\WINMM.dll
0x00007ffc00650000 - 0x00007ffc00664000 	C:\WINDOWS\SYSTEM32\UMPDC.dll
0x00007ffbff580000 - 0x00007ffbff59b000 	C:\WINDOWS\SYSTEM32\kernel.appcore.dll
0x00007ffbddfc0000 - 0x00007ffbddfca000 	C:\Program Files\Java\jdk-21\bin\jimage.dll
0x00007ffbfe100000 - 0x00007ffbfe342000 	C:\WINDOWS\SYSTEM32\DBGHELP.DLL
0x00007ffc015d0000 - 0x00007ffc01955000 	C:\WINDOWS\System32\combase.dll
0x00007ffc024c0000 - 0x00007ffc02596000 	C:\WINDOWS\System32\OLEAUT32.dll
0x00007ffbdddf0000 - 0x00007ffbdde2c000 	C:\WINDOWS\SYSTEM32\dbgcore.DLL
0x00007ffc008d0000 - 0x00007ffc00975000 	C:\WINDOWS\System32\bcryptPrimitives.dll
0x00007ffbc1360000 - 0x00007ffbc136f000 	C:\Program Files\Java\jdk-21\bin\instrument.dll
0x00007ffbc67d0000 - 0x00007ffbc67ef000 	C:\Program Files\Java\jdk-21\bin\java.dll
0x00007ffc02a80000 - 0x00007ffc031d3000 	C:\WINDOWS\System32\SHELL32.dll
0x00007ffc00cf0000 - 0x00007ffc00e5a000 	C:\WINDOWS\System32\wintypes.dll
0x00007ffbfe3d0000 - 0x00007ffbfec2e000 	C:\WINDOWS\SYSTEM32\windows.storage.dll
0x00007ffc025a0000 - 0x00007ffc02695000 	C:\WINDOWS\System32\SHCORE.dll
0x00007ffc019f0000 - 0x00007ffc01a56000 	C:\WINDOWS\System32\shlwapi.dll
0x00007ffc00730000 - 0x00007ffc00759000 	C:\WINDOWS\SYSTEM32\profapi.dll
0x00007ffb91830000 - 0x00007ffb91907000 	C:\Program Files\Java\jdk-21\bin\jsvml.dll
0x00007ffbc53f0000 - 0x00007ffbc5408000 	C:\Program Files\Java\jdk-21\bin\zip.dll
0x00007ffbddfb0000 - 0x00007ffbddfc0000 	C:\Program Files\Java\jdk-21\bin\net.dll
0x00007ffbfa8b0000 - 0x00007ffbfa9d8000 	C:\WINDOWS\SYSTEM32\WINHTTP.dll
0x00007ffbffad0000 - 0x00007ffbffb3b000 	C:\WINDOWS\system32\mswsock.dll
0x00007ffbc6730000 - 0x00007ffbc6746000 	C:\Program Files\Java\jdk-21\bin\nio.dll
0x00007ffbeb150000 - 0x00007ffbeb160000 	C:\Program Files\Java\jdk-21\bin\verify.dll
0x00007ffbf79e0000 - 0x00007ffbf7a07000 	D:\.gradle\native\c067742578af261105cb4f569cf0c3c89f3d7b1fecec35dd04571415982c5e48\windows-amd64\native-platform.dll
0x00007ffb619e0000 - 0x00007ffb61b24000 	D:\.gradle\native\100fb08df4bc3b14c8652ba06237920a3bd2aa13389f12d3474272988ae205f9\windows-amd64\native-platform-file-events.dll
0x00007ffbc53d0000 - 0x00007ffbc53da000 	C:\Program Files\Java\jdk-21\bin\management.dll
0x00007ffbc52c0000 - 0x00007ffbc52cb000 	C:\Program Files\Java\jdk-21\bin\management_ext.dll
0x00007ffc01b60000 - 0x00007ffc01b68000 	C:\WINDOWS\System32\PSAPI.DLL
0x00007ffbffec0000 - 0x00007ffbffedb000 	C:\WINDOWS\SYSTEM32\CRYPTSP.dll
0x00007ffbff4e0000 - 0x00007ffbff51a000 	C:\WINDOWS\system32\rsaenh.dll
0x00007ffbffb80000 - 0x00007ffbffbab000 	C:\WINDOWS\SYSTEM32\USERENV.dll
0x00007ffc00700000 - 0x00007ffc0072a000 	C:\WINDOWS\SYSTEM32\bcrypt.dll
0x00007ffbffd20000 - 0x00007ffbffd2c000 	C:\WINDOWS\SYSTEM32\CRYPTBASE.dll
0x00007ffbfef70000 - 0x00007ffbfefa4000 	C:\WINDOWS\SYSTEM32\IPHLPAPI.DLL
0x00007ffc019e0000 - 0x00007ffc019ea000 	C:\WINDOWS\System32\NSI.dll
0x00007ffbc1370000 - 0x00007ffbc1377000 	C:\Program Files\Java\jdk-21\bin\extnet.dll
0x00007ffbc1350000 - 0x00007ffbc135e000 	C:\Program Files\Java\jdk-21\bin\sunmscapi.dll
0x00007ffc00a40000 - 0x00007ffc00bb7000 	C:\WINDOWS\System32\CRYPT32.dll
0x00007ffc00010000 - 0x00007ffc00040000 	C:\WINDOWS\SYSTEM32\ncrypt.dll
0x00007ffbfffc0000 - 0x00007ffbfffff000 	C:\WINDOWS\SYSTEM32\NTASN1.dll
0x00007ffbe5f20000 - 0x00007ffbe5f28000 	C:\WINDOWS\system32\wshunix.dll
0x00007ffbcd9e0000 - 0x00007ffbcd9f8000 	C:\WINDOWS\system32\napinsp.dll
0x00007ffbff000000 - 0x00007ffbff12c000 	C:\WINDOWS\SYSTEM32\DNSAPI.dll
0x00007ffbcd9c0000 - 0x00007ffbcd9d2000 	C:\WINDOWS\System32\winrnr.dll
0x00007ffbcd990000 - 0x00007ffbcd9b2000 	C:\WINDOWS\system32\nlansp_c.dll
0x00007ffbcd940000 - 0x00007ffbcd956000 	C:\WINDOWS\system32\wshbth.dll
0x00007ffbfa650000 - 0x00007ffbfa65b000 	C:\Windows\System32\rasadhlp.dll
0x00007ffbfabe0000 - 0x00007ffbfac66000 	C:\WINDOWS\System32\fwpuclnt.dll
0x00007ffbff6a0000 - 0x00007ffbff6d6000 	C:\WINDOWS\SYSTEM32\ntmarta.dll
0x00007ffbeb180000 - 0x00007ffbeb19e000 	C:\Users\HP\AppData\Local\Temp\native-platform2529219590436229809dir\native-platform.dll
0x00007ffbc53e0000 - 0x00007ffbc53e7000 	C:\Program Files\Java\jdk-21\bin\rmi.dll

dbghelp: loaded successfully - version: 4.0.5 - missing functions: none
symbol engine: initialized successfully - sym options: 0x614 - pdb path: .;C:\Program Files\Java\jdk-21\bin;C:\WINDOWS\SYSTEM32;C:\WINDOWS\WinSxS\amd64_microsoft.windows.common-controls_6595b64144ccf1df_6.0.26100.7309_none_3e05feeae336a044;C:\Program Files\Java\jdk-21\bin\server;D:\.gradle\native\c067742578af261105cb4f569cf0c3c89f3d7b1fecec35dd04571415982c5e48\windows-amd64;D:\.gradle\native\100fb08df4bc3b14c8652ba06237920a3bd2aa13389f12d3474272988ae205f9\windows-amd64;C:\Users\HP\AppData\Local\Temp\native-platform2529219590436229809dir

VM Arguments:
jvm_args: --add-opens=java.base/java.util=ALL-UNNAMED --add-opens=java.base/java.lang=ALL-UNNAMED --add-opens=java.base/java.lang.invoke=ALL-UNNAMED --add-opens=java.prefs/java.util.prefs=ALL-UNNAMED --add-exports=jdk.compiler/com.sun.tools.javac.api=ALL-UNNAMED --add-exports=jdk.compiler/com.sun.tools.javac.util=ALL-UNNAMED --add-opens=java.base/java.nio.charset=ALL-UNNAMED --add-opens=java.base/java.net=ALL-UNNAMED --add-opens=java.base/java.util.concurrent.atomic=ALL-UNNAMED -Xmx4096m -Dfile.encoding=UTF-8 -Duser.country=US -Duser.language=en -Duser.variant -javaagent:D:\.gradle\wrapper\dists\gradle-8.10.2-bin\a04bxjujx95o3nb99gddekhwo\gradle-8.10.2\lib\agents\gradle-instrumentation-agent-8.10.2.jar 
java_command: org.gradle.launcher.daemon.bootstrap.GradleDaemon 8.10.2
java_class_path (initial): D:\.gradle\wrapper\dists\gradle-8.10.2-bin\a04bxjujx95o3nb99gddekhwo\gradle-8.10.2\lib\gradle-daemon-main-8.10.2.jar
Launcher Type: SUN_STANDARD

[Global flags]
     intx CICompilerCount                          = 4                                         {product} {ergonomic}
     uint ConcGCThreads                            = 3                                         {product} {ergonomic}
     uint G1ConcRefinementThreads                  = 10                                        {product} {ergonomic}
   size_t G1HeapRegionSize                         = 2097152                                   {product} {ergonomic}
    uintx GCDrainStackTargetSize                   = 64                                        {product} {ergonomic}
   size_t InitialHeapSize                          = 264241152                                 {product} {ergonomic}
   size_t MarkStackSize                            = 4194304                                   {product} {ergonomic}
   size_t MaxHeapSize                              = 4294967296                                {product} {command line}
   size_t MaxNewSize                               = 2575302656                                {product} {ergonomic}
   size_t MinHeapDeltaBytes                        = 2097152                                   {product} {ergonomic}
   size_t MinHeapSize                              = 8388608                                   {product} {ergonomic}
    uintx NonNMethodCodeHeapSize                   = 5839372                                {pd product} {ergonomic}
    uintx NonProfiledCodeHeapSize                  = 122909434                              {pd product} {ergonomic}
    uintx ProfiledCodeHeapSize                     = 122909434                              {pd product} {ergonomic}
    uintx ReservedCodeCacheSize                    = 251658240                              {pd product} {ergonomic}
     bool SegmentedCodeCache                       = true                                      {product} {ergonomic}
   size_t SoftMaxHeapSize                          = 4294967296                             {manageable} {ergonomic}
     bool UseCompressedOops                        = true                           {product lp64_product} {ergonomic}
     bool UseG1GC                                  = true                                      {product} {ergonomic}
     bool UseLargePagesIndividualAllocation        = false                                  {pd product} {ergonomic}

Logging:
Log output configuration:
 #0: stdout all=warning uptime,level,tags foldmultilines=false
 #1: stderr all=off uptime,level,tags foldmultilines=false

Environment Variables:
JAVA_HOME=C:\Program Files\Java\jdk-21
CLASSPATH=D:\Diploma\Final Project\FixMate\\gradle\wrapper\gradle-wrapper.jar
PATH=c:\Users\HP\AppData\Roaming\Code\User\globalStorage\github.copilot-chat\debugCommand;c:\Users\HP\AppData\Roaming\Code\User\globalStorage\github.copilot-chat\copilotCli;C:\oracle\dbhomeFree\bin;C:\app\HP\product\23ai\dbhomeFree\bin;C:\Program Files\Common Files\Oracle\Java\javapath;C:\Program Files (x86)\Common Files\Oracle\Java\java8path;C:\Program Files (x86)\Common Files\Oracle\Java\javapath;C:\WINDOWS\system32;C:\WINDOWS;C:\WINDOWS\System32\Wbem;C:\WINDOWS\System32\WindowsPowerShell\v1.0\;C:\WINDOWS\System32\OpenSSH\;C:\Program Files (x86)\Microsoft SQL Server\160\Tools\Binn\;C:\Program Files\Microsoft SQL Server\160\Tools\Binn\;C:\Program Files\Microsoft SQL Server\Client SDK\ODBC\170\Tools\Binn\;C:\Program Files\Microsoft SQL Server\160\DTS\Binn\;C:\Program Files (x86)\Microsoft SQL Server\160\DTS\Binn\;C:\Program Files\Azure Data Studio\bin;C:\Program Files\Java\jdk-21\bin;C:\Program Files\Microsoft SQL Server\150\Tools\Binn\;C:\Program Files\nodejs;C:\ProgramData\chocolatey\bin;C:\Program Files\nodejs\;C:\sqlite;C:\Program Files\Git\cmd;C:\Program Files\TortoiseGit\bin;C:\Users\HP\AppData\Local\Programs\Python\Python313\Scripts\;C:\Users\HP\AppData\Local\Programs\Python\Python313\;C:\Users\HP\AppData\Local\Programs\Python\Launcher\;C:\Users\HP\AppData\Local\Microsoft\WindowsApps;C:\Program Files\Azure Data Studio\bin;C:\Program Files\JetBrains\IntelliJ IDEA Community Edition 2023.2.5\bin;C:\Users\HP\AppData\Local\Programs\Microsoft VS Code\bin;C:\Program Files\JetBrains\IntelliJ IDEA 2024.3.1.1\bin;C:\Users\HP\.dotnet\tools;C:\Users\HP\AppData\Roaming\npm;C:\Users\HP\AppData\Local\Programs\mongosh\;D:\software\flutter_windows_3.38.0-stable (1)\flutter\bin;D:\software\flutter_3.38.0\flutter\bin;D:\software\flutter_windows_3.35.7-stable\flutter\bin;c:\Users\HP\.vscode\extensions\vscjava.vscode-java-debug-0.58.4\bundled\scripts\noConfigScripts
USERNAME=HP
LANG=en_US.UTF-8
OS=Windows_NT
PROCESSOR_IDENTIFIER=Intel64 Family 6 Model 154 Stepping 4, GenuineIntel
TMP=C:\Users\HP\AppData\Local\Temp
TEMP=C:\Users\HP\AppData\Local\Temp




Periodic native trim disabled

---------------  S Y S T E M  ---------------

OS:
 Windows 11 , 64 bit Build 26100 (10.0.26100.7309)
OS uptime: 0 days 11:11 hours
Hyper-V role detected

CPU: total 12 (initial active 12) (6 cores per cpu, 2 threads per core) family 6 model 154 stepping 4 microcode 0x437, cx8, cmov, fxsr, ht, mmx, 3dnowpref, sse, sse2, sse3, ssse3, sse4.1, sse4.2, popcnt, lzcnt, tsc, tscinvbit, avx, avx2, aes, erms, clmul, bmi1, bmi2, adx, sha, fma, vzeroupper, clflush, clflushopt, clwb, hv, serialize, rdtscp, rdpid, fsrm, f16c, cet_ibt, cet_ss
Processor Information for all 12 processors :
  Max Mhz: 1300, Current Mhz: 1300, Mhz Limit: 1300

Memory: 4k page, system-wide physical 16016M (1985M free)
TotalPageFile size 25774M (AvailPageFile size 0M)
current process WorkingSet (physical memory assigned to process): 1447M, peak: 1759M
current process commit charge ("private bytes"): 1609M, peak: 1796M

vm_info: Java HotSpot(TM) 64-Bit Server VM (21.0.1+12-LTS-29) for windows-amd64 JRE (21.0.1+12-LTS-29), built on 2023-10-05T13:27:09Z by "mach5one" with MS VC++ 17.1 (VS2022)

END.
