#
# There is insufficient memory for the Java Runtime Environment to continue.
# Native memory allocation (mmap) failed to map 14680064 bytes. Error detail: G1 virtual space
# Possible reasons:
#   The system is out of physical RAM or swap space
#   This process is running with CompressedOops enabled, and the Java Heap may be blocking the growth of the native heap
# Possible solutions:
#   Reduce memory load on the system
#   Increase physical memory or swap space
#   Check if swap backing store is full
#   Decrease Java heap size (-Xmx/-Xms)
#   Decrease number of Java threads
#   Decrease Java thread stack sizes (-Xss)
#   Set larger code cache with -XX:ReservedCodeCacheSize=
#   JVM is running with Zero Based Compressed Oops mode in which the Java heap is
#     placed in the first 32GB address space. The Java Heap base address is the
#     maximum limit for the native heap growth. Please use -XX:HeapBaseMinAddress
#     to set the Java Heap base and to place the Java Heap above 32GB virtual address.
# This output file may be truncated or incomplete.
#
#  Out of Memory Error (os_windows.cpp:3828), pid=22012, tid=33652
#
# JRE version: OpenJDK Runtime Environment (21.0.4) (build 21.0.4+-12508038-b607.1)
# Java VM: OpenJDK 64-Bit Server VM (21.0.4+-12508038-b607.1, mixed mode, tiered, compressed oops, compressed class ptrs, g1 gc, windows-amd64)
# No core dump will be written. Minidumps are not enabled by default on client versions of Windows
#

---------------  S U M M A R Y ------------

Command Line: --add-opens=java.base/java.util=ALL-UNNAMED --add-opens=java.base/java.lang=ALL-UNNAMED --add-opens=java.base/java.lang.invoke=ALL-UNNAMED --add-opens=java.prefs/java.util.prefs=ALL-UNNAMED --add-exports=jdk.compiler/com.sun.tools.javac.api=ALL-UNNAMED --add-exports=jdk.compiler/com.sun.tools.javac.util=ALL-UNNAMED --add-opens=java.base/java.nio.charset=ALL-UNNAMED --add-opens=java.base/java.net=ALL-UNNAMED --add-opens=java.base/java.util.concurrent.atomic=ALL-UNNAMED -Xmx4096m -Dfile.encoding=UTF-8 -Duser.country=US -Duser.language=en -Duser.variant -javaagent:D:\.gradle\wrapper\dists\gradle-8.10.2-bin\a04bxjujx95o3nb99gddekhwo\gradle-8.10.2\lib\agents\gradle-instrumentation-agent-8.10.2.jar org.gradle.launcher.daemon.bootstrap.GradleDaemon 8.10.2

Host: 12th Gen Intel(R) Core(TM) i5-1235U, 12 cores, 15G,  Windows 11 , 64 bit Build 26100 (10.0.26100.7309)
Time: Mon Dec 15 13:18:54 2025 Sri Lanka Standard Time elapsed time: 12.366459 seconds (0d 0h 0m 12s)

---------------  T H R E A D  ---------------

Current thread (0x000001f1a5338590):  VMThread "VM Thread"          [id=33652, stack(0x000000f15dc00000,0x000000f15dd00000) (1024K)]

Stack: [0x000000f15dc00000,0x000000f15dd00000]
Native frames: (J=compiled Java code, j=interpreted, Vv=VM code, C=native code)
V  [jvm.dll+0x6ce539]
V  [jvm.dll+0x85bf03]
V  [jvm.dll+0x85e45e]
V  [jvm.dll+0x85eb43]
V  [jvm.dll+0x27dd06]
V  [jvm.dll+0x6cada5]
V  [jvm.dll+0x6bf27a]
V  [jvm.dll+0x3541fb]
V  [jvm.dll+0x35be36]
V  [jvm.dll+0x3adbc6]
V  [jvm.dll+0x3ade98]
V  [jvm.dll+0x32691c]
V  [jvm.dll+0x3269a7]
V  [jvm.dll+0x36c78c]
V  [jvm.dll+0x36af3e]
V  [jvm.dll+0x326071]
V  [jvm.dll+0x36a650]
V  [jvm.dll+0x8648c8]
V  [jvm.dll+0x865c44]
V  [jvm.dll+0x866180]
V  [jvm.dll+0x866413]
V  [jvm.dll+0x804418]
V  [jvm.dll+0x6cce0d]
C  [ucrtbase.dll+0x37b0]
C  [KERNEL32.DLL+0x2e8d7]
C  [ntdll.dll+0x8c53c]

VM_Operation (0x000000f1630f9900): G1CollectForAllocation, mode: safepoint, requested by thread 0x000001f1ae184590


---------------  P R O C E S S  ---------------

Threads class SMR info:
_java_thread_list=0x000001f1aa2fb920, length=132, elements={
0x000001f18ae8acd0, 0x000001f1a538d960, 0x000001f1a538e3c0, 0x000001f1a538f080,
0x000001f1a538fa50, 0x000001f1a53904b0, 0x000001f1a5391550, 0x000001f1a53b4f40,
0x000001f1a5391fb0, 0x000001f1a54e54c0, 0x000001f1a56c4eb0, 0x000001f1aa07fea0,
0x000001f1aa0ef180, 0x000001f1abaf9a50, 0x000001f1ab05be40, 0x000001f1abb9dfe0,
0x000001f1abc9e0c0, 0x000001f1abcaa350, 0x000001f1abc8bcf0, 0x000001f1abc89450,
0x000001f1ab4c6a00, 0x000001f1ab4c7090, 0x000001f1ab4c8440, 0x000001f1ab4c8ad0,
0x000001f1ab4c6370, 0x000001f1ab4c9160, 0x000001f1ab4c5ce0, 0x000001f1ab4c7720,
0x000001f1ac541490, 0x000001f1ac53f3c0, 0x000001f1ac5400e0, 0x000001f1ac53e6a0,
0x000001f1ac53ed30, 0x000001f1ac53e010, 0x000001f1ac544fa0, 0x000001f1ac544280,
0x000001f1af243c80, 0x000001f1af242f60, 0x000001f1af244310, 0x000001f1af2435f0,
0x000001f1af246a70, 0x000001f1af245d50, 0x000001f1af2463e0, 0x000001f1af247100,
0x000001f1af247790, 0x000001f1af247e20, 0x000001f1af2449a0, 0x000001f1af2456c0,
0x000001f1af2484b0, 0x000001f1af245030, 0x000001f1af2491d0, 0x000001f1af248b40,
0x000001f1af249860, 0x000001f1af249ef0, 0x000001f1af24a580, 0x000001f1af47fef0,
0x000001f1af480580, 0x000001f1af481fc0, 0x000001f1af47eb40, 0x000001f1af4812a0,
0x000001f1af480c10, 0x000001f1af47f1d0, 0x000001f1af47f860, 0x000001f1af481930,
0x000001f1af1bb6b0, 0x000001f1af1ba300, 0x000001f1af1bc3d0, 0x000001f1af1b9c70,
0x000001f1af1bd780, 0x000001f1af1c0570, 0x000001f1ae181e30, 0x000001f1ae1803f0,
0x000001f1ae183870, 0x000001f1ae184590, 0x000001f1ae184c20, 0x000001f1ae1852b0,
0x000001f1ae185940, 0x000001f1ae183f00, 0x000001f1ae185fd0, 0x000001f1ae310290,
0x000001f1ae30e850, 0x000001f1ae30eee0, 0x000001f1ae30f570, 0x000001f1ae30fc00,
0x000001f1ae30d4a0, 0x000001f1ae313080, 0x000001f1ae312360, 0x000001f1ae311cd0,
0x000001f1ae186660, 0x000001f1af1bfee0, 0x000001f1add2d080, 0x000001f1add2f7e0,
0x000001f1add30b90, 0x000001f1add2e430, 0x000001f1add2eac0, 0x000001f1add2fe70,
0x000001f1af1f9660, 0x000001f1af1f8940, 0x000001f1af1f9cf0, 0x000001f1af1f82b0,
0x000001f1af1fcae0, 0x000001f1af1fbdc0, 0x000001f1af1fc450, 0x000001f1af1fd800,
0x000001f1af1fd170, 0x000001f1af1fa380, 0x000001f1af1ff8d0, 0x000001f1af1faa10,
0x000001f1af1fb730, 0x000001f1af1f8fd0, 0x000001f1af1febb0, 0x000001f1af1fde90,
0x000001f1af1fe520, 0x000001f1af1ff240, 0x000001f1add2d710, 0x000001f1add31220,
0x000001f1add2dda0, 0x000001f1add325d0, 0x000001f1add32c60, 0x000001f1add34010,
0x000001f1add332f0, 0x000001f1add346a0, 0x000001f1add318b0, 0x000001f1add31f40,
0x000001f1b1b6f720, 0x000001f1b1b70ad0, 0x000001f1b1b72510, 0x000001f1b1b71160,
0x000001f1b1b70440, 0x000001f1b1b717f0, 0x000001f1b1b6fdb0, 0x000001f1b1b71e80
}

Java Threads: ( => current thread )
  0x000001f18ae8acd0 JavaThread "main"                              [_thread_blocked, id=17928, stack(0x000000f15d500000,0x000000f15d600000) (1024K)]
  0x000001f1a538d960 JavaThread "Reference Handler"          daemon [_thread_blocked, id=11780, stack(0x000000f15dd00000,0x000000f15de00000) (1024K)]
  0x000001f1a538e3c0 JavaThread "Finalizer"                  daemon [_thread_blocked, id=24796, stack(0x000000f15de00000,0x000000f15df00000) (1024K)]
  0x000001f1a538f080 JavaThread "Signal Dispatcher"          daemon [_thread_blocked, id=22188, stack(0x000000f15df00000,0x000000f15e000000) (1024K)]
  0x000001f1a538fa50 JavaThread "Attach Listener"            daemon [_thread_blocked, id=24244, stack(0x000000f15e000000,0x000000f15e100000) (1024K)]
  0x000001f1a53904b0 JavaThread "Service Thread"             daemon [_thread_blocked, id=30360, stack(0x000000f15e100000,0x000000f15e200000) (1024K)]
  0x000001f1a5391550 JavaThread "Monitor Deflation Thread"   daemon [_thread_blocked, id=32844, stack(0x000000f15e200000,0x000000f15e300000) (1024K)]
  0x000001f1a53b4f40 JavaThread "C2 CompilerThread0"         daemon [_thread_blocked, id=2804, stack(0x000000f15e300000,0x000000f15e400000) (1024K)]
  0x000001f1a5391fb0 JavaThread "C1 CompilerThread0"         daemon [_thread_blocked, id=31756, stack(0x000000f15e400000,0x000000f15e500000) (1024K)]
  0x000001f1a54e54c0 JavaThread "Common-Cleaner"             daemon [_thread_blocked, id=19924, stack(0x000000f15e500000,0x000000f15e600000) (1024K)]
  0x000001f1a56c4eb0 JavaThread "Notification Thread"        daemon [_thread_blocked, id=26416, stack(0x000000f15e600000,0x000000f15e700000) (1024K)]
  0x000001f1aa07fea0 JavaThread "C2 CompilerThread1"         daemon [_thread_blocked, id=30516, stack(0x000000f15e700000,0x000000f15e800000) (1024K)]
  0x000001f1aa0ef180 JavaThread "C2 CompilerThread2"         daemon [_thread_blocked, id=26732, stack(0x000000f15e800000,0x000000f15e900000) (1024K)]
  0x000001f1abaf9a50 JavaThread "Daemon health stats"               [_thread_blocked, id=31160, stack(0x000000f15ee00000,0x000000f15ef00000) (1024K)]
  0x000001f1ab05be40 JavaThread "Incoming local TCP Connector on port 51494"        [_thread_in_native, id=15352, stack(0x000000f15ef00000,0x000000f15f000000) (1024K)]
  0x000001f1abb9dfe0 JavaThread "Daemon periodic checks"            [_thread_blocked, id=6132, stack(0x000000f15f400000,0x000000f15f500000) (1024K)]
  0x000001f1abc9e0c0 JavaThread "Daemon"                            [_thread_blocked, id=32964, stack(0x000000f15f500000,0x000000f15f600000) (1024K)]
  0x000001f1abcaa350 JavaThread "Handler for socket connection from /127.0.0.1:51494 to /127.0.0.1:51495"        [_thread_in_native, id=27000, stack(0x000000f15f600000,0x000000f15f700000) (1024K)]
  0x000001f1abc8bcf0 JavaThread "Cancel handler"                    [_thread_blocked, id=1976, stack(0x000000f15f700000,0x000000f15f800000) (1024K)]
  0x000001f1abc89450 JavaThread "Daemon worker"                     [_thread_blocked, id=10436, stack(0x000000f15f800000,0x000000f15f900000) (1024K)]
  0x000001f1ab4c6a00 JavaThread "Asynchronous log dispatcher for DefaultDaemonConnection: socket connection from /127.0.0.1:51494 to /127.0.0.1:51495"        [_thread_blocked, id=11692, stack(0x000000f15f900000,0x000000f15fa00000) (1024K)]
  0x000001f1ab4c7090 JavaThread "Stdin handler"                     [_thread_blocked, id=29000, stack(0x000000f15fa00000,0x000000f15fb00000) (1024K)]
  0x000001f1ab4c8440 JavaThread "Daemon client event forwarder"        [_thread_blocked, id=1860, stack(0x000000f15fb00000,0x000000f15fc00000) (1024K)]
  0x000001f1ab4c8ad0 JavaThread "Cache worker for journal cache (D:\.gradle\caches\journal-1)"        [_thread_blocked, id=13572, stack(0x000000f15fe00000,0x000000f15ff00000) (1024K)]
  0x000001f1ab4c6370 JavaThread "File lock request listener"        [_thread_in_native, id=16076, stack(0x000000f15ff00000,0x000000f160000000) (1024K)]
  0x000001f1ab4c9160 JavaThread "Cache worker for file hash cache (D:\.gradle\caches\8.10.2\fileHashes)"        [_thread_blocked, id=7264, stack(0x000000f160000000,0x000000f160100000) (1024K)]
  0x000001f1ab4c5ce0 JavaThread "Cache worker for file hash cache (D:\Diploma\Final Project\FixMate\.gradle\8.10.2\fileHashes)"        [_thread_blocked, id=23536, stack(0x000000f160100000,0x000000f160200000) (1024K)]
  0x000001f1ab4c7720 JavaThread "Cache worker for Build Output Cleanup Cache (D:\Diploma\Final Project\FixMate\.gradle\buildOutputCleanup)"        [_thread_blocked, id=1416, stack(0x000000f160200000,0x000000f160300000) (1024K)]
  0x000001f1ac541490 JavaThread "File watcher server"        daemon [_thread_blocked, id=33348, stack(0x000000f160300000,0x000000f160400000) (1024K)]
  0x000001f1ac53f3c0 JavaThread "File watcher consumer"      daemon [_thread_blocked, id=18672, stack(0x000000f160400000,0x000000f160500000) (1024K)]
  0x000001f1ac5400e0 JavaThread "Cache worker for checksums cache (D:\Diploma\Final Project\FixMate\.gradle\8.10.2\checksums)"        [_thread_blocked, id=29712, stack(0x000000f160500000,0x000000f160600000) (1024K)]
  0x000001f1ac53e6a0 JavaThread "Cache worker for file content cache (D:\.gradle\caches\8.10.2\fileContent)"        [_thread_blocked, id=1292, stack(0x000000f160600000,0x000000f160700000) (1024K)]
  0x000001f1ac53ed30 JavaThread "Cache worker for cache directory md-rule (D:\.gradle\caches\8.10.2\md-rule)"        [_thread_blocked, id=16088, stack(0x000000f160700000,0x000000f160800000) (1024K)]
  0x000001f1ac53e010 JavaThread "Cache worker for cache directory md-supplier (D:\.gradle\caches\8.10.2\md-supplier)"        [_thread_blocked, id=17480, stack(0x000000f160800000,0x000000f160900000) (1024K)]
  0x000001f1ac544fa0 JavaThread "Unconstrained build operations"        [_thread_blocked, id=32680, stack(0x000000f160900000,0x000000f160a00000) (1024K)]
  0x000001f1ac544280 JavaThread "Unconstrained build operations Thread 2"        [_thread_blocked, id=6012, stack(0x000000f160a00000,0x000000f160b00000) (1024K)]
  0x000001f1af243c80 JavaThread "Unconstrained build operations Thread 3"        [_thread_blocked, id=31304, stack(0x000000f160b00000,0x000000f160c00000) (1024K)]
  0x000001f1af242f60 JavaThread "Unconstrained build operations Thread 4"        [_thread_blocked, id=32060, stack(0x000000f160c00000,0x000000f160d00000) (1024K)]
  0x000001f1af244310 JavaThread "Unconstrained build operations Thread 5"        [_thread_blocked, id=3432, stack(0x000000f160d00000,0x000000f160e00000) (1024K)]
  0x000001f1af2435f0 JavaThread "Unconstrained build operations Thread 6"        [_thread_blocked, id=29852, stack(0x000000f160e00000,0x000000f160f00000) (1024K)]
  0x000001f1af246a70 JavaThread "Unconstrained build operations Thread 7"        [_thread_blocked, id=33772, stack(0x000000f160f00000,0x000000f161000000) (1024K)]
  0x000001f1af245d50 JavaThread "Unconstrained build operations Thread 8"        [_thread_blocked, id=25264, stack(0x000000f161000000,0x000000f161100000) (1024K)]
  0x000001f1af2463e0 JavaThread "Unconstrained build operations Thread 9"        [_thread_blocked, id=21136, stack(0x000000f161100000,0x000000f161200000) (1024K)]
  0x000001f1af247100 JavaThread "Unconstrained build operations Thread 10"        [_thread_blocked, id=9392, stack(0x000000f161200000,0x000000f161300000) (1024K)]
  0x000001f1af247790 JavaThread "Unconstrained build operations Thread 11"        [_thread_blocked, id=31472, stack(0x000000f161300000,0x000000f161400000) (1024K)]
  0x000001f1af247e20 JavaThread "Unconstrained build operations Thread 12"        [_thread_blocked, id=7716, stack(0x000000f161400000,0x000000f161500000) (1024K)]
  0x000001f1af2449a0 JavaThread "Unconstrained build operations Thread 13"        [_thread_blocked, id=13284, stack(0x000000f161500000,0x000000f161600000) (1024K)]
  0x000001f1af2456c0 JavaThread "Unconstrained build operations Thread 14"        [_thread_blocked, id=14548, stack(0x000000f161600000,0x000000f161700000) (1024K)]
  0x000001f1af2484b0 JavaThread "Unconstrained build operations Thread 15"        [_thread_blocked, id=14008, stack(0x000000f161700000,0x000000f161800000) (1024K)]
  0x000001f1af245030 JavaThread "Unconstrained build operations Thread 16"        [_thread_blocked, id=28620, stack(0x000000f161800000,0x000000f161900000) (1024K)]
  0x000001f1af2491d0 JavaThread "Unconstrained build operations Thread 17"        [_thread_blocked, id=27744, stack(0x000000f161900000,0x000000f161a00000) (1024K)]
  0x000001f1af248b40 JavaThread "Unconstrained build operations Thread 18"        [_thread_blocked, id=24416, stack(0x000000f161a00000,0x000000f161b00000) (1024K)]
  0x000001f1af249860 JavaThread "Unconstrained build operations Thread 19"        [_thread_blocked, id=31704, stack(0x000000f161b00000,0x000000f161c00000) (1024K)]
  0x000001f1af249ef0 JavaThread "Unconstrained build operations Thread 20"        [_thread_blocked, id=30924, stack(0x000000f161c00000,0x000000f161d00000) (1024K)]
  0x000001f1af24a580 JavaThread "Unconstrained build operations Thread 21"        [_thread_blocked, id=31444, stack(0x000000f161d00000,0x000000f161e00000) (1024K)]
  0x000001f1af47fef0 JavaThread "Unconstrained build operations Thread 22"        [_thread_blocked, id=32496, stack(0x000000f161e00000,0x000000f161f00000) (1024K)]
  0x000001f1af480580 JavaThread "Unconstrained build operations Thread 23"        [_thread_blocked, id=10764, stack(0x000000f161f00000,0x000000f162000000) (1024K)]
  0x000001f1af481fc0 JavaThread "Unconstrained build operations Thread 24"        [_thread_blocked, id=24328, stack(0x000000f162000000,0x000000f162100000) (1024K)]
  0x000001f1af47eb40 JavaThread "Unconstrained build operations Thread 25"        [_thread_blocked, id=22732, stack(0x000000f162100000,0x000000f162200000) (1024K)]
  0x000001f1af4812a0 JavaThread "Unconstrained build operations Thread 26"        [_thread_blocked, id=14332, stack(0x000000f162200000,0x000000f162300000) (1024K)]
  0x000001f1af480c10 JavaThread "Unconstrained build operations Thread 27"        [_thread_blocked, id=15416, stack(0x000000f162300000,0x000000f162400000) (1024K)]
  0x000001f1af47f1d0 JavaThread "Unconstrained build operations Thread 28"        [_thread_blocked, id=26020, stack(0x000000f162400000,0x000000f162500000) (1024K)]
  0x000001f1af47f860 JavaThread "Unconstrained build operations Thread 29"        [_thread_blocked, id=19840, stack(0x000000f162500000,0x000000f162600000) (1024K)]
  0x000001f1af481930 JavaThread "Unconstrained build operations Thread 30"        [_thread_blocked, id=28576, stack(0x000000f162600000,0x000000f162700000) (1024K)]
  0x000001f1af1bb6b0 JavaThread "Unconstrained build operations Thread 31"        [_thread_blocked, id=19968, stack(0x000000f162700000,0x000000f162800000) (1024K)]
  0x000001f1af1ba300 JavaThread "Unconstrained build operations Thread 32"        [_thread_blocked, id=19628, stack(0x000000f162800000,0x000000f162900000) (1024K)]
  0x000001f1af1bc3d0 JavaThread "Unconstrained build operations Thread 33"        [_thread_blocked, id=31324, stack(0x000000f162900000,0x000000f162a00000) (1024K)]
  0x000001f1af1b9c70 JavaThread "build event listener"              [_thread_blocked, id=24876, stack(0x000000f162a00000,0x000000f162b00000) (1024K)]
  0x000001f1af1bd780 JavaThread "Memory manager"                    [_thread_blocked, id=28668, stack(0x000000f162b00000,0x000000f162c00000) (1024K)]
  0x000001f1af1c0570 JavaThread "build event listener"              [_thread_blocked, id=7588, stack(0x000000f162c00000,0x000000f162d00000) (1024K)]
  0x000001f1ae181e30 JavaThread "pool-3-thread-1"                   [_thread_blocked, id=31976, stack(0x000000f162d00000,0x000000f162e00000) (1024K)]
  0x000001f1ae1803f0 JavaThread "build event listener"              [_thread_blocked, id=16248, stack(0x000000f162e00000,0x000000f162f00000) (1024K)]
  0x000001f1ae183870 JavaThread "included builds"                   [_thread_blocked, id=26844, stack(0x000000f162f00000,0x000000f163000000) (1024K)]
  0x000001f1ae184590 JavaThread "Execution worker"                  [_thread_blocked, id=8140, stack(0x000000f163000000,0x000000f163100000) (1024K)]
  0x000001f1ae184c20 JavaThread "Execution worker Thread 2"         [_thread_blocked, id=9000, stack(0x000000f163100000,0x000000f163200000) (1024K)]
  0x000001f1ae1852b0 JavaThread "Execution worker Thread 3"         [_thread_blocked, id=22172, stack(0x000000f163200000,0x000000f163300000) (1024K)]
  0x000001f1ae185940 JavaThread "Execution worker Thread 4"         [_thread_blocked, id=2264, stack(0x000000f163300000,0x000000f163400000) (1024K)]
  0x000001f1ae183f00 JavaThread "Execution worker Thread 5"         [_thread_blocked, id=16896, stack(0x000000f163400000,0x000000f163500000) (1024K)]
  0x000001f1ae185fd0 JavaThread "Execution worker Thread 6"         [_thread_blocked, id=10320, stack(0x000000f163500000,0x000000f163600000) (1024K)]
  0x000001f1ae310290 JavaThread "Execution worker Thread 7"         [_thread_blocked, id=13504, stack(0x000000f163600000,0x000000f163700000) (1024K)]
  0x000001f1ae30e850 JavaThread "Execution worker Thread 8"         [_thread_blocked, id=12360, stack(0x000000f163700000,0x000000f163800000) (1024K)]
  0x000001f1ae30eee0 JavaThread "Execution worker Thread 9"         [_thread_blocked, id=24964, stack(0x000000f163800000,0x000000f163900000) (1024K)]
  0x000001f1ae30f570 JavaThread "Execution worker Thread 10"        [_thread_blocked, id=27768, stack(0x000000f163900000,0x000000f163a00000) (1024K)]
  0x000001f1ae30fc00 JavaThread "Execution worker Thread 11"        [_thread_blocked, id=25548, stack(0x000000f163a00000,0x000000f163b00000) (1024K)]
  0x000001f1ae30d4a0 JavaThread "Cache worker for execution history cache (D:\Diploma\Final Project\FixMate\.gradle\8.10.2\executionHistory)"        [_thread_blocked, id=3596, stack(0x000000f163b00000,0x000000f163c00000) (1024K)]
  0x000001f1ae313080 JavaThread "Unconstrained build operations Thread 34"        [_thread_blocked, id=16848, stack(0x000000f163c00000,0x000000f163d00000) (1024K)]
  0x000001f1ae312360 JavaThread "Unconstrained build operations Thread 35"        [_thread_blocked, id=18756, stack(0x000000f163d00000,0x000000f163e00000) (1024K)]
  0x000001f1ae311cd0 JavaThread "Unconstrained build operations Thread 36"        [_thread_blocked, id=9576, stack(0x000000f163e00000,0x000000f163f00000) (1024K)]
  0x000001f1ae186660 JavaThread "Unconstrained build operations Thread 37"        [_thread_blocked, id=9880, stack(0x000000f163f00000,0x000000f164000000) (1024K)]
  0x000001f1af1bfee0 JavaThread "Unconstrained build operations Thread 38"        [_thread_blocked, id=9228, stack(0x000000f164000000,0x000000f164100000) (1024K)]
  0x000001f1add2d080 JavaThread "Unconstrained build operations Thread 39"        [_thread_blocked, id=2852, stack(0x000000f164100000,0x000000f164200000) (1024K)]
  0x000001f1add2f7e0 JavaThread "Unconstrained build operations Thread 40"        [_thread_blocked, id=11948, stack(0x000000f164200000,0x000000f164300000) (1024K)]
  0x000001f1add30b90 JavaThread "Unconstrained build operations Thread 41"        [_thread_blocked, id=19916, stack(0x000000f164300000,0x000000f164400000) (1024K)]
  0x000001f1add2e430 JavaThread "Unconstrained build operations Thread 42"        [_thread_blocked, id=22824, stack(0x000000f164400000,0x000000f164500000) (1024K)]
  0x000001f1add2eac0 JavaThread "Unconstrained build operations Thread 43"        [_thread_blocked, id=19228, stack(0x000000f164500000,0x000000f164600000) (1024K)]
  0x000001f1add2fe70 JavaThread "Unconstrained build operations Thread 44"        [_thread_blocked, id=27396, stack(0x000000f164600000,0x000000f164700000) (1024K)]
  0x000001f1af1f9660 JavaThread "Unconstrained build operations Thread 45"        [_thread_blocked, id=27776, stack(0x000000f164700000,0x000000f164800000) (1024K)]
  0x000001f1af1f8940 JavaThread "Unconstrained build operations Thread 46"        [_thread_blocked, id=11204, stack(0x000000f164800000,0x000000f164900000) (1024K)]
  0x000001f1af1f9cf0 JavaThread "Unconstrained build operations Thread 47"        [_thread_blocked, id=15136, stack(0x000000f164900000,0x000000f164a00000) (1024K)]
  0x000001f1af1f82b0 JavaThread "Unconstrained build operations Thread 48"        [_thread_blocked, id=6404, stack(0x000000f164a00000,0x000000f164b00000) (1024K)]
  0x000001f1af1fcae0 JavaThread "Unconstrained build operations Thread 49"        [_thread_blocked, id=4980, stack(0x000000f164b00000,0x000000f164c00000) (1024K)]
  0x000001f1af1fbdc0 JavaThread "Unconstrained build operations Thread 50"        [_thread_blocked, id=21124, stack(0x000000f164c00000,0x000000f164d00000) (1024K)]
  0x000001f1af1fc450 JavaThread "Unconstrained build operations Thread 51"        [_thread_blocked, id=14828, stack(0x000000f164d00000,0x000000f164e00000) (1024K)]
  0x000001f1af1fd800 JavaThread "Unconstrained build operations Thread 52"        [_thread_blocked, id=24856, stack(0x000000f164e00000,0x000000f164f00000) (1024K)]
  0x000001f1af1fd170 JavaThread "Unconstrained build operations Thread 53"        [_thread_blocked, id=9080, stack(0x000000f164f00000,0x000000f165000000) (1024K)]
  0x000001f1af1fa380 JavaThread "Unconstrained build operations Thread 54"        [_thread_blocked, id=10980, stack(0x000000f165000000,0x000000f165100000) (1024K)]
  0x000001f1af1ff8d0 JavaThread "Unconstrained build operations Thread 55"        [_thread_blocked, id=9588, stack(0x000000f165100000,0x000000f165200000) (1024K)]
  0x000001f1af1faa10 JavaThread "Unconstrained build operations Thread 56"        [_thread_blocked, id=18188, stack(0x000000f165200000,0x000000f165300000) (1024K)]
  0x000001f1af1fb730 JavaThread "Unconstrained build operations Thread 57"        [_thread_blocked, id=7328, stack(0x000000f165300000,0x000000f165400000) (1024K)]
  0x000001f1af1f8fd0 JavaThread "Unconstrained build operations Thread 58"        [_thread_blocked, id=32356, stack(0x000000f165400000,0x000000f165500000) (1024K)]
  0x000001f1af1febb0 JavaThread "Unconstrained build operations Thread 59"        [_thread_blocked, id=9524, stack(0x000000f165500000,0x000000f165600000) (1024K)]
  0x000001f1af1fde90 JavaThread "Unconstrained build operations Thread 60"        [_thread_blocked, id=10272, stack(0x000000f165600000,0x000000f165700000) (1024K)]
  0x000001f1af1fe520 JavaThread "Unconstrained build operations Thread 61"        [_thread_blocked, id=25236, stack(0x000000f165700000,0x000000f165800000) (1024K)]
  0x000001f1af1ff240 JavaThread "Unconstrained build operations Thread 62"        [_thread_blocked, id=27840, stack(0x000000f165800000,0x000000f165900000) (1024K)]
  0x000001f1add2d710 JavaThread "Unconstrained build operations Thread 63"        [_thread_blocked, id=14676, stack(0x000000f165900000,0x000000f165a00000) (1024K)]
  0x000001f1add31220 JavaThread "Unconstrained build operations Thread 64"        [_thread_blocked, id=960, stack(0x000000f165a00000,0x000000f165b00000) (1024K)]
  0x000001f1add2dda0 JavaThread "Unconstrained build operations Thread 65"        [_thread_blocked, id=10232, stack(0x000000f165b00000,0x000000f165c00000) (1024K)]
  0x000001f1add325d0 JavaThread "Unconstrained build operations Thread 66"        [_thread_blocked, id=21128, stack(0x000000f165c00000,0x000000f165d00000) (1024K)]
  0x000001f1add32c60 JavaThread "Unconstrained build operations Thread 67"        [_thread_blocked, id=17392, stack(0x000000f165d00000,0x000000f165e00000) (1024K)]
  0x000001f1add34010 JavaThread "Unconstrained build operations Thread 68"        [_thread_blocked, id=1744, stack(0x000000f165e00000,0x000000f165f00000) (1024K)]
  0x000001f1add332f0 JavaThread "Unconstrained build operations Thread 69"        [_thread_blocked, id=27868, stack(0x000000f165f00000,0x000000f166000000) (1024K)]
  0x000001f1add346a0 JavaThread "Unconstrained build operations Thread 70"        [_thread_blocked, id=24336, stack(0x000000f166000000,0x000000f166100000) (1024K)]
  0x000001f1add318b0 JavaThread "Unconstrained build operations Thread 71"        [_thread_blocked, id=13180, stack(0x000000f166100000,0x000000f166200000) (1024K)]
  0x000001f1add31f40 JavaThread "Unconstrained build operations Thread 72"        [_thread_blocked, id=5828, stack(0x000000f166200000,0x000000f166300000) (1024K)]
  0x000001f1b1b6f720 JavaThread "Unconstrained build operations Thread 73"        [_thread_blocked, id=14576, stack(0x000000f166300000,0x000000f166400000) (1024K)]
  0x000001f1b1b70ad0 JavaThread "Unconstrained build operations Thread 74"        [_thread_blocked, id=22552, stack(0x000000f166400000,0x000000f166500000) (1024K)]
  0x000001f1b1b72510 JavaThread "Unconstrained build operations Thread 75"        [_thread_blocked, id=1012, stack(0x000000f166500000,0x000000f166600000) (1024K)]
  0x000001f1b1b71160 JavaThread "Unconstrained build operations Thread 76"        [_thread_blocked, id=8116, stack(0x000000f166600000,0x000000f166700000) (1024K)]
  0x000001f1b1b70440 JavaThread "Unconstrained build operations Thread 77"        [_thread_blocked, id=30852, stack(0x000000f166700000,0x000000f166800000) (1024K)]
  0x000001f1b1b717f0 JavaThread "Unconstrained build operations Thread 78"        [_thread_blocked, id=31636, stack(0x000000f166800000,0x000000f166900000) (1024K)]
  0x000001f1b1b6fdb0 JavaThread "Unconstrained build operations Thread 79"        [_thread_blocked, id=16460, stack(0x000000f166900000,0x000000f166a00000) (1024K)]
  0x000001f1b1b71e80 JavaThread "Unconstrained build operations Thread 80"        [_thread_blocked, id=16304, stack(0x000000f166a00000,0x000000f166b00000) (1024K)]
Total: 132

Other Threads:
=>0x000001f1a5338590 VMThread "VM Thread"                           [id=33652, stack(0x000000f15dc00000,0x000000f15dd00000) (1024K)]
  0x000001f1a51815b0 WatcherThread "VM Periodic Task Thread"        [id=4792, stack(0x000000f15db00000,0x000000f15dc00000) (1024K)]
  0x000001f18aef5960 WorkerThread "GC Thread#0"                     [id=26224, stack(0x000000f15d600000,0x000000f15d700000) (1024K)]
  0x000001f1aa5f3ce0 WorkerThread "GC Thread#1"                     [id=13348, stack(0x000000f15e900000,0x000000f15ea00000) (1024K)]
  0x000001f1aa135320 WorkerThread "GC Thread#2"                     [id=12956, stack(0x000000f15ea00000,0x000000f15eb00000) (1024K)]
  0x000001f1aa4d50e0 WorkerThread "GC Thread#3"                     [id=12392, stack(0x000000f15eb00000,0x000000f15ec00000) (1024K)]
  0x000001f1aa4d5480 WorkerThread "GC Thread#4"                     [id=30952, stack(0x000000f15ec00000,0x000000f15ed00000) (1024K)]
  0x000001f1aa526900 WorkerThread "GC Thread#5"                     [id=8632, stack(0x000000f15ed00000,0x000000f15ee00000) (1024K)]
  0x000001f1abcb1c10 WorkerThread "GC Thread#6"                     [id=22476, stack(0x000000f15f000000,0x000000f15f100000) (1024K)]
  0x000001f1abd797c0 WorkerThread "GC Thread#7"                     [id=31224, stack(0x000000f15f100000,0x000000f15f200000) (1024K)]
  0x000001f1abd79b60 WorkerThread "GC Thread#8"                     [id=23640, stack(0x000000f15f200000,0x000000f15f300000) (1024K)]
  0x000001f1abba3010 WorkerThread "GC Thread#9"                     [id=11096, stack(0x000000f15f300000,0x000000f15f400000) (1024K)]
  0x000001f18af06940 ConcurrentGCThread "G1 Main Marker"            [id=10156, stack(0x000000f15d700000,0x000000f15d800000) (1024K)]
  0x000001f18af09130 WorkerThread "G1 Conc#0"                       [id=13220, stack(0x000000f15d800000,0x000000f15d900000) (1024K)]
  0x000001f1abba2c70 WorkerThread "G1 Conc#1"                       [id=31584, stack(0x000000f15fc00000,0x000000f15fd00000) (1024K)]
  0x000001f1abba16b0 WorkerThread "G1 Conc#2"                       [id=28072, stack(0x000000f15fd00000,0x000000f15fe00000) (1024K)]
  0x000001f1a50555a0 ConcurrentGCThread "G1 Refine#0"               [id=16416, stack(0x000000f15d900000,0x000000f15da00000) (1024K)]
  0x000001f1a5055dc0 ConcurrentGCThread "G1 Service"                [id=28784, stack(0x000000f15da00000,0x000000f15db00000) (1024K)]
Total: 18

Threads with active compile tasks:
C2 CompilerThread0    12388 14297       4       org.gradle.internal.operations.DefaultBuildOperationProgressEventEmitter::doEmit (21 bytes)
C2 CompilerThread1    12388 14282       4       org.gradle.internal.vfs.impl.DefaultFileSystemAccess::read (33 bytes)
C2 CompilerThread2    12388 14302       4       org.gradle.internal.Try$Success::getOrMapFailure (5 bytes)
Total: 3

VM state: at safepoint (normal execution)

VM Mutex/Monitor currently owned by a thread:  ([mutex/lock_event])
[0x00007ffafc3a72f8] Threads_lock - owner thread: 0x000001f1a5338590
[0x00007ffafc3a73f8] Heap_lock - owner thread: 0x000001f1ae184590

Heap address: 0x0000000700000000, size: 4096 MB, Compressed Oops mode: Zero based, Oop shift amount: 3

CDS archive(s) not mapped
Compressed class space mapped at: 0x0000000800000000-0x0000000840000000, reserved size: 1073741824
Narrow klass base: 0x0000000800000000, Narrow klass shift: 0, Narrow klass range: 0x40000000

GC Precious Log:
 CardTable entry size: 512
 Card Set container configuration: InlinePtr #cards 4 size 8 Array Of Cards #cards 16 size 48 Howl #buckets 8 coarsen threshold 3686 Howl Bitmap #cards 512 size 80 coarsen threshold 460 Card regions per heap region 1 cards per card region 4096
 CPUs: 12 total, 12 available
 Memory: 16016M
 Large Page Support: Disabled
 NUMA Support: Disabled
 Compressed Oops: Enabled (Zero based)
 Heap Region Size: 2M
 Heap Min Capacity: 8M
 Heap Initial Capacity: 252M
 Heap Max Capacity: 4G
 Pre-touch: Disabled
 Parallel Workers: 10
 Concurrent Workers: 3
 Concurrent Refinement Workers: 10
 Periodic GC: Disabled

Heap:
 garbage-first heap   total 251904K, used 130128K [0x0000000700000000, 0x0000000800000000)
  region size 2048K, 4 young (8192K), 4 survivors (8192K)
 Metaspace       used 118028K, committed 120192K, reserved 1179648K
  class space    used 15940K, committed 17024K, reserved 1048576K

Heap Regions: E=young(eden), S=young(survivor), O=old, HS=humongous(starts), HC=humongous(continues), CS=collection set, F=free, TAMS=top-at-mark-start, PB=parsable bottom
|   0|0x0000000700000000, 0x0000000700200000, 0x0000000700200000|100%|HS|  |TAMS 0x0000000700000000| PB 0x0000000700000000| Complete 
|   1|0x0000000700200000, 0x0000000700400000, 0x0000000700400000|100%|HC|  |TAMS 0x0000000700200000| PB 0x0000000700200000| Complete 
|   2|0x0000000700400000, 0x0000000700600000, 0x0000000700600000|100%| O|  |TAMS 0x0000000700400000| PB 0x0000000700400000| Untracked 
|   3|0x0000000700600000, 0x0000000700800000, 0x0000000700800000|100%| O|  |TAMS 0x0000000700600000| PB 0x0000000700600000| Untracked 
|   4|0x0000000700800000, 0x0000000700a00000, 0x0000000700a00000|100%| O|  |TAMS 0x0000000700800000| PB 0x0000000700800000| Untracked 
|   5|0x0000000700a00000, 0x0000000700c00000, 0x0000000700c00000|100%| O|  |TAMS 0x0000000700a00000| PB 0x0000000700a00000| Untracked 
|   6|0x0000000700c00000, 0x0000000700e00000, 0x0000000700e00000|100%| O|  |TAMS 0x0000000700c00000| PB 0x0000000700c00000| Untracked 
|   7|0x0000000700e00000, 0x0000000701000000, 0x0000000701000000|100%| O|  |TAMS 0x0000000700e00000| PB 0x0000000700e00000| Untracked 
|   8|0x0000000701000000, 0x0000000701200000, 0x0000000701200000|100%| O|  |TAMS 0x0000000701000000| PB 0x0000000701000000| Untracked 
|   9|0x0000000701200000, 0x0000000701400000, 0x0000000701400000|100%| O|  |TAMS 0x0000000701200000| PB 0x0000000701200000| Untracked 
|  10|0x0000000701400000, 0x0000000701600000, 0x0000000701600000|100%| O|  |TAMS 0x0000000701400000| PB 0x0000000701400000| Untracked 
|  11|0x0000000701600000, 0x0000000701800000, 0x0000000701800000|100%| O|  |TAMS 0x0000000701600000| PB 0x0000000701600000| Untracked 
|  12|0x0000000701800000, 0x0000000701a00000, 0x0000000701a00000|100%| O|  |TAMS 0x0000000701800000| PB 0x0000000701800000| Untracked 
|  13|0x0000000701a00000, 0x0000000701c00000, 0x0000000701c00000|100%| O|  |TAMS 0x0000000701a00000| PB 0x0000000701a00000| Untracked 
|  14|0x0000000701c00000, 0x0000000701e00000, 0x0000000701e00000|100%| O|  |TAMS 0x0000000701c00000| PB 0x0000000701c00000| Untracked 
|  15|0x0000000701e00000, 0x0000000702000000, 0x0000000702000000|100%| O|  |TAMS 0x0000000701e00000| PB 0x0000000701e00000| Untracked 
|  16|0x0000000702000000, 0x0000000702200000, 0x0000000702200000|100%| O|  |TAMS 0x0000000702000000| PB 0x0000000702000000| Untracked 
|  17|0x0000000702200000, 0x0000000702400000, 0x0000000702400000|100%| O|  |TAMS 0x0000000702200000| PB 0x0000000702200000| Untracked 
|  18|0x0000000702400000, 0x0000000702600000, 0x0000000702600000|100%| O|  |TAMS 0x0000000702400000| PB 0x0000000702400000| Untracked 
|  19|0x0000000702600000, 0x0000000702800000, 0x0000000702800000|100%| O|  |TAMS 0x0000000702600000| PB 0x0000000702600000| Untracked 
|  20|0x0000000702800000, 0x0000000702a00000, 0x0000000702a00000|100%| O|  |TAMS 0x0000000702800000| PB 0x0000000702800000| Untracked 
|  21|0x0000000702a00000, 0x0000000702c00000, 0x0000000702c00000|100%| O|  |TAMS 0x0000000702a00000| PB 0x0000000702a00000| Untracked 
|  22|0x0000000702c00000, 0x0000000702e00000, 0x0000000702e00000|100%| O|  |TAMS 0x0000000702c00000| PB 0x0000000702c00000| Untracked 
|  23|0x0000000702e00000, 0x0000000703000000, 0x0000000703000000|100%| O|  |TAMS 0x0000000702e00000| PB 0x0000000702e00000| Untracked 
|  24|0x0000000703000000, 0x0000000703200000, 0x0000000703200000|100%|HS|  |TAMS 0x0000000703000000| PB 0x0000000703000000| Complete 
|  25|0x0000000703200000, 0x0000000703400000, 0x0000000703400000|100%|HS|  |TAMS 0x0000000703200000| PB 0x0000000703200000| Complete 
|  26|0x0000000703400000, 0x0000000703600000, 0x0000000703600000|100%| O|  |TAMS 0x0000000703400000| PB 0x0000000703400000| Untracked 
|  27|0x0000000703600000, 0x0000000703800000, 0x0000000703800000|100%| O|  |TAMS 0x0000000703600000| PB 0x0000000703600000| Untracked 
|  28|0x0000000703800000, 0x0000000703a00000, 0x0000000703a00000|100%|HS|  |TAMS 0x0000000703800000| PB 0x0000000703800000| Complete 
|  29|0x0000000703a00000, 0x0000000703c00000, 0x0000000703c00000|100%|HC|  |TAMS 0x0000000703a00000| PB 0x0000000703a00000| Complete 
|  30|0x0000000703c00000, 0x0000000703e00000, 0x0000000703e00000|100%| O|  |TAMS 0x0000000703c00000| PB 0x0000000703c00000| Untracked 
|  31|0x0000000703e00000, 0x0000000704000000, 0x0000000704000000|100%| O|  |TAMS 0x0000000703e00000| PB 0x0000000703e00000| Untracked 
|  32|0x0000000704000000, 0x0000000704200000, 0x0000000704200000|100%| O|  |TAMS 0x0000000704000000| PB 0x0000000704000000| Untracked 
|  33|0x0000000704200000, 0x0000000704400000, 0x0000000704400000|100%| O|  |TAMS 0x0000000704200000| PB 0x0000000704200000| Untracked 
|  34|0x0000000704400000, 0x0000000704600000, 0x0000000704600000|100%| O|  |TAMS 0x0000000704400000| PB 0x0000000704400000| Untracked 
|  35|0x0000000704600000, 0x0000000704800000, 0x0000000704800000|100%| O|  |TAMS 0x0000000704600000| PB 0x0000000704600000| Untracked 
|  36|0x0000000704800000, 0x0000000704a00000, 0x0000000704a00000|100%|HS|  |TAMS 0x0000000704800000| PB 0x0000000704800000| Complete 
|  37|0x0000000704a00000, 0x0000000704c00000, 0x0000000704c00000|100%|HC|  |TAMS 0x0000000704a00000| PB 0x0000000704a00000| Complete 
|  38|0x0000000704c00000, 0x0000000704e00000, 0x0000000704e00000|100%| O|  |TAMS 0x0000000704c00000| PB 0x0000000704c00000| Untracked 
|  39|0x0000000704e00000, 0x0000000705000000, 0x0000000705000000|100%| O|  |TAMS 0x0000000704e00000| PB 0x0000000704e00000| Untracked 
|  40|0x0000000705000000, 0x0000000705000000, 0x0000000705200000|  0%| F|  |TAMS 0x0000000705000000| PB 0x0000000705000000| Untracked 
|  41|0x0000000705200000, 0x0000000705400000, 0x0000000705400000|100%| O|  |TAMS 0x0000000705200000| PB 0x0000000705200000| Untracked 
|  42|0x0000000705400000, 0x0000000705600000, 0x0000000705600000|100%| O|  |TAMS 0x0000000705400000| PB 0x0000000705400000| Untracked 
|  43|0x0000000705600000, 0x0000000705800000, 0x0000000705800000|100%| O|  |TAMS 0x0000000705600000| PB 0x0000000705600000| Untracked 
|  44|0x0000000705800000, 0x0000000705a00000, 0x0000000705a00000|100%| O|  |TAMS 0x0000000705800000| PB 0x0000000705800000| Untracked 
|  45|0x0000000705a00000, 0x0000000705c00000, 0x0000000705c00000|100%| O|  |TAMS 0x0000000705a00000| PB 0x0000000705a00000| Untracked 
|  46|0x0000000705c00000, 0x0000000705e00000, 0x0000000705e00000|100%| O|  |TAMS 0x0000000705c00000| PB 0x0000000705c00000| Untracked 
|  47|0x0000000705e00000, 0x0000000706000000, 0x0000000706000000|100%| O|  |TAMS 0x0000000705e00000| PB 0x0000000705e00000| Untracked 
|  48|0x0000000706000000, 0x0000000706200000, 0x0000000706200000|100%| O|  |TAMS 0x0000000706000000| PB 0x0000000706000000| Untracked 
|  49|0x0000000706200000, 0x0000000706400000, 0x0000000706400000|100%| O|  |TAMS 0x0000000706200000| PB 0x0000000706200000| Untracked 
|  50|0x0000000706400000, 0x0000000706600000, 0x0000000706600000|100%| O|  |TAMS 0x0000000706400000| PB 0x0000000706400000| Untracked 
|  51|0x0000000706600000, 0x0000000706800000, 0x0000000706800000|100%| O|  |TAMS 0x0000000706600000| PB 0x0000000706600000| Untracked 
|  52|0x0000000706800000, 0x0000000706a00000, 0x0000000706a00000|100%| O|  |TAMS 0x0000000706800000| PB 0x0000000706800000| Untracked 
|  53|0x0000000706a00000, 0x0000000706c00000, 0x0000000706c00000|100%| O|  |TAMS 0x0000000706a00000| PB 0x0000000706a00000| Untracked 
|  54|0x0000000706c00000, 0x0000000706e00000, 0x0000000706e00000|100%| O|  |TAMS 0x0000000706c00000| PB 0x0000000706c00000| Untracked 
|  55|0x0000000706e00000, 0x0000000706f985e8, 0x0000000707000000| 79%| O|  |TAMS 0x0000000706e00000| PB 0x0000000706e00000| Untracked 
|  56|0x0000000707000000, 0x0000000707000000, 0x0000000707200000|  0%| F|  |TAMS 0x0000000707000000| PB 0x0000000707000000| Untracked 
|  57|0x0000000707200000, 0x0000000707400000, 0x0000000707400000|100%| O|  |TAMS 0x0000000707200000| PB 0x0000000707200000| Untracked 
|  58|0x0000000707400000, 0x0000000707600000, 0x0000000707600000|100%| O|  |TAMS 0x0000000707400000| PB 0x0000000707400000| Untracked 
|  59|0x0000000707600000, 0x0000000707600000, 0x0000000707800000|  0%| F|  |TAMS 0x0000000707600000| PB 0x0000000707600000| Untracked 
|  60|0x0000000707800000, 0x0000000707800000, 0x0000000707a00000|  0%| F|  |TAMS 0x0000000707800000| PB 0x0000000707800000| Untracked 
|  61|0x0000000707a00000, 0x0000000707a00000, 0x0000000707c00000|  0%| F|  |TAMS 0x0000000707a00000| PB 0x0000000707a00000| Untracked 
|  62|0x0000000707c00000, 0x0000000707e00000, 0x0000000707e00000|100%| O|  |TAMS 0x0000000707c00000| PB 0x0000000707c00000| Untracked 
|  63|0x0000000707e00000, 0x0000000707e00000, 0x0000000708000000|  0%| F|  |TAMS 0x0000000707e00000| PB 0x0000000707e00000| Untracked 
|  64|0x0000000708000000, 0x000000070817baa8, 0x0000000708200000| 74%| S|CS|TAMS 0x0000000708000000| PB 0x0000000708000000| Complete 
|  65|0x0000000708200000, 0x0000000708400000, 0x0000000708400000|100%| S|CS|TAMS 0x0000000708200000| PB 0x0000000708200000| Complete 
|  66|0x0000000708400000, 0x0000000708600000, 0x0000000708600000|100%| S|CS|TAMS 0x0000000708400000| PB 0x0000000708400000| Complete 
|  67|0x0000000708600000, 0x0000000708800000, 0x0000000708800000|100%| S|CS|TAMS 0x0000000708600000| PB 0x0000000708600000| Complete 
|  68|0x0000000708800000, 0x0000000708800000, 0x0000000708a00000|  0%| F|  |TAMS 0x0000000708800000| PB 0x0000000708800000| Untracked 
|  69|0x0000000708a00000, 0x0000000708a00000, 0x0000000708c00000|  0%| F|  |TAMS 0x0000000708a00000| PB 0x0000000708a00000| Untracked 
|  70|0x0000000708c00000, 0x0000000708c00000, 0x0000000708e00000|  0%| F|  |TAMS 0x0000000708c00000| PB 0x0000000708c00000| Untracked 
|  71|0x0000000708e00000, 0x0000000708e00000, 0x0000000709000000|  0%| F|  |TAMS 0x0000000708e00000| PB 0x0000000708e00000| Untracked 
|  72|0x0000000709000000, 0x0000000709000000, 0x0000000709200000|  0%| F|  |TAMS 0x0000000709000000| PB 0x0000000709000000| Untracked 
|  73|0x0000000709200000, 0x0000000709200000, 0x0000000709400000|  0%| F|  |TAMS 0x0000000709200000| PB 0x0000000709200000| Untracked 
|  74|0x0000000709400000, 0x0000000709400000, 0x0000000709600000|  0%| F|  |TAMS 0x0000000709400000| PB 0x0000000709400000| Untracked 
|  75|0x0000000709600000, 0x0000000709600000, 0x0000000709800000|  0%| F|  |TAMS 0x0000000709600000| PB 0x0000000709600000| Untracked 
|  76|0x0000000709800000, 0x0000000709800000, 0x0000000709a00000|  0%| F|  |TAMS 0x0000000709800000| PB 0x0000000709800000| Untracked 
|  77|0x0000000709a00000, 0x0000000709a00000, 0x0000000709c00000|  0%| F|  |TAMS 0x0000000709a00000| PB 0x0000000709a00000| Untracked 
|  78|0x0000000709c00000, 0x0000000709c00000, 0x0000000709e00000|  0%| F|  |TAMS 0x0000000709c00000| PB 0x0000000709c00000| Untracked 
|  79|0x0000000709e00000, 0x0000000709e00000, 0x000000070a000000|  0%| F|  |TAMS 0x0000000709e00000| PB 0x0000000709e00000| Untracked 
|  80|0x000000070a000000, 0x000000070a000000, 0x000000070a200000|  0%| F|  |TAMS 0x000000070a000000| PB 0x000000070a000000| Untracked 
|  81|0x000000070a200000, 0x000000070a200000, 0x000000070a400000|  0%| F|  |TAMS 0x000000070a200000| PB 0x000000070a200000| Untracked 
|  82|0x000000070a400000, 0x000000070a400000, 0x000000070a600000|  0%| F|  |TAMS 0x000000070a400000| PB 0x000000070a400000| Untracked 
|  83|0x000000070a600000, 0x000000070a600000, 0x000000070a800000|  0%| F|  |TAMS 0x000000070a600000| PB 0x000000070a600000| Untracked 
|  84|0x000000070a800000, 0x000000070a800000, 0x000000070aa00000|  0%| F|  |TAMS 0x000000070a800000| PB 0x000000070a800000| Untracked 
|  85|0x000000070aa00000, 0x000000070aa00000, 0x000000070ac00000|  0%| F|  |TAMS 0x000000070aa00000| PB 0x000000070aa00000| Untracked 
|  86|0x000000070ac00000, 0x000000070ac00000, 0x000000070ae00000|  0%| F|  |TAMS 0x000000070ac00000| PB 0x000000070ac00000| Untracked 
|  87|0x000000070ae00000, 0x000000070ae00000, 0x000000070b000000|  0%| F|  |TAMS 0x000000070ae00000| PB 0x000000070ae00000| Untracked 
|  88|0x000000070b000000, 0x000000070b000000, 0x000000070b200000|  0%| F|  |TAMS 0x000000070b000000| PB 0x000000070b000000| Untracked 
|  89|0x000000070b200000, 0x000000070b200000, 0x000000070b400000|  0%| F|  |TAMS 0x000000070b200000| PB 0x000000070b200000| Untracked 
|  90|0x000000070b400000, 0x000000070b400000, 0x000000070b600000|  0%| F|  |TAMS 0x000000070b400000| PB 0x000000070b400000| Untracked 
|  91|0x000000070b600000, 0x000000070b600000, 0x000000070b800000|  0%| F|  |TAMS 0x000000070b600000| PB 0x000000070b600000| Untracked 
|  92|0x000000070b800000, 0x000000070b800000, 0x000000070ba00000|  0%| F|  |TAMS 0x000000070b800000| PB 0x000000070b800000| Untracked 
|  93|0x000000070ba00000, 0x000000070ba00000, 0x000000070bc00000|  0%| F|  |TAMS 0x000000070ba00000| PB 0x000000070ba00000| Untracked 
|  94|0x000000070bc00000, 0x000000070bc00000, 0x000000070be00000|  0%| F|  |TAMS 0x000000070bc00000| PB 0x000000070bc00000| Untracked 
|  95|0x000000070be00000, 0x000000070be00000, 0x000000070c000000|  0%| F|  |TAMS 0x000000070be00000| PB 0x000000070be00000| Untracked 
|  96|0x000000070c000000, 0x000000070c000000, 0x000000070c200000|  0%| F|  |TAMS 0x000000070c000000| PB 0x000000070c000000| Untracked 
|  97|0x000000070c200000, 0x000000070c200000, 0x000000070c400000|  0%| F|  |TAMS 0x000000070c200000| PB 0x000000070c200000| Untracked 
|  98|0x000000070c400000, 0x000000070c400000, 0x000000070c600000|  0%| F|  |TAMS 0x000000070c400000| PB 0x000000070c400000| Untracked 
|  99|0x000000070c600000, 0x000000070c600000, 0x000000070c800000|  0%| F|  |TAMS 0x000000070c600000| PB 0x000000070c600000| Untracked 
| 100|0x000000070c800000, 0x000000070c800000, 0x000000070ca00000|  0%| F|  |TAMS 0x000000070c800000| PB 0x000000070c800000| Untracked 
| 101|0x000000070ca00000, 0x000000070ca00000, 0x000000070cc00000|  0%| F|  |TAMS 0x000000070ca00000| PB 0x000000070ca00000| Untracked 
| 102|0x000000070cc00000, 0x000000070cc00000, 0x000000070ce00000|  0%| F|  |TAMS 0x000000070cc00000| PB 0x000000070cc00000| Untracked 
| 103|0x000000070ce00000, 0x000000070ce00000, 0x000000070d000000|  0%| F|  |TAMS 0x000000070ce00000| PB 0x000000070ce00000| Untracked 
| 104|0x000000070d000000, 0x000000070d000000, 0x000000070d200000|  0%| F|  |TAMS 0x000000070d000000| PB 0x000000070d000000| Untracked 
| 105|0x000000070d200000, 0x000000070d200000, 0x000000070d400000|  0%| F|  |TAMS 0x000000070d200000| PB 0x000000070d200000| Untracked 
| 106|0x000000070d400000, 0x000000070d400000, 0x000000070d600000|  0%| F|  |TAMS 0x000000070d400000| PB 0x000000070d400000| Untracked 
| 107|0x000000070d600000, 0x000000070d600000, 0x000000070d800000|  0%| F|  |TAMS 0x000000070d600000| PB 0x000000070d600000| Untracked 
| 108|0x000000070d800000, 0x000000070d800000, 0x000000070da00000|  0%| F|  |TAMS 0x000000070d800000| PB 0x000000070d800000| Untracked 
| 109|0x000000070da00000, 0x000000070da00000, 0x000000070dc00000|  0%| F|  |TAMS 0x000000070da00000| PB 0x000000070da00000| Untracked 
| 110|0x000000070dc00000, 0x000000070dc00000, 0x000000070de00000|  0%| F|  |TAMS 0x000000070dc00000| PB 0x000000070dc00000| Untracked 
| 111|0x000000070de00000, 0x000000070de00000, 0x000000070e000000|  0%| F|  |TAMS 0x000000070de00000| PB 0x000000070de00000| Untracked 
| 112|0x000000070e000000, 0x000000070e000000, 0x000000070e200000|  0%| F|  |TAMS 0x000000070e000000| PB 0x000000070e000000| Untracked 
| 113|0x000000070e200000, 0x000000070e200000, 0x000000070e400000|  0%| F|  |TAMS 0x000000070e200000| PB 0x000000070e200000| Untracked 
| 114|0x000000070e400000, 0x000000070e400000, 0x000000070e600000|  0%| F|  |TAMS 0x000000070e400000| PB 0x000000070e400000| Untracked 
| 115|0x000000070e600000, 0x000000070e600000, 0x000000070e800000|  0%| F|  |TAMS 0x000000070e600000| PB 0x000000070e600000| Untracked 
| 116|0x000000070e800000, 0x000000070e800000, 0x000000070ea00000|  0%| F|  |TAMS 0x000000070e800000| PB 0x000000070e800000| Untracked 
| 117|0x000000070ea00000, 0x000000070ea00000, 0x000000070ec00000|  0%| F|  |TAMS 0x000000070ea00000| PB 0x000000070ea00000| Untracked 
| 125|0x000000070fa00000, 0x000000070fa00000, 0x000000070fc00000|  0%| F|  |TAMS 0x000000070fa00000| PB 0x000000070fa00000| Untracked 
|2044|0x00000007ff800000, 0x00000007ff800000, 0x00000007ffa00000|  0%| F|  |TAMS 0x00000007ff800000| PB 0x00000007ff800000| Untracked 
|2045|0x00000007ffa00000, 0x00000007ffc00000, 0x00000007ffc00000|100%| O|  |TAMS 0x00000007ffa00000| PB 0x00000007ffa00000| Untracked 
|2046|0x00000007ffc00000, 0x00000007ffc00000, 0x00000007ffe00000|  0%| F|  |TAMS 0x00000007ffc00000| PB 0x00000007ffc00000| Untracked 
|2047|0x00000007ffe00000, 0x0000000800000000, 0x0000000800000000|100%| O|  |TAMS 0x00000007ffe00000| PB 0x00000007ffe00000| Untracked 

Card table byte_map: [0x000001f19dd30000,0x000001f19e530000] _byte_map_base: 0x000001f19a530000

Marking Bits: (CMBitMap*) 0x000001f18aef6060
 Bits: [0x000001f19e530000, 0x000001f1a2530000)

Polling page: 0x000001f188da0000

Metaspace:

Usage:
  Non-class:     99.70 MB used.
      Class:     15.57 MB used.
       Both:    115.26 MB used.

Virtual space:
  Non-class space:      128.00 MB reserved,     100.75 MB ( 79%) committed,  2 nodes.
      Class space:        1.00 GB reserved,      16.62 MB (  2%) committed,  1 nodes.
             Both:        1.12 GB reserved,     117.38 MB ( 10%) committed. 

Chunk freelists:
   Non-Class:  10.53 MB
       Class:  15.27 MB
        Both:  25.80 MB

MaxMetaspaceSize: unlimited
CompressedClassSpaceSize: 1.00 GB
Initial GC threshold: 21.00 MB
Current GC threshold: 195.31 MB
CDS: off
 - commit_granule_bytes: 65536.
 - commit_granule_words: 8192.
 - virtual_space_node_default_size: 8388608.
 - enlarge_chunks_in_place: 1.
 - use_allocation_guard: 0.


Internal statistics:

num_allocs_failed_limit: 9.
num_arena_births: 4190.
num_arena_deaths: 0.
num_vsnodes_births: 3.
num_vsnodes_deaths: 0.
num_space_committed: 1877.
num_space_uncommitted: 0.
num_chunks_returned_to_freelist: 9.
num_chunks_taken_from_freelist: 9134.
num_chunk_merges: 9.
num_chunk_splits: 6016.
num_chunks_enlarged: 3856.
num_inconsistent_stats: 0.

CodeHeap 'non-profiled nmethods': size=120000Kb used=8326Kb max_used=8326Kb free=111674Kb
 bounds [0x000001f195aa0000, 0x000001f1962d0000, 0x000001f19cfd0000]
CodeHeap 'profiled nmethods': size=120000Kb used=22463Kb max_used=22997Kb free=97536Kb
 bounds [0x000001f18dfd0000, 0x000001f18f650000, 0x000001f195500000]
CodeHeap 'non-nmethods': size=5760Kb used=2115Kb max_used=2181Kb free=3644Kb
 bounds [0x000001f195500000, 0x000001f195770000, 0x000001f195aa0000]
 total_blobs=13010 nmethods=12154 adapters=760
 compilation: enabled
              stopped_count=0, restarted_count=0
 full_count=0

Compilation events (20 events):
Event: 12.329 Thread 0x000001f1a53b4f40 nmethod 14292 0x000001f1962bc110 code [0x000001f1962bc2c0, 0x000001f1962bc600]
Event: 12.329 Thread 0x000001f1a53b4f40 14294       4       org.gradle.internal.logging.sink.OutputEventTransformer::onOutput (369 bytes)
Event: 12.335 Thread 0x000001f1aa0ef180 nmethod 14293 0x000001f1962bc890 code [0x000001f1962bca80, 0x000001f1962bd0f8]
Event: 12.335 Thread 0x000001f1aa0ef180 14295       4       org.gradle.internal.operations.DefaultBuildOperationAncestryTracker::started (26 bytes)
Event: 12.337 Thread 0x000001f1aa0ef180 nmethod 14295 0x000001f1962bd610 code [0x000001f1962bd7a0, 0x000001f1962bd8e8]
Event: 12.337 Thread 0x000001f1aa0ef180 14298       4       com.google.common.collect.ImmutableSortedMap$Builder::buildOrThrow (90 bytes)
Event: 12.343 Thread 0x000001f1a53b4f40 nmethod 14294 0x000001f1962bda90 code [0x000001f1962bdd40, 0x000001f1962be608]
Event: 12.343 Thread 0x000001f1a53b4f40 14301       4       org.gradle.internal.snapshot.SnapshotUtil$2::handleAsDescendantOfChild (10 bytes)
Event: 12.347 Thread 0x000001f1a53b4f40 nmethod 14301 0x000001f1962bee90 code [0x000001f1962bf060, 0x000001f1962bf3d8]
Event: 12.347 Thread 0x000001f1a53b4f40 14296       4       org.gradle.api.internal.artifacts.transform.TransformWorkspaceIdentity::hashCode (8 bytes)
Event: 12.348 Thread 0x000001f1aa0ef180 nmethod 14298 0x000001f1962bf610 code [0x000001f1962bf820, 0x000001f1962c0180]
Event: 12.348 Thread 0x000001f1aa0ef180 14300       4       org.gradle.internal.snapshot.AbstractFileSystemLocationSnapshot::getSnapshot (5 bytes)
Event: 12.349 Thread 0x000001f1aa0ef180 nmethod 14300 0x000001f1962c0690 code [0x000001f1962c0820, 0x000001f1962c0910]
Event: 12.349 Thread 0x000001f1aa0ef180 14299       4       org.gradle.internal.vfs.impl.DefaultFileSystemAccess$$Lambda/0x00000008006a3a80::apply (8 bytes)
Event: 12.349 Thread 0x000001f1a53b4f40 nmethod 14296 0x000001f1962c0a10 code [0x000001f1962c0ba0, 0x000001f1962c0cf0]
Event: 12.349 Thread 0x000001f1a53b4f40 14297       4       org.gradle.internal.operations.DefaultBuildOperationProgressEventEmitter::doEmit (21 bytes)
Event: 12.350 Thread 0x000001f1aa0ef180 nmethod 14299 0x000001f1962c0e10 code [0x000001f1962c0fa0, 0x000001f1962c10f8]
Event: 12.351 Thread 0x000001f1aa0ef180 14303       4       org.gradle.internal.execution.DefaultWorkExecutionTracker$OperationListener::started (60 bytes)
Event: 12.353 Thread 0x000001f1aa0ef180 nmethod 14303 0x000001f1962c1210 code [0x000001f1962c13e0, 0x000001f1962c15c8]
Event: 12.353 Thread 0x000001f1aa0ef180 14302       4       org.gradle.internal.Try$Success::getOrMapFailure (5 bytes)

GC Heap History (20 events):
Event: 7.790 GC heap after
{Heap after GC invocations=29 (full 0):
 garbage-first heap   total 172032K, used 96486K [0x0000000700000000, 0x0000000800000000)
  region size 2048K, 2 young (4096K), 2 survivors (4096K)
 Metaspace       used 96656K, committed 98624K, reserved 1179648K
  class space    used 12942K, committed 13952K, reserved 1048576K
}
Event: 8.294 GC heap before
{Heap before GC invocations=30 (full 0):
 garbage-first heap   total 172032K, used 155878K [0x0000000700000000, 0x0000000800000000)
  region size 2048K, 31 young (63488K), 2 survivors (4096K)
 Metaspace       used 101467K, committed 103552K, reserved 1179648K
  class space    used 13765K, committed 14784K, reserved 1048576K
}
Event: 8.298 GC heap after
{Heap after GC invocations=31 (full 0):
 garbage-first heap   total 172032K, used 98311K [0x0000000700000000, 0x0000000800000000)
  region size 2048K, 3 young (6144K), 3 survivors (6144K)
 Metaspace       used 101467K, committed 103552K, reserved 1179648K
  class space    used 13765K, committed 14784K, reserved 1048576K
}
Event: 8.852 GC heap before
{Heap before GC invocations=31 (full 0):
 garbage-first heap   total 172032K, used 153607K [0x0000000700000000, 0x0000000800000000)
  region size 2048K, 30 young (61440K), 3 survivors (6144K)
 Metaspace       used 105112K, committed 107200K, reserved 1179648K
  class space    used 14307K, committed 15360K, reserved 1048576K
}
Event: 8.859 GC heap after
{Heap after GC invocations=32 (full 0):
 garbage-first heap   total 172032K, used 99191K [0x0000000700000000, 0x0000000800000000)
  region size 2048K, 3 young (6144K), 3 survivors (6144K)
 Metaspace       used 105112K, committed 107200K, reserved 1179648K
  class space    used 14307K, committed 15360K, reserved 1048576K
}
Event: 9.484 GC heap before
{Heap before GC invocations=32 (full 0):
 garbage-first heap   total 172032K, used 154487K [0x0000000700000000, 0x0000000800000000)
  region size 2048K, 30 young (61440K), 3 survivors (6144K)
 Metaspace       used 109224K, committed 111360K, reserved 1179648K
  class space    used 14923K, committed 16000K, reserved 1048576K
}
Event: 9.490 GC heap after
{Heap after GC invocations=33 (full 0):
 garbage-first heap   total 172032K, used 102088K [0x0000000700000000, 0x0000000800000000)
  region size 2048K, 3 young (6144K), 3 survivors (6144K)
 Metaspace       used 109224K, committed 111360K, reserved 1179648K
  class space    used 14923K, committed 16000K, reserved 1048576K
}
Event: 10.137 GC heap before
{Heap before GC invocations=34 (full 0):
 garbage-first heap   total 172032K, used 153288K [0x0000000700000000, 0x0000000800000000)
  region size 2048K, 29 young (59392K), 3 survivors (6144K)
 Metaspace       used 112752K, committed 114880K, reserved 1179648K
  class space    used 15388K, committed 16448K, reserved 1048576K
}
Event: 10.144 GC heap after
{Heap after GC invocations=35 (full 0):
 garbage-first heap   total 172032K, used 107712K [0x0000000700000000, 0x0000000800000000)
  region size 2048K, 4 young (8192K), 4 survivors (8192K)
 Metaspace       used 112752K, committed 114880K, reserved 1179648K
  class space    used 15388K, committed 16448K, reserved 1048576K
}
Event: 10.673 GC heap before
{Heap before GC invocations=35 (full 0):
 garbage-first heap   total 172032K, used 150720K [0x0000000700000000, 0x0000000800000000)
  region size 2048K, 26 young (53248K), 4 survivors (8192K)
 Metaspace       used 116839K, committed 119040K, reserved 1179648K
  class space    used 15841K, committed 16960K, reserved 1048576K
}
Event: 10.682 GC heap after
{Heap after GC invocations=36 (full 0):
 garbage-first heap   total 206848K, used 112081K [0x0000000700000000, 0x0000000800000000)
  region size 2048K, 3 young (6144K), 3 survivors (6144K)
 Metaspace       used 116839K, committed 119040K, reserved 1179648K
  class space    used 15841K, committed 16960K, reserved 1048576K
}
Event: 11.317 GC heap before
{Heap before GC invocations=36 (full 0):
 garbage-first heap   total 206848K, used 185809K [0x0000000700000000, 0x0000000800000000)
  region size 2048K, 40 young (81920K), 3 survivors (6144K)
 Metaspace       used 117726K, committed 119936K, reserved 1179648K
  class space    used 15907K, committed 17024K, reserved 1048576K
}
Event: 11.325 GC heap after
{Heap after GC invocations=37 (full 0):
 garbage-first heap   total 206848K, used 122668K [0x0000000700000000, 0x0000000800000000)
  region size 2048K, 5 young (10240K), 5 survivors (10240K)
 Metaspace       used 117726K, committed 119936K, reserved 1179648K
  class space    used 15907K, committed 17024K, reserved 1048576K
}
Event: 11.473 GC heap before
{Heap before GC invocations=37 (full 0):
 garbage-first heap   total 206848K, used 184108K [0x0000000700000000, 0x0000000800000000)
  region size 2048K, 35 young (71680K), 5 survivors (10240K)
 Metaspace       used 117744K, committed 119936K, reserved 1179648K
  class space    used 15908K, committed 17024K, reserved 1048576K
}
Event: 11.479 GC heap after
{Heap after GC invocations=38 (full 0):
 garbage-first heap   total 206848K, used 126046K [0x0000000700000000, 0x0000000800000000)
  region size 2048K, 3 young (6144K), 3 survivors (6144K)
 Metaspace       used 117744K, committed 119936K, reserved 1179648K
  class space    used 15908K, committed 17024K, reserved 1048576K
}
Event: 11.700 GC heap before
{Heap before GC invocations=38 (full 0):
 garbage-first heap   total 206848K, used 183390K [0x0000000700000000, 0x0000000800000000)
  region size 2048K, 32 young (65536K), 3 survivors (6144K)
 Metaspace       used 117764K, committed 119936K, reserved 1179648K
  class space    used 15908K, committed 17024K, reserved 1048576K
}
Event: 11.704 GC heap after
{Heap after GC invocations=39 (full 0):
 garbage-first heap   total 206848K, used 126923K [0x0000000700000000, 0x0000000800000000)
  region size 2048K, 3 young (6144K), 3 survivors (6144K)
 Metaspace       used 117764K, committed 119936K, reserved 1179648K
  class space    used 15908K, committed 17024K, reserved 1048576K
}
Event: 11.995 GC heap before
{Heap before GC invocations=40 (full 0):
 garbage-first heap   total 215040K, used 184267K [0x0000000700000000, 0x0000000800000000)
  region size 2048K, 32 young (65536K), 3 survivors (6144K)
 Metaspace       used 117861K, committed 120064K, reserved 1179648K
  class space    used 15914K, committed 17024K, reserved 1048576K
}
Event: 12.002 GC heap after
{Heap after GC invocations=41 (full 0):
 garbage-first heap   total 215040K, used 129532K [0x0000000700000000, 0x0000000800000000)
  region size 2048K, 4 young (8192K), 4 survivors (8192K)
 Metaspace       used 117861K, committed 120064K, reserved 1179648K
  class space    used 15914K, committed 17024K, reserved 1048576K
}
Event: 12.353 GC heap before
{Heap before GC invocations=41 (full 0):
 garbage-first heap   total 215040K, used 190972K [0x0000000700000000, 0x0000000800000000)
  region size 2048K, 35 young (71680K), 4 survivors (8192K)
 Metaspace       used 118028K, committed 120192K, reserved 1179648K
  class space    used 15940K, committed 17024K, reserved 1048576K
}

Dll operation events (3 events):
Event: 0.008 Loaded shared library C:\Program Files\Android\Android Studio\jbr\bin\java.dll
Event: 0.014 Loaded shared library C:\Program Files\Android\Android Studio\jbr\bin\zip.dll
Event: 0.340 Loaded shared library C:\Program Files\Android\Android Studio\jbr\bin\verify.dll

Deoptimization events (20 events):
Event: 12.206 Thread 0x000001f1ae184590 Uncommon trap: trap_request=0xffffffde fr.pc=0x000001f195cdc750 relative=0x0000000000000110
Event: 12.206 Thread 0x000001f1ae184590 Uncommon trap: reason=class_check action=maybe_recompile pc=0x000001f195cdc750 method=org.gradle.internal.snapshot.SnapshotUtil$2.handleAsDescendantOfChild(Lorg/gradle/internal/snapshot/VfsRelativePath;Ljava/lang/Object;)Ljava/lang/Object; @ 3 c2
Event: 12.206 Thread 0x000001f1ae184590 DEOPT PACKING pc=0x000001f195cdc750 sp=0x000000f1630fb9a0
Event: 12.206 Thread 0x000001f1ae184590 DEOPT UNPACKING pc=0x000001f1955546a2 sp=0x000000f1630fb918 mode 2
Event: 12.207 Thread 0x000001f1ae184590 Uncommon trap: trap_request=0xffffffde fr.pc=0x000001f19629b718 relative=0x00000000000026d8
Event: 12.207 Thread 0x000001f1ae184590 Uncommon trap: reason=class_check action=maybe_recompile pc=0x000001f19629b718 method=org.gradle.internal.snapshot.AbstractIncompleteFileSystemNode$2.handleAsDescendantOfChild(Lorg/gradle/internal/snapshot/VfsRelativePath;Ljava/lang/Object;)Ljava/lang/Obj
Event: 12.207 Thread 0x000001f1ae184590 DEOPT PACKING pc=0x000001f19629b718 sp=0x000000f1630faea0
Event: 12.207 Thread 0x000001f1ae184590 DEOPT UNPACKING pc=0x000001f1955546a2 sp=0x000000f1630facf8 mode 2
Event: 12.207 Thread 0x000001f1ae184590 Uncommon trap: trap_request=0xffffffde fr.pc=0x000001f195cdc750 relative=0x0000000000000110
Event: 12.207 Thread 0x000001f1ae184590 Uncommon trap: reason=class_check action=maybe_recompile pc=0x000001f195cdc750 method=org.gradle.internal.snapshot.SnapshotUtil$2.handleAsDescendantOfChild(Lorg/gradle/internal/snapshot/VfsRelativePath;Ljava/lang/Object;)Ljava/lang/Object; @ 3 c2
Event: 12.207 Thread 0x000001f1ae184590 DEOPT PACKING pc=0x000001f195cdc750 sp=0x000000f1630fb890
Event: 12.207 Thread 0x000001f1ae184590 DEOPT UNPACKING pc=0x000001f1955546a2 sp=0x000000f1630fb808 mode 2
Event: 12.207 Thread 0x000001f1ae184590 Uncommon trap: trap_request=0xffffffde fr.pc=0x000001f19629b718 relative=0x00000000000026d8
Event: 12.207 Thread 0x000001f1ae184590 Uncommon trap: reason=class_check action=maybe_recompile pc=0x000001f19629b718 method=org.gradle.internal.snapshot.AbstractIncompleteFileSystemNode$2.handleAsDescendantOfChild(Lorg/gradle/internal/snapshot/VfsRelativePath;Ljava/lang/Object;)Ljava/lang/Obj
Event: 12.207 Thread 0x000001f1ae184590 DEOPT PACKING pc=0x000001f19629b718 sp=0x000000f1630fad90
Event: 12.207 Thread 0x000001f1ae184590 DEOPT UNPACKING pc=0x000001f1955546a2 sp=0x000000f1630fabe8 mode 2
Event: 12.207 Thread 0x000001f1ae184590 Uncommon trap: trap_request=0xffffffde fr.pc=0x000001f19629b718 relative=0x00000000000026d8
Event: 12.207 Thread 0x000001f1ae184590 Uncommon trap: reason=class_check action=maybe_recompile pc=0x000001f19629b718 method=org.gradle.internal.snapshot.AbstractIncompleteFileSystemNode$2.handleAsDescendantOfChild(Lorg/gradle/internal/snapshot/VfsRelativePath;Ljava/lang/Object;)Ljava/lang/Obj
Event: 12.207 Thread 0x000001f1ae184590 DEOPT PACKING pc=0x000001f19629b718 sp=0x000000f1630fa960
Event: 12.208 Thread 0x000001f1ae184590 DEOPT UNPACKING pc=0x000001f1955546a2 sp=0x000000f1630fa7b8 mode 2

Classes loaded (20 events):
Event: 10.587 Loading class java/time/Instant$1
Event: 10.588 Loading class java/time/Instant$1 done
Event: 10.603 Loading class java/util/stream/ReferencePipeline$4
Event: 10.603 Loading class java/util/stream/ReferencePipeline$4 done
Event: 10.603 Loading class java/util/stream/ReduceOps$6
Event: 10.603 Loading class java/util/stream/ReduceOps$6 done
Event: 10.603 Loading class java/util/stream/ReduceOps$5ReducingSink
Event: 10.603 Loading class java/util/stream/ReduceOps$5ReducingSink done
Event: 10.603 Loading class java/util/stream/ReferencePipeline$4$1
Event: 10.604 Loading class java/util/stream/ReferencePipeline$4$1 done
Event: 10.686 Loading class java/io/CharArrayWriter
Event: 10.686 Loading class java/io/CharArrayWriter done
Event: 10.689 Loading class java/io/SequenceInputStream
Event: 10.689 Loading class java/io/SequenceInputStream done
Event: 10.695 Loading class java/util/function/IntUnaryOperator
Event: 10.695 Loading class java/util/function/IntUnaryOperator done
Event: 11.105 Loading class java/util/concurrent/LinkedBlockingDeque$Itr
Event: 11.105 Loading class java/util/concurrent/LinkedBlockingDeque$AbstractItr
Event: 11.105 Loading class java/util/concurrent/LinkedBlockingDeque$AbstractItr done
Event: 11.105 Loading class java/util/concurrent/LinkedBlockingDeque$Itr done

Classes unloaded (0 events):
No events

Classes redefined (0 events):
No events

Internal exceptions (20 events):
Event: 10.493 Thread 0x000001f1ae183870 Exception <a 'java/lang/NoSuchMethodError'{0x00000007089294f0}: 'java.lang.Object java.lang.invoke.DirectMethodHandle$Holder.newInvokeSpecial(java.lang.Object, java.lang.Object, int, java.lang.Object, java.lang.Object)'> (0x00000007089294f0) 
thrown [s\src\hotspot\share\interpreter\linkResolver.cpp, line 784]
Event: 10.525 Thread 0x000001f1ae184590 Exception <a 'java/lang/NoSuchMethodError'{0x000000070854d328}: 'java.lang.Object java.lang.invoke.DirectMethodHandle$Holder.invokeVirtual(java.lang.Object, java.lang.Object, java.lang.Object, java.lang.Object, java.lang.Object, java.lang.Object, java.lang.Object, java.lang.Object, java.lang.Object, java.lang.Object, java.lang.Object, java.lang.Object, java.lang.Object, java.lang.Object, java.lang.Object, java.lang.Object, java.lang.Object, java.lang.Object, java.lang.Object)'> (0x000000070854d328) 
thrown
Event: 10.532 Thread 0x000001f1ab4c8440 Exception <a 'java/lang/NoSuchMethodError'{0x0000000708236048}: static Lorg/gradle/internal/build/event/types/DefaultTaskStartedProgressEvent;.<clinit>()V> (0x0000000708236048) 
thrown [s\src\hotspot\share\prims\jni.cpp, line 1135]
Event: 10.533 Thread 0x000001f1ab4c8440 Exception <a 'java/lang/NoSuchMethodError'{0x0000000708241288}: static Lorg/gradle/internal/build/event/types/DefaultTaskDescriptor;.<clinit>()V> (0x0000000708241288) 
thrown [s\src\hotspot\share\prims\jni.cpp, line 1135]
Event: 10.538 Thread 0x000001f1ab4c8440 Exception <a 'java/lang/NoSuchMethodError'{0x00000007082abee8}: static Lorg/gradle/internal/build/event/types/DefaultTaskFinishedProgressEvent;.<clinit>()V> (0x00000007082abee8) 
thrown [s\src\hotspot\share\prims\jni.cpp, line 1135]
Event: 10.540 Thread 0x000001f1ab4c8440 Exception <a 'java/lang/NoSuchMethodError'{0x00000007082f46d0}: static Lorg/gradle/internal/build/event/types/DefaultTaskSuccessResult;.<clinit>()V> (0x00000007082f46d0) 
thrown [s\src\hotspot\share\prims\jni.cpp, line 1135]
Event: 10.540 Thread 0x000001f1ab4c8440 Exception <a 'java/lang/NoSuchMethodError'{0x00000007082f5e38}: static Lorg/gradle/internal/build/event/types/AbstractTaskResult;.<clinit>()V> (0x00000007082f5e38) 
thrown [s\src\hotspot\share\prims\jni.cpp, line 1135]
Event: 10.556 Thread 0x000001f1af1b9c70 Exception <a 'java/lang/NoSuchMethodError'{0x0000000708001d08}: static Lcom/android/buildanalyzer/common/AndroidGradlePluginAttributionData$BuildInfo;.<clinit>()V> (0x0000000708001d08) 
thrown [s\src\hotspot\share\prims\jni.cpp, line 1135]
Event: 10.556 Thread 0x000001f1af1c0570 Exception <a 'java/lang/NoSuchMethodError'{0x0000000708293808}: static Ljava/lang/Object;.<clinit>()V> (0x0000000708293808) 
thrown [s\src\hotspot\share\prims\jni.cpp, line 1135]
Event: 10.558 Thread 0x000001f1af1b9c70 Exception <a 'java/lang/NoSuchMethodError'{0x000000070803b5a0}: static Lcom/android/buildanalyzer/common/AndroidGradlePluginAttributionData$JavaInfo;.<clinit>()V> (0x000000070803b5a0) 
thrown [s\src\hotspot\share\prims\jni.cpp, line 1135]
Event: 10.562 Thread 0x000001f1af1b9c70 Exception <a 'java/lang/NoSuchMethodError'{0x0000000708106380}: static [Ljava/lang/String;.<clinit>()V> (0x0000000708106380) 
thrown [s\src\hotspot\share\prims\jni.cpp, line 1135]
Event: 10.563 Thread 0x000001f1af1b9c70 Exception <a 'java/lang/NoSuchMethodError'{0x00000007081129d0}: static Lcom/android/buildanalyzer/common/AndroidGradlePluginAttributionData$TaskInfo;.<clinit>()V> (0x00000007081129d0) 
thrown [s\src\hotspot\share\prims\jni.cpp, line 1135]
Event: 10.564 Thread 0x000001f1af1b9c70 Exception <a 'java/lang/NoSuchMethodError'{0x00000007081c4d38}: static Lcom/android/buildanalyzer/common/AndroidGradlePluginAttributionData$TaskCategoryInfo;.<clinit>()V> (0x00000007081c4d38) 
thrown [s\src\hotspot\share\prims\jni.cpp, line 1135]
Event: 10.576 Thread 0x000001f1ae184590 Exception <a 'sun/nio/fs/WindowsException'{0x0000000707e71778}> (0x0000000707e71778) 
thrown [s\src\hotspot\share\prims\jni.cpp, line 535]
Event: 10.578 Thread 0x000001f1af1c0570 Exception <a 'java/lang/NoSuchMethodError'{0x0000000707f9aee8}: static Lorg/jetbrains/kotlin/gradle/plugin/statistics/MetricContainer;.<clinit>()V> (0x0000000707f9aee8) 
thrown [s\src\hotspot\share\prims\jni.cpp, line 1135]
Event: 10.594 Thread 0x000001f1ab4c8440 Exception <a 'java/lang/NoSuchMethodError'{0x0000000707d3c9b8}: static Lorg/gradle/internal/build/event/types/DefaultTaskSkippedResult;.<clinit>()V> (0x0000000707d3c9b8) 
thrown [s\src\hotspot\share\prims\jni.cpp, line 1135]
Event: 10.610 Thread 0x000001f1ae184590 Exception <a 'java/lang/IncompatibleClassChangeError'{0x0000000707d6c3a0}: Found class java.lang.Object, but interface was expected> (0x0000000707d6c3a0) 
thrown [s\src\hotspot\share\interpreter\linkResolver.cpp, line 851]
Event: 10.622 Thread 0x000001f1ae184590 Exception <a 'java/lang/NoSuchMethodError'{0x0000000707ad02d8}: 'int java.lang.invoke.DirectMethodHandle$Holder.invokeStaticInit(java.lang.Object, java.lang.Object, java.lang.Object, java.lang.Object, java.lang.Object)'> (0x0000000707ad02d8) 
thrown [s\src\hotspot\share\interpreter\linkResolver.cpp, line 784]
Event: 10.695 Thread 0x000001f1ae184590 Exception <a 'java/lang/NoSuchMethodError'{0x00000007ffceb178}: 'int java.lang.invoke.DirectMethodHandle$Holder.invokeSpecial(java.lang.Object, java.lang.Object, int)'> (0x00000007ffceb178) 
thrown [s\src\hotspot\share\interpreter\linkResolver.cpp, line 784]
Event: 11.375 Thread 0x000001f1ae312360 Implicit null exception at 0x000001f1962271bd to 0x000001f196227231

ZGC Phase Switch (0 events):
No events

VM Operations (20 events):
Event: 11.257 Executing VM operation: ICBufferFull done
Event: 11.317 Executing VM operation: G1CollectForAllocation (G1 Evacuation Pause)
Event: 11.325 Executing VM operation: G1CollectForAllocation (G1 Evacuation Pause) done
Event: 11.472 Executing VM operation: G1CollectForAllocation (G1 Evacuation Pause)
Event: 11.479 Executing VM operation: G1CollectForAllocation (G1 Evacuation Pause) done
Event: 11.700 Executing VM operation: G1CollectForAllocation (G1 Evacuation Pause)
Event: 11.704 Executing VM operation: G1CollectForAllocation (G1 Evacuation Pause) done
Event: 11.782 Executing VM operation: G1PauseRemark
Event: 11.788 Executing VM operation: G1PauseRemark done
Event: 11.815 Executing VM operation: HandshakeAllThreads (Deoptimize)
Event: 11.815 Executing VM operation: HandshakeAllThreads (Deoptimize) done
Event: 11.820 Executing VM operation: HandshakeAllThreads (Deoptimize)
Event: 11.820 Executing VM operation: HandshakeAllThreads (Deoptimize) done
Event: 11.823 Executing VM operation: HandshakeAllThreads (Deoptimize)
Event: 11.823 Executing VM operation: HandshakeAllThreads (Deoptimize) done
Event: 11.829 Executing VM operation: G1PauseCleanup
Event: 11.829 Executing VM operation: G1PauseCleanup done
Event: 11.995 Executing VM operation: G1CollectForAllocation (G1 Evacuation Pause)
Event: 12.002 Executing VM operation: G1CollectForAllocation (G1 Evacuation Pause) done
Event: 12.353 Executing VM operation: G1CollectForAllocation (G1 Evacuation Pause)

Memory protections (0 events):
No events

Nmethod flushes (20 events):
Event: 11.786 Thread 0x000001f1a5338590 flushing  nmethod 0x000001f18e014e10
Event: 11.786 Thread 0x000001f1a5338590 flushing  nmethod 0x000001f18e0ce090
Event: 11.786 Thread 0x000001f1a5338590 flushing  nmethod 0x000001f18e165b10
Event: 11.786 Thread 0x000001f1a5338590 flushing  nmethod 0x000001f18e1ba590
Event: 11.786 Thread 0x000001f1a5338590 flushing  nmethod 0x000001f18e1bd910
Event: 11.786 Thread 0x000001f1a5338590 flushing  nmethod 0x000001f18e318410
Event: 11.786 Thread 0x000001f1a5338590 flushing  nmethod 0x000001f18e421910
Event: 11.786 Thread 0x000001f1a5338590 flushing  nmethod 0x000001f18e421d10
Event: 11.786 Thread 0x000001f1a5338590 flushing  nmethod 0x000001f18e426090
Event: 11.786 Thread 0x000001f1a5338590 flushing  nmethod 0x000001f18e42a810
Event: 11.786 Thread 0x000001f1a5338590 flushing  nmethod 0x000001f18e675390
Event: 11.786 Thread 0x000001f1a5338590 flushing  nmethod 0x000001f18e7b3f10
Event: 11.786 Thread 0x000001f1a5338590 flushing  nmethod 0x000001f18e7b8f90
Event: 11.786 Thread 0x000001f1a5338590 flushing  nmethod 0x000001f18e80c110
Event: 11.786 Thread 0x000001f1a5338590 flushing  nmethod 0x000001f18e92a490
Event: 11.786 Thread 0x000001f1a5338590 flushing  nmethod 0x000001f18ebac890
Event: 11.786 Thread 0x000001f1a5338590 flushing  nmethod 0x000001f18ec8a990
Event: 11.786 Thread 0x000001f1a5338590 flushing  nmethod 0x000001f18ec91990
Event: 11.786 Thread 0x000001f1a5338590 flushing  nmethod 0x000001f18f0a2910
Event: 11.786 Thread 0x000001f1a5338590 flushing  nmethod 0x000001f18f11df90

Events (20 events):
Event: 12.221 Thread 0x000001f1ae184590 Thread added: 0x000001f1af1fe520
Event: 12.221 Thread 0x000001f1ae184590 Thread added: 0x000001f1af1ff240
Event: 12.221 Thread 0x000001f1ae184590 Thread added: 0x000001f1add2d710
Event: 12.222 Thread 0x000001f1ae184590 Thread added: 0x000001f1add31220
Event: 12.222 Thread 0x000001f1ae184590 Thread added: 0x000001f1add2dda0
Event: 12.224 Thread 0x000001f1ae184590 Thread added: 0x000001f1add325d0
Event: 12.224 Thread 0x000001f1ae184590 Thread added: 0x000001f1add32c60
Event: 12.225 Thread 0x000001f1ae184590 Thread added: 0x000001f1add34010
Event: 12.228 Thread 0x000001f1ae184590 Thread added: 0x000001f1add332f0
Event: 12.317 Thread 0x000001f1ae184590 Thread added: 0x000001f1add346a0
Event: 12.317 Thread 0x000001f1ae184590 Thread added: 0x000001f1add318b0
Event: 12.318 Thread 0x000001f1ae184590 Thread added: 0x000001f1add31f40
Event: 12.318 Thread 0x000001f1ae184590 Thread added: 0x000001f1b1b6f720
Event: 12.318 Thread 0x000001f1ae184590 Thread added: 0x000001f1b1b70ad0
Event: 12.319 Thread 0x000001f1ae184590 Thread added: 0x000001f1b1b72510
Event: 12.319 Thread 0x000001f1ae184590 Thread added: 0x000001f1b1b71160
Event: 12.320 Thread 0x000001f1ae184590 Thread added: 0x000001f1b1b70440
Event: 12.320 Thread 0x000001f1ae184590 Thread added: 0x000001f1b1b717f0
Event: 12.321 Thread 0x000001f1ae184590 Thread added: 0x000001f1b1b6fdb0
Event: 12.322 Thread 0x000001f1ae184590 Thread added: 0x000001f1b1b71e80


Dynamic libraries:
0x00007ff65e950000 - 0x00007ff65e95a000 	C:\Program Files\Android\Android Studio\jbr\bin\java.exe
0x00007ffc036c0000 - 0x00007ffc03927000 	C:\WINDOWS\SYSTEM32\ntdll.dll
0x00007ffc026c0000 - 0x00007ffc02789000 	C:\WINDOWS\System32\KERNEL32.DLL
0x00007ffc01060000 - 0x00007ffc0144f000 	C:\WINDOWS\System32\KERNELBASE.dll
0x00007ffc00f10000 - 0x00007ffc0105b000 	C:\WINDOWS\System32\ucrtbase.dll
0x00007ffbf70c0000 - 0x00007ffbf70d8000 	C:\Program Files\Android\Android Studio\jbr\bin\jli.dll
0x00007ffbfd240000 - 0x00007ffbfd25b000 	C:\Program Files\Android\Android Studio\jbr\bin\VCRUNTIME140.dll
0x00007ffc032e0000 - 0x00007ffc034a5000 	C:\WINDOWS\System32\USER32.dll
0x00007ffc008a0000 - 0x00007ffc008c7000 	C:\WINDOWS\System32\win32u.dll
0x00007ffbdd1f0000 - 0x00007ffbdd483000 	C:\WINDOWS\WinSxS\amd64_microsoft.windows.common-controls_6595b64144ccf1df_6.0.26100.7309_none_3e05feeae336a044\COMCTL32.dll
0x00007ffc034b0000 - 0x00007ffc034db000 	C:\WINDOWS\System32\GDI32.dll
0x00007ffc01d20000 - 0x00007ffc01dc9000 	C:\WINDOWS\System32\msvcrt.dll
0x00007ffc00bc0000 - 0x00007ffc00cec000 	C:\WINDOWS\System32\gdi32full.dll
0x00007ffc00e60000 - 0x00007ffc00f03000 	C:\WINDOWS\System32\msvcp_win.dll
0x00007ffc031e0000 - 0x00007ffc03211000 	C:\WINDOWS\System32\IMM32.DLL
0x00007ffbfd230000 - 0x00007ffbfd23c000 	C:\Program Files\Android\Android Studio\jbr\bin\vcruntime140_1.dll
0x00007ffb68dd0000 - 0x00007ffb68e5d000 	C:\Program Files\Android\Android Studio\jbr\bin\msvcp140.dll
0x00007ffafb800000 - 0x00007ffafc483000 	C:\Program Files\Android\Android Studio\jbr\bin\server\jvm.dll
0x00007ffc03220000 - 0x00007ffc032d4000 	C:\WINDOWS\System32\ADVAPI32.dll
0x00007ffc01f20000 - 0x00007ffc01fc6000 	C:\WINDOWS\System32\sechost.dll
0x00007ffc01c00000 - 0x00007ffc01d18000 	C:\WINDOWS\System32\RPCRT4.dll
0x00007ffc02970000 - 0x00007ffc029e4000 	C:\WINDOWS\System32\WS2_32.dll
0x00007ffbfae20000 - 0x00007ffbfae55000 	C:\WINDOWS\SYSTEM32\WINMM.dll
0x00007ffbf0de0000 - 0x00007ffbf0deb000 	C:\WINDOWS\SYSTEM32\VERSION.dll
0x00007ffc00670000 - 0x00007ffc006ce000 	C:\WINDOWS\SYSTEM32\POWRPROF.dll
0x00007ffc00650000 - 0x00007ffc00664000 	C:\WINDOWS\SYSTEM32\UMPDC.dll
0x00007ffbff580000 - 0x00007ffbff59b000 	C:\WINDOWS\SYSTEM32\kernel.appcore.dll
0x00007ffbf7980000 - 0x00007ffbf798a000 	C:\Program Files\Android\Android Studio\jbr\bin\jimage.dll
0x00007ffbfe100000 - 0x00007ffbfe342000 	C:\WINDOWS\SYSTEM32\DBGHELP.DLL
0x00007ffc015d0000 - 0x00007ffc01955000 	C:\WINDOWS\System32\combase.dll
0x00007ffc024c0000 - 0x00007ffc02596000 	C:\WINDOWS\System32\OLEAUT32.dll
0x00007ffbdddf0000 - 0x00007ffbdde2c000 	C:\WINDOWS\SYSTEM32\dbgcore.DLL
0x00007ffc008d0000 - 0x00007ffc00975000 	C:\WINDOWS\System32\bcryptPrimitives.dll
0x00007ffbf7920000 - 0x00007ffbf792e000 	C:\Program Files\Android\Android Studio\jbr\bin\instrument.dll
0x00007ffbe6b40000 - 0x00007ffbe6b60000 	C:\Program Files\Android\Android Studio\jbr\bin\java.dll
0x00007ffbc8d70000 - 0x00007ffbc8d88000 	C:\Program Files\Android\Android Studio\jbr\bin\zip.dll
0x00007ffc02a80000 - 0x00007ffc031d3000 	C:\WINDOWS\System32\SHELL32.dll
0x00007ffc00cf0000 - 0x00007ffc00e5a000 	C:\WINDOWS\System32\wintypes.dll
0x00007ffbfe3d0000 - 0x00007ffbfec2e000 	C:\WINDOWS\SYSTEM32\windows.storage.dll
0x00007ffc025a0000 - 0x00007ffc02695000 	C:\WINDOWS\System32\SHCORE.dll
0x00007ffc019f0000 - 0x00007ffc01a56000 	C:\WINDOWS\System32\shlwapi.dll
0x00007ffc00730000 - 0x00007ffc00759000 	C:\WINDOWS\SYSTEM32\profapi.dll
0x00007ffbed340000 - 0x00007ffbed350000 	C:\Program Files\Android\Android Studio\jbr\bin\net.dll
0x00007ffbfa8b0000 - 0x00007ffbfa9d8000 	C:\WINDOWS\SYSTEM32\WINHTTP.dll
0x00007ffbffad0000 - 0x00007ffbffb3b000 	C:\WINDOWS\system32\mswsock.dll
0x00007ffbc8c10000 - 0x00007ffbc8c26000 	C:\Program Files\Android\Android Studio\jbr\bin\nio.dll
0x00007ffbc8c00000 - 0x00007ffbc8c10000 	C:\Program Files\Android\Android Studio\jbr\bin\verify.dll
0x00007ffba27d0000 - 0x00007ffba27f7000 	D:\.gradle\native\c067742578af261105cb4f569cf0c3c89f3d7b1fecec35dd04571415982c5e48\windows-amd64\native-platform.dll
0x00007ffb65fd0000 - 0x00007ffb66114000 	D:\.gradle\native\100fb08df4bc3b14c8652ba06237920a3bd2aa13389f12d3474272988ae205f9\windows-amd64\native-platform-file-events.dll
0x00007ffbddf60000 - 0x00007ffbddf69000 	C:\Program Files\Android\Android Studio\jbr\bin\management.dll
0x00007ffbcd900000 - 0x00007ffbcd90b000 	C:\Program Files\Android\Android Studio\jbr\bin\management_ext.dll
0x00007ffc01b60000 - 0x00007ffc01b68000 	C:\WINDOWS\System32\PSAPI.DLL
0x00007ffbffec0000 - 0x00007ffbffedb000 	C:\WINDOWS\SYSTEM32\CRYPTSP.dll
0x00007ffbff4e0000 - 0x00007ffbff51a000 	C:\WINDOWS\system32\rsaenh.dll
0x00007ffbffb80000 - 0x00007ffbffbab000 	C:\WINDOWS\SYSTEM32\USERENV.dll
0x00007ffc00700000 - 0x00007ffc0072a000 	C:\WINDOWS\SYSTEM32\bcrypt.dll
0x00007ffbffd20000 - 0x00007ffbffd2c000 	C:\WINDOWS\SYSTEM32\CRYPTBASE.dll
0x00007ffbfef70000 - 0x00007ffbfefa4000 	C:\WINDOWS\SYSTEM32\IPHLPAPI.DLL
0x00007ffc019e0000 - 0x00007ffc019ea000 	C:\WINDOWS\System32\NSI.dll
0x00007ffbecdc0000 - 0x00007ffbecdc9000 	C:\Program Files\Android\Android Studio\jbr\bin\extnet.dll
0x00007ffbe5f20000 - 0x00007ffbe5f28000 	C:\WINDOWS\system32\wshunix.dll
0x00007ffbcd9e0000 - 0x00007ffbcd9f8000 	C:\WINDOWS\system32\napinsp.dll
0x00007ffbff000000 - 0x00007ffbff12c000 	C:\WINDOWS\SYSTEM32\DNSAPI.dll
0x00007ffbcd9c0000 - 0x00007ffbcd9d2000 	C:\WINDOWS\System32\winrnr.dll
0x00007ffbcd990000 - 0x00007ffbcd9b2000 	C:\WINDOWS\system32\nlansp_c.dll
0x00007ffbcd940000 - 0x00007ffbcd956000 	C:\WINDOWS\system32\wshbth.dll
0x00007ffbfa650000 - 0x00007ffbfa65b000 	C:\Windows\System32\rasadhlp.dll
0x00007ffbfabe0000 - 0x00007ffbfac66000 	C:\WINDOWS\System32\fwpuclnt.dll

dbghelp: loaded successfully - version: 4.0.5 - missing functions: none
symbol engine: initialized successfully - sym options: 0x614 - pdb path: .;C:\Program Files\Android\Android Studio\jbr\bin;C:\WINDOWS\SYSTEM32;C:\WINDOWS\WinSxS\amd64_microsoft.windows.common-controls_6595b64144ccf1df_6.0.26100.7309_none_3e05feeae336a044;C:\Program Files\Android\Android Studio\jbr\bin\server;D:\.gradle\native\c067742578af261105cb4f569cf0c3c89f3d7b1fecec35dd04571415982c5e48\windows-amd64;D:\.gradle\native\100fb08df4bc3b14c8652ba06237920a3bd2aa13389f12d3474272988ae205f9\windows-amd64

VM Arguments:
jvm_args: --add-opens=java.base/java.util=ALL-UNNAMED --add-opens=java.base/java.lang=ALL-UNNAMED --add-opens=java.base/java.lang.invoke=ALL-UNNAMED --add-opens=java.prefs/java.util.prefs=ALL-UNNAMED --add-exports=jdk.compiler/com.sun.tools.javac.api=ALL-UNNAMED --add-exports=jdk.compiler/com.sun.tools.javac.util=ALL-UNNAMED --add-opens=java.base/java.nio.charset=ALL-UNNAMED --add-opens=java.base/java.net=ALL-UNNAMED --add-opens=java.base/java.util.concurrent.atomic=ALL-UNNAMED -Xmx4096m -Dfile.encoding=UTF-8 -Duser.country=US -Duser.language=en -Duser.variant -javaagent:D:\.gradle\wrapper\dists\gradle-8.10.2-bin\a04bxjujx95o3nb99gddekhwo\gradle-8.10.2\lib\agents\gradle-instrumentation-agent-8.10.2.jar 
java_command: org.gradle.launcher.daemon.bootstrap.GradleDaemon 8.10.2
java_class_path (initial): D:\.gradle\wrapper\dists\gradle-8.10.2-bin\a04bxjujx95o3nb99gddekhwo\gradle-8.10.2\lib\gradle-daemon-main-8.10.2.jar
Launcher Type: SUN_STANDARD

[Global flags]
     intx CICompilerCount                          = 4                                         {product} {ergonomic}
     uint ConcGCThreads                            = 3                                         {product} {ergonomic}
     uint G1ConcRefinementThreads                  = 10                                        {product} {ergonomic}
   size_t G1HeapRegionSize                         = 2097152                                   {product} {ergonomic}
    uintx GCDrainStackTargetSize                   = 64                                        {product} {ergonomic}
   size_t InitialHeapSize                          = 264241152                                 {product} {ergonomic}
   size_t MarkStackSize                            = 4194304                                   {product} {ergonomic}
   size_t MaxHeapSize                              = 4294967296                                {product} {command line}
   size_t MaxNewSize                               = 2575302656                                {product} {ergonomic}
   size_t MinHeapDeltaBytes                        = 2097152                                   {product} {ergonomic}
   size_t MinHeapSize                              = 8388608                                   {product} {ergonomic}
    uintx NonNMethodCodeHeapSize                   = 5839372                                {pd product} {ergonomic}
    uintx NonProfiledCodeHeapSize                  = 122909434                              {pd product} {ergonomic}
    uintx ProfiledCodeHeapSize                     = 122909434                              {pd product} {ergonomic}
    uintx ReservedCodeCacheSize                    = 251658240                              {pd product} {ergonomic}
     bool SegmentedCodeCache                       = true                                      {product} {ergonomic}
   size_t SoftMaxHeapSize                          = 4294967296                             {manageable} {ergonomic}
     bool UseCompressedOops                        = true                           {product lp64_product} {ergonomic}
     bool UseG1GC                                  = true                                      {product} {ergonomic}
     bool UseLargePagesIndividualAllocation        = false                                  {pd product} {ergonomic}

Logging:
Log output configuration:
 #0: stdout all=warning uptime,level,tags foldmultilines=false
 #1: stderr all=off uptime,level,tags foldmultilines=false

Environment Variables:
JAVA_HOME=C:\Program Files\Java\jdk-21
PATH=C:\oracle\dbhomeFree\bin;C:\app\HP\product\23ai\dbhomeFree\bin;C:\Program Files\Common Files\Oracle\Java\javapath;C:\Program Files (x86)\Common Files\Oracle\Java\java8path;C:\Program Files (x86)\Common Files\Oracle\Java\javapath;C:\WINDOWS\system32;C:\WINDOWS;C:\WINDOWS\System32\Wbem;C:\WINDOWS\System32\WindowsPowerShell\v1.0\;C:\WINDOWS\System32\OpenSSH\;C:\Program Files (x86)\Microsoft SQL Server\160\Tools\Binn\;C:\Program Files\Microsoft SQL Server\160\Tools\Binn\;C:\Program Files\Microsoft SQL Server\Client SDK\ODBC\170\Tools\Binn\;C:\Program Files\Microsoft SQL Server\160\DTS\Binn\;C:\Program Files (x86)\Microsoft SQL Server\160\DTS\Binn\;C:\Program Files\Azure Data Studio\bin;C:\Program Files\Java\jdk-21\bin;C:\Program Files\Microsoft SQL Server\150\Tools\Binn\;C:\Program Files\nodejs;C:\ProgramData\chocolatey\bin;C:\Program Files\nodejs\;C:\sqlite;C:\Program Files\Git\cmd;C:\Program Files\TortoiseGit\bin;C:\Program Files\dotnet\;C:\Users\HP\AppData\Local\Programs\Python\Python313\Scripts\;C:\Users\HP\AppData\Local\Programs\Python\Python313\;C:\Users\HP\AppData\Local\Programs\Python\Launcher\;C:\Users\HP\AppData\Local\Microsoft\WindowsApps;C:\Program Files\Azure Data Studio\bin;C:\Program Files\JetBrains\IntelliJ IDEA Community Edition 2023.2.5\bin;C:\Users\HP\AppData\Local\Programs\Microsoft VS Code\bin;C:\Program Files\JetBrains\IntelliJ IDEA 2024.3.1.1\bin;C:\Users\HP\.dotnet\tools;C:\Users\HP\AppData\Roaming\npm;C:\Users\HP\AppData\Local\Programs\mongosh\;D:\software\flutter_windows_3.38.0-stable (1)\flutter\bin;D:\software\flutter_3.38.0\flutter\bin;D:\software\flutter_windows_3.35.7-stable\flutter\bin;C:\Users\HP\.dotnet\tools
USERNAME=HP
OS=Windows_NT
PROCESSOR_IDENTIFIER=Intel64 Family 6 Model 154 Stepping 4, GenuineIntel
TMP=C:\Users\HP\AppData\Local\Temp
TEMP=C:\Users\HP\AppData\Local\Temp




Periodic native trim disabled

JNI global refs:
JNI global refs: 30, weak refs: 0

JNI global refs memory usage: 835, weak refs: 833

Process memory usage:
Resident Set Size: 542408K (3% of 16400712K total physical memory with 1840096K free physical memory)

OOME stack traces (most recent first):
Classloader memory used:
Loader org.gradle.internal.classloader.VisitableURLClassLoader                         : 41475K
Loader org.gradle.internal.classloader.VisitableURLClassLoader$InstrumentingVisitableURLClassLoader: 34183K
Loader bootstrap                                                                       : 28927K
Loader org.gradle.initialization.MixInLegacyTypesClassLoader                           : 11903K
Loader jdk.internal.loader.ClassLoaders$PlatformClassLoader                            : 511K
Loader org.gradle.internal.classloader.VisitableURLClassLoader                         : 447K
Loader jdk.internal.reflect.DelegatingClassLoader                                      : 347K
Loader jdk.internal.loader.ClassLoaders$AppClassLoader                                 : 232K

Classes loaded by more than one classloader:
Class Program                                                                         : loaded 5 times (x 68B)
Class Build_gradle                                                                    : loaded 3 times (x 126B)
Class Build_gradle$1                                                                  : loaded 3 times (x 70B)
Class org.gradle.internal.classloader.FilteringClassLoader                            : loaded 2 times (x 101B)
Class [Lcom.google.common.base.AbstractIterator$State;                                : loaded 2 times (x 65B)
Class com.google.common.base.CharMatcher$IsEither                                     : loaded 2 times (x 107B)
Class org.gradle.internal.classloader.ClassLoaderHierarchy                            : loaded 2 times (x 66B)
Class com.google.common.collect.ImmutableEnumSet                                      : loaded 2 times (x 142B)
Class com.google.common.util.concurrent.ExecutionError                                : loaded 2 times (x 78B)
Class com.google.common.collect.ImmutableList$1                                       : loaded 2 times (x 93B)
Class org.gradle.api.internal.classpath.ManifestUtil                                  : loaded 2 times (x 67B)
Class com.google.common.collect.RegularImmutableMap                                   : loaded 2 times (x 117B)
Class com.google.common.collect.ImmutableMap$MapViewOfValuesAsSingletonSets           : loaded 2 times (x 121B)
Class [Lorg.objectweb.asm.Symbol;                                                     : loaded 2 times (x 65B)
Class org.objectweb.asm.ClassVisitor                                                  : loaded 2 times (x 84B)
Class com.google.common.collect.UnmodifiableListIterator                              : loaded 2 times (x 91B)
Class com.google.common.base.Platform$JdkPatternCompiler                              : loaded 2 times (x 71B)
Class org.objectweb.asm.MethodTooLargeException                                       : loaded 2 times (x 79B)
Class [Lcom.google.common.cache.CacheBuilder$OneWeigher;                              : loaded 2 times (x 65B)
Class com.google.common.base.Suppliers                                                : loaded 2 times (x 67B)
Class org.gradle.internal.classloader.DefaultClassLoaderFactory                       : loaded 2 times (x 78B)
Class com.google.common.base.CharMatcher$None                                         : loaded 2 times (x 108B)
Class org.gradle.internal.classloader.ClassLoaderVisitor                              : loaded 2 times (x 72B)
Class [Lcom.google.common.collect.ImmutableMapEntry;                                  : loaded 2 times (x 65B)
Class org.gradle.api.internal.classpath.EffectiveClassPath                            : loaded 2 times (x 86B)
Class com.google.common.collect.ImmutableRangeSet                                     : loaded 2 times (x 111B)
Class com.google.common.collect.ImmutableEnumMap                                      : loaded 2 times (x 121B)
Class com.google.common.collect.ListMultimap                                          : loaded 2 times (x 66B)
Class com.google.common.collect.Sets$1                                                : loaded 2 times (x 135B)
Class org.objectweb.asm.AnnotationVisitor                                             : loaded 2 times (x 74B)
Class com.google.common.base.Splitter                                                 : loaded 2 times (x 68B)
Class org.gradle.api.internal.DefaultClassPathProvider                                : loaded 2 times (x 72B)
Class com.google.common.collect.Sets$2                                                : loaded 2 times (x 135B)
Class [Lorg.gradle.api.internal.ClassPathProvider;                                    : loaded 2 times (x 65B)
Class org.gradle.api.internal.ClassPathProvider                                       : loaded 2 times (x 66B)
Class [Lorg.objectweb.asm.AnnotationVisitor;                                          : loaded 2 times (x 65B)
Class com.google.common.collect.Sets$3                                                : loaded 2 times (x 135B)
Class com.google.common.util.concurrent.AbstractFuture$SafeAtomicHelper               : loaded 2 times (x 75B)
Class com.google.common.cache.LocalCache$LocalLoadingCache                            : loaded 2 times (x 130B)
Class com.google.common.base.AbstractIterator$State                                   : loaded 2 times (x 75B)
Class org.gradle.internal.service.UnknownServiceException                             : loaded 2 times (x 79B)
Class com.google.common.collect.Sets$4                                                : loaded 2 times (x 135B)
Class org.objectweb.asm.ModuleVisitor                                                 : loaded 2 times (x 77B)
Class com.google.common.cache.LocalCache$Strength$1                                   : loaded 2 times (x 77B)
Class com.google.common.util.concurrent.SettableFuture                                : loaded 2 times (x 110B)
Class com.google.common.cache.LocalCache$Strength$2                                   : loaded 2 times (x 77B)
Class com.google.common.cache.LocalCache$Strength$3                                   : loaded 2 times (x 77B)
Class com.google.common.collect.MapDifference                                         : loaded 2 times (x 66B)
Class com.google.common.base.Splitter$1                                               : loaded 2 times (x 73B)
Class org.objectweb.asm.FieldWriter                                                   : loaded 2 times (x 74B)
Class com.google.common.cache.CacheBuilder$NullListener                               : loaded 2 times (x 78B)
Class org.gradle.internal.classpath.TransformedClassPath                              : loaded 2 times (x 92B)
Class org.gradle.internal.classloader.InstrumentingClassLoader                        : loaded 2 times (x 66B)
Class com.google.common.collect.ImmutableRangeSet$AsSet                               : loaded 2 times (x 295B)
Class com.google.common.cache.CacheLoader$FunctionToCacheLoader                       : loaded 2 times (x 71B)
Class com.google.common.collect.Iterators$ArrayItr                                    : loaded 2 times (x 93B)
Class com.google.common.collect.ImmutableCollection$Builder                           : loaded 2 times (x 72B)
Class com.google.common.base.Joiner                                                   : loaded 2 times (x 75B)
Class com.google.common.base.MoreObjects                                              : loaded 2 times (x 67B)
Class [Lorg.objectweb.asm.Type;                                                       : loaded 2 times (x 65B)
Class com.google.common.collect.Platform                                              : loaded 2 times (x 67B)
Class com.google.common.collect.UnmodifiableIterator                                  : loaded 2 times (x 76B)
Class org.gradle.internal.service.ServiceLocator                                      : loaded 2 times (x 66B)
Class com.google.common.base.Ascii                                                    : loaded 2 times (x 67B)
Class com.google.common.collect.SingletonImmutableBiMap                               : loaded 2 times (x 139B)
Class com.google.common.cache.LocalCache$1                                            : loaded 2 times (x 85B)
Class com.google.common.collect.AbstractMapEntry                                      : loaded 2 times (x 77B)
Class com.google.common.collect.Sets$ImprovedAbstractSet                              : loaded 2 times (x 131B)
Class com.google.common.collect.ImmutableList$Builder                                 : loaded 2 times (x 73B)
Class com.google.common.cache.LocalCache$2                                            : loaded 2 times (x 138B)
Class com.google.common.collect.AbstractMultimap                                      : loaded 2 times (x 119B)
Class com.google.common.collect.ImmutableRangeSet$1                                   : loaded 2 times (x 205B)
Class com.google.common.util.concurrent.AbstractFuture$UnsafeAtomicHelper$1           : loaded 2 times (x 72B)
Class com.google.common.collect.RegularImmutableAsList                                : loaded 2 times (x 212B)
Class com.google.common.collect.Range                                                 : loaded 2 times (x 83B)
Class com.google.common.util.concurrent.AbstractFuture$Trusted                        : loaded 2 times (x 66B)
Class com.google.common.collect.Iterators                                             : loaded 2 times (x 67B)
Class com.google.common.base.CharMatcher$RangesMatcher                                : loaded 2 times (x 108B)
Class com.google.common.util.concurrent.UncheckedExecutionException                   : loaded 2 times (x 78B)
Class com.google.common.collect.Lists$StringAsImmutableList                           : loaded 2 times (x 203B)
Class org.gradle.kotlin.dsl.VersionCatalogAccessorsKt                                 : loaded 2 times (x 67B)
Class com.google.common.collect.ImmutableSortedSetFauxverideShim                      : loaded 2 times (x 143B)
Class com.google.common.base.CharMatcher$JavaLetterOrDigit                            : loaded 2 times (x 107B)
Class org.gradle.internal.InternalTransformer                                         : loaded 2 times (x 66B)
Class com.google.common.collect.AbstractMapBasedMultimap$KeySet$1                     : loaded 2 times (x 78B)
Class org.objectweb.asm.ClassWriter                                                   : loaded 2 times (x 102B)
Class com.google.common.cache.CacheLoader$UnsupportedLoadingOperationException        : loaded 2 times (x 78B)
Class com.google.common.base.CharMatcher$And                                          : loaded 2 times (x 108B)
Class org.gradle.internal.classloader.ClasspathUtil$1                                 : loaded 2 times (x 72B)
Class com.google.common.base.Objects                                                  : loaded 2 times (x 67B)
Class org.objectweb.asm.FieldVisitor                                                  : loaded 2 times (x 73B)
Class com.google.common.collect.IndexedImmutableSet                                   : loaded 2 times (x 146B)
Class com.google.common.collect.ImmutableMap$1                                        : loaded 2 times (x 77B)
Class com.google.common.collect.BiMap                                                 : loaded 2 times (x 66B)
Class org.gradle.api.internal.classpath.DefaultModuleRegistry$DefaultModule           : loaded 2 times (x 82B)
Class com.google.common.primitives.Ints                                               : loaded 2 times (x 67B)
Class com.google.common.collect.AbstractIterator                                      : loaded 2 times (x 78B)
Class com.google.common.math.MathPreconditions                                        : loaded 2 times (x 67B)
Class com.google.common.collect.Multiset                                              : loaded 2 times (x 66B)
Class com.google.common.collect.RegularImmutableMap$KeySet                            : loaded 2 times (x 146B)
Class com.google.common.collect.ObjectArrays                                          : loaded 2 times (x 67B)
Class com.google.common.collect.AbstractIndexedListIterator                           : loaded 2 times (x 92B)
Class com.google.common.collect.ImmutableMapEntrySet                                  : loaded 2 times (x 147B)
Class org.gradle.api.internal.classpath.Module                                        : loaded 2 times (x 66B)
Class com.google.common.cache.Weigher                                                 : loaded 2 times (x 66B)
Class org.gradle.api.internal.classpath.UnknownModuleException                        : loaded 2 times (x 78B)
Class com.google.common.base.Stopwatch                                                : loaded 2 times (x 68B)
Class com.google.common.cache.LocalCache$Strength                                     : loaded 2 times (x 77B)
Class com.google.common.cache.Cache                                                   : loaded 2 times (x 66B)
Class com.google.common.util.concurrent.AbstractFuture$Cancellation                   : loaded 2 times (x 68B)
Class com.google.common.collect.ImmutableMap$Builder                                  : loaded 2 times (x 78B)
Class com.google.common.base.NullnessCasts                                            : loaded 2 times (x 67B)
Class com.google.common.cache.RemovalListener                                         : loaded 2 times (x 66B)
Class org.gradle.api.internal.DefaultClassPathRegistry                                : loaded 2 times (x 72B)
Class com.google.common.primitives.IntsMethodsForWeb                                  : loaded 2 times (x 67B)
Class com.google.common.collect.Multimap                                              : loaded 2 times (x 66B)
Class org.gradle.api.internal.ClassPathRegistry                                       : loaded 2 times (x 66B)
Class org.gradle.internal.classpath.DefaultClassPath$ImmutableUniqueList              : loaded 2 times (x 195B)
Class com.google.common.base.ExtraObjectsMethodsForWeb                                : loaded 2 times (x 67B)
Class com.google.common.base.Equivalence$Identity                                     : loaded 2 times (x 78B)
Class com.google.common.cache.CacheBuilder                                            : loaded 2 times (x 68B)
Class com.google.common.collect.SingletonImmutableList                                : loaded 2 times (x 203B)
Class Settings_gradle$1                                                               : loaded 2 times (x 70B)
Class org.gradle.internal.classpath.ClassPath                                         : loaded 2 times (x 66B)
Class org.gradle.api.UncheckedIOException                                             : loaded 2 times (x 78B)
Class com.google.common.collect.ImmutableList$ReverseImmutableList                    : loaded 2 times (x 204B)
Class com.google.common.base.JdkPattern                                               : loaded 2 times (x 71B)
Class org.objectweb.asm.SymbolTable$Entry                                             : loaded 2 times (x 70B)
Class com.google.common.util.concurrent.AbstractFuture$AtomicHelper                   : loaded 2 times (x 74B)
Class org.objectweb.asm.Edge                                                          : loaded 2 times (x 68B)
Class com.google.common.base.Suppliers$SupplierOfInstance                             : loaded 2 times (x 75B)
Class com.google.common.collect.Iterators$1                                           : loaded 2 times (x 77B)
Class com.google.common.cache.LocalCache$ComputingValueReference                      : loaded 2 times (x 92B)
Class com.google.common.collect.SingletonImmutableSet                                 : loaded 2 times (x 142B)
Class com.google.common.collect.ImmutableMap$IteratorBasedImmutableMap                : loaded 2 times (x 121B)
Class com.google.common.cache.LocalCache$Segment                                      : loaded 2 times (x 150B)
Class com.google.common.collect.SortedIterable                                        : loaded 2 times (x 66B)
Class [Lorg.objectweb.asm.SymbolTable$Entry;                                          : loaded 2 times (x 65B)
Class com.google.common.cache.CacheLoader                                             : loaded 2 times (x 70B)
Class com.google.common.collect.Iterators$4                                           : loaded 2 times (x 78B)
Class com.google.common.collect.ImmutableBiMap                                        : loaded 2 times (x 139B)
Class com.google.common.collect.AbstractListMultimap                                  : loaded 2 times (x 168B)
Class org.gradle.internal.installation.GradleInstallation$1                           : loaded 2 times (x 71B)
Class org.gradle.api.internal.classpath.ModuleRegistry                                : loaded 2 times (x 66B)
Class com.google.common.util.concurrent.internal.InternalFutureFailureAccess          : loaded 2 times (x 68B)
Class com.google.common.collect.Iterators$5                                           : loaded 2 times (x 78B)
Class com.google.common.collect.ImmutableSet$JdkBackedSetBuilderImpl                  : loaded 2 times (x 72B)
Class com.google.common.base.Splitter$SplittingIterator                               : loaded 2 times (x 80B)
Class com.google.common.util.concurrent.AbstractFuture$UnsafeAtomicHelper             : loaded 2 times (x 74B)
Class com.google.common.cache.LocalCache$LocalManualCache$1                           : loaded 2 times (x 71B)
Class com.google.common.base.CharMatcher$ForPredicate                                 : loaded 2 times (x 108B)
Class com.google.common.collect.ImmutableCollection                                   : loaded 2 times (x 121B)
Class com.google.common.base.CharMatcher$AnyOf                                        : loaded 2 times (x 108B)
Class org.gradle.api.internal.classpath.DefaultModuleRegistry                         : loaded 2 times (x 82B)
Class com.google.common.util.concurrent.ListenableFuture                              : loaded 2 times (x 66B)
Class com.google.common.cache.ReferenceEntry                                          : loaded 2 times (x 66B)
Class com.google.common.collect.ImmutableSet$CachingAsList                            : loaded 2 times (x 143B)
Class com.google.common.base.Converter                                                : loaded 2 times (x 86B)
Class com.google.common.collect.Lists                                                 : loaded 2 times (x 67B)
Class com.google.common.base.CharMatcher$Any                                          : loaded 2 times (x 108B)
Class com.google.common.util.concurrent.AbstractFuture                                : loaded 2 times (x 102B)
Class com.google.common.base.FunctionalEquivalence                                    : loaded 2 times (x 79B)
Class com.google.common.collect.Iterators$9                                           : loaded 2 times (x 77B)
Class com.google.common.collect.AbstractMapBasedMultimap                              : loaded 2 times (x 135B)
Class com.google.common.collect.ImmutableAsList                                       : loaded 2 times (x 205B)
Class org.objectweb.asm.RecordComponentVisitor                                        : loaded 2 times (x 73B)
Class com.google.common.cache.CacheLoader$SupplierToCacheLoader                       : loaded 2 times (x 71B)
Class com.google.common.collect.Maps$EntryTransformer                                 : loaded 2 times (x 66B)
Class org.gradle.internal.service.ServiceLookupException                              : loaded 2 times (x 78B)
Class com.google.common.collect.ImmutableSortedSet                                    : loaded 2 times (x 295B)
Class [Lcom.google.common.cache.LocalCache$EntryFactory;                              : loaded 2 times (x 65B)
Class com.google.common.base.CharMatcher$JavaLetter                                   : loaded 2 times (x 107B)
Class org.gradle.internal.classloader.ClassLoaderFactory                              : loaded 2 times (x 66B)
Class com.google.common.cache.LocalCache$LocalManualCache                             : loaded 2 times (x 95B)
Class com.google.common.base.CharMatcher$IsNot                                        : loaded 2 times (x 107B)
Class com.google.common.base.CommonPattern                                            : loaded 2 times (x 70B)
Class org.gradle.internal.service.CachingServiceLocator                               : loaded 2 times (x 78B)
Class com.google.common.collect.AbstractMapBasedMultimap$KeySet                       : loaded 2 times (x 133B)
Class com.google.common.collect.RegularImmutableSortedSet                             : loaded 2 times (x 295B)
Class com.google.common.math.IntMath                                                  : loaded 2 times (x 67B)
Class com.google.common.collect.Iterators$10                                          : loaded 2 times (x 77B)
Class com.google.common.collect.ImmutableMapEntry                                     : loaded 2 times (x 81B)
Class com.google.common.base.CharMatcher$JavaDigit                                    : loaded 2 times (x 107B)
Class com.google.common.base.Equivalence                                              : loaded 2 times (x 78B)
Class com.google.common.collect.ImmutableMapEntry$NonTerminalImmutableMapEntry        : loaded 2 times (x 81B)
Class com.google.common.base.Function                                                 : loaded 2 times (x 66B)
Class com.google.common.collect.IndexedImmutableSet$1                                 : loaded 2 times (x 208B)
Class com.google.common.cache.CacheBuilder$OneWeigher                                 : loaded 2 times (x 78B)
Class com.google.common.collect.RegularImmutableList                                  : loaded 2 times (x 208B)
Class com.google.common.collect.ImmutableBiMapFauxverideShim                          : loaded 2 times (x 116B)
Class org.gradle.internal.classloader.ClasspathUtil                                   : loaded 2 times (x 67B)
Class com.google.common.base.Charsets                                                 : loaded 2 times (x 67B)
Class com.google.common.util.concurrent.Uninterruptibles                              : loaded 2 times (x 67B)
Class com.google.common.collect.Maps                                                  : loaded 2 times (x 67B)
Class com.google.common.base.CharMatcher$JavaUpperCase                                : loaded 2 times (x 107B)
Class org.gradle.api.specs.Spec                                                       : loaded 2 times (x 66B)
Class [Lcom.google.common.collect.ImmutableEntry;                                     : loaded 2 times (x 65B)
Class com.google.common.cache.LocalCache$LoadingValueReference                        : loaded 2 times (x 92B)
Class com.google.common.collect.ArrayListMultimapGwtSerializationDependencies         : loaded 2 times (x 168B)
Class com.google.common.base.Platform                                                 : loaded 2 times (x 67B)
Class [Lorg.objectweb.asm.AnnotationWriter;                                           : loaded 2 times (x 65B)
Class com.google.common.primitives.Ints$IntConverter                                  : loaded 2 times (x 86B)
Class com.google.common.collect.Maps$8                                                : loaded 2 times (x 78B)
Class com.google.common.collect.ImmutableRangeSet$Builder                             : loaded 2 times (x 73B)
Class com.google.common.collect.Sets$SetView                                          : loaded 2 times (x 134B)
Class com.google.common.cache.LocalCache$StrongValueReference                         : loaded 2 times (x 86B)
Class com.google.common.util.concurrent.AbstractFuture$SynchronizedHelper             : loaded 2 times (x 74B)
Class com.google.common.base.CharMatcher$Invisible                                    : loaded 2 times (x 108B)
Class org.objectweb.asm.Type                                                          : loaded 2 times (x 68B)
Class org.gradle.internal.classloader.VisitableURLClassLoader$InstrumentingVisitableURLClassLoader: loaded 2 times (x 119B)
Class org.objectweb.asm.ByteVector                                                    : loaded 2 times (x 75B)
Class [Lcom.google.common.cache.CacheBuilder$NullListener;                            : loaded 2 times (x 65B)
Class com.google.common.math.IntMath$1                                                : loaded 2 times (x 67B)
Class org.gradle.internal.classloader.VisitableURLClassLoader$Spec                    : loaded 2 times (x 70B)
Class org.gradle.internal.classpath.DefaultClassPath                                  : loaded 2 times (x 86B)
Class org.objectweb.asm.Symbol                                                        : loaded 2 times (x 69B)
Class com.google.common.base.AbstractIterator                                         : loaded 2 times (x 76B)
Class com.google.common.collect.RegularImmutableMap$Values                            : loaded 2 times (x 203B)
Class com.google.common.collect.ImmutableSet                                          : loaded 2 times (x 141B)
Class com.google.common.base.CharMatcher$BitSetMatcher                                : loaded 2 times (x 108B)
Class com.google.common.base.CharMatcher$Ascii                                        : loaded 2 times (x 108B)
Class org.gradle.internal.classloader.ClassLoaderSpec                                 : loaded 2 times (x 67B)
Class org.objectweb.asm.AnnotationWriter                                              : loaded 2 times (x 75B)
Class com.google.common.cache.CacheStats                                              : loaded 2 times (x 67B)
Class org.objectweb.asm.RecordComponentWriter                                         : loaded 2 times (x 74B)
Class com.google.common.util.concurrent.AbstractFuture$Listener                       : loaded 2 times (x 68B)
Class com.google.common.base.CharMatcher$Or                                           : loaded 2 times (x 108B)
Class Settings_gradle$1$1                                                             : loaded 2 times (x 70B)
Class org.objectweb.asm.Attribute                                                     : loaded 2 times (x 73B)
Class com.google.common.base.Supplier                                                 : loaded 2 times (x 66B)
Class org.gradle.internal.classloader.VisitableURLClassLoader                         : loaded 2 times (x 113B)
Class com.google.common.util.concurrent.AbstractFuture$Waiter                         : loaded 2 times (x 68B)
Class Settings_gradle                                                                 : loaded 2 times (x 124B)
Class org.gradle.internal.Cast                                                        : loaded 2 times (x 67B)
Class org.gradle.api.Action                                                           : loaded 2 times (x 66B)
Class com.google.common.base.Strings                                                  : loaded 2 times (x 67B)
Class com.google.common.collect.Sets                                                  : loaded 2 times (x 67B)
Class org.objectweb.asm.Handler                                                       : loaded 2 times (x 68B)
Class com.google.common.base.Ticker                                                   : loaded 2 times (x 68B)
Class com.google.common.base.CharMatcher$FastMatcher                                  : loaded 2 times (x 107B)
Class [Lcom.google.common.cache.LocalCache$Segment;                                   : loaded 2 times (x 65B)
Class [Lcom.google.common.cache.LocalCache$Strength;                                  : loaded 2 times (x 65B)
Class com.google.common.cache.CacheBuilder$1                                          : loaded 2 times (x 81B)
Class com.google.common.collect.ImmutableMap                                          : loaded 2 times (x 116B)
Class com.google.common.base.Predicate                                                : loaded 2 times (x 66B)
Class org.gradle.internal.classpath.DefaultClassPath$ImmutableUniqueList$Builder      : loaded 2 times (x 71B)
Class com.google.common.collect.AbstractRangeSet                                      : loaded 2 times (x 110B)
Class com.google.common.cache.LocalCache                                              : loaded 2 times (x 183B)
Class com.google.common.cache.CacheBuilder$2                                          : loaded 2 times (x 68B)
Class com.google.common.base.CharMatcher$NegatedFastMatcher                           : loaded 2 times (x 109B)
Class [Lcom.google.common.collect.AbstractMapEntry;                                   : loaded 2 times (x 65B)
Class com.google.common.collect.ImmutableEntry                                        : loaded 2 times (x 78B)
Class com.google.common.collect.ArrayListMultimap                                     : loaded 2 times (x 168B)
Class com.google.common.base.AbstractIterator$1                                       : loaded 2 times (x 67B)
Class com.google.common.base.CharMatcher$Digit                                        : loaded 2 times (x 108B)
Class org.gradle.api.GradleException                                                  : loaded 2 times (x 78B)
Class com.google.common.collect.CollectPreconditions                                  : loaded 2 times (x 67B)
Class com.google.common.base.CharMatcher$JavaIsoControl                               : loaded 2 times (x 108B)
Class com.google.common.collect.SortedMapDifference                                   : loaded 2 times (x 66B)
Class com.google.common.base.CharMatcher$JavaLowerCase                                : loaded 2 times (x 107B)
Class com.google.common.cache.LocalCache$EntryFactory                                 : loaded 2 times (x 79B)
Class com.google.common.cache.LocalCache$AbstractReferenceEntry                       : loaded 2 times (x 103B)
Class com.google.common.base.Splitter$1$1                                             : loaded 2 times (x 82B)
Class com.google.common.base.CharMatcher$Whitespace                                   : loaded 2 times (x 108B)
Class org.gradle.internal.IoActions                                                   : loaded 2 times (x 67B)
Class com.google.common.collect.ImmutableRangeSet$ComplementRanges                    : loaded 2 times (x 203B)
Class org.objectweb.asm.SymbolTable                                                   : loaded 2 times (x 68B)
Class com.google.common.cache.CacheLoader$InvalidCacheLoadException                   : loaded 2 times (x 78B)
Class com.google.common.collect.ImmutableSet$RegularSetBuilderImpl                    : loaded 2 times (x 73B)
Class com.google.common.base.CharMatcher$SingleWidth                                  : loaded 2 times (x 108B)
Class org.gradle.internal.classloader.SystemClassLoaderSpec                           : loaded 2 times (x 67B)
Class com.google.common.cache.LocalCache$StrongEntry                                  : loaded 2 times (x 104B)
Class com.google.common.util.concurrent.AbstractFuture$TrustedFuture                  : loaded 2 times (x 110B)
Class com.google.common.cache.LoadingCache                                            : loaded 2 times (x 66B)
Class org.objectweb.asm.MethodWriter                                                  : loaded 2 times (x 102B)
Class [Lcom.google.common.cache.Weigher;                                              : loaded 2 times (x 65B)
Class com.google.common.collect.RegularImmutableMap$BucketOverflowException           : loaded 2 times (x 78B)
Class com.google.common.collect.RegularImmutableBiMap                                 : loaded 2 times (x 144B)
Class com.google.common.cache.LocalCache$ValueReference                               : loaded 2 times (x 66B)
Class com.google.common.base.CharMatcher$Negated                                      : loaded 2 times (x 109B)
Class com.google.common.base.CharMatcher$Is                                           : loaded 2 times (x 107B)
Class com.google.common.base.PatternCompiler                                          : loaded 2 times (x 66B)
Class com.google.common.util.concurrent.AbstractFuture$Failure                        : loaded 2 times (x 68B)
Class com.google.common.base.Equivalence$Equals                                       : loaded 2 times (x 78B)
Class com.google.common.collect.Hashing                                               : loaded 2 times (x 67B)
Class com.google.common.base.Preconditions                                            : loaded 2 times (x 67B)
Class com.google.common.base.Joiner$1                                                 : loaded 2 times (x 76B)
Class org.objectweb.asm.Label                                                         : loaded 2 times (x 69B)
Class org.objectweb.asm.CurrentFrame                                                  : loaded 2 times (x 69B)
Class org.objectweb.asm.ClassTooLargeException                                        : loaded 2 times (x 79B)
Class com.google.common.collect.PeekingIterator                                       : loaded 2 times (x 66B)
Class com.google.common.base.CharMatcher                                              : loaded 2 times (x 107B)
Class com.google.common.collect.Maps$IteratorBasedAbstractMap                         : loaded 2 times (x 121B)
Class com.google.common.collect.RangeGwtSerializationDependencies                     : loaded 2 times (x 67B)
Class com.google.common.base.Joiner$2                                                 : loaded 2 times (x 75B)
Class org.objectweb.asm.Frame                                                         : loaded 2 times (x 69B)
Class org.objectweb.asm.MethodVisitor                                                 : loaded 2 times (x 101B)
Class com.google.common.cache.LocalCache$EntryFactory$1                               : loaded 2 times (x 79B)
Class [Lcom.google.common.cache.RemovalListener;                                      : loaded 2 times (x 65B)
Class com.google.common.base.CharMatcher$1                                            : loaded 2 times (x 109B)
Class com.google.common.base.CharMatcher$NamedFastMatcher                             : loaded 2 times (x 108B)
Class com.google.common.collect.RangeSet                                              : loaded 2 times (x 66B)
Class com.google.common.cache.LocalCache$EntryFactory$2                               : loaded 2 times (x 79B)
Class org.gradle.api.internal.classpath.GlobalCacheRootsProvider                      : loaded 2 times (x 66B)
Class com.google.common.collect.CollectCollectors                                     : loaded 2 times (x 67B)
Class org.objectweb.asm.ModuleWriter                                                  : loaded 2 times (x 78B)
Class com.google.common.cache.LocalCache$EntryFactory$3                               : loaded 2 times (x 79B)
Class com.google.common.base.Ticker$1                                                 : loaded 2 times (x 68B)
Class com.google.common.collect.ImmutableMapEntrySet$RegularEntrySet                  : loaded 2 times (x 147B)
Class com.google.common.collect.Maps$BiMapConverter                                   : loaded 2 times (x 86B)
Class com.google.common.cache.LocalCache$EntryFactory$4                               : loaded 2 times (x 79B)
Class com.google.common.collect.ImmutableSet$Builder                                  : loaded 2 times (x 81B)
Class com.google.common.base.CharMatcher$InRange                                      : loaded 2 times (x 107B)
Class com.google.common.cache.LocalCache$EntryFactory$5                               : loaded 2 times (x 79B)
Class com.google.common.base.PairwiseEquivalence                                      : loaded 2 times (x 79B)
Class com.google.common.cache.LocalCache$EntryFactory$6                               : loaded 2 times (x 79B)
Class org.gradle.internal.installation.CurrentGradleInstallationLocator               : loaded 2 times (x 67B)
Class com.google.common.collect.Maps$KeySet                                           : loaded 2 times (x 133B)
Class com.google.common.cache.LocalCache$EntryFactory$7                               : loaded 2 times (x 79B)
Class com.google.common.collect.ImmutableSet$EmptySetBuilderImpl                      : loaded 2 times (x 72B)
Class com.google.common.collect.ImmutableList                                         : loaded 2 times (x 202B)
Class org.gradle.internal.service.DefaultServiceLocator                               : loaded 2 times (x 79B)
Class com.google.common.cache.LocalCache$EntryFactory$8                               : loaded 2 times (x 79B)
Class com.google.common.collect.ImmutableSet$SetBuilderImpl                           : loaded 2 times (x 72B)
Class org.gradle.internal.installation.CurrentGradleInstallation                      : loaded 2 times (x 69B)
Class com.google.common.cache.CacheLoader$1                                           : loaded 2 times (x 71B)
Class com.google.common.collect.ForwardingObject                                      : loaded 2 times (x 68B)
Class com.google.common.collect.ImmutableList$SubList                                 : loaded 2 times (x 204B)
Class org.gradle.util.internal.GUtil                                                  : loaded 2 times (x 67B)
Class com.google.common.util.concurrent.AbstractFuture$SetFuture                      : loaded 2 times (x 71B)
Class com.google.common.cache.AbstractCache$StatsCounter                              : loaded 2 times (x 66B)
Class com.google.common.collect.Iterators$MergingIterator                             : loaded 2 times (x 77B)
Class com.google.common.collect.RegularImmutableSet                                   : loaded 2 times (x 144B)
Class org.gradle.internal.installation.GradleInstallation                             : loaded 2 times (x 71B)
Class com.google.common.collect.Iterables                                             : loaded 2 times (x 67B)
Class com.google.common.base.Splitter$Strategy                                        : loaded 2 times (x 66B)

---------------  S Y S T E M  ---------------

OS:
 Windows 11 , 64 bit Build 26100 (10.0.26100.7309)
OS uptime: 3 days 11:07 hours
Hyper-V role detected

CPU: total 12 (initial active 12) (6 cores per cpu, 2 threads per core) family 6 model 154 stepping 4 microcode 0x437, cx8, cmov, fxsr, ht, mmx, 3dnowpref, sse, sse2, sse3, ssse3, sse4.1, sse4.2, popcnt, lzcnt, tsc, tscinvbit, avx, avx2, aes, erms, clmul, bmi1, bmi2, adx, sha, fma, vzeroupper, clflush, clflushopt, clwb, hv, serialize, rdtscp, rdpid, fsrm, f16c, cet_ibt, cet_ss
Processor Information for all 12 processors :
  Max Mhz: 1300, Current Mhz: 1300, Mhz Limit: 1300

Memory: 4k page, system-wide physical 16016M (1796M free)
TotalPageFile size 26230M (AvailPageFile size 12M)
current process WorkingSet (physical memory assigned to process): 529M, peak: 534M
current process commit charge ("private bytes"): 603M, peak: 618M

vm_info: OpenJDK 64-Bit Server VM (21.0.4+-12508038-b607.1) for windows-amd64 JRE (21.0.4+-12508038-b607.1), built on 2024-10-16T17:23:34Z by "builder" with MS VC++ 16.10 / 16.11 (VS2019)

END.
