#
# There is insufficient memory for the Java Runtime Environment to continue.
# Native memory allocation (mmap) failed to map 698351616 bytes. Error detail: G1 virtual space
# Possible reasons:
#   The system is out of physical RAM or swap space
#   This process is running with CompressedOops enabled, and the Java Heap may be blocking the growth of the native heap
# Possible solutions:
#   Reduce memory load on the system
#   Increase physical memory or swap space
#   Check if swap backing store is full
#   Decrease Java heap size (-Xmx/-Xms)
#   Decrease number of Java threads
#   Decrease Java thread stack sizes (-Xss)
#   Set larger code cache with -XX:ReservedCodeCacheSize=
#   JVM is running with Zero Based Compressed Oops mode in which the Java heap is
#     placed in the first 32GB address space. The Java Heap base address is the
#     maximum limit for the native heap growth. Please use -XX:HeapBaseMinAddress
#     to set the Java Heap base and to place the Java Heap above 32GB virtual address.
# This output file may be truncated or incomplete.
#
#  Out of Memory Error (os_windows.cpp:3828), pid=20208, tid=29132
#
# JRE version: OpenJDK Runtime Environment (21.0.4) (build 21.0.4+-12508038-b607.1)
# Java VM: OpenJDK 64-Bit Server VM (21.0.4+-12508038-b607.1, mixed mode, tiered, compressed oops, compressed class ptrs, g1 gc, windows-amd64)
# No core dump will be written. Minidumps are not enabled by default on client versions of Windows
#

---------------  S U M M A R Y ------------

Command Line: --add-opens=java.base/java.util=ALL-UNNAMED --add-opens=java.base/java.lang=ALL-UNNAMED --add-opens=java.base/java.lang.invoke=ALL-UNNAMED --add-opens=java.prefs/java.util.prefs=ALL-UNNAMED --add-exports=jdk.compiler/com.sun.tools.javac.api=ALL-UNNAMED --add-exports=jdk.compiler/com.sun.tools.javac.util=ALL-UNNAMED --add-opens=java.base/java.nio.charset=ALL-UNNAMED --add-opens=java.base/java.net=ALL-UNNAMED --add-opens=java.base/java.util.concurrent.atomic=ALL-UNNAMED -Xmx4096m -Dfile.encoding=UTF-8 -Duser.country=US -Duser.language=en -Duser.variant -javaagent:D:\.gradle\wrapper\dists\gradle-8.10.2-bin\a04bxjujx95o3nb99gddekhwo\gradle-8.10.2\lib\agents\gradle-instrumentation-agent-8.10.2.jar org.gradle.launcher.daemon.bootstrap.GradleDaemon 8.10.2

Host: 12th Gen Intel(R) Core(TM) i5-1235U, 12 cores, 15G,  Windows 11 , 64 bit Build 26100 (10.0.26100.7309)
Time: Fri Dec 12 12:01:59 2025 Sri Lanka Standard Time elapsed time: 35.264700 seconds (0d 0h 0m 35s)

---------------  T H R E A D  ---------------

Current thread (0x000001f10f2814c0):  VMThread "VM Thread"          [id=29132, stack(0x0000006692d00000,0x0000006692e00000) (1024K)]

Stack: [0x0000006692d00000,0x0000006692e00000]
Native frames: (J=compiled Java code, j=interpreted, Vv=VM code, C=native code)
V  [jvm.dll+0x6ce539]
V  [jvm.dll+0x85bf03]
V  [jvm.dll+0x85e45e]
V  [jvm.dll+0x85eb43]
V  [jvm.dll+0x27dd06]
V  [jvm.dll+0x6cada5]
V  [jvm.dll+0x6bf27a]
V  [jvm.dll+0x3541fb]
V  [jvm.dll+0x35be36]
V  [jvm.dll+0x3adbc6]
V  [jvm.dll+0x3ade98]
V  [jvm.dll+0x32691c]
V  [jvm.dll+0x3269a7]
V  [jvm.dll+0x36c78c]
V  [jvm.dll+0x36af3e]
V  [jvm.dll+0x326071]
V  [jvm.dll+0x36a650]
V  [jvm.dll+0x8648c8]
V  [jvm.dll+0x865c44]
V  [jvm.dll+0x866180]
V  [jvm.dll+0x866413]
V  [jvm.dll+0x804418]
V  [jvm.dll+0x6cce0d]
C  [ucrtbase.dll+0x37b0]
C  [KERNEL32.DLL+0x2e8d7]
C  [ntdll.dll+0x8c53c]

VM_Operation (0x000000669e5fb0d0): G1CollectForAllocation, mode: safepoint, requested by thread 0x000001f120048b70


---------------  P R O C E S S  ---------------

Threads class SMR info:
_java_thread_list=0x000001f120ebfe80, length=200, elements={
0x000001f174d78850, 0x000001f10f2d84a0, 0x000001f10f2e6fd0, 0x000001f10f2f2780,
0x000001f10f2f31e0, 0x000001f10f2f3c40, 0x000001f10f2f5210, 0x000001f10f2f7a90,
0x000001f10f2f90a0, 0x000001f17f7dda20, 0x000001f10f5d8c20, 0x000001f114dfddb0,
0x000001f115574e30, 0x000001f11570ae70, 0x000001f115703db0, 0x000001f115704420,
0x000001f1156e3b70, 0x000001f1156e8810, 0x000001f115362050, 0x000001f115364120,
0x000001f115363a90, 0x000001f1153647b0, 0x000001f115364e40, 0x000001f1153619c0,
0x000001f115362d70, 0x000001f115363400, 0x000001f11835b560, 0x000001f11835bbf0,
0x000001f11835a840, 0x000001f118358770, 0x000001f11835aed0, 0x000001f118359490,
0x000001f117418470, 0x000001f117419eb0, 0x000001f117417de0, 0x000001f11741b8f0,
0x000001f11741bf80, 0x000001f117418b00, 0x000001f11741ed70, 0x000001f11741d9c0,
0x000001f11741f400, 0x000001f11741e6e0, 0x000001f11741c610, 0x000001f11741e050,
0x000001f11741cca0, 0x000001f11741d330, 0x000001f118c86170, 0x000001f118c85ae0,
0x000001f118c83a10, 0x000001f118c83380, 0x000001f118c840a0, 0x000001f118c84dc0,
0x000001f118c84730, 0x000001f118c86800, 0x000001f1198a70d0, 0x000001f1198a5d20,
0x000001f1198a7760, 0x000001f1198a63b0, 0x000001f1198a8480, 0x000001f1198a7df0,
0x000001f1198a8b10, 0x000001f1198a6a40, 0x000001f1198a91a0, 0x000001f116e35170,
0x000001f116e35e90, 0x000001f116e37240, 0x000001f116e34450, 0x000001f116e3a030,
0x000001f116e37f60, 0x000001f116e34ae0, 0x000001f116e3a6c0, 0x000001f116e385f0,
0x000001f116e38c80, 0x000001f11674ff00, 0x000001f116753380, 0x000001f116753a10,
0x000001f1167540a0, 0x000001f116751940, 0x000001f11a11f020, 0x000001f11a121780,
0x000001f11a1210f0, 0x000001f11a121e10, 0x000001f11a1224a0, 0x000001f11a11f6b0,
0x000001f11a1231c0, 0x000001f11a11fd40, 0x000001f11a123850, 0x000001f11a120a60,
0x000001f11a125920, 0x000001f11a126640, 0x000001f11a123ee0, 0x000001f11a124c00,
0x000001f11a125fb0, 0x000001f11a124570, 0x000001f116e55cd0, 0x000001f116e55640,
0x000001f116e54920, 0x000001f116e53570, 0x000001f116e54fb0, 0x000001f116e56360,
0x000001f116e53c00, 0x000001f116e52ee0, 0x000001f116e569f0, 0x000001f116e57080,
0x000001f116e54290, 0x000001f116e59e70, 0x000001f116e58ac0, 0x000001f116e57da0,
0x000001f116e597e0, 0x000001f116e5a500, 0x000001f116e58430, 0x000001f116e59150,
0x000001f11a125290, 0x000001f120a92510, 0x000001f120a945e0, 0x000001f120a92ba0,
0x000001f120a93f50, 0x000001f120a917f0, 0x000001f120a938c0, 0x000001f119c1eaa0,
0x000001f119c20b70, 0x000001f119c21200, 0x000001f119c1dd80, 0x000001f119c1e410,
0x000001f119c21890, 0x000001f119c1fe50, 0x000001f119c1f7c0, 0x000001f119c204e0,
0x000001f119c21f20, 0x000001f119c225b0, 0x000001f119c23ff0, 0x000001f119c253a0,
0x000001f119c22c40, 0x000001f119c24680, 0x000001f119c23960, 0x000001f119c232d0,
0x000001f120a91e80, 0x000001f120a93230, 0x000001f120a91160, 0x000001f120a96d40,
0x000001f120a97a60, 0x000001f120a94c70, 0x000001f120a973d0, 0x000001f120a96020,
0x000001f120a966b0, 0x000001f120a98780, 0x000001f120a980f0, 0x000001f120a95300,
0x000001f116e33730, 0x000001f116752cf0, 0x000001f120041be0, 0x000001f120040ec0,
0x000001f120040830, 0x000001f1200401a0, 0x000001f120042270, 0x000001f120043620,
0x000001f120042900, 0x000001f120043cb0, 0x000001f120042f90, 0x000001f1200449d0,
0x000001f120041550, 0x000001f120045060, 0x000001f1200456f0, 0x000001f120045d80,
0x000001f120046410, 0x000001f120044340, 0x000001f1200484e0, 0x000001f120049890,
0x000001f120047130, 0x000001f1200477c0, 0x000001f120047e50, 0x000001f120048b70,
0x000001f120049f20, 0x000001f120046aa0, 0x000001f12004c680, 0x000001f119c3a2e0,
0x000001f120a24380, 0x000001f120a28520, 0x000001f120a250a0, 0x000001f120a28bb0,
0x000001f120a25730, 0x000001f120a2b9a0, 0x000001f120a2c030, 0x000001f120a2c6c0,
0x000001f120a2b310, 0x000001f120a298d0, 0x000001f120a29f60, 0x000001f116658e50,
0x000001f11665b5b0, 0x000001f115b927f0, 0x000001f115b93c60, 0x000001f11665c960,
0x000001f11665bc40, 0x000001f11665d680, 0x000001f11665cff0, 0x000001f11665dd10,
0x000001f11665c2d0, 0x000001f11665e3a0, 0x000001f11665af20, 0x000001f116660470
}
_to_delete_list=0x000001f119d63420, length=201, elements={
0x000001f174d78850, 0x000001f10f2d84a0, 0x000001f10f2e6fd0, 0x000001f10f2f2780,
0x000001f10f2f31e0, 0x000001f10f2f3c40, 0x000001f10f2f5210, 0x000001f10f2f7a90,
0x000001f10f2f90a0, 0x000001f17f7dda20, 0x000001f10f5d8c20, 0x000001f114dfddb0,
0x000001f115574e30, 0x000001f11570ae70, 0x000001f115703db0, 0x000001f115704420,
0x000001f1156e3b70, 0x000001f1156e8810, 0x000001f115362050, 0x000001f115364120,
0x000001f115363a90, 0x000001f1153647b0, 0x000001f115364e40, 0x000001f1153619c0,
0x000001f115362d70, 0x000001f115363400, 0x000001f11835b560, 0x000001f11835bbf0,
0x000001f11835a840, 0x000001f118358770, 0x000001f11835aed0, 0x000001f118359490,
0x000001f117418470, 0x000001f117419eb0, 0x000001f117417de0, 0x000001f11741b8f0,
0x000001f11741bf80, 0x000001f117418b00, 0x000001f11741ed70, 0x000001f11741d9c0,
0x000001f11741f400, 0x000001f11741e6e0, 0x000001f11741c610, 0x000001f11741e050,
0x000001f11741cca0, 0x000001f11741d330, 0x000001f118c86170, 0x000001f118c85ae0,
0x000001f118c83a10, 0x000001f118c83380, 0x000001f118c840a0, 0x000001f118c84dc0,
0x000001f118c84730, 0x000001f118c86800, 0x000001f1198a70d0, 0x000001f1198a5d20,
0x000001f1198a7760, 0x000001f1198a63b0, 0x000001f1198a8480, 0x000001f1198a7df0,
0x000001f1198a8b10, 0x000001f1198a6a40, 0x000001f1198a91a0, 0x000001f116e35170,
0x000001f116e35e90, 0x000001f116e37240, 0x000001f116e34450, 0x000001f116e3a030,
0x000001f116e37f60, 0x000001f116e34ae0, 0x000001f116e3a6c0, 0x000001f116e385f0,
0x000001f116e38c80, 0x000001f11674ff00, 0x000001f116753380, 0x000001f116753a10,
0x000001f1167540a0, 0x000001f116751940, 0x000001f11a11f020, 0x000001f11a121780,
0x000001f11a1210f0, 0x000001f11a121e10, 0x000001f11a1224a0, 0x000001f11a11f6b0,
0x000001f11a1231c0, 0x000001f11a11fd40, 0x000001f11a123850, 0x000001f11a120a60,
0x000001f11a125920, 0x000001f11a126640, 0x000001f11a123ee0, 0x000001f11a124c00,
0x000001f11a125fb0, 0x000001f11a124570, 0x000001f116e55cd0, 0x000001f116e55640,
0x000001f116e54920, 0x000001f116e53570, 0x000001f116e54fb0, 0x000001f116e56360,
0x000001f116e53c00, 0x000001f116e52ee0, 0x000001f116e569f0, 0x000001f116e57080,
0x000001f116e54290, 0x000001f116e59e70, 0x000001f116e58ac0, 0x000001f116e57da0,
0x000001f116e597e0, 0x000001f116e5a500, 0x000001f116e58430, 0x000001f116e59150,
0x000001f11a125290, 0x000001f120a92510, 0x000001f120a945e0, 0x000001f120a92ba0,
0x000001f120a93f50, 0x000001f120a917f0, 0x000001f120a938c0, 0x000001f119c1eaa0,
0x000001f119c20b70, 0x000001f119c21200, 0x000001f119c1dd80, 0x000001f119c1e410,
0x000001f119c21890, 0x000001f119c1fe50, 0x000001f119c1f7c0, 0x000001f119c204e0,
0x000001f119c21f20, 0x000001f119c225b0, 0x000001f119c23ff0, 0x000001f119c253a0,
0x000001f119c22c40, 0x000001f119c24680, 0x000001f119c23960, 0x000001f119c232d0,
0x000001f120a91e80, 0x000001f120a93230, 0x000001f120a91160, 0x000001f120a96d40,
0x000001f120a97a60, 0x000001f120a94c70, 0x000001f120a973d0, 0x000001f120a96020,
0x000001f120a966b0, 0x000001f120a98780, 0x000001f120a980f0, 0x000001f120a95300,
0x000001f116e33730, 0x000001f116752cf0, 0x000001f120041be0, 0x000001f120040ec0,
0x000001f120040830, 0x000001f1200401a0, 0x000001f120042270, 0x000001f120043620,
0x000001f120042900, 0x000001f120043cb0, 0x000001f120042f90, 0x000001f1200449d0,
0x000001f120041550, 0x000001f120045060, 0x000001f1200456f0, 0x000001f120045d80,
0x000001f120046410, 0x000001f120044340, 0x000001f1200484e0, 0x000001f120049890,
0x000001f120047130, 0x000001f1200477c0, 0x000001f120047e50, 0x000001f120048b70,
0x000001f120049f20, 0x000001f120046aa0, 0x000001f12004c680, 0x000001f119c3a2e0,
0x000001f120a24380, 0x000001f120a28520, 0x000001f120a250a0, 0x000001f120a28bb0,
0x000001f120a25730, 0x000001f120a2b9a0, 0x000001f120a2c030, 0x000001f120a2c6c0,
0x000001f120a2b310, 0x000001f120a298d0, 0x000001f120a29f60, 0x000001f116658e50,
0x000001f11665b5b0, 0x000001f115b927f0, 0x000001f115b93c60, 0x000001f11665c960,
0x000001f11665bc40, 0x000001f11665d680, 0x000001f11665cff0, 0x000001f11665dd10,
0x000001f11665c2d0, 0x000001f11665e3a0, 0x000001f11665af20, 0x000001f116660470,
0x000001f11665fde0
}

Java Threads: ( => current thread )
  0x000001f174d78850 JavaThread "main"                              [_thread_blocked, id=26080, stack(0x0000006692600000,0x0000006692700000) (1024K)]
  0x000001f10f2d84a0 JavaThread "Reference Handler"          daemon [_thread_blocked, id=28044, stack(0x0000006692e00000,0x0000006692f00000) (1024K)]
  0x000001f10f2e6fd0 JavaThread "Finalizer"                  daemon [_thread_blocked, id=28860, stack(0x0000006692f00000,0x0000006693000000) (1024K)]
  0x000001f10f2f2780 JavaThread "Signal Dispatcher"          daemon [_thread_blocked, id=27872, stack(0x0000006693000000,0x0000006693100000) (1024K)]
  0x000001f10f2f31e0 JavaThread "Attach Listener"            daemon [_thread_blocked, id=23836, stack(0x0000006693100000,0x0000006693200000) (1024K)]
  0x000001f10f2f3c40 JavaThread "Service Thread"             daemon [_thread_blocked, id=29412, stack(0x0000006693200000,0x0000006693300000) (1024K)]
  0x000001f10f2f5210 JavaThread "Monitor Deflation Thread"   daemon [_thread_blocked, id=28532, stack(0x0000006693300000,0x0000006693400000) (1024K)]
  0x000001f10f2f7a90 JavaThread "C2 CompilerThread0"         daemon [_thread_blocked, id=27980, stack(0x0000006693400000,0x0000006693500000) (1024K)]
  0x000001f10f2f90a0 JavaThread "C1 CompilerThread0"         daemon [_thread_blocked, id=15492, stack(0x0000006693500000,0x0000006693600000) (1024K)]
  0x000001f17f7dda20 JavaThread "Common-Cleaner"             daemon [_thread_blocked, id=29304, stack(0x0000006693600000,0x0000006693700000) (1024K)]
  0x000001f10f5d8c20 JavaThread "Notification Thread"        daemon [_thread_blocked, id=27616, stack(0x0000006693700000,0x0000006693800000) (1024K)]
  0x000001f114dfddb0 JavaThread "Daemon health stats"               [_thread_blocked, id=8584, stack(0x0000006693e00000,0x0000006693f00000) (1024K)]
  0x000001f115574e30 JavaThread "Incoming local TCP Connector on port 64410"        [_thread_in_native, id=28416, stack(0x0000006693f00000,0x0000006694000000) (1024K)]
  0x000001f11570ae70 JavaThread "Daemon periodic checks"            [_thread_blocked, id=5620, stack(0x0000006694400000,0x0000006694500000) (1024K)]
  0x000001f115703db0 JavaThread "Daemon"                            [_thread_blocked, id=26772, stack(0x0000006694500000,0x0000006694600000) (1024K)]
  0x000001f115704420 JavaThread "Handler for socket connection from /127.0.0.1:64410 to /127.0.0.1:64411"        [_thread_in_native, id=21760, stack(0x0000006694600000,0x0000006694700000) (1024K)]
  0x000001f1156e3b70 JavaThread "Cancel handler"                    [_thread_blocked, id=28172, stack(0x0000006694700000,0x0000006694800000) (1024K)]
  0x000001f1156e8810 JavaThread "Daemon worker"                     [_thread_blocked, id=27028, stack(0x0000006694800000,0x0000006694900000) (1024K)]
  0x000001f115362050 JavaThread "Asynchronous log dispatcher for DefaultDaemonConnection: socket connection from /127.0.0.1:64410 to /127.0.0.1:64411"        [_thread_blocked, id=18352, stack(0x0000006694900000,0x0000006694a00000) (1024K)]
  0x000001f115364120 JavaThread "Stdin handler"                     [_thread_blocked, id=29396, stack(0x0000006694a00000,0x0000006694b00000) (1024K)]
  0x000001f115363a90 JavaThread "Daemon client event forwarder"        [_thread_blocked, id=24160, stack(0x0000006694b00000,0x0000006694c00000) (1024K)]
  0x000001f1153647b0 JavaThread "Cache worker for journal cache (D:\.gradle\caches\journal-1)"        [_thread_blocked, id=25916, stack(0x0000006694e00000,0x0000006694f00000) (1024K)]
  0x000001f115364e40 JavaThread "File lock request listener"        [_thread_in_native, id=9204, stack(0x0000006694f00000,0x0000006695000000) (1024K)]
  0x000001f1153619c0 JavaThread "Cache worker for file hash cache (D:\.gradle\caches\8.10.2\fileHashes)"        [_thread_blocked, id=25100, stack(0x0000006695000000,0x0000006695100000) (1024K)]
  0x000001f115362d70 JavaThread "Cache worker for file hash cache (D:\Diploma\Final Project\FixMate\.gradle\8.10.2\fileHashes)"        [_thread_blocked, id=28196, stack(0x0000006695100000,0x0000006695200000) (1024K)]
  0x000001f115363400 JavaThread "Cache worker for Build Output Cleanup Cache (D:\Diploma\Final Project\FixMate\.gradle\buildOutputCleanup)"        [_thread_blocked, id=12572, stack(0x0000006695200000,0x0000006695300000) (1024K)]
  0x000001f11835b560 JavaThread "File watcher server"        daemon [_thread_blocked, id=29444, stack(0x0000006695300000,0x0000006695400000) (1024K)]
  0x000001f11835bbf0 JavaThread "File watcher consumer"      daemon [_thread_blocked, id=26508, stack(0x0000006695400000,0x0000006695500000) (1024K)]
  0x000001f11835a840 JavaThread "Cache worker for checksums cache (D:\Diploma\Final Project\FixMate\.gradle\8.10.2\checksums)"        [_thread_blocked, id=26196, stack(0x0000006695500000,0x0000006695600000) (1024K)]
  0x000001f118358770 JavaThread "Cache worker for file content cache (D:\.gradle\caches\8.10.2\fileContent)"        [_thread_blocked, id=25312, stack(0x0000006695600000,0x0000006695700000) (1024K)]
  0x000001f11835aed0 JavaThread "Cache worker for cache directory md-rule (D:\.gradle\caches\8.10.2\md-rule)"        [_thread_blocked, id=8052, stack(0x0000006695700000,0x0000006695800000) (1024K)]
  0x000001f118359490 JavaThread "Cache worker for cache directory md-supplier (D:\.gradle\caches\8.10.2\md-supplier)"        [_thread_blocked, id=28056, stack(0x0000006695800000,0x0000006695900000) (1024K)]
  0x000001f117418470 JavaThread "Unconstrained build operations"        [_thread_blocked, id=26448, stack(0x0000006695900000,0x0000006695a00000) (1024K)]
  0x000001f117419eb0 JavaThread "Unconstrained build operations Thread 2"        [_thread_blocked, id=24656, stack(0x0000006695a00000,0x0000006695b00000) (1024K)]
  0x000001f117417de0 JavaThread "Unconstrained build operations Thread 3"        [_thread_blocked, id=26948, stack(0x0000006695b00000,0x0000006695c00000) (1024K)]
  0x000001f11741b8f0 JavaThread "Unconstrained build operations Thread 4"        [_thread_blocked, id=23616, stack(0x0000006695c00000,0x0000006695d00000) (1024K)]
  0x000001f11741bf80 JavaThread "Unconstrained build operations Thread 5"        [_thread_blocked, id=29668, stack(0x0000006695d00000,0x0000006695e00000) (1024K)]
  0x000001f117418b00 JavaThread "Unconstrained build operations Thread 6"        [_thread_blocked, id=29240, stack(0x0000006695e00000,0x0000006695f00000) (1024K)]
  0x000001f11741ed70 JavaThread "Unconstrained build operations Thread 7"        [_thread_blocked, id=9260, stack(0x0000006695f00000,0x0000006696000000) (1024K)]
  0x000001f11741d9c0 JavaThread "Unconstrained build operations Thread 8"        [_thread_blocked, id=17404, stack(0x0000006696000000,0x0000006696100000) (1024K)]
  0x000001f11741f400 JavaThread "Unconstrained build operations Thread 9"        [_thread_blocked, id=17508, stack(0x0000006696100000,0x0000006696200000) (1024K)]
  0x000001f11741e6e0 JavaThread "Unconstrained build operations Thread 10"        [_thread_blocked, id=27620, stack(0x0000006696200000,0x0000006696300000) (1024K)]
  0x000001f11741c610 JavaThread "Unconstrained build operations Thread 11"        [_thread_blocked, id=12548, stack(0x0000006696300000,0x0000006696400000) (1024K)]
  0x000001f11741e050 JavaThread "Unconstrained build operations Thread 12"        [_thread_blocked, id=26756, stack(0x0000006696400000,0x0000006696500000) (1024K)]
  0x000001f11741cca0 JavaThread "Unconstrained build operations Thread 13"        [_thread_blocked, id=25072, stack(0x0000006696500000,0x0000006696600000) (1024K)]
  0x000001f11741d330 JavaThread "Unconstrained build operations Thread 14"        [_thread_blocked, id=7808, stack(0x0000006696600000,0x0000006696700000) (1024K)]
  0x000001f118c86170 JavaThread "Unconstrained build operations Thread 15"        [_thread_blocked, id=23920, stack(0x0000006696700000,0x0000006696800000) (1024K)]
  0x000001f118c85ae0 JavaThread "Unconstrained build operations Thread 16"        [_thread_blocked, id=11684, stack(0x0000006696800000,0x0000006696900000) (1024K)]
  0x000001f118c83a10 JavaThread "Unconstrained build operations Thread 17"        [_thread_blocked, id=7668, stack(0x0000006696900000,0x0000006696a00000) (1024K)]
  0x000001f118c83380 JavaThread "Unconstrained build operations Thread 18"        [_thread_blocked, id=25812, stack(0x0000006696a00000,0x0000006696b00000) (1024K)]
  0x000001f118c840a0 JavaThread "Unconstrained build operations Thread 19"        [_thread_blocked, id=28512, stack(0x0000006696b00000,0x0000006696c00000) (1024K)]
  0x000001f118c84dc0 JavaThread "Unconstrained build operations Thread 20"        [_thread_blocked, id=28484, stack(0x0000006696c00000,0x0000006696d00000) (1024K)]
  0x000001f118c84730 JavaThread "Unconstrained build operations Thread 21"        [_thread_blocked, id=4508, stack(0x0000006696d00000,0x0000006696e00000) (1024K)]
  0x000001f118c86800 JavaThread "Unconstrained build operations Thread 22"        [_thread_blocked, id=29648, stack(0x0000006696e00000,0x0000006696f00000) (1024K)]
  0x000001f1198a70d0 JavaThread "Unconstrained build operations Thread 23"        [_thread_blocked, id=13444, stack(0x0000006697000000,0x0000006697100000) (1024K)]
  0x000001f1198a5d20 JavaThread "Unconstrained build operations Thread 24"        [_thread_blocked, id=24288, stack(0x0000006697100000,0x0000006697200000) (1024K)]
  0x000001f1198a7760 JavaThread "Unconstrained build operations Thread 25"        [_thread_blocked, id=10632, stack(0x0000006697200000,0x0000006697300000) (1024K)]
  0x000001f1198a63b0 JavaThread "Unconstrained build operations Thread 26"        [_thread_blocked, id=14068, stack(0x0000006697300000,0x0000006697400000) (1024K)]
  0x000001f1198a8480 JavaThread "Unconstrained build operations Thread 27"        [_thread_blocked, id=21408, stack(0x0000006697400000,0x0000006697500000) (1024K)]
  0x000001f1198a7df0 JavaThread "Unconstrained build operations Thread 28"        [_thread_blocked, id=3260, stack(0x0000006697500000,0x0000006697600000) (1024K)]
  0x000001f1198a8b10 JavaThread "Unconstrained build operations Thread 29"        [_thread_blocked, id=27392, stack(0x0000006697600000,0x0000006697700000) (1024K)]
  0x000001f1198a6a40 JavaThread "Unconstrained build operations Thread 30"        [_thread_blocked, id=14820, stack(0x0000006697700000,0x0000006697800000) (1024K)]
  0x000001f1198a91a0 JavaThread "Unconstrained build operations Thread 31"        [_thread_blocked, id=18584, stack(0x0000006697800000,0x0000006697900000) (1024K)]
  0x000001f116e35170 JavaThread "Unconstrained build operations Thread 32"        [_thread_blocked, id=13600, stack(0x0000006697900000,0x0000006697a00000) (1024K)]
  0x000001f116e35e90 JavaThread "Unconstrained build operations Thread 33"        [_thread_blocked, id=4516, stack(0x0000006697a00000,0x0000006697b00000) (1024K)]
  0x000001f116e37240 JavaThread "build event listener"              [_thread_blocked, id=7680, stack(0x0000006696f00000,0x0000006697000000) (1024K)]
  0x000001f116e34450 JavaThread "Memory manager"                    [_thread_blocked, id=27160, stack(0x0000006697b00000,0x0000006697c00000) (1024K)]
  0x000001f116e3a030 JavaThread "build event listener"              [_thread_blocked, id=9984, stack(0x0000006697d00000,0x0000006697e00000) (1024K)]
  0x000001f116e37f60 JavaThread "pool-3-thread-1"                   [_thread_blocked, id=1452, stack(0x0000006697e00000,0x0000006697f00000) (1024K)]
  0x000001f116e34ae0 JavaThread "build event listener"              [_thread_blocked, id=5700, stack(0x0000006697f00000,0x0000006698000000) (1024K)]
  0x000001f116e3a6c0 JavaThread "included builds"                   [_thread_blocked, id=24816, stack(0x0000006698000000,0x0000006698100000) (1024K)]
  0x000001f116e385f0 JavaThread "Execution worker"                  [_thread_blocked, id=18668, stack(0x0000006698100000,0x0000006698200000) (1024K)]
  0x000001f116e38c80 JavaThread "Execution worker Thread 2"         [_thread_blocked, id=29028, stack(0x0000006698200000,0x0000006698300000) (1024K)]
  0x000001f11674ff00 JavaThread "Execution worker Thread 3"         [_thread_blocked, id=25652, stack(0x0000006698300000,0x0000006698400000) (1024K)]
  0x000001f116753380 JavaThread "Execution worker Thread 4"         [_thread_blocked, id=18924, stack(0x0000006698400000,0x0000006698500000) (1024K)]
  0x000001f116753a10 JavaThread "Execution worker Thread 5"         [_thread_blocked, id=16416, stack(0x0000006698500000,0x0000006698600000) (1024K)]
  0x000001f1167540a0 JavaThread "Execution worker Thread 6"         [_thread_blocked, id=16396, stack(0x0000006698600000,0x0000006698700000) (1024K)]
  0x000001f116751940 JavaThread "Execution worker Thread 7"         [_thread_blocked, id=23940, stack(0x0000006698700000,0x0000006698800000) (1024K)]
  0x000001f11a11f020 JavaThread "Execution worker Thread 8"         [_thread_blocked, id=25776, stack(0x0000006698800000,0x0000006698900000) (1024K)]
  0x000001f11a121780 JavaThread "Execution worker Thread 9"         [_thread_blocked, id=23328, stack(0x0000006698900000,0x0000006698a00000) (1024K)]
  0x000001f11a1210f0 JavaThread "Execution worker Thread 10"        [_thread_blocked, id=17812, stack(0x0000006698a00000,0x0000006698b00000) (1024K)]
  0x000001f11a121e10 JavaThread "Execution worker Thread 11"        [_thread_blocked, id=25344, stack(0x0000006698b00000,0x0000006698c00000) (1024K)]
  0x000001f11a1224a0 JavaThread "Cache worker for execution history cache (D:\Diploma\Final Project\FixMate\.gradle\8.10.2\executionHistory)"        [_thread_blocked, id=21304, stack(0x0000006698c00000,0x0000006698d00000) (1024K)]
  0x000001f11a11f6b0 JavaThread "Unconstrained build operations Thread 34"        [_thread_blocked, id=12824, stack(0x0000006698d00000,0x0000006698e00000) (1024K)]
  0x000001f11a1231c0 JavaThread "Unconstrained build operations Thread 35"        [_thread_blocked, id=9556, stack(0x0000006698e00000,0x0000006698f00000) (1024K)]
  0x000001f11a11fd40 JavaThread "Unconstrained build operations Thread 36"        [_thread_blocked, id=4084, stack(0x0000006698f00000,0x0000006699000000) (1024K)]
  0x000001f11a123850 JavaThread "Unconstrained build operations Thread 37"        [_thread_blocked, id=29256, stack(0x0000006699000000,0x0000006699100000) (1024K)]
  0x000001f11a120a60 JavaThread "Unconstrained build operations Thread 38"        [_thread_blocked, id=9100, stack(0x0000006699100000,0x0000006699200000) (1024K)]
  0x000001f11a125920 JavaThread "Unconstrained build operations Thread 39"        [_thread_blocked, id=29420, stack(0x0000006699200000,0x0000006699300000) (1024K)]
  0x000001f11a126640 JavaThread "Unconstrained build operations Thread 40"        [_thread_blocked, id=16388, stack(0x0000006699300000,0x0000006699400000) (1024K)]
  0x000001f11a123ee0 JavaThread "Unconstrained build operations Thread 41"        [_thread_blocked, id=18928, stack(0x0000006699400000,0x0000006699500000) (1024K)]
  0x000001f11a124c00 JavaThread "Unconstrained build operations Thread 42"        [_thread_blocked, id=18936, stack(0x0000006699500000,0x0000006699600000) (1024K)]
  0x000001f11a125fb0 JavaThread "Unconstrained build operations Thread 43"        [_thread_blocked, id=18932, stack(0x0000006699600000,0x0000006699700000) (1024K)]
  0x000001f11a124570 JavaThread "Unconstrained build operations Thread 44"        [_thread_blocked, id=16392, stack(0x0000006699700000,0x0000006699800000) (1024K)]
  0x000001f116e55cd0 JavaThread "Unconstrained build operations Thread 45"        [_thread_blocked, id=23848, stack(0x0000006699800000,0x0000006699900000) (1024K)]
  0x000001f116e55640 JavaThread "Unconstrained build operations Thread 46"        [_thread_blocked, id=10764, stack(0x0000006699900000,0x0000006699a00000) (1024K)]
  0x000001f116e54920 JavaThread "Unconstrained build operations Thread 47"        [_thread_blocked, id=25828, stack(0x0000006699a00000,0x0000006699b00000) (1024K)]
  0x000001f116e53570 JavaThread "Unconstrained build operations Thread 48"        [_thread_blocked, id=24676, stack(0x0000006699b00000,0x0000006699c00000) (1024K)]
  0x000001f116e54fb0 JavaThread "Unconstrained build operations Thread 49"        [_thread_blocked, id=3912, stack(0x0000006699c00000,0x0000006699d00000) (1024K)]
  0x000001f116e56360 JavaThread "Unconstrained build operations Thread 50"        [_thread_blocked, id=6484, stack(0x0000006699d00000,0x0000006699e00000) (1024K)]
  0x000001f116e53c00 JavaThread "Unconstrained build operations Thread 51"        [_thread_blocked, id=15052, stack(0x0000006699e00000,0x0000006699f00000) (1024K)]
  0x000001f116e52ee0 JavaThread "Unconstrained build operations Thread 52"        [_thread_blocked, id=22740, stack(0x0000006699f00000,0x000000669a000000) (1024K)]
  0x000001f116e569f0 JavaThread "Unconstrained build operations Thread 53"        [_thread_blocked, id=28824, stack(0x000000669a000000,0x000000669a100000) (1024K)]
  0x000001f116e57080 JavaThread "Unconstrained build operations Thread 54"        [_thread_blocked, id=24952, stack(0x000000669a100000,0x000000669a200000) (1024K)]
  0x000001f116e54290 JavaThread "Unconstrained build operations Thread 55"        [_thread_blocked, id=24864, stack(0x000000669a200000,0x000000669a300000) (1024K)]
  0x000001f116e59e70 JavaThread "Unconstrained build operations Thread 56"        [_thread_blocked, id=27256, stack(0x000000669a300000,0x000000669a400000) (1024K)]
  0x000001f116e58ac0 JavaThread "Unconstrained build operations Thread 57"        [_thread_blocked, id=11372, stack(0x000000669a400000,0x000000669a500000) (1024K)]
  0x000001f116e57da0 JavaThread "Unconstrained build operations Thread 58"        [_thread_blocked, id=26576, stack(0x000000669a500000,0x000000669a600000) (1024K)]
  0x000001f116e597e0 JavaThread "Unconstrained build operations Thread 59"        [_thread_blocked, id=13472, stack(0x000000669a600000,0x000000669a700000) (1024K)]
  0x000001f116e5a500 JavaThread "Unconstrained build operations Thread 60"        [_thread_blocked, id=29688, stack(0x000000669a700000,0x000000669a800000) (1024K)]
  0x000001f116e58430 JavaThread "Unconstrained build operations Thread 61"        [_thread_blocked, id=24068, stack(0x000000669a800000,0x000000669a900000) (1024K)]
  0x000001f116e59150 JavaThread "Unconstrained build operations Thread 62"        [_thread_blocked, id=19572, stack(0x000000669a900000,0x000000669aa00000) (1024K)]
  0x000001f11a125290 JavaThread "Unconstrained build operations Thread 63"        [_thread_blocked, id=23804, stack(0x000000669aa00000,0x000000669ab00000) (1024K)]
  0x000001f120a92510 JavaThread "Unconstrained build operations Thread 64"        [_thread_blocked, id=23744, stack(0x000000669ab00000,0x000000669ac00000) (1024K)]
  0x000001f120a945e0 JavaThread "Unconstrained build operations Thread 65"        [_thread_blocked, id=24716, stack(0x000000669ac00000,0x000000669ad00000) (1024K)]
  0x000001f120a92ba0 JavaThread "Unconstrained build operations Thread 66"        [_thread_blocked, id=24836, stack(0x000000669ad00000,0x000000669ae00000) (1024K)]
  0x000001f120a93f50 JavaThread "Unconstrained build operations Thread 67"        [_thread_blocked, id=27760, stack(0x000000669ae00000,0x000000669af00000) (1024K)]
  0x000001f120a917f0 JavaThread "Unconstrained build operations Thread 68"        [_thread_blocked, id=29480, stack(0x000000669af00000,0x000000669b000000) (1024K)]
  0x000001f120a938c0 JavaThread "Unconstrained build operations Thread 69"        [_thread_blocked, id=25300, stack(0x000000669b000000,0x000000669b100000) (1024K)]
  0x000001f119c1eaa0 JavaThread "Unconstrained build operations Thread 70"        [_thread_blocked, id=19608, stack(0x000000669b100000,0x000000669b200000) (1024K)]
  0x000001f119c20b70 JavaThread "Unconstrained build operations Thread 71"        [_thread_blocked, id=27248, stack(0x000000669b200000,0x000000669b300000) (1024K)]
  0x000001f119c21200 JavaThread "Unconstrained build operations Thread 72"        [_thread_blocked, id=25504, stack(0x000000669b300000,0x000000669b400000) (1024K)]
  0x000001f119c1dd80 JavaThread "Unconstrained build operations Thread 73"        [_thread_blocked, id=4124, stack(0x000000669b400000,0x000000669b500000) (1024K)]
  0x000001f119c1e410 JavaThread "Unconstrained build operations Thread 74"        [_thread_blocked, id=28708, stack(0x000000669b500000,0x000000669b600000) (1024K)]
  0x000001f119c21890 JavaThread "Unconstrained build operations Thread 75"        [_thread_blocked, id=28096, stack(0x000000669b600000,0x000000669b700000) (1024K)]
  0x000001f119c1fe50 JavaThread "Unconstrained build operations Thread 76"        [_thread_blocked, id=13420, stack(0x000000669b700000,0x000000669b800000) (1024K)]
  0x000001f119c1f7c0 JavaThread "Unconstrained build operations Thread 77"        [_thread_blocked, id=21444, stack(0x000000669b800000,0x000000669b900000) (1024K)]
  0x000001f119c204e0 JavaThread "Unconstrained build operations Thread 78"        [_thread_blocked, id=14404, stack(0x000000669b900000,0x000000669ba00000) (1024K)]
  0x000001f119c21f20 JavaThread "Unconstrained build operations Thread 79"        [_thread_blocked, id=28144, stack(0x000000669ba00000,0x000000669bb00000) (1024K)]
  0x000001f119c225b0 JavaThread "Unconstrained build operations Thread 80"        [_thread_blocked, id=19596, stack(0x000000669bb00000,0x000000669bc00000) (1024K)]
  0x000001f119c23ff0 JavaThread "WorkerExecutor Queue"              [_thread_blocked, id=8632, stack(0x000000669bc00000,0x000000669bd00000) (1024K)]
  0x000001f119c253a0 JavaThread "Unconstrained build operations Thread 81"        [_thread_blocked, id=7444, stack(0x000000669bd00000,0x000000669be00000) (1024K)]
  0x000001f119c22c40 JavaThread "Unconstrained build operations Thread 82"        [_thread_blocked, id=22076, stack(0x000000669be00000,0x000000669bf00000) (1024K)]
  0x000001f119c24680 JavaThread "Unconstrained build operations Thread 83"        [_thread_blocked, id=24648, stack(0x000000669bf00000,0x000000669c000000) (1024K)]
  0x000001f119c23960 JavaThread "Unconstrained build operations Thread 84"        [_thread_blocked, id=26828, stack(0x000000669c000000,0x000000669c100000) (1024K)]
  0x000001f119c232d0 JavaThread "Unconstrained build operations Thread 85"        [_thread_blocked, id=21452, stack(0x000000669c100000,0x000000669c200000) (1024K)]
  0x000001f120a91e80 JavaThread "Unconstrained build operations Thread 86"        [_thread_blocked, id=6072, stack(0x000000669c200000,0x000000669c300000) (1024K)]
  0x000001f120a93230 JavaThread "Unconstrained build operations Thread 87"        [_thread_blocked, id=27356, stack(0x000000669c300000,0x000000669c400000) (1024K)]
  0x000001f120a91160 JavaThread "Unconstrained build operations Thread 88"        [_thread_blocked, id=8048, stack(0x000000669c400000,0x000000669c500000) (1024K)]
  0x000001f120a96d40 JavaThread "Unconstrained build operations Thread 89"        [_thread_blocked, id=7392, stack(0x000000669c500000,0x000000669c600000) (1024K)]
  0x000001f120a97a60 JavaThread "Unconstrained build operations Thread 90"        [_thread_blocked, id=8808, stack(0x000000669c600000,0x000000669c700000) (1024K)]
  0x000001f120a94c70 JavaThread "Unconstrained build operations Thread 91"        [_thread_blocked, id=27224, stack(0x000000669c700000,0x000000669c800000) (1024K)]
  0x000001f120a973d0 JavaThread "Unconstrained build operations Thread 92"        [_thread_blocked, id=27088, stack(0x000000669c800000,0x000000669c900000) (1024K)]
  0x000001f120a96020 JavaThread "Unconstrained build operations Thread 93"        [_thread_blocked, id=1924, stack(0x000000669c900000,0x000000669ca00000) (1024K)]
  0x000001f120a966b0 JavaThread "Unconstrained build operations Thread 94"        [_thread_blocked, id=28680, stack(0x000000669ca00000,0x000000669cb00000) (1024K)]
  0x000001f120a98780 JavaThread "Unconstrained build operations Thread 95"        [_thread_blocked, id=13908, stack(0x000000669cb00000,0x000000669cc00000) (1024K)]
  0x000001f120a980f0 JavaThread "Unconstrained build operations Thread 96"        [_thread_blocked, id=23692, stack(0x000000669cc00000,0x000000669cd00000) (1024K)]
  0x000001f120a95300 JavaThread "Unconstrained build operations Thread 97"        [_thread_blocked, id=6568, stack(0x000000669cd00000,0x000000669ce00000) (1024K)]
  0x000001f116e33730 JavaThread "Unconstrained build operations Thread 98"        [_thread_blocked, id=5976, stack(0x000000669ce00000,0x000000669cf00000) (1024K)]
  0x000001f116752cf0 JavaThread "Unconstrained build operations Thread 99"        [_thread_blocked, id=28624, stack(0x000000669cf00000,0x000000669d000000) (1024K)]
  0x000001f120041be0 JavaThread "Unconstrained build operations Thread 100"        [_thread_blocked, id=25688, stack(0x000000669d000000,0x000000669d100000) (1024K)]
  0x000001f120040ec0 JavaThread "Unconstrained build operations Thread 101"        [_thread_blocked, id=26044, stack(0x000000669d100000,0x000000669d200000) (1024K)]
  0x000001f120040830 JavaThread "Unconstrained build operations Thread 102"        [_thread_blocked, id=28948, stack(0x000000669d200000,0x000000669d300000) (1024K)]
  0x000001f1200401a0 JavaThread "Unconstrained build operations Thread 103"        [_thread_blocked, id=12248, stack(0x000000669d300000,0x000000669d400000) (1024K)]
  0x000001f120042270 JavaThread "Unconstrained build operations Thread 104"        [_thread_blocked, id=9920, stack(0x000000669d400000,0x000000669d500000) (1024K)]
  0x000001f120043620 JavaThread "Unconstrained build operations Thread 105"        [_thread_blocked, id=7988, stack(0x000000669d500000,0x000000669d600000) (1024K)]
  0x000001f120042900 JavaThread "Unconstrained build operations Thread 106"        [_thread_blocked, id=15176, stack(0x000000669d600000,0x000000669d700000) (1024K)]
  0x000001f120043cb0 JavaThread "Unconstrained build operations Thread 107"        [_thread_blocked, id=29440, stack(0x000000669d700000,0x000000669d800000) (1024K)]
  0x000001f120042f90 JavaThread "Unconstrained build operations Thread 108"        [_thread_blocked, id=26480, stack(0x000000669d800000,0x000000669d900000) (1024K)]
  0x000001f1200449d0 JavaThread "Unconstrained build operations Thread 109"        [_thread_blocked, id=15820, stack(0x000000669d900000,0x000000669da00000) (1024K)]
  0x000001f120041550 JavaThread "Unconstrained build operations Thread 110"        [_thread_blocked, id=28960, stack(0x000000669da00000,0x000000669db00000) (1024K)]
  0x000001f120045060 JavaThread "Unconstrained build operations Thread 111"        [_thread_blocked, id=18488, stack(0x000000669db00000,0x000000669dc00000) (1024K)]
  0x000001f1200456f0 JavaThread "Unconstrained build operations Thread 112"        [_thread_blocked, id=23948, stack(0x000000669dc00000,0x000000669dd00000) (1024K)]
  0x000001f120045d80 JavaThread "Unconstrained build operations Thread 113"        [_thread_blocked, id=27860, stack(0x000000669dd00000,0x000000669de00000) (1024K)]
  0x000001f120046410 JavaThread "Unconstrained build operations Thread 114"        [_thread_blocked, id=13164, stack(0x000000669de00000,0x000000669df00000) (1024K)]
  0x000001f120044340 JavaThread "Unconstrained build operations Thread 115"        [_thread_blocked, id=25240, stack(0x000000669df00000,0x000000669e000000) (1024K)]
  0x000001f1200484e0 JavaThread "Unconstrained build operations Thread 116"        [_thread_blocked, id=16184, stack(0x000000669e000000,0x000000669e100000) (1024K)]
  0x000001f120049890 JavaThread "Unconstrained build operations Thread 117"        [_thread_blocked, id=27440, stack(0x000000669e100000,0x000000669e200000) (1024K)]
  0x000001f120047130 JavaThread "Unconstrained build operations Thread 118"        [_thread_blocked, id=26704, stack(0x000000669e200000,0x000000669e300000) (1024K)]
  0x000001f1200477c0 JavaThread "Unconstrained build operations Thread 119"        [_thread_blocked, id=29324, stack(0x000000669e300000,0x000000669e400000) (1024K)]
  0x000001f120047e50 JavaThread "Unconstrained build operations Thread 120"        [_thread_blocked, id=19236, stack(0x000000669e400000,0x000000669e500000) (1024K)]
  0x000001f120048b70 JavaThread "WorkerExecutor Queue Thread 2"        [_thread_blocked, id=26052, stack(0x000000669e500000,0x000000669e600000) (1024K)]
  0x000001f120049f20 JavaThread "pool-4-thread-1"                   [_thread_blocked, id=27812, stack(0x000000669e600000,0x000000669e700000) (1024K)]
  0x000001f120046aa0 JavaThread "stderr"                            [_thread_in_native, id=19088, stack(0x000000669e700000,0x000000669e800000) (1024K)]
  0x000001f12004c680 JavaThread "stdout"                            [_thread_in_native, id=17104, stack(0x000000669e800000,0x000000669e900000) (1024K)]
  0x000001f119c3a2e0 JavaThread "Cache worker for Java compile cache (D:\.gradle\caches\8.10.2\javaCompile)"        [_thread_blocked, id=21812, stack(0x000000669e900000,0x000000669ea00000) (1024K)]
  0x000001f120a24380 JavaThread "Build operations"                  [_thread_blocked, id=6492, stack(0x000000669ea00000,0x000000669eb00000) (1024K)]
  0x000001f120a28520 JavaThread "Build operations Thread 2"         [_thread_blocked, id=23840, stack(0x000000669eb00000,0x000000669ec00000) (1024K)]
  0x000001f120a250a0 JavaThread "Build operations Thread 3"         [_thread_blocked, id=1380, stack(0x000000669ec00000,0x000000669ed00000) (1024K)]
  0x000001f120a28bb0 JavaThread "Build operations Thread 4"         [_thread_blocked, id=27788, stack(0x000000669ed00000,0x000000669ee00000) (1024K)]
  0x000001f120a25730 JavaThread "Build operations Thread 5"         [_thread_blocked, id=11704, stack(0x000000669ee00000,0x000000669ef00000) (1024K)]
  0x000001f120a2b9a0 JavaThread "Build operations Thread 6"         [_thread_blocked, id=11844, stack(0x000000669ef00000,0x000000669f000000) (1024K)]
  0x000001f120a2c030 JavaThread "Build operations Thread 7"         [_thread_blocked, id=22312, stack(0x000000669f000000,0x000000669f100000) (1024K)]
  0x000001f120a2c6c0 JavaThread "Build operations Thread 8"         [_thread_blocked, id=27844, stack(0x000000669f100000,0x000000669f200000) (1024K)]
  0x000001f120a2b310 JavaThread "Build operations Thread 9"         [_thread_blocked, id=28676, stack(0x000000669f200000,0x000000669f300000) (1024K)]
  0x000001f120a298d0 JavaThread "Build operations Thread 10"        [_thread_blocked, id=27372, stack(0x000000669f300000,0x000000669f400000) (1024K)]
  0x000001f120a29f60 JavaThread "Build operations Thread 11"        [_thread_blocked, id=2344, stack(0x000000669f400000,0x000000669f500000) (1024K)]
  0x000001f116658e50 JavaThread "Build operations Thread 12"        [_thread_blocked, id=26668, stack(0x000000669f500000,0x000000669f600000) (1024K)]
  0x000001f11665b5b0 JavaThread "WorkerExecutor Queue Thread 3"        [_thread_blocked, id=22308, stack(0x000000669f600000,0x000000669f700000) (1024K)]
  0x000001f115b927f0 JavaThread "C2 CompilerThread1"         daemon [_thread_blocked, id=25008, stack(0x0000006693800000,0x0000006693900000) (1024K)]
  0x000001f115b93c60 JavaThread "C2 CompilerThread2"         daemon [_thread_blocked, id=28300, stack(0x0000006697c00000,0x0000006697d00000) (1024K)]
  0x000001f11665c960 JavaThread "WorkerExecutor Queue Thread 4"        [_thread_blocked, id=26720, stack(0x000000669f700000,0x000000669f800000) (1024K)]
  0x000001f11665bc40 JavaThread "WorkerExecutor Queue Thread 5"        [_thread_blocked, id=29244, stack(0x000000669f800000,0x000000669f900000) (1024K)]
  0x000001f11665d680 JavaThread "WorkerExecutor Queue Thread 6"        [_thread_blocked, id=13828, stack(0x000000669f900000,0x000000669fa00000) (1024K)]
  0x000001f11665cff0 JavaThread "WorkerExecutor Queue Thread 7"        [_thread_blocked, id=29600, stack(0x000000669fa00000,0x000000669fb00000) (1024K)]
  0x000001f11665dd10 JavaThread "WorkerExecutor Queue Thread 8"        [_thread_blocked, id=15952, stack(0x000000669fb00000,0x000000669fc00000) (1024K)]
  0x000001f11665c2d0 JavaThread "WorkerExecutor Queue Thread 9"        [_thread_blocked, id=26476, stack(0x000000669fc00000,0x000000669fd00000) (1024K)]
  0x000001f11665e3a0 JavaThread "WorkerExecutor Queue Thread 10"        [_thread_blocked, id=25808, stack(0x000000669fd00000,0x000000669fe00000) (1024K)]
  0x000001f11665af20 JavaThread "WorkerExecutor Queue Thread 11"        [_thread_blocked, id=20540, stack(0x000000669fe00000,0x000000669ff00000) (1024K)]
  0x000001f116660470 JavaThread "WorkerExecutor Queue Thread 12"        [_thread_blocked, id=24752, stack(0x000000669ff00000,0x00000066a0000000) (1024K)]
Total: 200

Other Threads:
=>0x000001f10f2814c0 VMThread "VM Thread"                           [id=29132, stack(0x0000006692d00000,0x0000006692e00000) (1024K)]
  0x000001f17f7dc880 WatcherThread "VM Periodic Task Thread"        [id=2792, stack(0x0000006692c00000,0x0000006692d00000) (1024K)]
  0x000001f174de5960 WorkerThread "GC Thread#0"                     [id=26036, stack(0x0000006692700000,0x0000006692800000) (1024K)]
  0x000001f10fb098f0 WorkerThread "GC Thread#1"                     [id=27004, stack(0x0000006693900000,0x0000006693a00000) (1024K)]
  0x000001f10fbca150 WorkerThread "GC Thread#2"                     [id=23568, stack(0x0000006693a00000,0x0000006693b00000) (1024K)]
  0x000001f10fbb7890 WorkerThread "GC Thread#3"                     [id=29032, stack(0x0000006693b00000,0x0000006693c00000) (1024K)]
  0x000001f10fbb7c30 WorkerThread "GC Thread#4"                     [id=24612, stack(0x0000006693c00000,0x0000006693d00000) (1024K)]
  0x000001f10fc71bc0 WorkerThread "GC Thread#5"                     [id=2492, stack(0x0000006693d00000,0x0000006693e00000) (1024K)]
  0x000001f1153bc1b0 WorkerThread "GC Thread#6"                     [id=2408, stack(0x0000006694000000,0x0000006694100000) (1024K)]
  0x000001f1153bc550 WorkerThread "GC Thread#7"                     [id=22296, stack(0x0000006694100000,0x0000006694200000) (1024K)]
  0x000001f1154418d0 WorkerThread "GC Thread#8"                     [id=27536, stack(0x0000006694200000,0x0000006694300000) (1024K)]
  0x000001f115441530 WorkerThread "GC Thread#9"                     [id=2760, stack(0x0000006694300000,0x0000006694400000) (1024K)]
  0x000001f174df6850 ConcurrentGCThread "G1 Main Marker"            [id=27492, stack(0x0000006692800000,0x0000006692900000) (1024K)]
  0x000001f174df7260 WorkerThread "G1 Conc#0"                       [id=17776, stack(0x0000006692900000,0x0000006692a00000) (1024K)]
  0x000001f115441c70 WorkerThread "G1 Conc#1"                       [id=6580, stack(0x0000006694c00000,0x0000006694d00000) (1024K)]
  0x000001f1154423b0 WorkerThread "G1 Conc#2"                       [id=2548, stack(0x0000006694d00000,0x0000006694e00000) (1024K)]
  0x000001f17f6ac420 ConcurrentGCThread "G1 Refine#0"               [id=29228, stack(0x0000006692a00000,0x0000006692b00000) (1024K)]
  0x000001f17f6acc40 ConcurrentGCThread "G1 Service"                [id=6616, stack(0x0000006692b00000,0x0000006692c00000) (1024K)]
Total: 18

Threads with active compile tasks:
C2 CompilerThread0    35289 29659       4       com.android.tools.r8.ir.optimize.z::a (506 bytes)
C2 CompilerThread1    35290 29674       4       com.android.tools.r8.internal.px::b (32 bytes)
C2 CompilerThread2    35290 29373       4       com.android.tools.r8.internal.eR::a (2407 bytes)
Total: 3

VM state: at safepoint (normal execution)

VM Mutex/Monitor currently owned by a thread:  ([mutex/lock_event])
[0x00007ffb0abd72f8] Threads_lock - owner thread: 0x000001f10f2814c0
[0x00007ffb0abd73f8] Heap_lock - owner thread: 0x000001f120048b70

Heap address: 0x0000000700000000, size: 4096 MB, Compressed Oops mode: Zero based, Oop shift amount: 3

CDS archive(s) not mapped
Compressed class space mapped at: 0x0000000800000000-0x0000000840000000, reserved size: 1073741824
Narrow klass base: 0x0000000800000000, Narrow klass shift: 0, Narrow klass range: 0x40000000

GC Precious Log:
 CardTable entry size: 512
 Card Set container configuration: InlinePtr #cards 4 size 8 Array Of Cards #cards 16 size 48 Howl #buckets 8 coarsen threshold 3686 Howl Bitmap #cards 512 size 80 coarsen threshold 460 Card regions per heap region 1 cards per card region 4096
 CPUs: 12 total, 12 available
 Memory: 16016M
 Large Page Support: Disabled
 NUMA Support: Disabled
 Compressed Oops: Enabled (Zero based)
 Heap Region Size: 2M
 Heap Min Capacity: 8M
 Heap Initial Capacity: 252M
 Heap Max Capacity: 4G
 Pre-touch: Disabled
 Parallel Workers: 10
 Concurrent Workers: 3
 Concurrent Refinement Workers: 10
 Periodic GC: Disabled

Heap:
 garbage-first heap   total 681984K, used 330621K [0x0000000700000000, 0x0000000800000000)
  region size 2048K, 13 young (26624K), 13 survivors (26624K)
 Metaspace       used 175935K, committed 178304K, reserved 1245184K
  class space    used 23750K, committed 24960K, reserved 1048576K

Heap Regions: E=young(eden), S=young(survivor), O=old, HS=humongous(starts), HC=humongous(continues), CS=collection set, F=free, TAMS=top-at-mark-start, PB=parsable bottom
|   0|0x0000000700000000, 0x0000000700200000, 0x0000000700200000|100%|HS|  |TAMS 0x0000000700000000| PB 0x0000000700000000| Complete 
|   1|0x0000000700200000, 0x0000000700400000, 0x0000000700400000|100%|HC|  |TAMS 0x0000000700200000| PB 0x0000000700200000| Complete 
|   2|0x0000000700400000, 0x0000000700600000, 0x0000000700600000|100%| O|  |TAMS 0x0000000700400000| PB 0x0000000700400000| Untracked 
|   3|0x0000000700600000, 0x0000000700800000, 0x0000000700800000|100%| O|  |TAMS 0x0000000700600000| PB 0x0000000700600000| Untracked 
|   4|0x0000000700800000, 0x00000007009eea30, 0x0000000700a00000| 96%| O|  |TAMS 0x0000000700800000| PB 0x0000000700800000| Untracked 
|   5|0x0000000700a00000, 0x0000000700c00000, 0x0000000700c00000|100%| O|  |TAMS 0x0000000700a00000| PB 0x0000000700a00000| Untracked 
|   6|0x0000000700c00000, 0x0000000700e00000, 0x0000000700e00000|100%| O|  |TAMS 0x0000000700c00000| PB 0x0000000700c00000| Untracked 
|   7|0x0000000700e00000, 0x0000000701000000, 0x0000000701000000|100%| O|  |TAMS 0x0000000700e00000| PB 0x0000000700e00000| Untracked 
|   8|0x0000000701000000, 0x0000000701200000, 0x0000000701200000|100%| O|  |TAMS 0x0000000701000000| PB 0x0000000701000000| Untracked 
|   9|0x0000000701200000, 0x0000000701400000, 0x0000000701400000|100%| O|  |TAMS 0x0000000701200000| PB 0x0000000701200000| Untracked 
|  10|0x0000000701400000, 0x0000000701600000, 0x0000000701600000|100%| O|  |TAMS 0x0000000701400000| PB 0x0000000701400000| Untracked 
|  11|0x0000000701600000, 0x0000000701800000, 0x0000000701800000|100%| O|  |TAMS 0x0000000701600000| PB 0x0000000701600000| Untracked 
|  12|0x0000000701800000, 0x0000000701a00000, 0x0000000701a00000|100%| O|  |TAMS 0x0000000701800000| PB 0x0000000701800000| Untracked 
|  13|0x0000000701a00000, 0x0000000701c00000, 0x0000000701c00000|100%| O|  |TAMS 0x0000000701a00000| PB 0x0000000701a00000| Untracked 
|  14|0x0000000701c00000, 0x0000000701e00000, 0x0000000701e00000|100%| O|  |TAMS 0x0000000701c00000| PB 0x0000000701c00000| Untracked 
|  15|0x0000000701e00000, 0x0000000702000000, 0x0000000702000000|100%| O|  |TAMS 0x0000000701e00000| PB 0x0000000701e00000| Untracked 
|  16|0x0000000702000000, 0x0000000702200000, 0x0000000702200000|100%| O|  |TAMS 0x0000000702000000| PB 0x0000000702000000| Untracked 
|  17|0x0000000702200000, 0x0000000702400000, 0x0000000702400000|100%| O|  |TAMS 0x0000000702200000| PB 0x0000000702200000| Untracked 
|  18|0x0000000702400000, 0x0000000702600000, 0x0000000702600000|100%| O|  |TAMS 0x0000000702400000| PB 0x0000000702400000| Untracked 
|  19|0x0000000702600000, 0x0000000702800000, 0x0000000702800000|100%| O|  |TAMS 0x0000000702600000| PB 0x0000000702600000| Untracked 
|  20|0x0000000702800000, 0x0000000702a00000, 0x0000000702a00000|100%| O|  |TAMS 0x0000000702800000| PB 0x0000000702800000| Untracked 
|  21|0x0000000702a00000, 0x0000000702c00000, 0x0000000702c00000|100%| O|  |TAMS 0x0000000702a00000| PB 0x0000000702a00000| Untracked 
|  22|0x0000000702c00000, 0x0000000702e00000, 0x0000000702e00000|100%| O|  |TAMS 0x0000000702c00000| PB 0x0000000702c00000| Untracked 
|  23|0x0000000702e00000, 0x0000000703000000, 0x0000000703000000|100%| O|  |TAMS 0x0000000702e00000| PB 0x0000000702e00000| Untracked 
|  24|0x0000000703000000, 0x0000000703200000, 0x0000000703200000|100%| O|  |TAMS 0x0000000703000000| PB 0x0000000703000000| Untracked 
|  25|0x0000000703200000, 0x0000000703400000, 0x0000000703400000|100%|HS|  |TAMS 0x0000000703200000| PB 0x0000000703200000| Complete 
|  26|0x0000000703400000, 0x0000000703600000, 0x0000000703600000|100%|HS|  |TAMS 0x0000000703400000| PB 0x0000000703400000| Complete 
|  27|0x0000000703600000, 0x0000000703800000, 0x0000000703800000|100%| O|  |TAMS 0x0000000703600000| PB 0x0000000703600000| Untracked 
|  28|0x0000000703800000, 0x0000000703a00000, 0x0000000703a00000|100%| O|  |TAMS 0x0000000703800000| PB 0x0000000703800000| Untracked 
|  29|0x0000000703a00000, 0x0000000703c00000, 0x0000000703c00000|100%| O|  |TAMS 0x0000000703a00000| PB 0x0000000703a00000| Untracked 
|  30|0x0000000703c00000, 0x0000000703e00000, 0x0000000703e00000|100%|HS|  |TAMS 0x0000000703c00000| PB 0x0000000703c00000| Complete 
|  31|0x0000000703e00000, 0x0000000704000000, 0x0000000704000000|100%|HC|  |TAMS 0x0000000703e00000| PB 0x0000000703e00000| Complete 
|  32|0x0000000704000000, 0x0000000704200000, 0x0000000704200000|100%| O|  |TAMS 0x0000000704000000| PB 0x0000000704000000| Untracked 
|  33|0x0000000704200000, 0x0000000704400000, 0x0000000704400000|100%| O|  |TAMS 0x0000000704200000| PB 0x0000000704200000| Untracked 
|  34|0x0000000704400000, 0x0000000704600000, 0x0000000704600000|100%| O|  |TAMS 0x0000000704400000| PB 0x0000000704400000| Untracked 
|  35|0x0000000704600000, 0x0000000704800000, 0x0000000704800000|100%| O|  |TAMS 0x0000000704600000| PB 0x0000000704600000| Untracked 
|  36|0x0000000704800000, 0x0000000704a00000, 0x0000000704a00000|100%|HS|  |TAMS 0x0000000704800000| PB 0x0000000704800000| Complete 
|  37|0x0000000704a00000, 0x0000000704c00000, 0x0000000704c00000|100%|HC|  |TAMS 0x0000000704a00000| PB 0x0000000704a00000| Complete 
|  38|0x0000000704c00000, 0x0000000704e00000, 0x0000000704e00000|100%| O|  |TAMS 0x0000000704c00000| PB 0x0000000704c00000| Untracked 
|  39|0x0000000704e00000, 0x0000000705000000, 0x0000000705000000|100%| O|  |TAMS 0x0000000704e00000| PB 0x0000000704e00000| Untracked 
|  40|0x0000000705000000, 0x0000000705200000, 0x0000000705200000|100%| O|  |TAMS 0x0000000705000000| PB 0x0000000705000000| Untracked 
|  41|0x0000000705200000, 0x0000000705400000, 0x0000000705400000|100%| O|  |TAMS 0x0000000705200000| PB 0x0000000705200000| Untracked 
|  42|0x0000000705400000, 0x0000000705600000, 0x0000000705600000|100%| O|  |TAMS 0x0000000705400000| PB 0x0000000705400000| Untracked 
|  43|0x0000000705600000, 0x0000000705800000, 0x0000000705800000|100%| O|  |TAMS 0x0000000705600000| PB 0x0000000705600000| Untracked 
|  44|0x0000000705800000, 0x0000000705a00000, 0x0000000705a00000|100%| O|  |TAMS 0x0000000705800000| PB 0x0000000705800000| Untracked 
|  45|0x0000000705a00000, 0x0000000705c00000, 0x0000000705c00000|100%| O|  |TAMS 0x0000000705a00000| PB 0x0000000705a00000| Untracked 
|  46|0x0000000705c00000, 0x0000000705e00000, 0x0000000705e00000|100%| O|  |TAMS 0x0000000705c00000| PB 0x0000000705c00000| Untracked 
|  47|0x0000000705e00000, 0x0000000706000000, 0x0000000706000000|100%| O|  |TAMS 0x0000000705e00000| PB 0x0000000705e00000| Untracked 
|  48|0x0000000706000000, 0x0000000706200000, 0x0000000706200000|100%| O|  |TAMS 0x0000000706000000| PB 0x0000000706000000| Untracked 
|  49|0x0000000706200000, 0x0000000706400000, 0x0000000706400000|100%| O|  |TAMS 0x0000000706200000| PB 0x0000000706200000| Untracked 
|  50|0x0000000706400000, 0x0000000706600000, 0x0000000706600000|100%| O|  |TAMS 0x0000000706400000| PB 0x0000000706400000| Untracked 
|  51|0x0000000706600000, 0x0000000706800000, 0x0000000706800000|100%| O|  |TAMS 0x0000000706600000| PB 0x0000000706600000| Untracked 
|  52|0x0000000706800000, 0x0000000706a00000, 0x0000000706a00000|100%| O|  |TAMS 0x0000000706800000| PB 0x0000000706800000| Untracked 
|  53|0x0000000706a00000, 0x0000000706c00000, 0x0000000706c00000|100%| O|  |TAMS 0x0000000706a00000| PB 0x0000000706a00000| Untracked 
|  54|0x0000000706c00000, 0x0000000706e00000, 0x0000000706e00000|100%| O|  |TAMS 0x0000000706c00000| PB 0x0000000706c00000| Untracked 
|  55|0x0000000706e00000, 0x0000000707000000, 0x0000000707000000|100%| O|  |TAMS 0x0000000706e00000| PB 0x0000000706e00000| Untracked 
|  56|0x0000000707000000, 0x0000000707200000, 0x0000000707200000|100%| O|  |TAMS 0x0000000707000000| PB 0x0000000707000000| Untracked 
|  57|0x0000000707200000, 0x0000000707400000, 0x0000000707400000|100%| O|  |TAMS 0x0000000707200000| PB 0x0000000707200000| Untracked 
|  58|0x0000000707400000, 0x0000000707600000, 0x0000000707600000|100%| O|  |TAMS 0x0000000707400000| PB 0x0000000707400000| Untracked 
|  59|0x0000000707600000, 0x0000000707800000, 0x0000000707800000|100%| O|  |TAMS 0x0000000707600000| PB 0x0000000707600000| Untracked 
|  60|0x0000000707800000, 0x0000000707a00000, 0x0000000707a00000|100%| O|  |TAMS 0x0000000707800000| PB 0x0000000707800000| Untracked 
|  61|0x0000000707a00000, 0x0000000707c00000, 0x0000000707c00000|100%| O|  |TAMS 0x0000000707a00000| PB 0x0000000707a00000| Untracked 
|  62|0x0000000707c00000, 0x0000000707e00000, 0x0000000707e00000|100%| O|  |TAMS 0x0000000707c00000| PB 0x0000000707c00000| Untracked 
|  63|0x0000000707e00000, 0x0000000708000000, 0x0000000708000000|100%| O|  |TAMS 0x0000000707e00000| PB 0x0000000707e00000| Untracked 
|  64|0x0000000708000000, 0x0000000708200000, 0x0000000708200000|100%| O|  |TAMS 0x0000000708000000| PB 0x0000000708000000| Untracked 
|  65|0x0000000708200000, 0x0000000708400000, 0x0000000708400000|100%| O|  |TAMS 0x0000000708200000| PB 0x0000000708200000| Untracked 
|  66|0x0000000708400000, 0x0000000708600000, 0x0000000708600000|100%| O|  |TAMS 0x0000000708400000| PB 0x0000000708400000| Untracked 
|  67|0x0000000708600000, 0x0000000708800000, 0x0000000708800000|100%| O|  |TAMS 0x0000000708600000| PB 0x0000000708600000| Untracked 
|  68|0x0000000708800000, 0x0000000708a00000, 0x0000000708a00000|100%| O|  |TAMS 0x0000000708800000| PB 0x0000000708800000| Untracked 
|  69|0x0000000708a00000, 0x0000000708c00000, 0x0000000708c00000|100%| O|  |TAMS 0x0000000708a00000| PB 0x0000000708a00000| Untracked 
|  70|0x0000000708c00000, 0x0000000708e00000, 0x0000000708e00000|100%| O|  |TAMS 0x0000000708c00000| PB 0x0000000708c00000| Untracked 
|  71|0x0000000708e00000, 0x0000000709000000, 0x0000000709000000|100%| O|  |TAMS 0x0000000708e00000| PB 0x0000000708e00000| Untracked 
|  72|0x0000000709000000, 0x0000000709200000, 0x0000000709200000|100%| O|  |TAMS 0x0000000709000000| PB 0x0000000709000000| Untracked 
|  73|0x0000000709200000, 0x0000000709400000, 0x0000000709400000|100%| O|  |TAMS 0x0000000709200000| PB 0x0000000709200000| Untracked 
|  74|0x0000000709400000, 0x0000000709600000, 0x0000000709600000|100%| O|  |TAMS 0x0000000709400000| PB 0x0000000709400000| Untracked 
|  75|0x0000000709600000, 0x0000000709800000, 0x0000000709800000|100%| O|  |TAMS 0x0000000709600000| PB 0x0000000709600000| Untracked 
|  76|0x0000000709800000, 0x0000000709a00000, 0x0000000709a00000|100%|HS|  |TAMS 0x0000000709800000| PB 0x0000000709800000| Complete 
|  77|0x0000000709a00000, 0x0000000709c00000, 0x0000000709c00000|100%| O|  |TAMS 0x0000000709a00000| PB 0x0000000709a00000| Untracked 
|  78|0x0000000709c00000, 0x0000000709c00000, 0x0000000709e00000|  0%| F|  |TAMS 0x0000000709c00000| PB 0x0000000709c00000| Untracked 
|  79|0x0000000709e00000, 0x0000000709e00000, 0x000000070a000000|  0%| F|  |TAMS 0x0000000709e00000| PB 0x0000000709e00000| Untracked 
|  80|0x000000070a000000, 0x000000070a200000, 0x000000070a200000|100%| O|  |TAMS 0x000000070a000000| PB 0x000000070a000000| Untracked 
|  81|0x000000070a200000, 0x000000070a400000, 0x000000070a400000|100%| O|  |TAMS 0x000000070a200000| PB 0x000000070a200000| Untracked 
|  82|0x000000070a400000, 0x000000070a600000, 0x000000070a600000|100%| O|  |TAMS 0x000000070a400000| PB 0x000000070a400000| Untracked 
|  83|0x000000070a600000, 0x000000070a800000, 0x000000070a800000|100%| O|  |TAMS 0x000000070a600000| PB 0x000000070a600000| Untracked 
|  84|0x000000070a800000, 0x000000070aa00000, 0x000000070aa00000|100%| O|  |TAMS 0x000000070a800000| PB 0x000000070a800000| Untracked 
|  85|0x000000070aa00000, 0x000000070aa00000, 0x000000070ac00000|  0%| F|  |TAMS 0x000000070aa00000| PB 0x000000070aa00000| Untracked 
|  86|0x000000070ac00000, 0x000000070ae00000, 0x000000070ae00000|100%| O|  |TAMS 0x000000070ac00000| PB 0x000000070ac00000| Untracked 
|  87|0x000000070ae00000, 0x000000070b000000, 0x000000070b000000|100%| O|  |TAMS 0x000000070ae00000| PB 0x000000070ae00000| Untracked 
|  88|0x000000070b000000, 0x000000070b200000, 0x000000070b200000|100%| O|  |TAMS 0x000000070b000000| PB 0x000000070b000000| Untracked 
|  89|0x000000070b200000, 0x000000070b400000, 0x000000070b400000|100%| O|  |TAMS 0x000000070b200000| PB 0x000000070b200000| Untracked 
|  90|0x000000070b400000, 0x000000070b400000, 0x000000070b600000|  0%| F|  |TAMS 0x000000070b400000| PB 0x000000070b400000| Untracked 
|  91|0x000000070b600000, 0x000000070b800000, 0x000000070b800000|100%| O|  |TAMS 0x000000070b600000| PB 0x000000070b600000| Untracked 
|  92|0x000000070b800000, 0x000000070ba00000, 0x000000070ba00000|100%| O|  |TAMS 0x000000070b800000| PB 0x000000070b800000| Untracked 
|  93|0x000000070ba00000, 0x000000070bc00000, 0x000000070bc00000|100%| O|  |TAMS 0x000000070ba00000| PB 0x000000070ba00000| Untracked 
|  94|0x000000070bc00000, 0x000000070be00000, 0x000000070be00000|100%| O|  |TAMS 0x000000070bc00000| PB 0x000000070bc00000| Untracked 
|  95|0x000000070be00000, 0x000000070c000000, 0x000000070c000000|100%| O|  |TAMS 0x000000070be00000| PB 0x000000070be00000| Untracked 
|  96|0x000000070c000000, 0x000000070c200000, 0x000000070c200000|100%| O|  |TAMS 0x000000070c000000| PB 0x000000070c000000| Untracked 
|  97|0x000000070c200000, 0x000000070c400000, 0x000000070c400000|100%| O|  |TAMS 0x000000070c200000| PB 0x000000070c200000| Untracked 
|  98|0x000000070c400000, 0x000000070c600000, 0x000000070c600000|100%| O|  |TAMS 0x000000070c400000| PB 0x000000070c400000| Untracked 
|  99|0x000000070c600000, 0x000000070c800000, 0x000000070c800000|100%| O|  |TAMS 0x000000070c600000| PB 0x000000070c600000| Untracked 
| 100|0x000000070c800000, 0x000000070ca00000, 0x000000070ca00000|100%| O|  |TAMS 0x000000070c800000| PB 0x000000070c800000| Untracked 
| 101|0x000000070ca00000, 0x000000070cc00000, 0x000000070cc00000|100%| O|  |TAMS 0x000000070ca00000| PB 0x000000070ca00000| Untracked 
| 102|0x000000070cc00000, 0x000000070ce00000, 0x000000070ce00000|100%| O|  |TAMS 0x000000070cc00000| PB 0x000000070cc00000| Untracked 
| 103|0x000000070ce00000, 0x000000070ce00000, 0x000000070d000000|  0%| F|  |TAMS 0x000000070ce00000| PB 0x000000070ce00000| Untracked 
| 104|0x000000070d000000, 0x000000070d200000, 0x000000070d200000|100%| O|  |TAMS 0x000000070d000000| PB 0x000000070d000000| Untracked 
| 105|0x000000070d200000, 0x000000070d400000, 0x000000070d400000|100%| O|  |TAMS 0x000000070d200000| PB 0x000000070d200000| Untracked 
| 106|0x000000070d400000, 0x000000070d600000, 0x000000070d600000|100%| O|  |TAMS 0x000000070d400000| PB 0x000000070d400000| Untracked 
| 107|0x000000070d600000, 0x000000070d800000, 0x000000070d800000|100%| O|  |TAMS 0x000000070d600000| PB 0x000000070d600000| Untracked 
| 108|0x000000070d800000, 0x000000070da00000, 0x000000070da00000|100%| O|  |TAMS 0x000000070d800000| PB 0x000000070d800000| Untracked 
| 109|0x000000070da00000, 0x000000070dc00000, 0x000000070dc00000|100%| O|  |TAMS 0x000000070da00000| PB 0x000000070da00000| Untracked 
| 110|0x000000070dc00000, 0x000000070de00000, 0x000000070de00000|100%| O|  |TAMS 0x000000070dc00000| PB 0x000000070dc00000| Untracked 
| 111|0x000000070de00000, 0x000000070e000000, 0x000000070e000000|100%| O|  |TAMS 0x000000070de00000| PB 0x000000070de00000| Untracked 
| 112|0x000000070e000000, 0x000000070e200000, 0x000000070e200000|100%| O|  |TAMS 0x000000070e000000| PB 0x000000070e000000| Untracked 
| 113|0x000000070e200000, 0x000000070e400000, 0x000000070e400000|100%| O|  |TAMS 0x000000070e200000| PB 0x000000070e200000| Untracked 
| 114|0x000000070e400000, 0x000000070e600000, 0x000000070e600000|100%| O|  |TAMS 0x000000070e400000| PB 0x000000070e400000| Untracked 
| 115|0x000000070e600000, 0x000000070e800000, 0x000000070e800000|100%| O|  |TAMS 0x000000070e600000| PB 0x000000070e600000| Untracked 
| 116|0x000000070e800000, 0x000000070e9d90c0, 0x000000070ea00000| 92%| O|  |TAMS 0x000000070e800000| PB 0x000000070e800000| Untracked 
| 117|0x000000070ea00000, 0x000000070ea00000, 0x000000070ec00000|  0%| F|  |TAMS 0x000000070ea00000| PB 0x000000070ea00000| Untracked 
| 118|0x000000070ec00000, 0x000000070ee00000, 0x000000070ee00000|100%| O|  |TAMS 0x000000070ec00000| PB 0x000000070ec00000| Untracked 
| 119|0x000000070ee00000, 0x000000070f000000, 0x000000070f000000|100%| O|  |TAMS 0x000000070ee00000| PB 0x000000070ee00000| Untracked 
| 120|0x000000070f000000, 0x000000070f000000, 0x000000070f200000|  0%| F|  |TAMS 0x000000070f000000| PB 0x000000070f000000| Untracked 
| 121|0x000000070f200000, 0x000000070f400000, 0x000000070f400000|100%|HS|  |TAMS 0x000000070f200000| PB 0x000000070f200000| Complete 
| 122|0x000000070f400000, 0x000000070f600000, 0x000000070f600000|100%| O|  |TAMS 0x000000070f400000| PB 0x000000070f400000| Untracked 
| 123|0x000000070f600000, 0x000000070f800000, 0x000000070f800000|100%| O|  |TAMS 0x000000070f600000| PB 0x000000070f600000| Untracked 
| 124|0x000000070f800000, 0x000000070fa00000, 0x000000070fa00000|100%|HS|  |TAMS 0x000000070f800000| PB 0x000000070f800000| Complete 
| 125|0x000000070fa00000, 0x000000070fc00000, 0x000000070fc00000|100%|HC|  |TAMS 0x000000070fa00000| PB 0x000000070fa00000| Complete 
| 126|0x000000070fc00000, 0x000000070fe00000, 0x000000070fe00000|100%|HC|  |TAMS 0x000000070fc00000| PB 0x000000070fc00000| Complete 
| 127|0x000000070fe00000, 0x0000000710000000, 0x0000000710000000|100%|HC|  |TAMS 0x000000070fe00000| PB 0x000000070fe00000| Complete 
| 128|0x0000000710000000, 0x0000000710000000, 0x0000000710200000|  0%| F|  |TAMS 0x0000000710000000| PB 0x0000000710000000| Untracked 
| 129|0x0000000710200000, 0x0000000710400000, 0x0000000710400000|100%| O|  |TAMS 0x0000000710200000| PB 0x0000000710200000| Untracked 
| 130|0x0000000710400000, 0x0000000710600000, 0x0000000710600000|100%| O|  |TAMS 0x0000000710400000| PB 0x0000000710400000| Untracked 
| 131|0x0000000710600000, 0x0000000710800000, 0x0000000710800000|100%| O|  |TAMS 0x0000000710600000| PB 0x0000000710600000| Untracked 
| 132|0x0000000710800000, 0x0000000710a00000, 0x0000000710a00000|100%| O|  |TAMS 0x0000000710800000| PB 0x0000000710800000| Untracked 
| 133|0x0000000710a00000, 0x0000000710c00000, 0x0000000710c00000|100%| O|  |TAMS 0x0000000710a00000| PB 0x0000000710a00000| Untracked 
| 134|0x0000000710c00000, 0x0000000710e00000, 0x0000000710e00000|100%| O|  |TAMS 0x0000000710c00000| PB 0x0000000710c00000| Untracked 
| 135|0x0000000710e00000, 0x0000000710e00000, 0x0000000711000000|  0%| F|  |TAMS 0x0000000710e00000| PB 0x0000000710e00000| Untracked 
| 136|0x0000000711000000, 0x0000000711000000, 0x0000000711200000|  0%| F|  |TAMS 0x0000000711000000| PB 0x0000000711000000| Untracked 
| 137|0x0000000711200000, 0x0000000711400000, 0x0000000711400000|100%| O|  |TAMS 0x0000000711200000| PB 0x0000000711200000| Untracked 
| 138|0x0000000711400000, 0x0000000711600000, 0x0000000711600000|100%| O|  |TAMS 0x0000000711400000| PB 0x0000000711400000| Untracked 
| 139|0x0000000711600000, 0x0000000711800000, 0x0000000711800000|100%| O|  |TAMS 0x0000000711600000| PB 0x0000000711600000| Untracked 
| 140|0x0000000711800000, 0x0000000711a00000, 0x0000000711a00000|100%| O|  |TAMS 0x0000000711800000| PB 0x0000000711800000| Untracked 
| 141|0x0000000711a00000, 0x0000000711c00000, 0x0000000711c00000|100%| O|  |TAMS 0x0000000711a00000| PB 0x0000000711a00000| Untracked 
| 142|0x0000000711c00000, 0x0000000711c00000, 0x0000000711e00000|  0%| F|  |TAMS 0x0000000711c00000| PB 0x0000000711c00000| Untracked 
| 143|0x0000000711e00000, 0x0000000712000000, 0x0000000712000000|100%| O|  |TAMS 0x0000000711e00000| PB 0x0000000711e00000| Untracked 
| 144|0x0000000712000000, 0x0000000712200000, 0x0000000712200000|100%| O|  |TAMS 0x0000000712000000| PB 0x0000000712000000| Untracked 
| 145|0x0000000712200000, 0x0000000712400000, 0x0000000712400000|100%| O|  |TAMS 0x0000000712200000| PB 0x0000000712200000| Untracked 
| 146|0x0000000712400000, 0x0000000712600000, 0x0000000712600000|100%| O|  |TAMS 0x0000000712400000| PB 0x0000000712400000| Untracked 
| 147|0x0000000712600000, 0x0000000712600000, 0x0000000712800000|  0%| F|  |TAMS 0x0000000712600000| PB 0x0000000712600000| Untracked 
| 148|0x0000000712800000, 0x0000000712800000, 0x0000000712a00000|  0%| F|  |TAMS 0x0000000712800000| PB 0x0000000712800000| Untracked 
| 149|0x0000000712a00000, 0x0000000712a00000, 0x0000000712c00000|  0%| F|  |TAMS 0x0000000712a00000| PB 0x0000000712a00000| Untracked 
| 150|0x0000000712c00000, 0x0000000712c00000, 0x0000000712e00000|  0%| F|  |TAMS 0x0000000712c00000| PB 0x0000000712c00000| Untracked 
| 151|0x0000000712e00000, 0x0000000712e00000, 0x0000000713000000|  0%| F|  |TAMS 0x0000000712e00000| PB 0x0000000712e00000| Untracked 
| 152|0x0000000713000000, 0x0000000713200000, 0x0000000713200000|100%| O|  |TAMS 0x0000000713000000| PB 0x0000000713000000| Untracked 
| 153|0x0000000713200000, 0x0000000713400000, 0x0000000713400000|100%| O|  |TAMS 0x0000000713200000| PB 0x0000000713200000| Untracked 
| 154|0x0000000713400000, 0x0000000713600000, 0x0000000713600000|100%| O|  |TAMS 0x0000000713400000| PB 0x0000000713400000| Untracked 
| 155|0x0000000713600000, 0x0000000713800000, 0x0000000713800000|100%| O|  |TAMS 0x0000000713600000| PB 0x0000000713600000| Untracked 
| 156|0x0000000713800000, 0x0000000713a00000, 0x0000000713a00000|100%| O|  |TAMS 0x0000000713800000| PB 0x0000000713800000| Untracked 
| 157|0x0000000713a00000, 0x0000000713c00000, 0x0000000713c00000|100%| O|  |TAMS 0x0000000713a00000| PB 0x0000000713a00000| Untracked 
| 158|0x0000000713c00000, 0x0000000713e00000, 0x0000000713e00000|100%| O|  |TAMS 0x0000000713c00000| PB 0x0000000713c00000| Untracked 
| 159|0x0000000713e00000, 0x0000000714000000, 0x0000000714000000|100%| O|  |TAMS 0x0000000713e00000| PB 0x0000000713e00000| Untracked 
| 160|0x0000000714000000, 0x0000000714200000, 0x0000000714200000|100%| O|  |TAMS 0x0000000714000000| PB 0x0000000714000000| Untracked 
| 161|0x0000000714200000, 0x0000000714200000, 0x0000000714400000|  0%| F|  |TAMS 0x0000000714200000| PB 0x0000000714200000| Untracked 
| 162|0x0000000714400000, 0x0000000714400000, 0x0000000714600000|  0%| F|  |TAMS 0x0000000714400000| PB 0x0000000714400000| Untracked 
| 163|0x0000000714600000, 0x0000000714800000, 0x0000000714800000|100%| O|  |TAMS 0x0000000714600000| PB 0x0000000714600000| Untracked 
| 164|0x0000000714800000, 0x0000000714800000, 0x0000000714a00000|  0%| F|  |TAMS 0x0000000714800000| PB 0x0000000714800000| Untracked 
| 165|0x0000000714a00000, 0x0000000714b17c90, 0x0000000714c00000| 54%| S|CS|TAMS 0x0000000714a00000| PB 0x0000000714a00000| Complete 
| 166|0x0000000714c00000, 0x0000000714e00000, 0x0000000714e00000|100%| S|CS|TAMS 0x0000000714c00000| PB 0x0000000714c00000| Complete 
| 167|0x0000000714e00000, 0x0000000715000000, 0x0000000715000000|100%| S|CS|TAMS 0x0000000714e00000| PB 0x0000000714e00000| Complete 
| 168|0x0000000715000000, 0x0000000715200000, 0x0000000715200000|100%| S|CS|TAMS 0x0000000715000000| PB 0x0000000715000000| Complete 
| 169|0x0000000715200000, 0x0000000715200000, 0x0000000715400000|  0%| F|  |TAMS 0x0000000715200000| PB 0x0000000715200000| Untracked 
| 170|0x0000000715400000, 0x0000000715400000, 0x0000000715600000|  0%| F|  |TAMS 0x0000000715400000| PB 0x0000000715400000| Untracked 
| 171|0x0000000715600000, 0x0000000715600000, 0x0000000715800000|  0%| F|  |TAMS 0x0000000715600000| PB 0x0000000715600000| Untracked 
| 172|0x0000000715800000, 0x0000000715a00000, 0x0000000715a00000|100%| S|CS|TAMS 0x0000000715800000| PB 0x0000000715800000| Complete 
| 173|0x0000000715a00000, 0x0000000715c00000, 0x0000000715c00000|100%| S|CS|TAMS 0x0000000715a00000| PB 0x0000000715a00000| Complete 
| 174|0x0000000715c00000, 0x0000000715e00000, 0x0000000715e00000|100%| S|CS|TAMS 0x0000000715c00000| PB 0x0000000715c00000| Complete 
| 175|0x0000000715e00000, 0x0000000716000000, 0x0000000716000000|100%| S|CS|TAMS 0x0000000715e00000| PB 0x0000000715e00000| Complete 
| 176|0x0000000716000000, 0x0000000716200000, 0x0000000716200000|100%| S|CS|TAMS 0x0000000716000000| PB 0x0000000716000000| Complete 
| 177|0x0000000716200000, 0x0000000716400000, 0x0000000716400000|100%| S|CS|TAMS 0x0000000716200000| PB 0x0000000716200000| Complete 
| 178|0x0000000716400000, 0x0000000716600000, 0x0000000716600000|100%| S|CS|TAMS 0x0000000716400000| PB 0x0000000716400000| Complete 
| 179|0x0000000716600000, 0x0000000716800000, 0x0000000716800000|100%| S|CS|TAMS 0x0000000716600000| PB 0x0000000716600000| Complete 
| 180|0x0000000716800000, 0x0000000716800000, 0x0000000716a00000|  0%| F|  |TAMS 0x0000000716800000| PB 0x0000000716800000| Untracked 
| 181|0x0000000716a00000, 0x0000000716a00000, 0x0000000716c00000|  0%| F|  |TAMS 0x0000000716a00000| PB 0x0000000716a00000| Untracked 
| 182|0x0000000716c00000, 0x0000000716c00000, 0x0000000716e00000|  0%| F|  |TAMS 0x0000000716c00000| PB 0x0000000716c00000| Untracked 
| 183|0x0000000716e00000, 0x0000000716e00000, 0x0000000717000000|  0%| F|  |TAMS 0x0000000716e00000| PB 0x0000000716e00000| Untracked 
| 184|0x0000000717000000, 0x0000000717000000, 0x0000000717200000|  0%| F|  |TAMS 0x0000000717000000| PB 0x0000000717000000| Untracked 
| 185|0x0000000717200000, 0x0000000717200000, 0x0000000717400000|  0%| F|  |TAMS 0x0000000717200000| PB 0x0000000717200000| Untracked 
| 186|0x0000000717400000, 0x0000000717400000, 0x0000000717600000|  0%| F|  |TAMS 0x0000000717400000| PB 0x0000000717400000| Untracked 
| 187|0x0000000717600000, 0x0000000717800000, 0x0000000717800000|100%| S|CS|TAMS 0x0000000717600000| PB 0x0000000717600000| Complete 
| 188|0x0000000717800000, 0x0000000717800000, 0x0000000717a00000|  0%| F|  |TAMS 0x0000000717800000| PB 0x0000000717800000| Untracked 
| 189|0x0000000717a00000, 0x0000000717a00000, 0x0000000717c00000|  0%| F|  |TAMS 0x0000000717a00000| PB 0x0000000717a00000| Untracked 
| 190|0x0000000717c00000, 0x0000000717c00000, 0x0000000717e00000|  0%| F|  |TAMS 0x0000000717c00000| PB 0x0000000717c00000| Untracked 
| 191|0x0000000717e00000, 0x0000000717e00000, 0x0000000718000000|  0%| F|  |TAMS 0x0000000717e00000| PB 0x0000000717e00000| Untracked 
| 192|0x0000000718000000, 0x0000000718000000, 0x0000000718200000|  0%| F|  |TAMS 0x0000000718000000| PB 0x0000000718000000| Untracked 
| 193|0x0000000718200000, 0x0000000718200000, 0x0000000718400000|  0%| F|  |TAMS 0x0000000718200000| PB 0x0000000718200000| Untracked 
| 194|0x0000000718400000, 0x0000000718400000, 0x0000000718600000|  0%| F|  |TAMS 0x0000000718400000| PB 0x0000000718400000| Untracked 
| 195|0x0000000718600000, 0x0000000718600000, 0x0000000718800000|  0%| F|  |TAMS 0x0000000718600000| PB 0x0000000718600000| Untracked 
| 196|0x0000000718800000, 0x0000000718800000, 0x0000000718a00000|  0%| F|  |TAMS 0x0000000718800000| PB 0x0000000718800000| Untracked 
| 197|0x0000000718a00000, 0x0000000718a00000, 0x0000000718c00000|  0%| F|  |TAMS 0x0000000718a00000| PB 0x0000000718a00000| Untracked 
| 198|0x0000000718c00000, 0x0000000718c00000, 0x0000000718e00000|  0%| F|  |TAMS 0x0000000718c00000| PB 0x0000000718c00000| Untracked 
| 199|0x0000000718e00000, 0x0000000718e00000, 0x0000000719000000|  0%| F|  |TAMS 0x0000000718e00000| PB 0x0000000718e00000| Untracked 
| 200|0x0000000719000000, 0x0000000719000000, 0x0000000719200000|  0%| F|  |TAMS 0x0000000719000000| PB 0x0000000719000000| Untracked 
| 201|0x0000000719200000, 0x0000000719200000, 0x0000000719400000|  0%| F|  |TAMS 0x0000000719200000| PB 0x0000000719200000| Untracked 
| 202|0x0000000719400000, 0x0000000719400000, 0x0000000719600000|  0%| F|  |TAMS 0x0000000719400000| PB 0x0000000719400000| Untracked 
| 203|0x0000000719600000, 0x0000000719600000, 0x0000000719800000|  0%| F|  |TAMS 0x0000000719600000| PB 0x0000000719600000| Untracked 
| 204|0x0000000719800000, 0x0000000719800000, 0x0000000719a00000|  0%| F|  |TAMS 0x0000000719800000| PB 0x0000000719800000| Untracked 
| 205|0x0000000719a00000, 0x0000000719a00000, 0x0000000719c00000|  0%| F|  |TAMS 0x0000000719a00000| PB 0x0000000719a00000| Untracked 
| 206|0x0000000719c00000, 0x0000000719c00000, 0x0000000719e00000|  0%| F|  |TAMS 0x0000000719c00000| PB 0x0000000719c00000| Untracked 
| 207|0x0000000719e00000, 0x0000000719e00000, 0x000000071a000000|  0%| F|  |TAMS 0x0000000719e00000| PB 0x0000000719e00000| Untracked 
| 208|0x000000071a000000, 0x000000071a000000, 0x000000071a200000|  0%| F|  |TAMS 0x000000071a000000| PB 0x000000071a000000| Untracked 
| 209|0x000000071a200000, 0x000000071a200000, 0x000000071a400000|  0%| F|  |TAMS 0x000000071a200000| PB 0x000000071a200000| Untracked 
| 210|0x000000071a400000, 0x000000071a400000, 0x000000071a600000|  0%| F|  |TAMS 0x000000071a400000| PB 0x000000071a400000| Untracked 
| 211|0x000000071a600000, 0x000000071a600000, 0x000000071a800000|  0%| F|  |TAMS 0x000000071a600000| PB 0x000000071a600000| Untracked 
| 212|0x000000071a800000, 0x000000071a800000, 0x000000071aa00000|  0%| F|  |TAMS 0x000000071a800000| PB 0x000000071a800000| Untracked 
| 213|0x000000071aa00000, 0x000000071aa00000, 0x000000071ac00000|  0%| F|  |TAMS 0x000000071aa00000| PB 0x000000071aa00000| Untracked 
| 214|0x000000071ac00000, 0x000000071ac00000, 0x000000071ae00000|  0%| F|  |TAMS 0x000000071ac00000| PB 0x000000071ac00000| Untracked 
| 215|0x000000071ae00000, 0x000000071ae00000, 0x000000071b000000|  0%| F|  |TAMS 0x000000071ae00000| PB 0x000000071ae00000| Untracked 
| 216|0x000000071b000000, 0x000000071b000000, 0x000000071b200000|  0%| F|  |TAMS 0x000000071b000000| PB 0x000000071b000000| Untracked 
| 217|0x000000071b200000, 0x000000071b200000, 0x000000071b400000|  0%| F|  |TAMS 0x000000071b200000| PB 0x000000071b200000| Untracked 
| 218|0x000000071b400000, 0x000000071b400000, 0x000000071b600000|  0%| F|  |TAMS 0x000000071b400000| PB 0x000000071b400000| Untracked 
| 219|0x000000071b600000, 0x000000071b600000, 0x000000071b800000|  0%| F|  |TAMS 0x000000071b600000| PB 0x000000071b600000| Untracked 
| 220|0x000000071b800000, 0x000000071b800000, 0x000000071ba00000|  0%| F|  |TAMS 0x000000071b800000| PB 0x000000071b800000| Untracked 
| 221|0x000000071ba00000, 0x000000071ba00000, 0x000000071bc00000|  0%| F|  |TAMS 0x000000071ba00000| PB 0x000000071ba00000| Untracked 
| 222|0x000000071bc00000, 0x000000071bc00000, 0x000000071be00000|  0%| F|  |TAMS 0x000000071bc00000| PB 0x000000071bc00000| Untracked 
| 223|0x000000071be00000, 0x000000071be00000, 0x000000071c000000|  0%| F|  |TAMS 0x000000071be00000| PB 0x000000071be00000| Untracked 
| 224|0x000000071c000000, 0x000000071c000000, 0x000000071c200000|  0%| F|  |TAMS 0x000000071c000000| PB 0x000000071c000000| Untracked 
| 225|0x000000071c200000, 0x000000071c200000, 0x000000071c400000|  0%| F|  |TAMS 0x000000071c200000| PB 0x000000071c200000| Untracked 
| 226|0x000000071c400000, 0x000000071c400000, 0x000000071c600000|  0%| F|  |TAMS 0x000000071c400000| PB 0x000000071c400000| Untracked 
| 227|0x000000071c600000, 0x000000071c600000, 0x000000071c800000|  0%| F|  |TAMS 0x000000071c600000| PB 0x000000071c600000| Untracked 
| 228|0x000000071c800000, 0x000000071c800000, 0x000000071ca00000|  0%| F|  |TAMS 0x000000071c800000| PB 0x000000071c800000| Untracked 
| 229|0x000000071ca00000, 0x000000071ca00000, 0x000000071cc00000|  0%| F|  |TAMS 0x000000071ca00000| PB 0x000000071ca00000| Untracked 
| 230|0x000000071cc00000, 0x000000071cc00000, 0x000000071ce00000|  0%| F|  |TAMS 0x000000071cc00000| PB 0x000000071cc00000| Untracked 
| 231|0x000000071ce00000, 0x000000071ce00000, 0x000000071d000000|  0%| F|  |TAMS 0x000000071ce00000| PB 0x000000071ce00000| Untracked 
| 232|0x000000071d000000, 0x000000071d000000, 0x000000071d200000|  0%| F|  |TAMS 0x000000071d000000| PB 0x000000071d000000| Untracked 
| 233|0x000000071d200000, 0x000000071d200000, 0x000000071d400000|  0%| F|  |TAMS 0x000000071d200000| PB 0x000000071d200000| Untracked 
| 234|0x000000071d400000, 0x000000071d400000, 0x000000071d600000|  0%| F|  |TAMS 0x000000071d400000| PB 0x000000071d400000| Untracked 
| 235|0x000000071d600000, 0x000000071d600000, 0x000000071d800000|  0%| F|  |TAMS 0x000000071d600000| PB 0x000000071d600000| Untracked 
| 236|0x000000071d800000, 0x000000071d800000, 0x000000071da00000|  0%| F|  |TAMS 0x000000071d800000| PB 0x000000071d800000| Untracked 
| 237|0x000000071da00000, 0x000000071da00000, 0x000000071dc00000|  0%| F|  |TAMS 0x000000071da00000| PB 0x000000071da00000| Untracked 
| 238|0x000000071dc00000, 0x000000071dc00000, 0x000000071de00000|  0%| F|  |TAMS 0x000000071dc00000| PB 0x000000071dc00000| Untracked 
| 239|0x000000071de00000, 0x000000071de00000, 0x000000071e000000|  0%| F|  |TAMS 0x000000071de00000| PB 0x000000071de00000| Untracked 
| 240|0x000000071e000000, 0x000000071e000000, 0x000000071e200000|  0%| F|  |TAMS 0x000000071e000000| PB 0x000000071e000000| Untracked 
| 241|0x000000071e200000, 0x000000071e200000, 0x000000071e400000|  0%| F|  |TAMS 0x000000071e200000| PB 0x000000071e200000| Untracked 
| 242|0x000000071e400000, 0x000000071e400000, 0x000000071e600000|  0%| F|  |TAMS 0x000000071e400000| PB 0x000000071e400000| Untracked 
| 243|0x000000071e600000, 0x000000071e600000, 0x000000071e800000|  0%| F|  |TAMS 0x000000071e600000| PB 0x000000071e600000| Untracked 
| 244|0x000000071e800000, 0x000000071e800000, 0x000000071ea00000|  0%| F|  |TAMS 0x000000071e800000| PB 0x000000071e800000| Untracked 
| 245|0x000000071ea00000, 0x000000071ea00000, 0x000000071ec00000|  0%| F|  |TAMS 0x000000071ea00000| PB 0x000000071ea00000| Untracked 
| 246|0x000000071ec00000, 0x000000071ec00000, 0x000000071ee00000|  0%| F|  |TAMS 0x000000071ec00000| PB 0x000000071ec00000| Untracked 
| 247|0x000000071ee00000, 0x000000071ee00000, 0x000000071f000000|  0%| F|  |TAMS 0x000000071ee00000| PB 0x000000071ee00000| Untracked 
| 248|0x000000071f000000, 0x000000071f000000, 0x000000071f200000|  0%| F|  |TAMS 0x000000071f000000| PB 0x000000071f000000| Untracked 
| 249|0x000000071f200000, 0x000000071f200000, 0x000000071f400000|  0%| F|  |TAMS 0x000000071f200000| PB 0x000000071f200000| Untracked 
| 250|0x000000071f400000, 0x000000071f400000, 0x000000071f600000|  0%| F|  |TAMS 0x000000071f400000| PB 0x000000071f400000| Untracked 
| 251|0x000000071f600000, 0x000000071f600000, 0x000000071f800000|  0%| F|  |TAMS 0x000000071f600000| PB 0x000000071f600000| Untracked 
| 252|0x000000071f800000, 0x000000071f800000, 0x000000071fa00000|  0%| F|  |TAMS 0x000000071f800000| PB 0x000000071f800000| Untracked 
| 253|0x000000071fa00000, 0x000000071fa00000, 0x000000071fc00000|  0%| F|  |TAMS 0x000000071fa00000| PB 0x000000071fa00000| Untracked 
| 254|0x000000071fc00000, 0x000000071fc00000, 0x000000071fe00000|  0%| F|  |TAMS 0x000000071fc00000| PB 0x000000071fc00000| Untracked 
| 255|0x000000071fe00000, 0x000000071fe00000, 0x0000000720000000|  0%| F|  |TAMS 0x000000071fe00000| PB 0x000000071fe00000| Untracked 
| 256|0x0000000720000000, 0x0000000720000000, 0x0000000720200000|  0%| F|  |TAMS 0x0000000720000000| PB 0x0000000720000000| Untracked 
| 257|0x0000000720200000, 0x0000000720200000, 0x0000000720400000|  0%| F|  |TAMS 0x0000000720200000| PB 0x0000000720200000| Untracked 
| 258|0x0000000720400000, 0x0000000720400000, 0x0000000720600000|  0%| F|  |TAMS 0x0000000720400000| PB 0x0000000720400000| Untracked 
| 259|0x0000000720600000, 0x0000000720600000, 0x0000000720800000|  0%| F|  |TAMS 0x0000000720600000| PB 0x0000000720600000| Untracked 
| 260|0x0000000720800000, 0x0000000720800000, 0x0000000720a00000|  0%| F|  |TAMS 0x0000000720800000| PB 0x0000000720800000| Untracked 
| 261|0x0000000720a00000, 0x0000000720a00000, 0x0000000720c00000|  0%| F|  |TAMS 0x0000000720a00000| PB 0x0000000720a00000| Untracked 
| 262|0x0000000720c00000, 0x0000000720c00000, 0x0000000720e00000|  0%| F|  |TAMS 0x0000000720c00000| PB 0x0000000720c00000| Untracked 
| 263|0x0000000720e00000, 0x0000000720e00000, 0x0000000721000000|  0%| F|  |TAMS 0x0000000720e00000| PB 0x0000000720e00000| Untracked 
| 264|0x0000000721000000, 0x0000000721000000, 0x0000000721200000|  0%| F|  |TAMS 0x0000000721000000| PB 0x0000000721000000| Untracked 
| 265|0x0000000721200000, 0x0000000721200000, 0x0000000721400000|  0%| F|  |TAMS 0x0000000721200000| PB 0x0000000721200000| Untracked 
| 266|0x0000000721400000, 0x0000000721400000, 0x0000000721600000|  0%| F|  |TAMS 0x0000000721400000| PB 0x0000000721400000| Untracked 
| 267|0x0000000721600000, 0x0000000721600000, 0x0000000721800000|  0%| F|  |TAMS 0x0000000721600000| PB 0x0000000721600000| Untracked 
| 268|0x0000000721800000, 0x0000000721800000, 0x0000000721a00000|  0%| F|  |TAMS 0x0000000721800000| PB 0x0000000721800000| Untracked 
| 269|0x0000000721a00000, 0x0000000721a00000, 0x0000000721c00000|  0%| F|  |TAMS 0x0000000721a00000| PB 0x0000000721a00000| Untracked 
| 270|0x0000000721c00000, 0x0000000721c00000, 0x0000000721e00000|  0%| F|  |TAMS 0x0000000721c00000| PB 0x0000000721c00000| Untracked 
| 271|0x0000000721e00000, 0x0000000721e00000, 0x0000000722000000|  0%| F|  |TAMS 0x0000000721e00000| PB 0x0000000721e00000| Untracked 
| 272|0x0000000722000000, 0x0000000722000000, 0x0000000722200000|  0%| F|  |TAMS 0x0000000722000000| PB 0x0000000722000000| Untracked 
| 273|0x0000000722200000, 0x0000000722200000, 0x0000000722400000|  0%| F|  |TAMS 0x0000000722200000| PB 0x0000000722200000| Untracked 
| 274|0x0000000722400000, 0x0000000722400000, 0x0000000722600000|  0%| F|  |TAMS 0x0000000722400000| PB 0x0000000722400000| Untracked 
| 275|0x0000000722600000, 0x0000000722600000, 0x0000000722800000|  0%| F|  |TAMS 0x0000000722600000| PB 0x0000000722600000| Untracked 
| 276|0x0000000722800000, 0x0000000722800000, 0x0000000722a00000|  0%| F|  |TAMS 0x0000000722800000| PB 0x0000000722800000| Untracked 
| 277|0x0000000722a00000, 0x0000000722a00000, 0x0000000722c00000|  0%| F|  |TAMS 0x0000000722a00000| PB 0x0000000722a00000| Untracked 
| 278|0x0000000722c00000, 0x0000000722c00000, 0x0000000722e00000|  0%| F|  |TAMS 0x0000000722c00000| PB 0x0000000722c00000| Untracked 
| 279|0x0000000722e00000, 0x0000000722e00000, 0x0000000723000000|  0%| F|  |TAMS 0x0000000722e00000| PB 0x0000000722e00000| Untracked 
| 280|0x0000000723000000, 0x0000000723000000, 0x0000000723200000|  0%| F|  |TAMS 0x0000000723000000| PB 0x0000000723000000| Untracked 
| 281|0x0000000723200000, 0x0000000723200000, 0x0000000723400000|  0%| F|  |TAMS 0x0000000723200000| PB 0x0000000723200000| Untracked 
| 282|0x0000000723400000, 0x0000000723400000, 0x0000000723600000|  0%| F|  |TAMS 0x0000000723400000| PB 0x0000000723400000| Untracked 
| 283|0x0000000723600000, 0x0000000723600000, 0x0000000723800000|  0%| F|  |TAMS 0x0000000723600000| PB 0x0000000723600000| Untracked 
| 284|0x0000000723800000, 0x0000000723800000, 0x0000000723a00000|  0%| F|  |TAMS 0x0000000723800000| PB 0x0000000723800000| Untracked 
| 285|0x0000000723a00000, 0x0000000723a00000, 0x0000000723c00000|  0%| F|  |TAMS 0x0000000723a00000| PB 0x0000000723a00000| Untracked 
| 286|0x0000000723c00000, 0x0000000723c00000, 0x0000000723e00000|  0%| F|  |TAMS 0x0000000723c00000| PB 0x0000000723c00000| Untracked 
| 287|0x0000000723e00000, 0x0000000723e00000, 0x0000000724000000|  0%| F|  |TAMS 0x0000000723e00000| PB 0x0000000723e00000| Untracked 
| 288|0x0000000724000000, 0x0000000724000000, 0x0000000724200000|  0%| F|  |TAMS 0x0000000724000000| PB 0x0000000724000000| Untracked 
| 289|0x0000000724200000, 0x0000000724200000, 0x0000000724400000|  0%| F|  |TAMS 0x0000000724200000| PB 0x0000000724200000| Untracked 
| 290|0x0000000724400000, 0x0000000724400000, 0x0000000724600000|  0%| F|  |TAMS 0x0000000724400000| PB 0x0000000724400000| Untracked 
| 291|0x0000000724600000, 0x0000000724600000, 0x0000000724800000|  0%| F|  |TAMS 0x0000000724600000| PB 0x0000000724600000| Untracked 
| 292|0x0000000724800000, 0x0000000724800000, 0x0000000724a00000|  0%| F|  |TAMS 0x0000000724800000| PB 0x0000000724800000| Untracked 
| 293|0x0000000724a00000, 0x0000000724a00000, 0x0000000724c00000|  0%| F|  |TAMS 0x0000000724a00000| PB 0x0000000724a00000| Untracked 
| 294|0x0000000724c00000, 0x0000000724c00000, 0x0000000724e00000|  0%| F|  |TAMS 0x0000000724c00000| PB 0x0000000724c00000| Untracked 
| 295|0x0000000724e00000, 0x0000000724e00000, 0x0000000725000000|  0%| F|  |TAMS 0x0000000724e00000| PB 0x0000000724e00000| Untracked 
| 296|0x0000000725000000, 0x0000000725000000, 0x0000000725200000|  0%| F|  |TAMS 0x0000000725000000| PB 0x0000000725000000| Untracked 
| 297|0x0000000725200000, 0x0000000725200000, 0x0000000725400000|  0%| F|  |TAMS 0x0000000725200000| PB 0x0000000725200000| Untracked 
| 298|0x0000000725400000, 0x0000000725400000, 0x0000000725600000|  0%| F|  |TAMS 0x0000000725400000| PB 0x0000000725400000| Untracked 
| 299|0x0000000725600000, 0x0000000725600000, 0x0000000725800000|  0%| F|  |TAMS 0x0000000725600000| PB 0x0000000725600000| Untracked 
| 300|0x0000000725800000, 0x0000000725800000, 0x0000000725a00000|  0%| F|  |TAMS 0x0000000725800000| PB 0x0000000725800000| Untracked 
| 301|0x0000000725a00000, 0x0000000725a00000, 0x0000000725c00000|  0%| F|  |TAMS 0x0000000725a00000| PB 0x0000000725a00000| Untracked 
| 302|0x0000000725c00000, 0x0000000725c00000, 0x0000000725e00000|  0%| F|  |TAMS 0x0000000725c00000| PB 0x0000000725c00000| Untracked 
| 303|0x0000000725e00000, 0x0000000725e00000, 0x0000000726000000|  0%| F|  |TAMS 0x0000000725e00000| PB 0x0000000725e00000| Untracked 
| 304|0x0000000726000000, 0x0000000726000000, 0x0000000726200000|  0%| F|  |TAMS 0x0000000726000000| PB 0x0000000726000000| Untracked 
| 305|0x0000000726200000, 0x0000000726200000, 0x0000000726400000|  0%| F|  |TAMS 0x0000000726200000| PB 0x0000000726200000| Untracked 
| 306|0x0000000726400000, 0x0000000726400000, 0x0000000726600000|  0%| F|  |TAMS 0x0000000726400000| PB 0x0000000726400000| Untracked 
| 307|0x0000000726600000, 0x0000000726600000, 0x0000000726800000|  0%| F|  |TAMS 0x0000000726600000| PB 0x0000000726600000| Untracked 
| 308|0x0000000726800000, 0x0000000726800000, 0x0000000726a00000|  0%| F|  |TAMS 0x0000000726800000| PB 0x0000000726800000| Untracked 
| 309|0x0000000726a00000, 0x0000000726a00000, 0x0000000726c00000|  0%| F|  |TAMS 0x0000000726a00000| PB 0x0000000726a00000| Untracked 
| 310|0x0000000726c00000, 0x0000000726c00000, 0x0000000726e00000|  0%| F|  |TAMS 0x0000000726c00000| PB 0x0000000726c00000| Untracked 
| 311|0x0000000726e00000, 0x0000000726e00000, 0x0000000727000000|  0%| F|  |TAMS 0x0000000726e00000| PB 0x0000000726e00000| Untracked 
| 312|0x0000000727000000, 0x0000000727000000, 0x0000000727200000|  0%| F|  |TAMS 0x0000000727000000| PB 0x0000000727000000| Untracked 
| 313|0x0000000727200000, 0x0000000727200000, 0x0000000727400000|  0%| F|  |TAMS 0x0000000727200000| PB 0x0000000727200000| Untracked 
| 314|0x0000000727400000, 0x0000000727400000, 0x0000000727600000|  0%| F|  |TAMS 0x0000000727400000| PB 0x0000000727400000| Untracked 
| 315|0x0000000727600000, 0x0000000727600000, 0x0000000727800000|  0%| F|  |TAMS 0x0000000727600000| PB 0x0000000727600000| Untracked 
| 316|0x0000000727800000, 0x0000000727800000, 0x0000000727a00000|  0%| F|  |TAMS 0x0000000727800000| PB 0x0000000727800000| Untracked 
| 317|0x0000000727a00000, 0x0000000727a00000, 0x0000000727c00000|  0%| F|  |TAMS 0x0000000727a00000| PB 0x0000000727a00000| Untracked 
| 318|0x0000000727c00000, 0x0000000727c00000, 0x0000000727e00000|  0%| F|  |TAMS 0x0000000727c00000| PB 0x0000000727c00000| Untracked 
| 319|0x0000000727e00000, 0x0000000727e00000, 0x0000000728000000|  0%| F|  |TAMS 0x0000000727e00000| PB 0x0000000727e00000| Untracked 
| 320|0x0000000728000000, 0x0000000728000000, 0x0000000728200000|  0%| F|  |TAMS 0x0000000728000000| PB 0x0000000728000000| Untracked 
| 321|0x0000000728200000, 0x0000000728200000, 0x0000000728400000|  0%| F|  |TAMS 0x0000000728200000| PB 0x0000000728200000| Untracked 
| 322|0x0000000728400000, 0x0000000728400000, 0x0000000728600000|  0%| F|  |TAMS 0x0000000728400000| PB 0x0000000728400000| Untracked 
| 323|0x0000000728600000, 0x0000000728600000, 0x0000000728800000|  0%| F|  |TAMS 0x0000000728600000| PB 0x0000000728600000| Untracked 
| 324|0x0000000728800000, 0x0000000728800000, 0x0000000728a00000|  0%| F|  |TAMS 0x0000000728800000| PB 0x0000000728800000| Untracked 
| 325|0x0000000728a00000, 0x0000000728a00000, 0x0000000728c00000|  0%| F|  |TAMS 0x0000000728a00000| PB 0x0000000728a00000| Untracked 
| 326|0x0000000728c00000, 0x0000000728c00000, 0x0000000728e00000|  0%| F|  |TAMS 0x0000000728c00000| PB 0x0000000728c00000| Untracked 
| 327|0x0000000728e00000, 0x0000000728e00000, 0x0000000729000000|  0%| F|  |TAMS 0x0000000728e00000| PB 0x0000000728e00000| Untracked 
| 328|0x0000000729000000, 0x0000000729000000, 0x0000000729200000|  0%| F|  |TAMS 0x0000000729000000| PB 0x0000000729000000| Untracked 
|2044|0x00000007ff800000, 0x00000007ffa00000, 0x00000007ffa00000|100%| O|  |TAMS 0x00000007ff800000| PB 0x00000007ff800000| Untracked 
|2045|0x00000007ffa00000, 0x00000007ffa00000, 0x00000007ffc00000|  0%| F|  |TAMS 0x00000007ffa00000| PB 0x00000007ffa00000| Untracked 
|2046|0x00000007ffc00000, 0x00000007ffe00000, 0x00000007ffe00000|100%| O|  |TAMS 0x00000007ffc00000| PB 0x00000007ffc00000| Untracked 
|2047|0x00000007ffe00000, 0x0000000800000000, 0x0000000800000000|100%| O|  |TAMS 0x00000007ffe00000| PB 0x00000007ffe00000| Untracked 

Card table byte_map: [0x000001f178c10000,0x000001f179410000] _byte_map_base: 0x000001f175410000

Marking Bits: (CMBitMap*) 0x000001f174de5f70
 Bits: [0x000001f179410000, 0x000001f17d410000)

Polling page: 0x000001f172cb0000

Metaspace:

Usage:
  Non-class:    148.62 MB used.
      Class:     23.19 MB used.
       Both:    171.81 MB used.

Virtual space:
  Non-class space:      192.00 MB reserved,     149.75 MB ( 78%) committed,  3 nodes.
      Class space:        1.00 GB reserved,      24.38 MB (  2%) committed,  1 nodes.
             Both:        1.19 GB reserved,     174.12 MB ( 14%) committed. 

Chunk freelists:
   Non-Class:  10.22 MB
       Class:  7.67 MB
        Both:  17.90 MB

MaxMetaspaceSize: unlimited
CompressedClassSpaceSize: 1.00 GB
Initial GC threshold: 21.00 MB
Current GC threshold: 290.00 MB
CDS: off
 - commit_granule_bytes: 65536.
 - commit_granule_words: 8192.
 - virtual_space_node_default_size: 8388608.
 - enlarge_chunks_in_place: 1.
 - use_allocation_guard: 0.


Internal statistics:

num_allocs_failed_limit: 9.
num_arena_births: 4638.
num_arena_deaths: 110.
num_vsnodes_births: 4.
num_vsnodes_deaths: 0.
num_space_committed: 2792.
num_space_uncommitted: 7.
num_chunks_returned_to_freelist: 216.
num_chunks_taken_from_freelist: 11925.
num_chunk_merges: 80.
num_chunk_splits: 8117.
num_chunks_enlarged: 5506.
num_inconsistent_stats: 0.

CodeHeap 'non-profiled nmethods': size=120000Kb used=15675Kb max_used=16983Kb free=104325Kb
 bounds [0x000001f107ad0000, 0x000001f108b70000, 0x000001f10f000000]
CodeHeap 'profiled nmethods': size=120000Kb used=43816Kb max_used=47036Kb free=76183Kb
 bounds [0x000001f100000000, 0x000001f102df0000, 0x000001f107530000]
CodeHeap 'non-nmethods': size=5760Kb used=2223Kb max_used=2304Kb free=3536Kb
 bounds [0x000001f107530000, 0x000001f1077a0000, 0x000001f107ad0000]
 total_blobs=20970 nmethods=20039 adapters=834
 compilation: enabled
              stopped_count=0, restarted_count=0
 full_count=0

Compilation events (20 events):
Event: 35.230 Thread 0x000001f10f2f90a0 29666       2       com.android.tools.r8.internal.iQ$$Lambda/0x0000000801760000::a (27 bytes)
Event: 35.230 Thread 0x000001f115b927f0 nmethod 29614 0x000001f107f7f690 code [0x000001f107f7f800, 0x000001f107f7f890]
Event: 35.230 Thread 0x000001f115b927f0 29639       4       java.util.function.Function$$Lambda/0x00000008006e7c38::apply (15 bytes)
Event: 35.230 Thread 0x000001f10f2f90a0 nmethod 29666 0x000001f100903d10 code [0x000001f100903ec0, 0x000001f100904068]
Event: 35.230 Thread 0x000001f10f2f90a0 29667       2       com.android.tools.r8.internal.iQ::a (39 bytes)
Event: 35.231 Thread 0x000001f10f2f90a0 nmethod 29667 0x000001f1008e4890 code [0x000001f1008e4a60, 0x000001f1008e4ce8]
Event: 35.231 Thread 0x000001f10f2f90a0 29668       2       com.android.tools.r8.internal.iQ::a (156 bytes)
Event: 35.232 Thread 0x000001f10f2f90a0 nmethod 29668 0x000001f100786690 code [0x000001f1007868a0, 0x000001f100786d78]
Event: 35.232 Thread 0x000001f115b927f0 nmethod 29639 0x000001f107e0f190 code [0x000001f107e0f340, 0x000001f107e0f4f8]
Event: 35.232 Thread 0x000001f10f2f90a0 29669       2       com.android.tools.r8.internal.iQ$$Lambda/0x0000000801763d08::<init> (38 bytes)
Event: 35.232 Thread 0x000001f115b927f0 29637       4       com.android.tools.r8.internal.T::entrySet (5 bytes)
Event: 35.232 Thread 0x000001f10f2f90a0 nmethod 29669 0x000001f100d2b110 code [0x000001f100d2b2c0, 0x000001f100d2b5c0]
Event: 35.232 Thread 0x000001f10f2f90a0 29670       2       com.android.tools.r8.synthesis.I::a (265 bytes)
Event: 35.234 Thread 0x000001f10f2f90a0 nmethod 29670 0x000001f100d87110 code [0x000001f100d87420, 0x000001f100d87eb0]
Event: 35.234 Thread 0x000001f10f2f90a0 29671       2       com.android.tools.r8.synthesis.c::a (64 bytes)
Event: 35.235 Thread 0x000001f115b927f0 nmethod 29637 0x000001f107f43a90 code [0x000001f107f43c20, 0x000001f107f43e38]
Event: 35.235 Thread 0x000001f115b927f0 29674       4       com.android.tools.r8.internal.px::b (32 bytes)
Event: 35.235 Thread 0x000001f10f2f90a0 nmethod 29671 0x000001f100ba9e90 code [0x000001f100baa080, 0x000001f100baa550]
Event: 35.236 Thread 0x000001f10f2f90a0 29676       2       com.android.tools.r8.graph.s2::<init> (202 bytes)
Event: 35.237 Thread 0x000001f10f2f90a0 nmethod 29676 0x000001f100a2ed90 code [0x000001f100a2ef40, 0x000001f100a2f228]

GC Heap History (20 events):
Event: 31.177 GC heap after
{Heap after GC invocations=75 (full 0):
 garbage-first heap   total 526336K, used 303334K [0x0000000700000000, 0x0000000800000000)
  region size 2048K, 10 young (20480K), 10 survivors (20480K)
 Metaspace       used 167367K, committed 169664K, reserved 1245184K
  class space    used 22587K, committed 23744K, reserved 1048576K
}
Event: 31.714 GC heap before
{Heap before GC invocations=75 (full 0):
 garbage-first heap   total 526336K, used 471270K [0x0000000700000000, 0x0000000800000000)
  region size 2048K, 83 young (169984K), 10 survivors (20480K)
 Metaspace       used 172503K, committed 174848K, reserved 1245184K
  class space    used 23328K, committed 24512K, reserved 1048576K
}
Event: 31.729 GC heap after
{Heap after GC invocations=76 (full 0):
 garbage-first heap   total 526336K, used 326754K [0x0000000700000000, 0x0000000800000000)
  region size 2048K, 7 young (14336K), 7 survivors (14336K)
 Metaspace       used 172503K, committed 174848K, reserved 1245184K
  class space    used 23328K, committed 24512K, reserved 1048576K
}
Event: 32.116 GC heap before
{Heap before GC invocations=76 (full 0):
 garbage-first heap   total 526336K, used 466018K [0x0000000700000000, 0x0000000800000000)
  region size 2048K, 76 young (155648K), 7 survivors (14336K)
 Metaspace       used 174622K, committed 177088K, reserved 1245184K
  class space    used 23675K, committed 24896K, reserved 1048576K
}
Event: 32.127 GC heap after
{Heap after GC invocations=77 (full 0):
 garbage-first heap   total 681984K, used 332940K [0x0000000700000000, 0x0000000800000000)
  region size 2048K, 4 young (8192K), 4 survivors (8192K)
 Metaspace       used 174622K, committed 177088K, reserved 1245184K
  class space    used 23675K, committed 24896K, reserved 1048576K
}
Event: 32.708 GC heap before
{Heap before GC invocations=78 (full 0):
 garbage-first heap   total 681984K, used 586892K [0x0000000700000000, 0x0000000800000000)
  region size 2048K, 129 young (264192K), 4 survivors (8192K)
 Metaspace       used 175196K, committed 177600K, reserved 1245184K
  class space    used 23724K, committed 24896K, reserved 1048576K
}
Event: 32.715 GC heap after
{Heap after GC invocations=79 (full 0):
 garbage-first heap   total 681984K, used 330773K [0x0000000700000000, 0x0000000800000000)
  region size 2048K, 4 young (8192K), 4 survivors (8192K)
 Metaspace       used 175196K, committed 177600K, reserved 1245184K
  class space    used 23724K, committed 24896K, reserved 1048576K
}
Event: 33.151 GC heap before
{Heap before GC invocations=79 (full 0):
 garbage-first heap   total 681984K, used 627733K [0x0000000700000000, 0x0000000800000000)
  region size 2048K, 150 young (307200K), 4 survivors (8192K)
 Metaspace       used 175489K, committed 177856K, reserved 1245184K
  class space    used 23738K, committed 24896K, reserved 1048576K
}
Event: 33.161 GC heap after
{Heap after GC invocations=80 (full 0):
 garbage-first heap   total 681984K, used 329134K [0x0000000700000000, 0x0000000800000000)
  region size 2048K, 8 young (16384K), 8 survivors (16384K)
 Metaspace       used 175489K, committed 177856K, reserved 1245184K
  class space    used 23738K, committed 24896K, reserved 1048576K
}
Event: 33.522 GC heap before
{Heap before GC invocations=80 (full 0):
 garbage-first heap   total 681984K, used 626094K [0x0000000700000000, 0x0000000800000000)
  region size 2048K, 153 young (313344K), 8 survivors (16384K)
 Metaspace       used 175692K, committed 178112K, reserved 1245184K
  class space    used 23743K, committed 24960K, reserved 1048576K
}
Event: 33.531 GC heap after
{Heap after GC invocations=81 (full 0):
 garbage-first heap   total 681984K, used 329569K [0x0000000700000000, 0x0000000800000000)
  region size 2048K, 8 young (16384K), 8 survivors (16384K)
 Metaspace       used 175692K, committed 178112K, reserved 1245184K
  class space    used 23743K, committed 24960K, reserved 1048576K
}
Event: 33.992 GC heap before
{Heap before GC invocations=82 (full 0):
 garbage-first heap   total 681984K, used 626529K [0x0000000700000000, 0x0000000800000000)
  region size 2048K, 153 young (313344K), 8 survivors (16384K)
 Metaspace       used 175767K, committed 178176K, reserved 1245184K
  class space    used 23741K, committed 24960K, reserved 1048576K
}
Event: 34.002 GC heap after
{Heap after GC invocations=83 (full 0):
 garbage-first heap   total 681984K, used 332724K [0x0000000700000000, 0x0000000800000000)
  region size 2048K, 9 young (18432K), 9 survivors (18432K)
 Metaspace       used 175767K, committed 178176K, reserved 1245184K
  class space    used 23741K, committed 24960K, reserved 1048576K
}
Event: 34.313 GC heap before
{Heap before GC invocations=83 (full 0):
 garbage-first heap   total 681984K, used 625588K [0x0000000700000000, 0x0000000800000000)
  region size 2048K, 152 young (311296K), 9 survivors (18432K)
 Metaspace       used 175844K, committed 178240K, reserved 1245184K
  class space    used 23748K, committed 24960K, reserved 1048576K
}
Event: 34.327 GC heap after
{Heap after GC invocations=84 (full 0):
 garbage-first heap   total 681984K, used 330164K [0x0000000700000000, 0x0000000800000000)
  region size 2048K, 12 young (24576K), 12 survivors (24576K)
 Metaspace       used 175844K, committed 178240K, reserved 1245184K
  class space    used 23748K, committed 24960K, reserved 1048576K
}
Event: 34.592 GC heap before
{Heap before GC invocations=84 (full 0):
 garbage-first heap   total 681984K, used 616884K [0x0000000700000000, 0x0000000800000000)
  region size 2048K, 153 young (313344K), 12 survivors (24576K)
 Metaspace       used 175887K, committed 178240K, reserved 1245184K
  class space    used 23750K, committed 24960K, reserved 1048576K
}
Event: 34.604 GC heap after
{Heap after GC invocations=85 (full 0):
 garbage-first heap   total 681984K, used 331893K [0x0000000700000000, 0x0000000800000000)
  region size 2048K, 11 young (22528K), 11 survivors (22528K)
 Metaspace       used 175887K, committed 178240K, reserved 1245184K
  class space    used 23750K, committed 24960K, reserved 1048576K
}
Event: 34.962 GC heap before
{Heap before GC invocations=86 (full 0):
 garbage-first heap   total 681984K, used 620661K [0x0000000700000000, 0x0000000800000000)
  region size 2048K, 152 young (311296K), 11 survivors (22528K)
 Metaspace       used 175905K, committed 178304K, reserved 1245184K
  class space    used 23750K, committed 24960K, reserved 1048576K
}
Event: 34.973 GC heap after
{Heap after GC invocations=87 (full 0):
 garbage-first heap   total 681984K, used 331499K [0x0000000700000000, 0x0000000800000000)
  region size 2048K, 10 young (20480K), 10 survivors (20480K)
 Metaspace       used 175905K, committed 178304K, reserved 1245184K
  class space    used 23750K, committed 24960K, reserved 1048576K
}
Event: 35.238 GC heap before
{Heap before GC invocations=87 (full 0):
 garbage-first heap   total 681984K, used 622315K [0x0000000700000000, 0x0000000800000000)
  region size 2048K, 152 young (311296K), 10 survivors (20480K)
 Metaspace       used 175935K, committed 178304K, reserved 1245184K
  class space    used 23750K, committed 24960K, reserved 1048576K
}

Dll operation events (3 events):
Event: 0.008 Loaded shared library C:\Program Files\Android\Android Studio\jbr\bin\java.dll
Event: 0.012 Loaded shared library C:\Program Files\Android\Android Studio\jbr\bin\zip.dll
Event: 0.307 Loaded shared library C:\Program Files\Android\Android Studio\jbr\bin\verify.dll

Deoptimization events (20 events):
Event: 35.227 Thread 0x000001f120048b70 DEOPT PACKING pc=0x000001f102b2d67d sp=0x000000669e5fb2a0
Event: 35.227 Thread 0x000001f120048b70 DEOPT UNPACKING pc=0x000001f107584e42 sp=0x000000669e5fa768 mode 0
Event: 35.227 Thread 0x000001f119c23ff0 DEOPT PACKING pc=0x000001f102a4d37f sp=0x000000669bcfb370
Event: 35.227 Thread 0x000001f119c23ff0 DEOPT UNPACKING pc=0x000001f107584e42 sp=0x000000669bcfaa10 mode 0
Event: 35.230 Thread 0x000001f120048b70 DEOPT PACKING pc=0x000001f102a4d37f sp=0x000000669e5fb4e0
Event: 35.230 Thread 0x000001f120048b70 DEOPT UNPACKING pc=0x000001f107584e42 sp=0x000000669e5fab80 mode 0
Event: 35.231 Thread 0x000001f120048b70 DEOPT PACKING pc=0x000001f102a4d3cf sp=0x000000669e5fb4e0
Event: 35.231 Thread 0x000001f120048b70 DEOPT UNPACKING pc=0x000001f107584e42 sp=0x000000669e5fab70 mode 0
Event: 35.233 Thread 0x000001f119c23ff0 DEOPT PACKING pc=0x000001f102a4d37f sp=0x000000669bcfb370
Event: 35.233 Thread 0x000001f120048b70 DEOPT PACKING pc=0x000001f102b2d67d sp=0x000000669e5fb2a0
Event: 35.233 Thread 0x000001f11665cff0 DEOPT PACKING pc=0x000001f102a4d37f sp=0x000000669fafb730
Event: 35.233 Thread 0x000001f120048b70 DEOPT UNPACKING pc=0x000001f107584e42 sp=0x000000669e5fa768 mode 0
Event: 35.233 Thread 0x000001f119c23ff0 DEOPT UNPACKING pc=0x000001f107584e42 sp=0x000000669bcfaa10 mode 0
Event: 35.233 Thread 0x000001f11665cff0 DEOPT UNPACKING pc=0x000001f107584e42 sp=0x000000669fafadd0 mode 0
Event: 35.234 Thread 0x000001f119c23ff0 DEOPT PACKING pc=0x000001f102a4d37f sp=0x000000669bcfb370
Event: 35.234 Thread 0x000001f119c23ff0 DEOPT UNPACKING pc=0x000001f107584e42 sp=0x000000669bcfaa10 mode 0
Event: 35.236 Thread 0x000001f120048b70 DEOPT PACKING pc=0x000001f102a4d3f5 sp=0x000000669e5fb4e0
Event: 35.236 Thread 0x000001f120048b70 DEOPT UNPACKING pc=0x000001f107584e42 sp=0x000000669e5fab70 mode 0
Event: 35.237 Thread 0x000001f11665cff0 DEOPT PACKING pc=0x000001f102a4d37f sp=0x000000669fafb730
Event: 35.237 Thread 0x000001f11665cff0 DEOPT UNPACKING pc=0x000001f107584e42 sp=0x000000669fafadd0 mode 0

Classes loaded (20 events):
Event: 31.340 Loading class java/util/stream/SliceOps
Event: 31.341 Loading class java/util/stream/SliceOps done
Event: 31.341 Loading class java/util/stream/SliceOps$1
Event: 31.341 Loading class java/util/stream/SliceOps$1 done
Event: 31.346 Loading class java/util/stream/SliceOps$1$1
Event: 31.346 Loading class java/util/stream/SliceOps$1$1 done
Event: 32.102 Loading class java/nio/ShortBuffer
Event: 32.103 Loading class java/nio/ShortBuffer done
Event: 32.322 Loading class java/nio/ByteBufferAsShortBufferL
Event: 32.322 Loading class java/nio/ByteBufferAsShortBufferL done
Event: 32.469 Loading class java/util/zip/Adler32
Event: 32.469 Loading class java/util/zip/Adler32 done
Event: 32.525 Loading class java/util/zip/Deflater
Event: 32.526 Loading class java/util/zip/Deflater done
Event: 32.527 Loading class java/util/zip/Deflater$DeflaterZStreamRef
Event: 32.527 Loading class java/util/zip/Deflater$DeflaterZStreamRef done
Event: 32.528 Loading class java/util/zip/ZipOutputStream$XEntry
Event: 32.528 Loading class java/util/zip/ZipOutputStream$XEntry done
Event: 32.551 Loading class java/util/Vector$Itr
Event: 32.552 Loading class java/util/Vector$Itr done

Classes unloaded (20 events):
Event: 32.332 Thread 0x000001f10f2814c0 Unloading class 0x0000000801574400 'java/lang/invoke/LambdaForm$DMH+0x0000000801574400'
Event: 32.332 Thread 0x000001f10f2814c0 Unloading class 0x0000000801574800 'java/lang/invoke/LambdaForm$DMH+0x0000000801574800'
Event: 33.753 Thread 0x000001f10f2814c0 Unloading class 0x00000008017a9400 'java/lang/invoke/LambdaForm$DMH+0x00000008017a9400'
Event: 33.753 Thread 0x000001f10f2814c0 Unloading class 0x00000008017a9800 'java/lang/invoke/LambdaForm$DMH+0x00000008017a9800'
Event: 33.753 Thread 0x000001f10f2814c0 Unloading class 0x00000008017a8000 'java/lang/invoke/LambdaForm$DMH+0x00000008017a8000'
Event: 33.753 Thread 0x000001f10f2814c0 Unloading class 0x00000008017a8c00 'java/lang/invoke/LambdaForm$DMH+0x00000008017a8c00'
Event: 33.753 Thread 0x000001f10f2814c0 Unloading class 0x00000008017a8400 'java/lang/invoke/LambdaForm$DMH+0x00000008017a8400'
Event: 33.753 Thread 0x000001f10f2814c0 Unloading class 0x00000008017a8800 'java/lang/invoke/LambdaForm$DMH+0x00000008017a8800'
Event: 33.753 Thread 0x000001f10f2814c0 Unloading class 0x0000000801765c00 'java/lang/invoke/LambdaForm$MH+0x0000000801765c00'
Event: 33.753 Thread 0x000001f10f2814c0 Unloading class 0x0000000801765400 'java/lang/invoke/LambdaForm$DMH+0x0000000801765400'
Event: 33.753 Thread 0x000001f10f2814c0 Unloading class 0x0000000801764c00 'java/lang/invoke/LambdaForm$DMH+0x0000000801764c00'
Event: 33.753 Thread 0x000001f10f2814c0 Unloading class 0x0000000801764400 'java/lang/invoke/LambdaForm$DMH+0x0000000801764400'
Event: 33.753 Thread 0x000001f10f2814c0 Unloading class 0x0000000801759c00 'java/lang/invoke/LambdaForm$DMH+0x0000000801759c00'
Event: 33.753 Thread 0x000001f10f2814c0 Unloading class 0x0000000801759800 'java/lang/invoke/LambdaForm$DMH+0x0000000801759800'
Event: 33.753 Thread 0x000001f10f2814c0 Unloading class 0x0000000801759400 'java/lang/invoke/LambdaForm$DMH+0x0000000801759400'
Event: 33.753 Thread 0x000001f10f2814c0 Unloading class 0x0000000801758800 'java/lang/invoke/LambdaForm$DMH+0x0000000801758800'
Event: 33.753 Thread 0x000001f10f2814c0 Unloading class 0x0000000801758400 'java/lang/invoke/LambdaForm$DMH+0x0000000801758400'
Event: 33.753 Thread 0x000001f10f2814c0 Unloading class 0x0000000801758000 'java/lang/invoke/LambdaForm$DMH+0x0000000801758000'
Event: 33.753 Thread 0x000001f10f2814c0 Unloading class 0x0000000801759000 'java/lang/invoke/LambdaForm$DMH+0x0000000801759000'
Event: 33.753 Thread 0x000001f10f2814c0 Unloading class 0x0000000801738400 'java/lang/invoke/LambdaForm$DMH+0x0000000801738400'

Classes redefined (0 events):
No events

Internal exceptions (20 events):
Event: 31.374 Thread 0x000001f11665c2d0 Exception <a 'java/lang/NoSuchMethodError'{0x000000071c7e06b0}: 'int java.lang.invoke.DirectMethodHandle$Holder.invokeSpecial(java.lang.Object, java.lang.Object, java.lang.Object, int, java.lang.Object)'> (0x000000071c7e06b0) 
thrown [s\src\hotspot\share\interpreter\linkResolver.cpp, line 784]
Event: 31.400 Thread 0x000001f11665af20 Implicit null exception at 0x000001f108527626 to 0x000001f108527e34
Event: 31.400 Thread 0x000001f11665c960 Implicit null exception at 0x000001f108527626 to 0x000001f108527e34
Event: 31.809 Thread 0x000001f11665d680 Exception <a 'java/lang/NoSuchMethodError'{0x000000071db3c418}: 'java.lang.Object java.lang.invoke.DirectMethodHandle$Holder.newInvokeSpecial(java.lang.Object, java.lang.Object, int, java.lang.Object, java.lang.Object, java.lang.Object)'> (0x000000071db3c418) 
thrown [s\src\hotspot\share\interpreter\linkResolver.cpp, line 784]
Event: 31.809 Thread 0x000001f11665dd10 Exception <a 'java/lang/NoSuchMethodError'{0x000000071dbefa78}: 'java.lang.Object java.lang.invoke.DirectMethodHandle$Holder.newInvokeSpecial(java.lang.Object, java.lang.Object, int, java.lang.Object, java.lang.Object, java.lang.Object)'> (0x000000071dbefa78) 
thrown [s\src\hotspot\share\interpreter\linkResolver.cpp, line 784]
Event: 31.809 Thread 0x000001f11665e3a0 Exception <a 'java/lang/NoSuchMethodError'{0x000000071d899400}: 'java.lang.Object java.lang.invoke.DirectMethodHandle$Holder.newInvokeSpecial(java.lang.Object, java.lang.Object, int, java.lang.Object, java.lang.Object, java.lang.Object)'> (0x000000071d899400) 
thrown [s\src\hotspot\share\interpreter\linkResolver.cpp, line 784]
Event: 31.809 Thread 0x000001f11665af20 Exception <a 'java/lang/NoSuchMethodError'{0x000000071dbcf788}: 'java.lang.Object java.lang.invoke.DirectMethodHandle$Holder.newInvokeSpecial(java.lang.Object, java.lang.Object, int, java.lang.Object, java.lang.Object, java.lang.Object)'> (0x000000071dbcf788) 
thrown [s\src\hotspot\share\interpreter\linkResolver.cpp, line 784]
Event: 31.810 Thread 0x000001f11665af20 Exception <a 'java/lang/NoSuchMethodError'{0x000000071dbd6580}: 'java.lang.Object java.lang.invoke.Invokers$Holder.linkToTargetMethod(java.lang.Object, int, java.lang.Object, java.lang.Object, java.lang.Object, java.lang.Object)'> (0x000000071dbd6580) 
thrown [s\src\hotspot\share\interpreter\linkResolver.cpp, line 784]
Event: 31.810 Thread 0x000001f11665dd10 Exception <a 'java/lang/NoSuchMethodError'{0x000000071dbf69b0}: 'java.lang.Object java.lang.invoke.Invokers$Holder.linkToTargetMethod(java.lang.Object, int, java.lang.Object, java.lang.Object, java.lang.Object, java.lang.Object)'> (0x000000071dbf69b0) 
thrown [s\src\hotspot\share\interpreter\linkResolver.cpp, line 784]
Event: 31.810 Thread 0x000001f11665d680 Exception <a 'java/lang/NoSuchMethodError'{0x000000071db43798}: 'java.lang.Object java.lang.invoke.Invokers$Holder.linkToTargetMethod(java.lang.Object, int, java.lang.Object, java.lang.Object, java.lang.Object, java.lang.Object)'> (0x000000071db43798) 
thrown [s\src\hotspot\share\interpreter\linkResolver.cpp, line 784]
Event: 31.810 Thread 0x000001f11665e3a0 Exception <a 'java/lang/NoSuchMethodError'{0x000000071d8a0138}: 'java.lang.Object java.lang.invoke.Invokers$Holder.linkToTargetMethod(java.lang.Object, int, java.lang.Object, java.lang.Object, java.lang.Object, java.lang.Object)'> (0x000000071d8a0138) 
thrown [s\src\hotspot\share\interpreter\linkResolver.cpp, line 784]
Event: 31.810 Thread 0x000001f11665d680 Exception <a 'java/lang/NoSuchMethodError'{0x000000071db47380}: 'void java.lang.invoke.DirectMethodHandle$Holder.invokeSpecial(java.lang.Object, java.lang.Object, java.lang.Object, int, java.lang.Object, java.lang.Object, java.lang.Object, java.lang.Object)'> (0x000000071db47380) 
thrown [s\src\hotspot\share\interpreter\linkResolver.cpp, line 784]
Event: 31.810 Thread 0x000001f11665af20 Exception <a 'java/lang/NoSuchMethodError'{0x000000071dbd9dc8}: 'void java.lang.invoke.DirectMethodHandle$Holder.invokeSpecial(java.lang.Object, java.lang.Object, java.lang.Object, int, java.lang.Object, java.lang.Object, java.lang.Object, java.lang.Object)'> (0x000000071dbd9dc8) 
thrown [s\src\hotspot\share\interpreter\linkResolver.cpp, line 784]
Event: 31.810 Thread 0x000001f11665dd10 Exception <a 'java/lang/NoSuchMethodError'{0x000000071dbfa200}: 'void java.lang.invoke.DirectMethodHandle$Holder.invokeSpecial(java.lang.Object, java.lang.Object, java.lang.Object, int, java.lang.Object, java.lang.Object, java.lang.Object, java.lang.Object)'> (0x000000071dbfa200) 
thrown [s\src\hotspot\share\interpreter\linkResolver.cpp, line 784]
Event: 31.810 Thread 0x000001f11665e3a0 Exception <a 'java/lang/NoSuchMethodError'{0x000000071d8a3a10}: 'void java.lang.invoke.DirectMethodHandle$Holder.invokeSpecial(java.lang.Object, java.lang.Object, java.lang.Object, int, java.lang.Object, java.lang.Object, java.lang.Object, java.lang.Object)'> (0x000000071d8a3a10) 
thrown [s\src\hotspot\share\interpreter\linkResolver.cpp, line 784]
Event: 31.815 Thread 0x000001f11665dd10 Exception <a 'java/lang/NoSuchMethodError'{0x000000071d8e8088}: 'void java.lang.invoke.DirectMethodHandle$Holder.invokeStatic(java.lang.Object, java.lang.Object, java.lang.Object, java.lang.Object, java.lang.Object, java.lang.Object, java.lang.Object, java.lang.Object)'> (0x000000071d8e8088) 
thrown [s\src\hotspot\share\interpreter\linkResolver.cpp, line 784]
Event: 31.954 Thread 0x000001f11665e3a0 Exception <a 'java/lang/IncompatibleClassChangeError'{0x000000071a0715d8}: Found class java.lang.Object, but interface was expected> (0x000000071a0715d8) 
thrown [s\src\hotspot\share\interpreter\linkResolver.cpp, line 851]
Event: 31.954 Thread 0x000001f11665af20 Exception <a 'java/lang/IncompatibleClassChangeError'{0x000000071a0dd3a0}: Found class java.lang.Object, but interface was expected> (0x000000071a0dd3a0) 
thrown [s\src\hotspot\share\interpreter\linkResolver.cpp, line 851]
Event: 32.990 Thread 0x000001f120048b70 Exception <a 'java/lang/NoSuchMethodError'{0x000000071e4ccc28}: 'int java.lang.invoke.DirectMethodHandle$Holder.invokeInterface(java.lang.Object, java.lang.Object, int)'> (0x000000071e4ccc28) 
thrown [s\src\hotspot\share\interpreter\linkResolver.cpp, line 784]
Event: 33.959 Thread 0x000001f11665c960 Exception <a 'java/lang/NoSuchMethodError'{0x00000007188e7b58}: 'void java.lang.invoke.DirectMethodHandle$Holder.invokeSpecial(java.lang.Object, java.lang.Object, java.lang.Object, java.lang.Object, java.lang.Object, java.lang.Object, java.lang.Object, java.lang.Object, java.lang.Object, java.lang.Object)'> (0x00000007188e7b58) 
thrown [s\src\hotspot\share\interpreter\linkResolver.cpp, line 784]

ZGC Phase Switch (0 events):
No events

VM Operations (20 events):
Event: 33.433 Executing VM operation: HandshakeAllThreads (Deoptimize) done
Event: 33.522 Executing VM operation: G1CollectForAllocation (G1 Evacuation Pause)
Event: 33.531 Executing VM operation: G1CollectForAllocation (G1 Evacuation Pause) done
Event: 33.752 Executing VM operation: G1PauseRemark
Event: 33.775 Executing VM operation: G1PauseRemark done
Event: 33.887 Executing VM operation: G1PauseCleanup
Event: 33.887 Executing VM operation: G1PauseCleanup done
Event: 33.992 Executing VM operation: G1CollectForAllocation (G1 Evacuation Pause)
Event: 34.002 Executing VM operation: G1CollectForAllocation (G1 Evacuation Pause) done
Event: 34.313 Executing VM operation: G1CollectForAllocation (G1 Evacuation Pause)
Event: 34.327 Executing VM operation: G1CollectForAllocation (G1 Evacuation Pause) done
Event: 34.592 Executing VM operation: G1CollectForAllocation (G1 Evacuation Pause)
Event: 34.604 Executing VM operation: G1CollectForAllocation (G1 Evacuation Pause) done
Event: 34.822 Executing VM operation: G1PauseRemark
Event: 34.831 Executing VM operation: G1PauseRemark done
Event: 34.930 Executing VM operation: G1PauseCleanup
Event: 34.930 Executing VM operation: G1PauseCleanup done
Event: 34.962 Executing VM operation: G1CollectForAllocation (G1 Evacuation Pause)
Event: 34.973 Executing VM operation: G1CollectForAllocation (G1 Evacuation Pause) done
Event: 35.238 Executing VM operation: G1CollectForAllocation (G1 Evacuation Pause)

Memory protections (0 events):
No events

Nmethod flushes (20 events):
Event: 34.829 Thread 0x000001f10f2814c0 flushing  nmethod 0x000001f10293ad90
Event: 34.829 Thread 0x000001f10f2814c0 flushing  nmethod 0x000001f10293bc90
Event: 34.829 Thread 0x000001f10f2814c0 flushing  nmethod 0x000001f10293c190
Event: 34.829 Thread 0x000001f10f2814c0 flushing  nmethod 0x000001f102941010
Event: 34.829 Thread 0x000001f10f2814c0 flushing  nmethod 0x000001f102943f10
Event: 34.829 Thread 0x000001f10f2814c0 flushing  nmethod 0x000001f102945290
Event: 34.829 Thread 0x000001f10f2814c0 flushing  nmethod 0x000001f102945710
Event: 34.829 Thread 0x000001f10f2814c0 flushing  nmethod 0x000001f102b14110
Event: 34.829 Thread 0x000001f10f2814c0 flushing  nmethod 0x000001f102b16210
Event: 34.829 Thread 0x000001f10f2814c0 flushing  nmethod 0x000001f102b1c390
Event: 34.829 Thread 0x000001f10f2814c0 flushing  nmethod 0x000001f102b91590
Event: 34.829 Thread 0x000001f10f2814c0 flushing  nmethod 0x000001f102bcbb90
Event: 34.829 Thread 0x000001f10f2814c0 flushing  nmethod 0x000001f102bcbf90
Event: 34.829 Thread 0x000001f10f2814c0 flushing  nmethod 0x000001f102bcc310
Event: 34.830 Thread 0x000001f10f2814c0 flushing  nmethod 0x000001f102bd5510
Event: 34.830 Thread 0x000001f10f2814c0 flushing  nmethod 0x000001f102ccf510
Event: 34.830 Thread 0x000001f10f2814c0 flushing  nmethod 0x000001f102d2ca10
Event: 34.830 Thread 0x000001f10f2814c0 flushing  nmethod 0x000001f102d2dd10
Event: 34.830 Thread 0x000001f10f2814c0 flushing  nmethod 0x000001f102d30710
Event: 34.830 Thread 0x000001f10f2814c0 flushing  nmethod 0x000001f102d37410

Events (20 events):
Event: 26.332 Thread 0x000001f119c116c0 Thread exited: 0x000001f119c116c0
Event: 26.461 Thread 0x000001f10f2f90a0 Thread added: 0x000001f115b8d630
Event: 26.823 Thread 0x000001f10f2f90a0 Thread added: 0x000001f115b927f0
Event: 27.309 Thread 0x000001f11a11f020 Thread added: 0x000001f116658e50
Event: 28.317 Thread 0x000001f11a11f020 Thread added: 0x000001f11665b5b0
Event: 28.473 Thread 0x000001f115b927f0 Thread exited: 0x000001f115b927f0
Event: 28.744 Thread 0x000001f115b8d630 Thread exited: 0x000001f115b8d630
Event: 29.369 Thread 0x000001f10f2f90a0 Thread added: 0x000001f115b927f0
Event: 29.370 Thread 0x000001f10f2f90a0 Thread added: 0x000001f115b93c60
Event: 29.404 Thread 0x000001f11a11f020 Thread added: 0x000001f11665c960
Event: 29.404 Thread 0x000001f11a11f020 Thread added: 0x000001f11665bc40
Event: 29.407 Thread 0x000001f11a11f020 Thread added: 0x000001f11665d680
Event: 29.409 Thread 0x000001f11a11f020 Thread added: 0x000001f11665cff0
Event: 29.411 Thread 0x000001f11a11f020 Thread added: 0x000001f11665dd10
Event: 29.414 Thread 0x000001f11a11f020 Thread added: 0x000001f11665c2d0
Event: 29.424 Thread 0x000001f11a11f020 Thread added: 0x000001f11665e3a0
Event: 29.426 Thread 0x000001f11a11f020 Thread added: 0x000001f11665af20
Event: 29.427 Thread 0x000001f11a11f020 Thread added: 0x000001f116660470
Event: 29.433 Thread 0x000001f11a11f020 Thread added: 0x000001f11665fde0
Event: 31.447 Thread 0x000001f11665fde0 Thread exited: 0x000001f11665fde0


Dynamic libraries:
0x00007ff693c90000 - 0x00007ff693c9a000 	C:\Program Files\Android\Android Studio\jbr\bin\java.exe
0x00007ffc036c0000 - 0x00007ffc03927000 	C:\WINDOWS\SYSTEM32\ntdll.dll
0x00007ffc026c0000 - 0x00007ffc02789000 	C:\WINDOWS\System32\KERNEL32.DLL
0x00007ffc01060000 - 0x00007ffc0144f000 	C:\WINDOWS\System32\KERNELBASE.dll
0x00007ffc00f10000 - 0x00007ffc0105b000 	C:\WINDOWS\System32\ucrtbase.dll
0x00007ffbb6a80000 - 0x00007ffbb6a98000 	C:\Program Files\Android\Android Studio\jbr\bin\jli.dll
0x00007ffbc5410000 - 0x00007ffbc542b000 	C:\Program Files\Android\Android Studio\jbr\bin\VCRUNTIME140.dll
0x00007ffc032e0000 - 0x00007ffc034a5000 	C:\WINDOWS\System32\USER32.dll
0x00007ffc008a0000 - 0x00007ffc008c7000 	C:\WINDOWS\System32\win32u.dll
0x00007ffbdd1f0000 - 0x00007ffbdd483000 	C:\WINDOWS\WinSxS\amd64_microsoft.windows.common-controls_6595b64144ccf1df_6.0.26100.7309_none_3e05feeae336a044\COMCTL32.dll
0x00007ffc034b0000 - 0x00007ffc034db000 	C:\WINDOWS\System32\GDI32.dll
0x00007ffc01d20000 - 0x00007ffc01dc9000 	C:\WINDOWS\System32\msvcrt.dll
0x00007ffc00bc0000 - 0x00007ffc00cec000 	C:\WINDOWS\System32\gdi32full.dll
0x00007ffc00e60000 - 0x00007ffc00f03000 	C:\WINDOWS\System32\msvcp_win.dll
0x00007ffc031e0000 - 0x00007ffc03211000 	C:\WINDOWS\System32\IMM32.DLL
0x00007ffbc6800000 - 0x00007ffbc680c000 	C:\Program Files\Android\Android Studio\jbr\bin\vcruntime140_1.dll
0x00007ffb98040000 - 0x00007ffb980cd000 	C:\Program Files\Android\Android Studio\jbr\bin\msvcp140.dll
0x00007ffb0a030000 - 0x00007ffb0acb3000 	C:\Program Files\Android\Android Studio\jbr\bin\server\jvm.dll
0x00007ffc03220000 - 0x00007ffc032d4000 	C:\WINDOWS\System32\ADVAPI32.dll
0x00007ffc01f20000 - 0x00007ffc01fc6000 	C:\WINDOWS\System32\sechost.dll
0x00007ffc01c00000 - 0x00007ffc01d18000 	C:\WINDOWS\System32\RPCRT4.dll
0x00007ffc02970000 - 0x00007ffc029e4000 	C:\WINDOWS\System32\WS2_32.dll
0x00007ffc00670000 - 0x00007ffc006ce000 	C:\WINDOWS\SYSTEM32\POWRPROF.dll
0x00007ffbfae20000 - 0x00007ffbfae55000 	C:\WINDOWS\SYSTEM32\WINMM.dll
0x00007ffbf0de0000 - 0x00007ffbf0deb000 	C:\WINDOWS\SYSTEM32\VERSION.dll
0x00007ffc00650000 - 0x00007ffc00664000 	C:\WINDOWS\SYSTEM32\UMPDC.dll
0x00007ffbff580000 - 0x00007ffbff59b000 	C:\WINDOWS\SYSTEM32\kernel.appcore.dll
0x00007ffbc53c0000 - 0x00007ffbc53ca000 	C:\Program Files\Android\Android Studio\jbr\bin\jimage.dll
0x00007ffbfe100000 - 0x00007ffbfe342000 	C:\WINDOWS\SYSTEM32\DBGHELP.DLL
0x00007ffc015d0000 - 0x00007ffc01955000 	C:\WINDOWS\System32\combase.dll
0x00007ffc024c0000 - 0x00007ffc02596000 	C:\WINDOWS\System32\OLEAUT32.dll
0x00007ffbdddf0000 - 0x00007ffbdde2c000 	C:\WINDOWS\SYSTEM32\dbgcore.DLL
0x00007ffc008d0000 - 0x00007ffc00975000 	C:\WINDOWS\System32\bcryptPrimitives.dll
0x00007ffbb6800000 - 0x00007ffbb680e000 	C:\Program Files\Android\Android Studio\jbr\bin\instrument.dll
0x00007ffbc12b0000 - 0x00007ffbc12d0000 	C:\Program Files\Android\Android Studio\jbr\bin\java.dll
0x00007ffbb89b0000 - 0x00007ffbb89c8000 	C:\Program Files\Android\Android Studio\jbr\bin\zip.dll
0x00007ffc02a80000 - 0x00007ffc031d3000 	C:\WINDOWS\System32\SHELL32.dll
0x00007ffc00cf0000 - 0x00007ffc00e5a000 	C:\WINDOWS\System32\wintypes.dll
0x00007ffbfe3d0000 - 0x00007ffbfec2e000 	C:\WINDOWS\SYSTEM32\windows.storage.dll
0x00007ffc025a0000 - 0x00007ffc02695000 	C:\WINDOWS\System32\SHCORE.dll
0x00007ffc019f0000 - 0x00007ffc01a56000 	C:\WINDOWS\System32\shlwapi.dll
0x00007ffc00730000 - 0x00007ffc00759000 	C:\WINDOWS\SYSTEM32\profapi.dll
0x00007ffbc52b0000 - 0x00007ffbc52c0000 	C:\Program Files\Android\Android Studio\jbr\bin\net.dll
0x00007ffbfa8b0000 - 0x00007ffbfa9d8000 	C:\WINDOWS\SYSTEM32\WINHTTP.dll
0x00007ffbffad0000 - 0x00007ffbffb3b000 	C:\WINDOWS\system32\mswsock.dll
0x00007ffbb8990000 - 0x00007ffbb89a6000 	C:\Program Files\Android\Android Studio\jbr\bin\nio.dll
0x00007ffbb8770000 - 0x00007ffbb8780000 	C:\Program Files\Android\Android Studio\jbr\bin\verify.dll
0x00007ffbf79e0000 - 0x00007ffbf7a07000 	D:\.gradle\native\c067742578af261105cb4f569cf0c3c89f3d7b1fecec35dd04571415982c5e48\windows-amd64\native-platform.dll
0x00007ffb619e0000 - 0x00007ffb61b24000 	D:\.gradle\native\100fb08df4bc3b14c8652ba06237920a3bd2aa13389f12d3474272988ae205f9\windows-amd64\native-platform-file-events.dll
0x00007ffbb8840000 - 0x00007ffbb8849000 	C:\Program Files\Android\Android Studio\jbr\bin\management.dll
0x00007ffbb8830000 - 0x00007ffbb883b000 	C:\Program Files\Android\Android Studio\jbr\bin\management_ext.dll
0x00007ffc01b60000 - 0x00007ffc01b68000 	C:\WINDOWS\System32\PSAPI.DLL
0x00007ffbffec0000 - 0x00007ffbffedb000 	C:\WINDOWS\SYSTEM32\CRYPTSP.dll
0x00007ffbff4e0000 - 0x00007ffbff51a000 	C:\WINDOWS\system32\rsaenh.dll
0x00007ffbffb80000 - 0x00007ffbffbab000 	C:\WINDOWS\SYSTEM32\USERENV.dll
0x00007ffc00700000 - 0x00007ffc0072a000 	C:\WINDOWS\SYSTEM32\bcrypt.dll
0x00007ffbffd20000 - 0x00007ffbffd2c000 	C:\WINDOWS\SYSTEM32\CRYPTBASE.dll
0x00007ffbfef70000 - 0x00007ffbfefa4000 	C:\WINDOWS\SYSTEM32\IPHLPAPI.DLL
0x00007ffc019e0000 - 0x00007ffc019ea000 	C:\WINDOWS\System32\NSI.dll
0x00007ffbbf230000 - 0x00007ffbbf239000 	C:\Program Files\Android\Android Studio\jbr\bin\extnet.dll
0x00007ffbe5f20000 - 0x00007ffbe5f28000 	C:\WINDOWS\system32\wshunix.dll
0x00007ffbcd9e0000 - 0x00007ffbcd9f8000 	C:\WINDOWS\system32\napinsp.dll
0x00007ffbff000000 - 0x00007ffbff12c000 	C:\WINDOWS\SYSTEM32\DNSAPI.dll
0x00007ffbcd9c0000 - 0x00007ffbcd9d2000 	C:\WINDOWS\System32\winrnr.dll
0x00007ffbcd990000 - 0x00007ffbcd9b2000 	C:\WINDOWS\system32\nlansp_c.dll
0x00007ffbcd940000 - 0x00007ffbcd956000 	C:\WINDOWS\system32\wshbth.dll
0x00007ffbfa650000 - 0x00007ffbfa65b000 	C:\Windows\System32\rasadhlp.dll
0x00007ffbfabe0000 - 0x00007ffbfac66000 	C:\WINDOWS\System32\fwpuclnt.dll
0x00007ffbff6a0000 - 0x00007ffbff6d6000 	C:\WINDOWS\SYSTEM32\ntmarta.dll

dbghelp: loaded successfully - version: 4.0.5 - missing functions: none
symbol engine: initialized successfully - sym options: 0x614 - pdb path: .;C:\Program Files\Android\Android Studio\jbr\bin;C:\WINDOWS\SYSTEM32;C:\WINDOWS\WinSxS\amd64_microsoft.windows.common-controls_6595b64144ccf1df_6.0.26100.7309_none_3e05feeae336a044;C:\Program Files\Android\Android Studio\jbr\bin\server;D:\.gradle\native\c067742578af261105cb4f569cf0c3c89f3d7b1fecec35dd04571415982c5e48\windows-amd64;D:\.gradle\native\100fb08df4bc3b14c8652ba06237920a3bd2aa13389f12d3474272988ae205f9\windows-amd64

VM Arguments:
jvm_args: --add-opens=java.base/java.util=ALL-UNNAMED --add-opens=java.base/java.lang=ALL-UNNAMED --add-opens=java.base/java.lang.invoke=ALL-UNNAMED --add-opens=java.prefs/java.util.prefs=ALL-UNNAMED --add-exports=jdk.compiler/com.sun.tools.javac.api=ALL-UNNAMED --add-exports=jdk.compiler/com.sun.tools.javac.util=ALL-UNNAMED --add-opens=java.base/java.nio.charset=ALL-UNNAMED --add-opens=java.base/java.net=ALL-UNNAMED --add-opens=java.base/java.util.concurrent.atomic=ALL-UNNAMED -Xmx4096m -Dfile.encoding=UTF-8 -Duser.country=US -Duser.language=en -Duser.variant -javaagent:D:\.gradle\wrapper\dists\gradle-8.10.2-bin\a04bxjujx95o3nb99gddekhwo\gradle-8.10.2\lib\agents\gradle-instrumentation-agent-8.10.2.jar 
java_command: org.gradle.launcher.daemon.bootstrap.GradleDaemon 8.10.2
java_class_path (initial): D:\.gradle\wrapper\dists\gradle-8.10.2-bin\a04bxjujx95o3nb99gddekhwo\gradle-8.10.2\lib\gradle-daemon-main-8.10.2.jar
Launcher Type: SUN_STANDARD

[Global flags]
     intx CICompilerCount                          = 4                                         {product} {ergonomic}
     uint ConcGCThreads                            = 3                                         {product} {ergonomic}
     uint G1ConcRefinementThreads                  = 10                                        {product} {ergonomic}
   size_t G1HeapRegionSize                         = 2097152                                   {product} {ergonomic}
    uintx GCDrainStackTargetSize                   = 64                                        {product} {ergonomic}
   size_t InitialHeapSize                          = 264241152                                 {product} {ergonomic}
   size_t MarkStackSize                            = 4194304                                   {product} {ergonomic}
   size_t MaxHeapSize                              = 4294967296                                {product} {command line}
   size_t MaxNewSize                               = 2575302656                                {product} {ergonomic}
   size_t MinHeapDeltaBytes                        = 2097152                                   {product} {ergonomic}
   size_t MinHeapSize                              = 8388608                                   {product} {ergonomic}
    uintx NonNMethodCodeHeapSize                   = 5839372                                {pd product} {ergonomic}
    uintx NonProfiledCodeHeapSize                  = 122909434                              {pd product} {ergonomic}
    uintx ProfiledCodeHeapSize                     = 122909434                              {pd product} {ergonomic}
    uintx ReservedCodeCacheSize                    = 251658240                              {pd product} {ergonomic}
     bool SegmentedCodeCache                       = true                                      {product} {ergonomic}
   size_t SoftMaxHeapSize                          = 4294967296                             {manageable} {ergonomic}
     bool UseCompressedOops                        = true                           {product lp64_product} {ergonomic}
     bool UseG1GC                                  = true                                      {product} {ergonomic}
     bool UseLargePagesIndividualAllocation        = false                                  {pd product} {ergonomic}

Logging:
Log output configuration:
 #0: stdout all=warning uptime,level,tags foldmultilines=false
 #1: stderr all=off uptime,level,tags foldmultilines=false

Environment Variables:
JAVA_HOME=C:\Program Files\Java\jdk-21
PATH=C:\oracle\dbhomeFree\bin;C:\app\HP\product\23ai\dbhomeFree\bin;C:\Program Files\Common Files\Oracle\Java\javapath;C:\Program Files (x86)\Common Files\Oracle\Java\java8path;C:\Program Files (x86)\Common Files\Oracle\Java\javapath;C:\WINDOWS\system32;C:\WINDOWS;C:\WINDOWS\System32\Wbem;C:\WINDOWS\System32\WindowsPowerShell\v1.0\;C:\WINDOWS\System32\OpenSSH\;C:\Program Files (x86)\Microsoft SQL Server\160\Tools\Binn\;C:\Program Files\Microsoft SQL Server\160\Tools\Binn\;C:\Program Files\Microsoft SQL Server\Client SDK\ODBC\170\Tools\Binn\;C:\Program Files\Microsoft SQL Server\160\DTS\Binn\;C:\Program Files (x86)\Microsoft SQL Server\160\DTS\Binn\;C:\Program Files\Azure Data Studio\bin;C:\Program Files\Java\jdk-21\bin;C:\Program Files\Microsoft SQL Server\150\Tools\Binn\;C:\Program Files\nodejs;C:\ProgramData\chocolatey\bin;C:\Program Files\nodejs\;C:\sqlite;C:\Program Files\Git\cmd;C:\Program Files\TortoiseGit\bin;C:\Program Files\dotnet\;C:\Users\HP\AppData\Local\Programs\Python\Python313\Scripts\;C:\Users\HP\AppData\Local\Programs\Python\Python313\;C:\Users\HP\AppData\Local\Programs\Python\Launcher\;C:\Users\HP\AppData\Local\Microsoft\WindowsApps;C:\Program Files\Azure Data Studio\bin;C:\Program Files\JetBrains\IntelliJ IDEA Community Edition 2023.2.5\bin;C:\Users\HP\AppData\Local\Programs\Microsoft VS Code\bin;C:\Program Files\JetBrains\IntelliJ IDEA 2024.3.1.1\bin;C:\Users\HP\.dotnet\tools;C:\Users\HP\AppData\Roaming\npm;C:\Users\HP\AppData\Local\Programs\mongosh\;D:\software\flutter_windows_3.38.0-stable (1)\flutter\bin;D:\software\flutter_3.38.0\flutter\bin;D:\software\flutter_windows_3.35.7-stable\flutter\bin;C:\Users\HP\.dotnet\tools
USERNAME=HP
OS=Windows_NT
PROCESSOR_IDENTIFIER=Intel64 Family 6 Model 154 Stepping 4, GenuineIntel
TMP=C:\Users\HP\AppData\Local\Temp
TEMP=C:\Users\HP\AppData\Local\Temp




Periodic native trim disabled

JNI global refs:
JNI global refs: 31, weak refs: 212

JNI global refs memory usage: 835, weak refs: 2729

Process memory usage:
Resident Set Size: 1194752K (7% of 16400712K total physical memory with 1041940K free physical memory)

OOME stack traces (most recent first):
Classloader memory used:
Loader org.gradle.internal.classloader.VisitableURLClassLoader$InstrumentingVisitableURLClassLoader: 60932K
Loader org.gradle.internal.classloader.VisitableURLClassLoader                         : 42915K
Loader bootstrap                                                                       : 31109K
Loader java.net.URLClassLoader                                                         : 16405K
Loader org.gradle.initialization.MixInLegacyTypesClassLoader                           : 12735K
Loader jdk.internal.loader.ClassLoaders$AppClassLoader                                 : 9917K
Loader jdk.internal.loader.ClassLoaders$PlatformClassLoader                            : 908K
Loader jdk.internal.reflect.DelegatingClassLoader                                      : 513K
Loader org.gradle.internal.classloader.VisitableURLClassLoader                         : 497K

Classes loaded by more than one classloader:
Class Program                                                                         : loaded 5 times (x 68B)
Class com.google.common.base.Equivalence$Identity                                     : loaded 3 times (x 78B)
Class com.google.common.base.PairwiseEquivalence                                      : loaded 3 times (x 79B)
Class com.google.common.base.Splitter$Strategy                                        : loaded 3 times (x 66B)
Class com.google.common.collect.RegularImmutableSet                                   : loaded 3 times (x 145B)
Class com.google.common.collect.Iterators$MergingIterator                             : loaded 3 times (x 77B)
Class com.google.common.cache.AbstractCache$StatsCounter                              : loaded 3 times (x 66B)
Class com.google.common.collect.ImmutableList$SubList                                 : loaded 3 times (x 205B)
Class com.google.common.collect.SortedSetMultimap                                     : loaded 3 times (x 66B)
Class com.google.common.base.CharMatcher$IsEither                                     : loaded 3 times (x 107B)
Class com.google.common.collect.ForwardingObject                                      : loaded 3 times (x 68B)
Class com.google.common.cache.CacheLoader$1                                           : loaded 3 times (x 71B)
Class com.google.common.collect.ImmutableSet$SetBuilderImpl                           : loaded 3 times (x 72B)
Class com.google.common.collect.ImmutableMultimap$EntryCollection                     : loaded 3 times (x 124B)
Class com.google.common.collect.Maps$EntrySet                                         : loaded 3 times (x 132B)
Class com.google.common.cache.LocalCache$EntryFactory$8                               : loaded 3 times (x 79B)
Class com.google.common.collect.ImmutableList                                         : loaded 3 times (x 202B)
Class com.google.common.collect.ImmutableSet$EmptySetBuilderImpl                      : loaded 3 times (x 72B)
Class com.google.common.collect.Maps$KeySet                                           : loaded 3 times (x 133B)
Class com.google.common.collect.ImmutableMultimap$Builder                             : loaded 3 times (x 79B)
Class com.google.common.util.concurrent.ExecutionError                                : loaded 3 times (x 78B)
Class com.google.common.collect.ImmutableEnumSet                                      : loaded 3 times (x 142B)
Class com.google.common.collect.AbstractMapBasedMultimap$WrappedCollection            : loaded 3 times (x 120B)
Class com.google.common.cache.LocalCache$EntryFactory$7                               : loaded 3 times (x 79B)
Class Build_gradle                                                                    : loaded 3 times (x 126B)
Class com.google.common.cache.LocalCache$EntryFactory$6                               : loaded 3 times (x 79B)
Class com.google.common.collect.ImmutableList$1                                       : loaded 3 times (x 93B)
Class com.google.common.cache.LocalCache$EntryFactory$5                               : loaded 3 times (x 79B)
Class com.google.common.collect.ImmutableSet$Builder                                  : loaded 3 times (x 81B)
Class com.google.common.collect.SetMultimap                                           : loaded 3 times (x 66B)
Class com.google.common.collect.RegularImmutableMap                                   : loaded 3 times (x 117B)
Class com.google.common.collect.ImmutableMap$MapViewOfValuesAsSingletonSets           : loaded 3 times (x 122B)
Class com.google.common.base.CharMatcher$InRange                                      : loaded 3 times (x 107B)
Class com.google.common.cache.LocalCache$EntryFactory$4                               : loaded 3 times (x 79B)
Class com.google.common.collect.ImmutableMapEntrySet$RegularEntrySet                  : loaded 3 times (x 148B)
Class com.google.common.collect.Maps$BiMapConverter                                   : loaded 3 times (x 86B)
Class com.google.common.collect.Multimaps                                             : loaded 3 times (x 67B)
Class com.google.common.base.Ticker$1                                                 : loaded 3 times (x 68B)
Class com.google.common.collect.UnmodifiableListIterator                              : loaded 3 times (x 91B)
Class com.google.common.cache.LocalCache$EntryFactory$3                               : loaded 3 times (x 79B)
Class com.google.common.cache.LocalCache$EntryFactory$2                               : loaded 3 times (x 79B)
Class [Lcom.google.common.cache.CacheBuilder$OneWeigher;                              : loaded 3 times (x 65B)
Class com.google.common.base.Suppliers                                                : loaded 3 times (x 67B)
Class com.google.common.base.Joiner$2                                                 : loaded 3 times (x 75B)
Class com.google.common.base.CharMatcher$NamedFastMatcher                             : loaded 3 times (x 108B)
Class com.google.common.base.CharMatcher$1                                            : loaded 3 times (x 109B)
Class com.google.common.collect.Maps$IteratorBasedAbstractMap                         : loaded 3 times (x 121B)
Class com.google.common.collect.Table                                                 : loaded 3 times (x 66B)
Class [Lcom.google.common.cache.RemovalListener;                                      : loaded 3 times (x 65B)
Class com.google.common.cache.LocalCache$EntryFactory$1                               : loaded 3 times (x 79B)
Class com.google.common.base.CharMatcher$None                                         : loaded 3 times (x 108B)
Class com.google.common.collect.PeekingIterator                                       : loaded 3 times (x 66B)
Class com.google.common.base.Joiner$1                                                 : loaded 3 times (x 76B)
Class [Lcom.google.common.collect.AbstractIterator$State;                             : loaded 3 times (x 65B)
Class com.google.common.base.CharMatcher                                              : loaded 3 times (x 107B)
Class com.google.common.base.Preconditions                                            : loaded 3 times (x 67B)
Class com.google.common.collect.Hashing                                               : loaded 3 times (x 67B)
Class com.google.common.base.Equivalence$Equals                                       : loaded 3 times (x 78B)
Class com.google.common.collect.RegularImmutableBiMap                                 : loaded 3 times (x 145B)
Class [Lcom.google.common.collect.ImmutableMapEntry;                                  : loaded 3 times (x 65B)
Class com.google.common.collect.AbstractIterator$State                                : loaded 3 times (x 75B)
Class com.google.common.collect.ImmutableMultimap$2                                   : loaded 3 times (x 77B)
Class com.google.common.base.CharMatcher$Is                                           : loaded 3 times (x 107B)
Class com.google.common.base.CharMatcher$Negated                                      : loaded 3 times (x 109B)
Class com.google.common.cache.LocalCache$ValueReference                               : loaded 3 times (x 66B)
Class com.google.common.collect.AbstractIterator$1                                    : loaded 3 times (x 67B)
Class com.google.common.collect.ImmutableEnumMap                                      : loaded 3 times (x 122B)
Class com.google.common.collect.ListMultimap                                          : loaded 3 times (x 66B)
Class com.google.common.collect.AbstractMapBasedMultimap$RandomAccessWrappedList      : loaded 3 times (x 201B)
Class com.google.common.collect.ImmutableMultimap$1                                   : loaded 3 times (x 78B)
Class com.google.common.collect.RegularImmutableMap$BucketOverflowException           : loaded 3 times (x 78B)
Class com.google.common.base.Suppliers$NonSerializableMemoizingSupplier               : loaded 3 times (x 75B)
Class com.google.common.base.Splitter                                                 : loaded 3 times (x 68B)
Class [Lcom.google.common.cache.Weigher;                                              : loaded 3 times (x 65B)
Class com.google.common.collect.Sets$1                                                : loaded 3 times (x 135B)
Class com.google.common.collect.FluentIterable                                        : loaded 3 times (x 77B)
Class com.google.common.cache.LoadingCache                                            : loaded 3 times (x 66B)
Class com.google.common.collect.ImmutableSet$RegularSetBuilderImpl                    : loaded 3 times (x 73B)
Class com.google.common.collect.ImmutableMapKeySet                                    : loaded 3 times (x 148B)
Class com.google.common.cache.CacheLoader$InvalidCacheLoadException                   : loaded 3 times (x 78B)
Class com.google.common.base.Splitter$1$1                                             : loaded 3 times (x 82B)
Class com.google.common.cache.LocalCache$EntryFactory                                 : loaded 3 times (x 79B)
Class com.google.common.collect.Maps$ViewCachingAbstractMap                           : loaded 3 times (x 121B)
Class com.google.common.collect.SortedMapDifference                                   : loaded 3 times (x 66B)
Class com.google.common.collect.CollectPreconditions                                  : loaded 3 times (x 67B)
Class com.google.common.base.Suppliers$MemoizingSupplier                              : loaded 3 times (x 75B)
Class com.google.common.collect.ImmutableEntry                                        : loaded 3 times (x 78B)
Class [Lcom.google.common.collect.AbstractMapEntry;                                   : loaded 3 times (x 65B)
Class com.google.common.collect.Sets$2                                                : loaded 3 times (x 135B)
Class com.google.common.collect.ArrayListMultimap                                     : loaded 3 times (x 168B)
Class com.google.common.base.CharMatcher$NegatedFastMatcher                           : loaded 3 times (x 109B)
Class com.google.common.cache.CacheBuilder$2                                          : loaded 3 times (x 75B)
Class com.google.common.cache.LocalCache                                              : loaded 3 times (x 183B)
Class com.google.common.base.Predicate                                                : loaded 3 times (x 66B)
Class com.google.common.collect.ImmutableMap                                          : loaded 3 times (x 116B)
Class com.google.common.cache.LocalCache$LocalLoadingCache                            : loaded 3 times (x 130B)
Class com.google.common.cache.CacheBuilder$1                                          : loaded 3 times (x 81B)
Class [Lcom.google.common.cache.LocalCache$Strength;                                  : loaded 3 times (x 65B)
Class com.google.common.collect.Sets$3                                                : loaded 3 times (x 135B)
Class [Lcom.google.common.cache.LocalCache$Segment;                                   : loaded 3 times (x 65B)
Class com.google.common.collect.Sets                                                  : loaded 3 times (x 67B)
Class com.google.common.base.CharMatcher$FastMatcher                                  : loaded 3 times (x 107B)
Class com.google.common.base.Ticker                                                   : loaded 3 times (x 68B)
Class com.google.common.base.Supplier                                                 : loaded 3 times (x 66B)
Class com.google.common.cache.LocalCache$Strength$1                                   : loaded 3 times (x 77B)
Class com.google.common.collect.ImmutableMultisetGwtSerializationDependencies         : loaded 3 times (x 121B)
Class com.google.common.base.CharMatcher$Or                                           : loaded 3 times (x 108B)
Class com.google.common.cache.CacheStats                                              : loaded 3 times (x 67B)
Class com.google.common.collect.Sets$4                                                : loaded 3 times (x 135B)
Class com.google.common.collect.ImmutableSet                                          : loaded 3 times (x 141B)
Class com.google.common.collect.RegularImmutableMap$Values                            : loaded 3 times (x 203B)
Class com.google.common.base.CharMatcher$BitSetMatcher                                : loaded 3 times (x 108B)
Class com.google.common.base.AbstractIterator                                         : loaded 3 times (x 76B)
Class com.google.common.cache.LocalCache$Strength$2                                   : loaded 3 times (x 77B)
Class com.google.common.math.IntMath$1                                                : loaded 3 times (x 67B)
Class [Lcom.google.common.cache.CacheBuilder$NullListener;                            : loaded 3 times (x 65B)
Class com.google.common.graph.SuccessorsFunction                                      : loaded 3 times (x 66B)
Class com.google.common.collect.Sets$SetView                                          : loaded 3 times (x 134B)
Class com.google.common.collect.Maps$8                                                : loaded 3 times (x 78B)
Class com.google.common.collect.AbstractMapBasedMultimap$WrappedList                  : loaded 3 times (x 201B)
Class com.google.common.base.Splitter$1                                               : loaded 3 times (x 73B)
Class com.google.common.cache.LocalCache$Strength$3                                   : loaded 3 times (x 77B)
Class Build_gradle$1                                                                  : loaded 3 times (x 70B)
Class com.google.common.collect.CollectSpliterators                                   : loaded 3 times (x 67B)
Class com.google.common.collect.AbstractMapBasedMultimap$AsMap                        : loaded 3 times (x 124B)
Class com.google.common.cache.LocalCache$LoadingValueReference                        : loaded 3 times (x 93B)
Class [Lcom.google.common.collect.ImmutableEntry;                                     : loaded 3 times (x 65B)
Class com.google.common.collect.MapDifference                                         : loaded 3 times (x 66B)
Class com.google.common.collect.Maps                                                  : loaded 3 times (x 67B)
Class com.google.common.collect.AbstractMapBasedMultimap$WrappedSet                   : loaded 3 times (x 138B)
Class com.google.common.collect.RegularImmutableList                                  : loaded 3 times (x 209B)
Class com.google.common.collect.IndexedImmutableSet$1                                 : loaded 3 times (x 209B)
Class com.google.common.cache.CacheBuilder$OneWeigher                                 : loaded 3 times (x 78B)
Class com.google.common.base.Equivalence                                              : loaded 3 times (x 78B)
Class com.google.common.collect.ImmutableMapEntry$NonTerminalImmutableMapEntry        : loaded 3 times (x 81B)
Class com.google.common.base.Function                                                 : loaded 3 times (x 66B)
Class com.google.common.cache.CacheBuilder$NullListener                               : loaded 3 times (x 78B)
Class com.google.common.collect.ImmutableMultimap                                     : loaded 3 times (x 143B)
Class com.google.common.collect.ImmutableMapEntry                                     : loaded 3 times (x 81B)
Class com.google.common.math.IntMath                                                  : loaded 3 times (x 67B)
Class com.google.common.collect.AbstractMapBasedMultimap$KeySet                       : loaded 3 times (x 133B)
Class com.google.common.collect.RegularImmutableSortedSet                             : loaded 3 times (x 296B)
Class com.google.common.base.CharMatcher$IsNot                                        : loaded 3 times (x 107B)
Class com.google.common.cache.CacheLoader$FunctionToCacheLoader                       : loaded 3 times (x 71B)
Class com.google.common.base.CommonPattern                                            : loaded 3 times (x 70B)
Class com.google.common.cache.LocalCache$LocalManualCache                             : loaded 3 times (x 95B)
Class com.google.common.collect.Iterables                                             : loaded 3 times (x 67B)
Class com.google.common.collect.ImmutableSortedSet                                    : loaded 3 times (x 296B)
Class com.google.common.collect.ImmutableListMultimap                                 : loaded 3 times (x 172B)
Class [Lcom.google.common.cache.LocalCache$EntryFactory;                              : loaded 3 times (x 65B)
Class com.google.common.collect.Maps$EntryTransformer                                 : loaded 3 times (x 66B)
Class com.google.common.collect.ImmutableMultiset                                     : loaded 3 times (x 159B)
Class com.google.common.cache.CacheLoader$SupplierToCacheLoader                       : loaded 3 times (x 71B)
Class com.google.common.collect.ImmutableAsList                                       : loaded 3 times (x 205B)
Class com.google.common.collect.Iterators$ArrayItr                                    : loaded 3 times (x 93B)
Class com.google.common.collect.ImmutableCollection$Builder                           : loaded 3 times (x 72B)
Class com.google.common.collect.Iterators$9                                           : loaded 3 times (x 77B)
Class com.google.common.base.FunctionalEquivalence                                    : loaded 3 times (x 79B)
Class com.google.common.collect.AbstractMapBasedMultimap                              : loaded 3 times (x 135B)
Class com.google.common.collect.ImmutableSet$CachingAsList                            : loaded 3 times (x 144B)
Class com.google.common.base.Converter                                                : loaded 3 times (x 86B)
Class com.google.common.collect.EmptyImmutableListMultimap                            : loaded 3 times (x 172B)
Class com.google.common.collect.Lists                                                 : loaded 3 times (x 67B)
Class com.google.common.cache.ReferenceEntry                                          : loaded 3 times (x 66B)
Class com.google.common.base.Joiner                                                   : loaded 3 times (x 75B)
Class com.google.common.base.MoreObjects                                              : loaded 3 times (x 67B)
Class com.google.common.collect.BaseImmutableMultimap                                 : loaded 3 times (x 119B)
Class com.google.common.collect.ImmutableCollection                                   : loaded 3 times (x 121B)
Class com.google.common.base.CharMatcher$AnyOf                                        : loaded 3 times (x 108B)
Class com.google.common.collect.ImmutableMultimap$Values                              : loaded 3 times (x 122B)
Class com.google.common.collect.Platform                                              : loaded 3 times (x 67B)
Class com.google.common.collect.UnmodifiableIterator                                  : loaded 3 times (x 76B)
Class com.google.common.base.CharMatcher$ForPredicate                                 : loaded 3 times (x 108B)
Class com.google.common.cache.LocalCache$LocalManualCache$1                           : loaded 3 times (x 71B)
Class com.google.common.collect.ImmutableSet$JdkBackedSetBuilderImpl                  : loaded 3 times (x 72B)
Class com.google.common.cache.LocalCache$1                                            : loaded 3 times (x 85B)
Class com.google.common.base.Ascii                                                    : loaded 3 times (x 67B)
Class com.google.common.collect.Iterators$5                                           : loaded 3 times (x 78B)
Class com.google.common.collect.SingletonImmutableBiMap                               : loaded 3 times (x 139B)
Class com.google.common.collect.AbstractMapEntry                                      : loaded 3 times (x 77B)
Class com.google.common.base.Splitter$SplittingIterator                               : loaded 3 times (x 80B)
Class com.google.common.collect.Iterators$4                                           : loaded 3 times (x 78B)
Class com.google.common.collect.ImmutableBiMap                                        : loaded 3 times (x 139B)
Class com.google.common.collect.AbstractListMultimap                                  : loaded 3 times (x 168B)
Class com.google.common.cache.LocalCache$2                                            : loaded 3 times (x 138B)
Class com.google.common.collect.AbstractSetMultimap                                   : loaded 3 times (x 170B)
Class com.google.common.collect.SortedIterable                                        : loaded 3 times (x 66B)
Class com.google.common.collect.ImmutableList$Builder                                 : loaded 3 times (x 73B)
Class com.google.common.collect.Sets$ImprovedAbstractSet                              : loaded 3 times (x 131B)
Class com.google.common.collect.AbstractMultimap                                      : loaded 3 times (x 119B)
Class com.google.common.cache.CacheLoader                                             : loaded 3 times (x 70B)
Class com.google.common.collect.AbstractMapBasedMultimap$AsMap$AsMapEntries           : loaded 3 times (x 134B)
Class com.google.common.cache.LocalCache$Segment                                      : loaded 3 times (x 150B)
Class com.google.common.collect.SingletonImmutableSet                                 : loaded 3 times (x 142B)
Class com.google.common.collect.ImmutableMap$IteratorBasedImmutableMap                : loaded 3 times (x 122B)
Class com.google.common.cache.LocalCache$ComputingValueReference                      : loaded 3 times (x 93B)
Class com.google.common.collect.Iterators$1                                           : loaded 3 times (x 77B)
Class com.google.common.base.Suppliers$SupplierOfInstance                             : loaded 3 times (x 75B)
Class com.google.common.collect.RegularImmutableAsList                                : loaded 3 times (x 213B)
Class com.google.common.collect.ImmutableList$ReverseImmutableList                    : loaded 3 times (x 205B)
Class com.google.common.base.JdkPattern                                               : loaded 3 times (x 71B)
Class com.google.common.base.Optional                                                 : loaded 3 times (x 76B)
Class com.google.common.collect.Iterators                                             : loaded 3 times (x 67B)
Class com.google.common.collect.RegularImmutableMap$KeySet                            : loaded 3 times (x 148B)
Class com.google.common.collect.SingletonImmutableList                                : loaded 3 times (x 203B)
Class com.google.common.cache.CacheBuilder                                            : loaded 3 times (x 68B)
Class com.google.common.collect.NullnessCasts                                         : loaded 3 times (x 67B)
Class com.google.common.util.concurrent.UncheckedExecutionException                   : loaded 3 times (x 78B)
Class com.google.common.collect.Lists$StringAsImmutableList                           : loaded 3 times (x 203B)
Class com.google.common.base.ExtraObjectsMethodsForWeb                                : loaded 3 times (x 67B)
Class com.google.common.collect.Multimap                                              : loaded 3 times (x 66B)
Class com.google.common.primitives.IntsMethodsForWeb                                  : loaded 3 times (x 67B)
Class com.google.common.collect.ImmutableMultimap$Keys                                : loaded 3 times (x 162B)
Class com.google.common.base.Present                                                  : loaded 3 times (x 77B)
Class com.google.common.collect.AbstractMapBasedMultimap$WrappedCollection$WrappedIterator: loaded 3 times (x 80B)
Class com.google.common.cache.RemovalListener                                         : loaded 3 times (x 66B)
Class com.google.common.collect.ImmutableMap$Builder                                  : loaded 3 times (x 78B)
Class com.google.common.cache.CacheLoader$UnsupportedLoadingOperationException        : loaded 3 times (x 78B)
Class com.google.common.base.NullnessCasts                                            : loaded 3 times (x 67B)
Class com.google.common.cache.Cache                                                   : loaded 3 times (x 66B)
Class com.google.common.cache.LocalCache$Strength                                     : loaded 3 times (x 77B)
Class com.google.common.base.CharMatcher$And                                          : loaded 3 times (x 108B)
Class com.google.common.collect.AbstractMapBasedMultimap$KeySet$1                     : loaded 3 times (x 78B)
Class com.google.common.cache.Weigher                                                 : loaded 3 times (x 66B)
Class com.google.common.collect.ImmutableMapEntrySet                                  : loaded 3 times (x 148B)
Class com.google.common.math.MathPreconditions                                        : loaded 3 times (x 67B)
Class com.google.common.collect.AbstractIndexedListIterator                           : loaded 3 times (x 92B)
Class com.google.common.collect.ObjectArrays                                          : loaded 3 times (x 67B)
Class com.google.common.base.Objects                                                  : loaded 3 times (x 67B)
Class com.google.common.collect.FluentIterable$1                                      : loaded 3 times (x 77B)
Class com.google.common.collect.ArrayListMultimapGwtSerializationDependencies         : loaded 3 times (x 168B)
Class com.google.common.collect.Multiset                                              : loaded 3 times (x 66B)
Class com.google.common.collect.FluentIterable$3                                      : loaded 3 times (x 77B)
Class com.google.common.collect.IndexedImmutableSet                                   : loaded 3 times (x 148B)
Class com.google.common.collect.BiMap                                                 : loaded 3 times (x 66B)
Class com.google.common.collect.ImmutableMap$1                                        : loaded 3 times (x 77B)
Class com.google.common.collect.AbstractIterator                                      : loaded 3 times (x 78B)
Class com.google.common.base.Absent                                                   : loaded 3 times (x 76B)
Class com.google.common.primitives.Ints                                               : loaded 3 times (x 67B)
Class com.google.common.collect.FluentIterable$2                                      : loaded 3 times (x 77B)
Class kotlin.ResultKt                                                                 : loaded 2 times (x 67B)
Class com.google.common.collect.NullsFirstOrdering                                    : loaded 2 times (x 111B)
Class org.gradle.api.internal.classpath.DefaultModuleRegistry$DefaultModule           : loaded 2 times (x 82B)
Class org.objectweb.asm.FieldVisitor                                                  : loaded 2 times (x 73B)
Class kotlin.reflect.jvm.internal.ClassValueCache                                     : loaded 2 times (x 70B)
Class kotlin.reflect.jvm.internal.KCallableImpl$_absentArguments$1                    : loaded 2 times (x 75B)
Class com.google.common.collect.AbstractMapBasedMultimap$Itr                          : loaded 2 times (x 79B)
Class kotlin.collections.IndexingIterable                                             : loaded 2 times (x 75B)
Class kotlin.reflect.jvm.internal.impl.builtins.StandardNames$FqNames                 : loaded 2 times (x 67B)
Class kotlin.collections.builders.ListBuilderKt                                       : loaded 2 times (x 67B)
Class kotlin.reflect.jvm.internal.KClassImpl$Data$inheritedStaticMembers$2            : loaded 2 times (x 75B)
Class kotlin.Result$Failure                                                           : loaded 2 times (x 68B)
Class org.gradle.internal.classloader.ClasspathUtil$1                                 : loaded 2 times (x 72B)
Class org.objectweb.asm.ClassWriter                                                   : loaded 2 times (x 102B)
Class kotlin.collections.MapsKt__MapsJVMKt                                            : loaded 2 times (x 67B)
Class kotlin.collections.ArraysKt__ArraysKt                                           : loaded 2 times (x 67B)
Class kotlin.reflect.jvm.internal.impl.builtins.jvm.JavaToKotlinClassMap              : loaded 2 times (x 67B)
Class kotlin.collections.EmptyList                                                    : loaded 2 times (x 170B)
Class kotlin.reflect.jvm.internal.KotlinReflectionInternalError                       : loaded 2 times (x 78B)
Class kotlin.collections.SetsKt__SetsJVMKt                                            : loaded 2 times (x 67B)
Class dagger.hilt.processor.internal.optionvalues.GradleProjectType                   : loaded 2 times (x 75B)
Class kotlin.Function                                                                 : loaded 2 times (x 66B)
Class org.gradle.api.internal.classpath.Module                                        : loaded 2 times (x 66B)
Class kotlin.reflect.jvm.internal.ReflectionFactoryImpl                               : loaded 2 times (x 87B)
Class [Lcom.google.common.collect.LinkedHashMultimap$ValueSetLink;                    : loaded 2 times (x 65B)
Class kotlin.reflect.jvm.internal.KClassifierImpl                                     : loaded 2 times (x 66B)
Class kotlin.reflect.KMutableProperty                                                 : loaded 2 times (x 66B)
Class kotlin.internal.ProgressionUtilKt                                               : loaded 2 times (x 67B)
Class org.gradle.api.internal.classpath.UnknownModuleException                        : loaded 2 times (x 78B)
Class com.google.common.collect.ImmutableBiMap$Builder                                : loaded 2 times (x 78B)
Class com.google.common.collect.HashMultimapGwtSerializationDependencies              : loaded 2 times (x 170B)
Class kotlin.jvm.internal.PropertyReference                                           : loaded 2 times (x 111B)
Class com.google.common.base.Stopwatch                                                : loaded 2 times (x 68B)
Class kotlin.DeprecationLevel                                                         : loaded 2 times (x 75B)
Class kotlin.collections.IndexingIterator                                             : loaded 2 times (x 75B)
Class com.google.common.collect.AbstractMultimap$Entries                              : loaded 2 times (x 116B)
Class org.gradle.internal.InternalTransformer                                         : loaded 2 times (x 66B)
Class kotlin.reflect.jvm.internal.KClassImpl$Data$nestedClasses$2                     : loaded 2 times (x 75B)
Class com.google.common.io.Files$2                                                    : loaded 2 times (x 72B)
Class com.google.common.io.AppendableWriter                                           : loaded 2 times (x 96B)
Class com.google.common.util.concurrent.AbstractFuture$Cancellation                   : loaded 2 times (x 68B)
Class com.google.common.base.CharMatcher$JavaLetterOrDigit                            : loaded 2 times (x 107B)
Class com.google.common.collect.Maps$EntryFunction$1                                  : loaded 2 times (x 87B)
Class com.google.common.collect.AbstractMapBasedMultimap$AsMap$AsMapIterator          : loaded 2 times (x 79B)
Class com.google.common.collect.ImmutableSortedSetFauxverideShim                      : loaded 2 times (x 143B)
Class com.google.common.collect.LinkedHashMultimap                                    : loaded 2 times (x 171B)
Class com.google.common.collect.Maps$TransformedEntriesMap                            : loaded 2 times (x 123B)
Class com.google.common.collect.ImmutableMap$IteratorBasedImmutableMap$1EntrySetImpl  : loaded 2 times (x 150B)
Class kotlin.reflect.jvm.internal.KClassImpl$Data$declaredMembers$2                   : loaded 2 times (x 75B)
Class kotlin.reflect.jvm.internal.impl.builtins.StandardNames                         : loaded 2 times (x 67B)
Class [Lkotlin.reflect.jvm.internal.impl.builtins.PrimitiveType;                      : loaded 2 times (x 65B)
Class kotlin.reflect.jvm.internal.KClassImpl$Data$annotations$2                       : loaded 2 times (x 75B)
Class kotlin.reflect.jvm.internal.ReflectProperties$LazySoftVal                       : loaded 2 times (x 74B)
Class [Lkotlin.reflect.KAnnotatedElement;                                             : loaded 2 times (x 65B)
Class org.gradle.api.internal.DefaultClassPathRegistry                                : loaded 2 times (x 72B)
Class com.google.common.collect.Maps$FilteredEntryMap$EntrySet$1                      : loaded 2 times (x 78B)
Class com.google.common.collect.Maps$EntryFunction$2                                  : loaded 2 times (x 87B)
Class org.gradle.kotlin.dsl.VersionCatalogAccessorsKt                                 : loaded 2 times (x 67B)
Class com.google.common.io.ByteSink$AsCharSink                                        : loaded 2 times (x 76B)
Class kotlin.annotation.AnnotationTarget                                              : loaded 2 times (x 75B)
Class kotlin.reflect.jvm.internal.KPropertyImpl                                       : loaded 2 times (x 111B)
Class kotlin.jvm.JvmClassMappingKt                                                    : loaded 2 times (x 67B)
Class kotlin.reflect.KProperty                                                        : loaded 2 times (x 66B)
Class kotlin.jvm.internal.Reflection                                                  : loaded 2 times (x 67B)
Class kotlin.reflect.jvm.internal.KMutableProperty1Impl                               : loaded 2 times (x 131B)
Class kotlin.ranges.ClosedRange                                                       : loaded 2 times (x 66B)
Class org.gradle.api.internal.ClassPathRegistry                                       : loaded 2 times (x 66B)
Class org.gradle.internal.classpath.DefaultClassPath$ImmutableUniqueList              : loaded 2 times (x 195B)
Class com.google.common.collect.ExplicitOrdering                                      : loaded 2 times (x 111B)
Class com.google.common.base.CharMatcher$RangesMatcher                                : loaded 2 times (x 108B)
Class kotlin.reflect.jvm.internal.impl.resolve.jvm.JvmPrimitiveType                   : loaded 2 times (x 75B)
Class kotlin.reflect.jvm.internal.KClassImpl$Data$declaredNonStaticMembers$2          : loaded 2 times (x 75B)
Class kotlin.reflect.jvm.internal.ComputableClassValue                                : loaded 2 times (x 76B)
Class kotlin.text.StringsKt__StringsJVMKt                                             : loaded 2 times (x 67B)
Class com.google.common.collect.MapMakerInternalMap$Segment                           : loaded 2 times (x 138B)
Class com.google.common.util.concurrent.AbstractFuture$Trusted                        : loaded 2 times (x 66B)
Class kotlin.collections.SetsKt                                                       : loaded 2 times (x 67B)
Class com.google.common.collect.Range                                                 : loaded 2 times (x 83B)
Class kotlin.text.StringsKt__IndentKt                                                 : loaded 2 times (x 67B)
Class kotlin.text.CharsKt                                                             : loaded 2 times (x 67B)
Class com.google.common.io.ByteSink                                                   : loaded 2 times (x 72B)
Class Settings_gradle$1                                                               : loaded 2 times (x 70B)
Class org.gradle.internal.classpath.ClassPath                                         : loaded 2 times (x 66B)
Class org.gradle.api.UncheckedIOException                                             : loaded 2 times (x 78B)
Class com.google.common.collect.LinkedHashMultimap$ValueSet$1                         : loaded 2 times (x 78B)
Class com.google.common.util.concurrent.AbstractFuture$UnsafeAtomicHelper$1           : loaded 2 times (x 72B)
Class com.google.common.base.Equivalence$Wrapper                                      : loaded 2 times (x 68B)
Class kotlin.reflect.jvm.internal.KPackageImpl                                        : loaded 2 times (x 81B)
Class [Lkotlin.reflect.jvm.internal.impl.name.FqName;                                 : loaded 2 times (x 65B)
Class kotlin.reflect.KFunction                                                        : loaded 2 times (x 66B)
Class com.google.common.collect.ImmutableRangeSet$1                                   : loaded 2 times (x 205B)
Class com.google.common.collect.Interners$InternerBuilder                             : loaded 2 times (x 72B)
Class com.google.common.io.Files$FileByteSource                                       : loaded 2 times (x 81B)
Class com.google.common.collect.Sets$1$1                                              : loaded 2 times (x 78B)
Class kotlin.reflect.jvm.internal.KClassImpl$Data$declaredStaticMembers$2             : loaded 2 times (x 75B)
Class kotlin.reflect.jvm.internal.KProperty1Impl$delegateSource$1                     : loaded 2 times (x 75B)
Class [Lkotlin.reflect.KDeclarationContainer;                                         : loaded 2 times (x 65B)
Class kotlin.collections.MapsKt__MapsKt                                               : loaded 2 times (x 67B)
Class kotlin.jvm.internal.Lambda                                                      : loaded 2 times (x 71B)
Class com.google.common.io.CharStreams$NullWriter                                     : loaded 2 times (x 95B)
Class org.objectweb.asm.SymbolTable$Entry                                             : loaded 2 times (x 70B)
Class com.google.common.util.concurrent.AbstractFuture$AtomicHelper                   : loaded 2 times (x 74B)
Class kotlin.reflect.KCallable                                                        : loaded 2 times (x 66B)
Class [Lcom.google.common.base.CaseFormat;                                            : loaded 2 times (x 65B)
Class kotlin.reflect.jvm.internal.CacheByClass                                        : loaded 2 times (x 69B)
Class org.objectweb.asm.Edge                                                          : loaded 2 times (x 68B)
Class kotlin.reflect.jvm.internal.impl.utils.CollectionsKt                            : loaded 2 times (x 67B)
Class com.google.common.collect.Count                                                 : loaded 2 times (x 67B)
Class kotlin.Metadata                                                                 : loaded 2 times (x 66B)
Class com.google.common.collect.SortedIterables                                       : loaded 2 times (x 67B)
Class com.google.common.collect.MapMakerInternalMap$AbstractStrongKeyEntry            : loaded 2 times (x 76B)
Class kotlin.UninitializedPropertyAccessException                                     : loaded 2 times (x 78B)
Class com.google.common.collect.MultimapBuilder                                       : loaded 2 times (x 69B)
Class kotlin.collections.CollectionsKt__MutableCollectionsKt                          : loaded 2 times (x 67B)
Class com.google.common.collect.AbstractMapBasedMultiset                              : loaded 2 times (x 159B)
Class kotlin.reflect.KProperty2                                                       : loaded 2 times (x 66B)
Class kotlin.reflect.jvm.internal.KClassImpl$Data$supertypes$2                        : loaded 2 times (x 75B)
Class kotlin.reflect.KProperty$Getter                                                 : loaded 2 times (x 66B)
Class kotlin.reflect.jvm.internal.KClassImpl$Data$qualifiedName$2                     : loaded 2 times (x 75B)
Class kotlin.collections.CollectionsKt___CollectionsKt$withIndex$1                    : loaded 2 times (x 75B)
Class com.google.common.collect.HashBiMap$BiEntry                                     : loaded 2 times (x 79B)
Class kotlin.Pair                                                                     : loaded 2 times (x 68B)
Class kotlin.SafePublicationLazyImpl                                                  : loaded 2 times (x 72B)
Class kotlin.reflect.jvm.internal.ReflectProperties                                   : loaded 2 times (x 67B)
Class kotlin.reflect.KProperty1                                                       : loaded 2 times (x 66B)
Class [Lorg.objectweb.asm.SymbolTable$Entry;                                          : loaded 2 times (x 65B)
Class org.gradle.internal.installation.GradleInstallation$1                           : loaded 2 times (x 71B)
Class org.gradle.api.internal.classpath.ModuleRegistry                                : loaded 2 times (x 66B)
Class kotlin.reflect.KClass                                                           : loaded 2 times (x 66B)
Class com.google.common.collect.Iterators$ConcatenatedIterator                        : loaded 2 times (x 78B)
Class org.gradle.internal.service.ServiceLocator                                      : loaded 2 times (x 66B)
Class com.google.common.util.concurrent.internal.InternalFutureFailureAccess          : loaded 2 times (x 68B)
Class com.google.common.collect.MultimapBuilder$ArrayListSupplier                     : loaded 2 times (x 73B)
Class [Lorg.objectweb.asm.Type;                                                       : loaded 2 times (x 65B)
Class kotlin.coroutines.intrinsics.IntrinsicsKt__IntrinsicsKt                         : loaded 2 times (x 67B)
Class com.google.common.collect.ImmutableSortedAsList                                 : loaded 2 times (x 217B)
Class [Lorg.objectweb.asm.Attribute;                                                  : loaded 2 times (x 65B)
Class kotlin.reflect.KProperty0                                                       : loaded 2 times (x 66B)
Class com.google.common.collect.Iterators$6                                           : loaded 2 times (x 77B)
Class kotlin.reflect.jvm.internal.KDeclarationContainerImpl                           : loaded 2 times (x 80B)
Class com.google.common.io.Closer$SuppressingSuppressor                               : loaded 2 times (x 71B)
Class com.google.common.collect.HashBiMap$Inverse                                     : loaded 2 times (x 138B)
Class com.google.common.util.concurrent.AbstractFuture$UnsafeAtomicHelper             : loaded 2 times (x 74B)
Class com.google.common.collect.Multimaps$CustomListMultimap                          : loaded 2 times (x 170B)
Class kotlin.Result                                                                   : loaded 2 times (x 68B)
Class kotlin.collections.CollectionsKt__IteratorsJVMKt                                : loaded 2 times (x 67B)
Class kotlin.collections.CollectionsKt__CollectionsJVMKt                              : loaded 2 times (x 67B)
Class com.google.common.collect.Multimaps$CustomSetMultimap                           : loaded 2 times (x 174B)
Class org.gradle.api.internal.classpath.DefaultModuleRegistry                         : loaded 2 times (x 82B)
Class kotlin.reflect.jvm.internal.impl.name.StandardClassIdsKt                        : loaded 2 times (x 67B)
Class kotlin.reflect.jvm.internal.impl.name.FqNamesUtilKt                             : loaded 2 times (x 67B)
Class kotlin.sequences.SequencesKt                                                    : loaded 2 times (x 67B)
Class com.google.common.collect.LinkedHashMultimap$ValueSetLink                       : loaded 2 times (x 66B)
Class kotlin.reflect.jvm.internal.impl.name.SpecialNames                              : loaded 2 times (x 67B)
Class kotlin.collections.IndexedValue                                                 : loaded 2 times (x 68B)
Class com.google.common.collect.ImmutableMapEntry$NonTerminalImmutableBiMapEntry      : loaded 2 times (x 81B)
Class kotlin.collections.builders.ListBuilder                                         : loaded 2 times (x 203B)
Class kotlin.collections.CollectionsKt__IteratorsKt                                   : loaded 2 times (x 67B)
Class com.google.common.util.concurrent.ListenableFuture                              : loaded 2 times (x 66B)
Class com.google.common.base.CharMatcher$Any                                          : loaded 2 times (x 108B)
Class com.google.common.collect.ImmutableMapValues                                    : loaded 2 times (x 122B)
Class com.google.common.base.Functions$ConstantFunction                               : loaded 2 times (x 80B)
Class kotlin.collections.builders.ListBuilder$Companion                               : loaded 2 times (x 67B)
Class com.google.common.collect.ImmutableRangeSet$AsSet                               : loaded 2 times (x 295B)
Class kotlin.reflect.jvm.internal.KClassImpl$Data$allMembers$2                        : loaded 2 times (x 75B)
Class kotlin.jvm.internal.FunctionBase                                                : loaded 2 times (x 66B)
Class kotlin.jvm.internal.FunctionReference                                           : loaded 2 times (x 118B)
Class kotlin.text.StringsKt                                                           : loaded 2 times (x 67B)
Class com.google.common.util.concurrent.AbstractFuture                                : loaded 2 times (x 102B)
Class kotlin.reflect.jvm.internal.KClassImpl$data$1                                   : loaded 2 times (x 75B)
Class kotlin.coroutines.jvm.internal.RestrictedContinuationImpl                       : loaded 2 times (x 83B)
Class com.google.common.base.CaseFormat$StringConverter                               : loaded 2 times (x 86B)
Class kotlin.enums.EnumEntriesList                                                    : loaded 2 times (x 219B)
Class kotlin.reflect.jvm.internal.CachesKt$CACHE_FOR_NULLABLE_BASE_CLASSIFIERS$1      : loaded 2 times (x 74B)
Class kotlin.LazyKt__LazyJVMKt                                                        : loaded 2 times (x 67B)
Class com.google.common.io.CharStreams                                                : loaded 2 times (x 67B)
Class org.objectweb.asm.RecordComponentVisitor                                        : loaded 2 times (x 73B)
Class kotlin.jvm.internal.markers.KMutableList                                        : loaded 2 times (x 66B)
Class com.google.common.collect.UsingToStringOrdering                                 : loaded 2 times (x 110B)
Class kotlin.reflect.jvm.internal.KPropertyImpl$_javaField$1                          : loaded 2 times (x 75B)
Class kotlin.text.StringsKt__StringNumberConversionsKt                                : loaded 2 times (x 67B)
Class org.gradle.internal.service.ServiceLookupException                              : loaded 2 times (x 78B)
Class [Lkotlin.annotation.AnnotationTarget;                                           : loaded 2 times (x 65B)
Class kotlin.jvm.internal.MutablePropertyReference1Impl                               : loaded 2 times (x 133B)
Class kotlin.reflect.jvm.internal.impl.name.StandardClassIds                          : loaded 2 times (x 67B)
Class com.google.common.collect.Maps$IteratorBasedAbstractMap$1                       : loaded 2 times (x 134B)
Class com.google.common.base.CharMatcher$JavaLetter                                   : loaded 2 times (x 107B)
Class org.gradle.internal.classloader.ClassLoaderFactory                              : loaded 2 times (x 66B)
Class [Lkotlin.coroutines.intrinsics.CoroutineSingletons;                             : loaded 2 times (x 65B)
Class com.google.common.collect.LinkedHashMultimap$ValueSet                           : loaded 2 times (x 138B)
Class org.gradle.internal.classloader.InstrumentingClassLoader                        : loaded 2 times (x 66B)
Class kotlin.reflect.jvm.internal.impl.builtins.PrimitiveType                         : loaded 2 times (x 75B)
Class org.gradle.internal.service.CachingServiceLocator                               : loaded 2 times (x 78B)
Class com.google.common.collect.LinkedHashMultimap$ValueEntry                         : loaded 2 times (x 85B)
Class org.gradle.internal.classpath.TransformedClassPath                              : loaded 2 times (x 92B)
Class org.objectweb.asm.FieldWriter                                                   : loaded 2 times (x 74B)
Class kotlin.reflect.jvm.internal.CachesKt$CACHE_FOR_GENERIC_CLASSIFIERS$1            : loaded 2 times (x 74B)
Class kotlin.jvm.internal.CallableReference                                           : loaded 2 times (x 102B)
Class com.google.common.collect.MapMaker$Dummy                                        : loaded 2 times (x 75B)
Class kotlin.jvm.internal.markers.KMutableMap                                         : loaded 2 times (x 66B)
Class kotlin.reflect.jvm.internal.impl.descriptors.runtime.structure.ReflectClassUtilKt: loaded 2 times (x 67B)
Class kotlin.text.Regex$Companion                                                     : loaded 2 times (x 67B)
Class kotlin.ranges.IntRange                                                          : loaded 2 times (x 89B)
Class com.google.common.collect.MapMakerInternalMap$InternalEntry                     : loaded 2 times (x 66B)
Class [Lcom.google.common.collect.HashBiMap$BiEntry;                                  : loaded 2 times (x 65B)
Class com.google.common.collect.Iterators$10                                          : loaded 2 times (x 77B)
Class com.google.common.base.CharMatcher$JavaDigit                                    : loaded 2 times (x 107B)
Class com.google.common.base.Predicates                                               : loaded 2 times (x 67B)
Class kotlin._Assertions                                                              : loaded 2 times (x 67B)
Class com.google.common.collect.Interner                                              : loaded 2 times (x 66B)
Class com.google.common.collect.Interners$InternerImpl                                : loaded 2 times (x 71B)
Class com.google.common.io.ByteStreams                                                : loaded 2 times (x 67B)
Class kotlin.enums.EnumEntries                                                        : loaded 2 times (x 66B)
Class kotlin.collections.CollectionsKt__CollectionsKt                                 : loaded 2 times (x 67B)
Class kotlin.jvm.internal.markers.KMutableListIterator                                : loaded 2 times (x 66B)
Class kotlin.collections.ArraysKt___ArraysJvmKt                                       : loaded 2 times (x 67B)
Class kotlin.reflect.jvm.internal.KCallableImpl$_returnType$1                         : loaded 2 times (x 75B)
Class kotlin.text.StringsKt__RegexExtensionsJVMKt                                     : loaded 2 times (x 67B)
Class com.google.common.collect.Maps$EntryFunction                                    : loaded 2 times (x 87B)
Class kotlin.reflect.jvm.internal.KDeclarationContainerImpl$Companion                 : loaded 2 times (x 67B)
Class com.google.common.collect.ImmutableBiMapFauxverideShim                          : loaded 2 times (x 116B)
Class org.gradle.internal.classloader.ClasspathUtil                                   : loaded 2 times (x 67B)
Class kotlin.jvm.internal.PropertyReference0                                          : loaded 2 times (x 123B)
Class com.google.common.base.Charsets                                                 : loaded 2 times (x 67B)
Class com.google.common.util.concurrent.Uninterruptibles                              : loaded 2 times (x 67B)
Class kotlin.reflect.KTypeParameter                                                   : loaded 2 times (x 66B)
Class kotlin.reflect.jvm.internal.KClassImpl$Data$descriptor$2                        : loaded 2 times (x 75B)
Class kotlin.reflect.full.IllegalCallableAccessException                              : loaded 2 times (x 78B)
Class kotlin.jvm.internal.DefaultConstructorMarker                                    : loaded 2 times (x 67B)
Class kotlin.jvm.internal.PropertyReference1                                          : loaded 2 times (x 123B)
Class com.google.common.base.CharMatcher$JavaUpperCase                                : loaded 2 times (x 107B)
Class org.gradle.api.specs.Spec                                                       : loaded 2 times (x 66B)
Class com.google.common.collect.MultimapBuilder$ListMultimapBuilder                   : loaded 2 times (x 71B)
Class com.google.common.collect.TransformedIterator                                   : loaded 2 times (x 76B)
Class kotlin.LazyKt__LazyJVMKt$WhenMappings                                           : loaded 2 times (x 67B)
Class kotlin.jvm.internal.PropertyReference2                                          : loaded 2 times (x 123B)
Class kotlin.jvm.internal.MutablePropertyReference                                    : loaded 2 times (x 115B)
Class com.google.common.collect.MapMaker                                              : loaded 2 times (x 68B)
Class com.google.common.base.CaseFormat$5                                             : loaded 2 times (x 79B)
Class com.google.common.collect.Sets$3$1                                              : loaded 2 times (x 78B)
Class [Lkotlin.reflect.jvm.internal.impl.builtins.jvm.JavaToKotlinClassMap$PlatformMutabilityMapping;: loaded 2 times (x 65B)
Class kotlin.reflect.jvm.internal.KClassImpl$Data$constructors$2                      : loaded 2 times (x 75B)
Class kotlin.LazyThreadSafetyMode                                                     : loaded 2 times (x 75B)
Class kotlin.reflect.full.IllegalPropertyDelegateAccessException                      : loaded 2 times (x 78B)
Class com.google.common.collect.AllEqualOrdering                                      : loaded 2 times (x 110B)
Class [Lcom.google.common.collect.Maps$EntryFunction;                                 : loaded 2 times (x 65B)
Class com.google.common.collect.Multimaps$Entries                                     : loaded 2 times (x 114B)
Class kotlin.jvm.internal.SpreadBuilder                                               : loaded 2 times (x 72B)
Class kotlin.collections.EmptyIterator                                                : loaded 2 times (x 85B)
Class kotlin.text.StringsKt__RegexExtensionsKt                                        : loaded 2 times (x 67B)
Class kotlin.SynchronizedLazyImpl                                                     : loaded 2 times (x 72B)
Class com.google.common.collect.AbstractMultiset                                      : loaded 2 times (x 155B)
Class com.google.common.collect.MapMakerInternalMap$StrongKeyDummyValueEntry          : loaded 2 times (x 78B)
Class com.google.common.io.LineReader$1                                               : loaded 2 times (x 71B)
Class com.google.common.base.Platform                                                 : loaded 2 times (x 67B)
Class kotlin.sequences.SequencesKt__SequencesJVMKt                                    : loaded 2 times (x 67B)
Class kotlin.coroutines.jvm.internal.RestrictedSuspendLambda                          : loaded 2 times (x 87B)
Class com.google.common.collect.CompoundOrdering                                      : loaded 2 times (x 111B)
Class com.google.common.util.concurrent.SettableFuture                                : loaded 2 times (x 110B)
Class kotlin.collections.MapWithDefault                                               : loaded 2 times (x 66B)
Class kotlin.collections.AbstractList                                                 : loaded 2 times (x 193B)
Class kotlin.collections.AbstractCollection                                           : loaded 2 times (x 113B)
Class kotlin.reflect.jvm.internal.CachesKt$K_PACKAGE_CACHE$1                          : loaded 2 times (x 74B)
Class [Lorg.objectweb.asm.AnnotationWriter;                                           : loaded 2 times (x 65B)
Class com.google.common.primitives.Ints$IntConverter                                  : loaded 2 times (x 86B)
Class com.google.common.base.Predicates$CompositionPredicate                          : loaded 2 times (x 84B)
Class kotlin.sequences.SequencesKt__SequenceBuilderKt$sequence$$inlined$Sequence$1    : loaded 2 times (x 71B)
Class com.google.common.collect.Maps$9                                                : loaded 2 times (x 72B)
Class kotlin.annotation.AnnotationRetention                                           : loaded 2 times (x 75B)
Class [Lcom.google.common.collect.Iterators$EmptyModifiableIterator;                  : loaded 2 times (x 65B)
Class kotlin.text.Regex                                                               : loaded 2 times (x 68B)
Class kotlin.text.StringsKt__StringBuilderJVMKt                                       : loaded 2 times (x 67B)
Class kotlin.LazyKt__LazyKt                                                           : loaded 2 times (x 67B)
Class com.google.common.collect.Lists$ReverseList$1                                   : loaded 2 times (x 95B)
Class com.google.common.collect.ImmutableRangeSet$Builder                             : loaded 2 times (x 73B)
Class com.google.common.cache.LocalCache$StrongValueReference                         : loaded 2 times (x 86B)
Class com.google.common.util.concurrent.AbstractFuture$SynchronizedHelper             : loaded 2 times (x 74B)
Class com.google.common.base.CharMatcher$Invisible                                    : loaded 2 times (x 108B)
Class com.google.common.collect.RegularImmutableBiMap$Inverse                         : loaded 2 times (x 139B)
Class kotlin.jvm.functions.Function22                                                 : loaded 2 times (x 66B)
Class kotlin.jvm.internal.ReflectionFactory                                           : loaded 2 times (x 87B)
Class kotlin.UNINITIALIZED_VALUE                                                      : loaded 2 times (x 67B)
Class org.objectweb.asm.Type                                                          : loaded 2 times (x 68B)
Class org.gradle.internal.classloader.VisitableURLClassLoader$InstrumentingVisitableURLClassLoader: loaded 2 times (x 119B)
Class com.google.common.base.CaseFormat$4                                             : loaded 2 times (x 79B)
Class com.google.common.collect.Maps$FilteredEntryMap$EntrySet                        : loaded 2 times (x 148B)
Class kotlin.sequences.SequencesKt__SequencesKt                                       : loaded 2 times (x 67B)
Class kotlin.coroutines.Continuation                                                  : loaded 2 times (x 66B)
Class [Lkotlin.reflect.jvm.internal.impl.resolve.jvm.JvmPrimitiveType;                : loaded 2 times (x 65B)
Class kotlin.jvm.internal.ClassBasedDeclarationContainer                              : loaded 2 times (x 66B)
Class kotlin.collections.SetsKt___SetsKt                                              : loaded 2 times (x 67B)
Class com.google.common.collect.Collections2$FilteredCollection                       : loaded 2 times (x 115B)
Class kotlin.ranges.RangesKt__RangesKt                                                : loaded 2 times (x 67B)
Class com.google.common.collect.MapMakerInternalMap$StrongKeyDummyValueEntry$Helper   : loaded 2 times (x 75B)
Class com.google.common.io.Files$FileByteSink                                         : loaded 2 times (x 73B)
Class org.objectweb.asm.ByteVector                                                    : loaded 2 times (x 75B)
Class org.gradle.internal.classloader.VisitableURLClassLoader$Spec                    : loaded 2 times (x 70B)
Class org.gradle.internal.classpath.DefaultClassPath                                  : loaded 2 times (x 86B)
Class org.objectweb.asm.ModuleVisitor                                                 : loaded 2 times (x 77B)
Class kotlin.coroutines.jvm.internal.BaseContinuationImpl                             : loaded 2 times (x 83B)
Class kotlin.reflect.jvm.internal.KMutableProperty1Impl$_setter$1                     : loaded 2 times (x 75B)
Class kotlin.Result$Companion                                                         : loaded 2 times (x 67B)
Class kotlin.text.CharsKt__CharJVMKt                                                  : loaded 2 times (x 67B)
Class org.objectweb.asm.Symbol                                                        : loaded 2 times (x 69B)
Class com.google.common.collect.Sets$FilteredSet                                      : loaded 2 times (x 133B)
Class com.google.common.collect.MapMakerInternalMap$StrongValueEntry                  : loaded 2 times (x 66B)
Class com.google.common.io.ByteArrayDataInput                                         : loaded 2 times (x 66B)
Class kotlin.reflect.KType                                                            : loaded 2 times (x 66B)
Class kotlin.reflect.jvm.internal.impl.name.ClassId                                   : loaded 2 times (x 68B)
Class com.google.common.io.Closer                                                     : loaded 2 times (x 74B)
Class com.google.common.io.Java8Compatibility                                         : loaded 2 times (x 67B)
Class com.google.common.base.CharMatcher$Ascii                                        : loaded 2 times (x 108B)
Class org.gradle.internal.classloader.ClassLoaderSpec                                 : loaded 2 times (x 67B)
Class kotlin.jvm.functions.Function21                                                 : loaded 2 times (x 66B)
Class kotlin.reflect.jvm.internal.ReflectProperties$Val$1                             : loaded 2 times (x 67B)
Class kotlin.collections.CollectionsKt___CollectionsJvmKt                             : loaded 2 times (x 67B)
Class org.objectweb.asm.AnnotationWriter                                              : loaded 2 times (x 75B)
Class kotlin.jvm.internal.markers.KMutableIterable                                    : loaded 2 times (x 66B)
Class kotlin.Unit                                                                     : loaded 2 times (x 67B)
Class kotlin.sequences.SequencesKt___SequencesJvmKt                                   : loaded 2 times (x 67B)
Class com.google.common.base.CaseFormat$3                                             : loaded 2 times (x 79B)
Class [Lcom.google.common.collect.LinkedHashMultimap$ValueEntry;                      : loaded 2 times (x 65B)
Class com.google.common.collect.AbstractMapBasedMultimap$2                            : loaded 2 times (x 81B)
Class kotlin.TuplesKt                                                                 : loaded 2 times (x 67B)
Class com.google.common.collect.Interners                                             : loaded 2 times (x 67B)
Class com.google.common.io.Closer$Suppressor                                          : loaded 2 times (x 66B)
Class com.google.common.io.LineProcessor                                              : loaded 2 times (x 66B)
Class org.objectweb.asm.RecordComponentWriter                                         : loaded 2 times (x 74B)
Class com.google.common.util.concurrent.AbstractFuture$Listener                       : loaded 2 times (x 68B)
Class Settings_gradle$1$1                                                             : loaded 2 times (x 70B)
Class com.google.common.collect.MultimapBuilder$SortedSetMultimapBuilder              : loaded 2 times (x 73B)
Class com.google.common.collect.ForwardingSet                                         : loaded 2 times (x 147B)
Class org.gradle.internal.service.UnknownServiceException                             : loaded 2 times (x 79B)
Class kotlin.ranges.RangesKt                                                          : loaded 2 times (x 67B)
Class [Lorg.objectweb.asm.Label;                                                      : loaded 2 times (x 65B)
Class org.objectweb.asm.Attribute                                                     : loaded 2 times (x 73B)
Class org.gradle.internal.classloader.VisitableURLClassLoader                         : loaded 2 times (x 113B)
Class [Lkotlin.DeprecationLevel;                                                      : loaded 2 times (x 65B)
Class com.google.common.base.Verify                                                   : loaded 2 times (x 67B)
Class kotlin.reflect.jvm.internal.KClassImpl                                          : loaded 2 times (x 111B)
Class kotlin.collections.ArraysUtilJVM                                                : loaded 2 times (x 67B)
Class kotlin.jvm.functions.Function0                                                  : loaded 2 times (x 66B)
Class com.google.common.collect.ImmutableList$SerializedForm                          : loaded 2 times (x 69B)
Class com.google.common.util.concurrent.AbstractFuture$Waiter                         : loaded 2 times (x 68B)
Class Settings_gradle                                                                 : loaded 2 times (x 124B)
Class org.gradle.internal.Cast                                                        : loaded 2 times (x 67B)
Class org.gradle.api.Action                                                           : loaded 2 times (x 66B)
Class com.google.common.base.AbstractIterator$State                                   : loaded 2 times (x 75B)
Class kotlin.collections.AbstractMutableList                                          : loaded 2 times (x 202B)
Class com.google.common.util.concurrent.AbstractFuture$SafeAtomicHelper               : loaded 2 times (x 75B)
Class [Lorg.objectweb.asm.AnnotationVisitor;                                          : loaded 2 times (x 65B)
Class kotlin.jvm.functions.Function1                                                  : loaded 2 times (x 66B)
Class com.google.common.collect.MapMakerInternalMap                                   : loaded 2 times (x 157B)
Class com.google.common.collect.HashBiMap                                             : loaded 2 times (x 139B)
Class com.google.common.base.Strings                                                  : loaded 2 times (x 67B)
Class org.objectweb.asm.Handler                                                       : loaded 2 times (x 68B)
Class com.google.common.collect.MultimapBuilder$SetMultimapBuilder                    : loaded 2 times (x 71B)
Class com.google.common.collect.MapMakerInternalMap$Strength$2                        : loaded 2 times (x 76B)
Class kotlin.jvm.functions.Function20                                                 : loaded 2 times (x 66B)
Class com.google.common.base.CaseFormat$2                                             : loaded 2 times (x 79B)
Class kotlin.jvm.internal.markers.KMutableIterator                                    : loaded 2 times (x 66B)
Class com.google.common.collect.ImmutableSortedSet$Builder                            : loaded 2 times (x 82B)
Class com.google.common.base.Functions                                                : loaded 2 times (x 67B)
Class org.gradle.api.internal.ClassPathProvider                                       : loaded 2 times (x 66B)
Class [Lorg.gradle.api.internal.ClassPathProvider;                                    : loaded 2 times (x 65B)
Class kotlin.reflect.jvm.internal.KCallableImpl$_typeParameters$1                     : loaded 2 times (x 75B)
Class kotlin.jvm.functions.Function2                                                  : loaded 2 times (x 66B)
Class org.gradle.internal.classpath.DefaultClassPath$ImmutableUniqueList$Builder      : loaded 2 times (x 71B)
Class com.google.common.collect.MapMakerInternalMap$Strength$1                        : loaded 2 times (x 76B)
Class kotlin.text.StringsKt__StringNumberConversionsJVMKt                             : loaded 2 times (x 67B)
Class kotlin.sequences.Sequence                                                       : loaded 2 times (x 66B)
Class kotlin.jvm.functions.Function3                                                  : loaded 2 times (x 66B)
Class kotlin.reflect.jvm.internal.KProperty1Impl$_getter$1                            : loaded 2 times (x 75B)
Class kotlin.reflect.jvm.internal.KDeclarationContainerImpl$Data                      : loaded 2 times (x 68B)
Class kotlin.collections.MapsKt___MapsJvmKt                                           : loaded 2 times (x 67B)
Class com.google.common.collect.MapMakerInternalMap$WeakValueReference                : loaded 2 times (x 66B)
Class com.google.common.collect.AbstractRangeSet                                      : loaded 2 times (x 110B)
Class com.google.common.cache.CacheBuilder$3                                          : loaded 2 times (x 68B)
Class kotlin.jvm.functions.Function4                                                  : loaded 2 times (x 66B)
Class kotlin.reflect.jvm.internal.impl.builtins.PrimitiveType$arrayTypeFqName$2       : loaded 2 times (x 75B)
Class kotlin.annotation.Target                                                        : loaded 2 times (x 66B)
Class kotlin.reflect.jvm.internal.impl.builtins.jvm.JavaToKotlinClassMap$PlatformMutabilityMapping: loaded 2 times (x 68B)
Class com.google.common.base.CaseFormat$1                                             : loaded 2 times (x 79B)
Class kotlin.reflect.jvm.internal.impl.builtins.PrimitiveType$Companion               : loaded 2 times (x 67B)
Class kotlin.reflect.jvm.internal.KClassImpl$Data$typeParameters$2                    : loaded 2 times (x 75B)
Class kotlin.reflect.jvm.internal.KClassImpl$Data                                     : loaded 2 times (x 68B)
Class kotlin.collections.EmptySet                                                     : loaded 2 times (x 118B)
Class kotlin.collections.CollectionsKt___CollectionsKt                                : loaded 2 times (x 67B)
Class com.google.common.base.AbstractIterator$1                                       : loaded 2 times (x 67B)
Class com.google.common.base.CharMatcher$Digit                                        : loaded 2 times (x 108B)
Class org.gradle.api.GradleException                                                  : loaded 2 times (x 78B)
Class kotlin.jvm.functions.Function5                                                  : loaded 2 times (x 66B)
Class com.google.common.collect.NaturalOrdering                                       : loaded 2 times (x 111B)
Class kotlin.annotation.Retention                                                     : loaded 2 times (x 66B)
Class com.google.common.collect.LinkedHashMultimapGwtSerializationDependencies        : loaded 2 times (x 170B)
Class kotlin.reflect.KDeclarationContainer                                            : loaded 2 times (x 66B)
Class kotlin.text.StringsKt___StringsJvmKt                                            : loaded 2 times (x 67B)
Class com.google.common.base.CharMatcher$JavaIsoControl                               : loaded 2 times (x 108B)
Class com.google.common.collect.Maps$AbstractFilteredMap                              : loaded 2 times (x 123B)
Class kotlin.jvm.functions.Function6                                                  : loaded 2 times (x 66B)
Class kotlin.sequences.SequenceScope                                                  : loaded 2 times (x 69B)
Class kotlin.reflect.jvm.internal.KPropertyImpl$_descriptor$1                         : loaded 2 times (x 75B)
Class kotlin.reflect.jvm.internal.KTypeParameterOwnerImpl                             : loaded 2 times (x 66B)
Class kotlin.collections.ArraysKt___ArraysKt                                          : loaded 2 times (x 67B)
Class kotlin.collections.MapsKt___MapsKt                                              : loaded 2 times (x 67B)
Class [Lcom.google.common.collect.MapMakerInternalMap$Strength;                       : loaded 2 times (x 65B)
Class [Lcom.google.common.io.FileWriteMode;                                           : loaded 2 times (x 65B)
Class com.google.common.base.CharMatcher$JavaLowerCase                                : loaded 2 times (x 107B)
Class [Lcom.google.common.base.Function;                                              : loaded 2 times (x 65B)
Class kotlin.jvm.functions.Function7                                                  : loaded 2 times (x 66B)
Class kotlin.reflect.jvm.internal.impl.name.Name                                      : loaded 2 times (x 71B)
Class kotlin.reflect.jvm.internal.KPropertyImpl$Companion                             : loaded 2 times (x 67B)
Class kotlin.collections.MapsKt__MapWithDefaultKt                                     : loaded 2 times (x 67B)
Class com.google.common.collect.MapMakerInternalMap$StrongKeyDummyValueSegment        : loaded 2 times (x 138B)
Class com.google.common.collect.Iterables$4                                           : loaded 2 times (x 77B)
Class com.google.common.io.Files                                                      : loaded 2 times (x 67B)
Class org.gradle.api.internal.DefaultClassPathProvider                                : loaded 2 times (x 72B)
Class com.google.common.collect.Iterables$5                                           : loaded 2 times (x 77B)
Class kotlin.collections.builders.MapBuilder$Companion                                : loaded 2 times (x 67B)
Class com.google.common.collect.NullsLastOrdering                                     : loaded 2 times (x 111B)
Class com.google.common.collect.Maps$12                                               : loaded 2 times (x 78B)
Class kotlin.jvm.functions.Function8                                                  : loaded 2 times (x 66B)
Class [Lkotlin.annotation.AnnotationRetention;                                        : loaded 2 times (x 65B)
Class kotlin.reflect.jvm.internal.impl.name.FqNameUnsafe                              : loaded 2 times (x 68B)
Class kotlin.enums.EnumEntriesKt                                                      : loaded 2 times (x 67B)
Class kotlin.text.StringsKt___StringsKt                                               : loaded 2 times (x 67B)
Class kotlin.collections.CollectionsKt__MutableCollectionsJVMKt                       : loaded 2 times (x 67B)
Class [Lcom.google.common.collect.MapMaker$Dummy;                                     : loaded 2 times (x 65B)
Class com.google.common.cache.LocalCache$AbstractReferenceEntry                       : loaded 2 times (x 103B)
Class com.google.common.base.CharMatcher$Whitespace                                   : loaded 2 times (x 108B)
Class org.gradle.internal.IoActions                                                   : loaded 2 times (x 67B)
Class com.google.common.collect.MultimapBuilder$MultimapBuilderWithKeys$1             : loaded 2 times (x 72B)
Class org.objectweb.asm.AnnotationVisitor                                             : loaded 2 times (x 74B)
Class com.google.common.base.VerifyException                                          : loaded 2 times (x 78B)
Class com.google.common.collect.Maps$13                                               : loaded 2 times (x 81B)
Class [Lkotlin.reflect.KCallable;                                                     : loaded 2 times (x 65B)
Class [Lkotlin.reflect.jvm.internal.impl.name.ClassId;                                : loaded 2 times (x 65B)
Class kotlin.jvm.functions.Function10                                                 : loaded 2 times (x 66B)
Class kotlin.jvm.functions.Function9                                                  : loaded 2 times (x 66B)
Class kotlin.annotation.MustBeDocumented                                              : loaded 2 times (x 66B)
Class kotlin.reflect.jvm.internal.KClassImpl$Data$allNonStaticMembers$2               : loaded 2 times (x 75B)
Class [Lkotlin.LazyThreadSafetyMode;                                                  : loaded 2 times (x 65B)
Class [Lkotlin.reflect.KClassifier;                                                   : loaded 2 times (x 65B)
Class kotlin.reflect.jvm.internal.EmptyContainerForLocal                              : loaded 2 times (x 80B)
Class kotlin.reflect.KProperty$Accessor                                               : loaded 2 times (x 66B)
Class com.google.common.collect.ImmutableRangeSet$ComplementRanges                    : loaded 2 times (x 203B)
Class org.objectweb.asm.SymbolTable                                                   : loaded 2 times (x 68B)
Class com.google.common.base.CharMatcher$SingleWidth                                  : loaded 2 times (x 108B)
Class org.gradle.internal.classloader.SystemClassLoaderSpec                           : loaded 2 times (x 67B)
Class com.google.common.collect.MultimapBuilder$MultimapBuilderWithKeys$2             : loaded 2 times (x 72B)
Class kotlin.reflect.jvm.internal.KCallableImpl                                       : loaded 2 times (x 101B)
Class com.google.common.collect.Iterators$EmptyModifiableIterator                     : loaded 2 times (x 82B)
Class kotlin.jvm.internal.markers.KMutableCollection                                  : loaded 2 times (x 66B)
Class kotlin.coroutines.intrinsics.IntrinsicsKt                                       : loaded 2 times (x 67B)
Class com.google.common.base.CaseFormat                                               : loaded 2 times (x 79B)
Class kotlin.jvm.functions.Function11                                                 : loaded 2 times (x 66B)
Class kotlin.reflect.jvm.internal.KClassImpl$Data$sealedSubclasses$2                  : loaded 2 times (x 75B)
Class kotlin.reflect.KAnnotatedElement                                                : loaded 2 times (x 66B)
Class kotlin.collections.EmptyMap                                                     : loaded 2 times (x 105B)
Class kotlin.ranges.IntRange$Companion                                                : loaded 2 times (x 67B)
Class kotlin.jvm.internal.Intrinsics                                                  : loaded 2 times (x 67B)
Class com.google.common.cache.LocalCache$StrongEntry                                  : loaded 2 times (x 104B)
Class com.google.common.util.concurrent.AbstractFuture$TrustedFuture                  : loaded 2 times (x 110B)
Class com.google.common.collect.MultimapBuilder$MultimapBuilderWithKeys$3             : loaded 2 times (x 72B)
Class com.google.common.collect.ComparatorOrdering                                    : loaded 2 times (x 111B)
Class kotlin.coroutines.intrinsics.CoroutineSingletons                                : loaded 2 times (x 75B)
Class kotlin.jvm.functions.Function12                                                 : loaded 2 times (x 66B)
Class com.google.common.collect.ImmutableRangeSet                                     : loaded 2 times (x 111B)
Class kotlin.text.StringsKt__AppendableKt                                             : loaded 2 times (x 67B)
Class kotlin.collections.MapsKt                                                       : loaded 2 times (x 67B)
Class kotlin.collections.CollectionsKt__IterablesKt                                   : loaded 2 times (x 67B)
Class com.google.common.io.ByteStreams$LimitedInputStream                             : loaded 2 times (x 88B)
Class org.objectweb.asm.MethodWriter                                                  : loaded 2 times (x 102B)
Class com.google.common.collect.MultimapBuilder$MultimapBuilderWithKeys$4             : loaded 2 times (x 72B)
Class kotlin.sequences.SequenceBuilderIterator                                        : loaded 2 times (x 81B)
Class kotlin.jvm.functions.Function13                                                 : loaded 2 times (x 66B)
Class kotlin.reflect.jvm.internal.CachesKt$K_CLASS_CACHE$1                            : loaded 2 times (x 74B)
Class kotlin.reflect.jvm.internal.impl.name.FqNameUnsafe$1                            : loaded 2 times (x 70B)
Class kotlin.ranges.OpenEndRange                                                      : loaded 2 times (x 66B)
Class kotlin.KotlinNullPointerException                                               : loaded 2 times (x 79B)
Class com.google.common.collect.MultimapBuilder$MultimapBuilderWithKeys$5             : loaded 2 times (x 74B)
Class com.google.common.collect.CollectSpliterators$1WithCharacteristics              : loaded 2 times (x 86B)
Class org.gradle.api.internal.classpath.EffectiveClassPath                            : loaded 2 times (x 86B)
Class [Ldagger.hilt.processor.internal.optionvalues.GradleProjectType;                : loaded 2 times (x 65B)
Class kotlin.jvm.functions.Function14                                                 : loaded 2 times (x 66B)
Class kotlin.reflect.jvm.internal.KProperty1Impl                                      : loaded 2 times (x 124B)
Class kotlin.reflect.jvm.internal.KClassImpl$Data$objectInstance$2                    : loaded 2 times (x 75B)
Class com.google.common.collect.Ordering                                              : loaded 2 times (x 110B)
Class kotlin.ranges.RangesKt___RangesKt                                               : loaded 2 times (x 67B)
Class com.google.common.collect.MultimapBuilder$MultimapBuilderWithKeys$6             : loaded 2 times (x 72B)
Class com.google.common.collect.FluentIterable$3$1                                    : loaded 2 times (x 94B)
Class kotlin.jvm.functions.Function15                                                 : loaded 2 times (x 66B)
Class com.google.common.collect.Maps$FilteredEntryMap                                 : loaded 2 times (x 124B)
Class org.gradle.internal.classloader.ClassLoaderVisitor                              : loaded 2 times (x 72B)
Class kotlin.collections.AbstractList$Companion                                       : loaded 2 times (x 67B)
Class kotlin.text.CharsKt__CharKt                                                     : loaded 2 times (x 67B)
Class kotlin.collections.ArraysKt                                                     : loaded 2 times (x 67B)
Class com.google.common.hash.PrimitiveSink                                            : loaded 2 times (x 66B)
Class com.google.common.base.PatternCompiler                                          : loaded 2 times (x 66B)
Class com.google.common.util.concurrent.AbstractFuture$Failure                        : loaded 2 times (x 68B)
Class com.google.common.collect.HashMultiset                                          : loaded 2 times (x 159B)
Class kotlin.coroutines.EmptyCoroutineContext                                         : loaded 2 times (x 73B)
Class com.google.common.collect.ByFunctionOrdering                                    : loaded 2 times (x 111B)
Class kotlin.reflect.jvm.internal.KDeclarationContainerImpl$Data$moduleData$2         : loaded 2 times (x 75B)
Class kotlin.jvm.functions.Function16                                                 : loaded 2 times (x 66B)
Class com.google.common.collect.ReverseNaturalOrdering                                : loaded 2 times (x 110B)
Class com.google.common.collect.ImmutableSetMultimap                                  : loaded 2 times (x 176B)
Class kotlin.reflect.jvm.internal.CacheByClassKt                                      : loaded 2 times (x 67B)
Class kotlin.collections.SetsKt__SetsKt                                               : loaded 2 times (x 67B)
Class kotlin.sequences.SequencesKt___SequencesKt                                      : loaded 2 times (x 67B)
Class kotlin.LazyKt                                                                   : loaded 2 times (x 67B)
Class com.google.common.io.CharSink                                                   : loaded 2 times (x 75B)
Class org.objectweb.asm.Label                                                         : loaded 2 times (x 69B)
Class org.objectweb.asm.CurrentFrame                                                  : loaded 2 times (x 69B)
Class org.objectweb.asm.ClassTooLargeException                                        : loaded 2 times (x 79B)
Class org.gradle.internal.classloader.DefaultClassLoaderFactory                       : loaded 2 times (x 78B)
Class org.objectweb.asm.MethodTooLargeException                                       : loaded 2 times (x 79B)
Class com.google.common.base.Platform$JdkPatternCompiler                              : loaded 2 times (x 71B)
Class com.google.common.collect.MapMakerInternalMap$Strength                          : loaded 2 times (x 76B)
Class com.google.common.collect.MapMakerInternalMap$StrongKeyDummyValueEntry$LinkedStrongKeyDummyValueEntry: loaded 2 times (x 78B)
Class [Lkotlin.reflect.KClass;                                                        : loaded 2 times (x 65B)
Class kotlin.jvm.functions.Function17                                                 : loaded 2 times (x 66B)
Class kotlin.reflect.jvm.internal.impl.name.FqName                                    : loaded 2 times (x 68B)
Class kotlin.collections.ArraysKt__ArraysJVMKt                                        : loaded 2 times (x 67B)
Class com.google.common.collect.MapMakerInternalMap$InternalEntryHelper               : loaded 2 times (x 66B)
Class com.google.common.collect.RangeGwtSerializationDependencies                     : loaded 2 times (x 67B)
Class org.objectweb.asm.Frame                                                         : loaded 2 times (x 69B)
Class org.objectweb.asm.MethodVisitor                                                 : loaded 2 times (x 101B)
Class org.objectweb.asm.ClassVisitor                                                  : loaded 2 times (x 84B)
Class kotlin.jvm.functions.Function18                                                 : loaded 2 times (x 66B)
Class kotlin.jvm.internal.CallableReference$NoReceiver                                : loaded 2 times (x 67B)
Class kotlin.reflect.jvm.internal.CachesKt                                            : loaded 2 times (x 67B)
Class kotlin.text.StringsKt__StringBuilderKt                                          : loaded 2 times (x 67B)
Class com.google.common.collect.RangeSet                                              : loaded 2 times (x 66B)
Class org.gradle.api.internal.classpath.GlobalCacheRootsProvider                      : loaded 2 times (x 66B)
Class [Lorg.objectweb.asm.Symbol;                                                     : loaded 2 times (x 65B)
Class kotlin.collections.builders.ListBuilder$Itr                                     : loaded 2 times (x 90B)
Class com.google.common.io.ByteArrayDataOutput                                        : loaded 2 times (x 66B)
Class kotlin.jvm.functions.Function19                                                 : loaded 2 times (x 66B)
Class kotlin.reflect.KMutableProperty$Setter                                          : loaded 2 times (x 66B)
Class kotlin.ranges.IntProgression$Companion                                          : loaded 2 times (x 67B)
Class kotlin.jvm.internal.MutablePropertyReference2                                   : loaded 2 times (x 133B)
Class kotlin.reflect.jvm.internal.KClassImpl$Data$allStaticMembers$2                  : loaded 2 times (x 75B)
Class kotlin.Lazy                                                                     : loaded 2 times (x 66B)
Class kotlin.NoWhenBranchMatchedException                                             : loaded 2 times (x 78B)
Class com.google.common.collect.CollectCollectors                                     : loaded 2 times (x 67B)
Class org.objectweb.asm.ModuleWriter                                                  : loaded 2 times (x 78B)
Class com.google.common.collect.MultimapBuilder$1                                     : loaded 2 times (x 79B)
Class kotlin.reflect.jvm.internal.ReflectProperties$Val                               : loaded 2 times (x 70B)
Class kotlin.reflect.jvm.internal.impl.builtins.PrimitiveType$typeFqName$2            : loaded 2 times (x 75B)
Class com.google.common.collect.ImmutableListMultimap$Builder                         : loaded 2 times (x 79B)
Class kotlin.collections.builders.MapBuilder                                          : loaded 2 times (x 108B)
Class com.google.common.collect.CollectSpliterators$1                                 : loaded 2 times (x 86B)
Class com.google.common.collect.MultimapBuilder$2                                     : loaded 2 times (x 79B)
Class com.google.common.collect.MultimapBuilder$MultimapBuilderWithKeys               : loaded 2 times (x 78B)
Class org.gradle.api.internal.classpath.ManifestUtil                                  : loaded 2 times (x 67B)
Class com.google.common.collect.ReverseOrdering                                       : loaded 2 times (x 111B)
Class kotlin.reflect.jvm.internal.KCallableImpl$_parameters$1                         : loaded 2 times (x 75B)
Class com.google.common.io.ByteStreams$1                                              : loaded 2 times (x 81B)
Class com.google.common.collect.MultimapBuilder$3                                     : loaded 2 times (x 80B)
Class kotlin.jvm.internal.MutablePropertyReference1                                   : loaded 2 times (x 133B)
Class com.google.common.collect.HashMultimap                                          : loaded 2 times (x 170B)
Class kotlin.reflect.jvm.internal.KClassImpl$Data$simpleName$2                        : loaded 2 times (x 75B)
Class [Lkotlin.reflect.KProperty;                                                     : loaded 2 times (x 65B)
Class kotlin.reflect.jvm.internal.CachesKt$CACHE_FOR_BASE_CLASSIFIERS$1               : loaded 2 times (x 74B)
Class kotlin.jvm.internal.markers.KMappedMarker                                       : loaded 2 times (x 66B)
Class kotlin.jvm.internal.PropertyReference1Impl                                      : loaded 2 times (x 123B)
Class org.gradle.internal.installation.CurrentGradleInstallationLocator               : loaded 2 times (x 67B)
Class com.google.common.collect.MultimapBuilder$4                                     : loaded 2 times (x 80B)
Class kotlin.SafePublicationLazyImpl$Companion                                        : loaded 2 times (x 67B)
Class org.gradle.internal.classloader.ClassLoaderHierarchy                            : loaded 2 times (x 66B)
Class [Lcom.google.common.base.AbstractIterator$State;                                : loaded 2 times (x 65B)
Class com.google.common.io.FileWriteMode                                              : loaded 2 times (x 75B)
Class [Lcom.google.common.collect.MapMakerInternalMap$Segment;                        : loaded 2 times (x 65B)
Class org.objectweb.asm.ClassReader                                                   : loaded 2 times (x 89B)
Class org.gradle.internal.service.DefaultServiceLocator                               : loaded 2 times (x 79B)
Class kotlin.collections.CollectionsKt__ReversedViewsKt                               : loaded 2 times (x 67B)
Class kotlin.coroutines.jvm.internal.SuspendFunction                                  : loaded 2 times (x 66B)
Class kotlin.jvm.internal.CollectionToArray                                           : loaded 2 times (x 67B)
Class kotlin.jvm.internal.MutablePropertyReference0                                   : loaded 2 times (x 133B)
Class kotlin.reflect.KMutableProperty0                                                : loaded 2 times (x 66B)
Class kotlin.reflect.KClassifier                                                      : loaded 2 times (x 66B)
Class kotlin.reflect.jvm.internal.KCallableImpl$_annotations$1                        : loaded 2 times (x 75B)
Class org.gradle.internal.installation.CurrentGradleInstallation                      : loaded 2 times (x 69B)
Class kotlin.reflect.jvm.internal.KClassImpl$Data$inheritedNonStaticMembers$2         : loaded 2 times (x 75B)
Class kotlin.reflect.jvm.internal.impl.builtins.CompanionObjectMapping                : loaded 2 times (x 67B)
Class kotlin.coroutines.intrinsics.IntrinsicsKt__IntrinsicsJvmKt                      : loaded 2 times (x 67B)
Class kotlin.coroutines.jvm.internal.CoroutineStackFrame                              : loaded 2 times (x 66B)
Class kotlin.reflect.KMutableProperty1                                                : loaded 2 times (x 66B)
Class kotlin.sequences.SequencesKt__SequenceBuilderKt                                 : loaded 2 times (x 67B)
Class org.gradle.util.internal.GUtil                                                  : loaded 2 times (x 67B)
Class org.gradle.internal.classloader.FilteringClassLoader                            : loaded 2 times (x 101B)
Class kotlin.reflect.KMutableProperty2                                                : loaded 2 times (x 66B)
Class kotlin.collections.CollectionsKt                                                : loaded 2 times (x 67B)
Class com.google.common.io.ByteSource                                                 : loaded 2 times (x 80B)
Class com.google.common.util.concurrent.AbstractFuture$SetFuture                      : loaded 2 times (x 71B)
Class com.google.common.collect.AbstractTable                                         : loaded 2 times (x 116B)
Class kotlin.coroutines.CoroutineContext                                              : loaded 2 times (x 66B)
Class kotlin.coroutines.jvm.internal.DebugProbesKt                                    : loaded 2 times (x 67B)
Class kotlin.reflect.jvm.internal.RuntimeTypeMapper                                   : loaded 2 times (x 67B)
Class com.google.common.io.LineReader                                                 : loaded 2 times (x 68B)
Class kotlin.text.StringsKt__StringsKt                                                : loaded 2 times (x 67B)
Class org.objectweb.asm.Context                                                       : loaded 2 times (x 68B)
Class com.google.common.collect.MapMakerInternalMap$1                                 : loaded 2 times (x 79B)
Class com.google.common.io.LineBuffer                                                 : loaded 2 times (x 71B)
Class org.gradle.internal.installation.GradleInstallation                             : loaded 2 times (x 71B)
Class kotlin.NotImplementedError                                                      : loaded 2 times (x 78B)
Class com.google.common.collect.ForwardingCollection                                  : loaded 2 times (x 126B)
Class com.google.common.collect.LexicographicalOrdering                               : loaded 2 times (x 111B)
Class kotlin.reflect.jvm.internal.KPackageImpl$data$1                                 : loaded 2 times (x 75B)
Class com.google.common.collect.Lists$ReverseList                                     : loaded 2 times (x 196B)
Class kotlin.jvm.KotlinReflectionNotSupportedError                                    : loaded 2 times (x 78B)
Class kotlin.ranges.IntProgression                                                    : loaded 2 times (x 77B)
Class com.google.common.collect.Lists$RandomAccessReverseList                         : loaded 2 times (x 196B)

---------------  S Y S T E M  ---------------

OS:
 Windows 11 , 64 bit Build 26100 (10.0.26100.7309)
OS uptime: 0 days 9:50 hours
Hyper-V role detected

CPU: total 12 (initial active 12) (6 cores per cpu, 2 threads per core) family 6 model 154 stepping 4 microcode 0x437, cx8, cmov, fxsr, ht, mmx, 3dnowpref, sse, sse2, sse3, ssse3, sse4.1, sse4.2, popcnt, lzcnt, tsc, tscinvbit, avx, avx2, aes, erms, clmul, bmi1, bmi2, adx, sha, fma, vzeroupper, clflush, clflushopt, clwb, hv, serialize, rdtscp, rdpid, fsrm, f16c, cet_ibt, cet_ss
Processor Information for all 12 processors :
  Max Mhz: 1300, Current Mhz: 1300, Mhz Limit: 1300

Memory: 4k page, system-wide physical 16016M (1017M free)
TotalPageFile size 25771M (AvailPageFile size 284M)
current process WorkingSet (physical memory assigned to process): 1167M, peak: 1178M
current process commit charge ("private bytes"): 1207M, peak: 1877M

vm_info: OpenJDK 64-Bit Server VM (21.0.4+-12508038-b607.1) for windows-amd64 JRE (21.0.4+-12508038-b607.1), built on 2024-10-16T17:23:34Z by "builder" with MS VC++ 16.10 / 16.11 (VS2019)

END.
