#
# There is insufficient memory for the Java Runtime Environment to continue.
# Native memory allocation (malloc) failed to allocate 67776 bytes. Error detail: Chunk::new
# Possible reasons:
#   The system is out of physical RAM or swap space
#   This process is running with CompressedOops enabled, and the Java Heap may be blocking the growth of the native heap
# Possible solutions:
#   Reduce memory load on the system
#   Increase physical memory or swap space
#   Check if swap backing store is full
#   Decrease Java heap size (-Xmx/-Xms)
#   Decrease number of Java threads
#   Decrease Java thread stack sizes (-Xss)
#   Set larger code cache with -XX:ReservedCodeCacheSize=
#   JVM is running with Zero Based Compressed Oops mode in which the Java heap is
#     placed in the first 32GB address space. The Java Heap base address is the
#     maximum limit for the native heap growth. Please use -XX:HeapBaseMinAddress
#     to set the Java Heap base and to place the Java Heap above 32GB virtual address.
# This output file may be truncated or incomplete.
#
#  Out of Memory Error (arena.cpp:168), pid=25668, tid=19192
#
# JRE version: OpenJDK Runtime Environment (21.0.4) (build 21.0.4+-12508038-b607.1)
# Java VM: OpenJDK 64-Bit Server VM (21.0.4+-12508038-b607.1, mixed mode, tiered, compressed oops, compressed class ptrs, g1 gc, windows-amd64)
# No core dump will be written. Minidumps are not enabled by default on client versions of Windows
#

---------------  S U M M A R Y ------------

Command Line: --add-opens=java.base/java.util=ALL-UNNAMED --add-opens=java.base/java.lang=ALL-UNNAMED --add-opens=java.base/java.lang.invoke=ALL-UNNAMED --add-opens=java.prefs/java.util.prefs=ALL-UNNAMED --add-exports=jdk.compiler/com.sun.tools.javac.api=ALL-UNNAMED --add-exports=jdk.compiler/com.sun.tools.javac.util=ALL-UNNAMED --add-opens=java.base/java.nio.charset=ALL-UNNAMED --add-opens=java.base/java.net=ALL-UNNAMED --add-opens=java.base/java.util.concurrent.atomic=ALL-UNNAMED -Xmx4096m -Dfile.encoding=UTF-8 -Duser.country=US -Duser.language=en -Duser.variant -javaagent:D:\.gradle\wrapper\dists\gradle-8.10.2-bin\a04bxjujx95o3nb99gddekhwo\gradle-8.10.2\lib\agents\gradle-instrumentation-agent-8.10.2.jar org.gradle.launcher.daemon.bootstrap.GradleDaemon 8.10.2

Host: 12th Gen Intel(R) Core(TM) i5-1235U, 12 cores, 15G,  Windows 11 , 64 bit Build 26100 (10.0.26100.7309)
Time: Fri Dec 12 12:03:43 2025 Sri Lanka Standard Time elapsed time: 17.357457 seconds (0d 0h 0m 17s)

---------------  T H R E A D  ---------------

Current thread (0x000001bfb7d68ad0):  JavaThread "C2 CompilerThread2" daemon [_thread_in_native, id=19192, stack(0x0000007e78300000,0x0000007e78400000) (1024K)]


Current CompileTask:
C2:  17357 19245       4       com.android.tools.r8.graph.g1::a (25 bytes)

Stack: [0x0000007e78300000,0x0000007e78400000]
Native frames: (J=compiled Java code, j=interpreted, Vv=VM code, C=native code)
V  [jvm.dll+0x6ce539]
V  [jvm.dll+0x85bf03]
V  [jvm.dll+0x85e45e]
V  [jvm.dll+0x85eb43]
V  [jvm.dll+0x27dd06]
V  [jvm.dll+0xbf9cd]
V  [jvm.dll+0xbff03]
V  [jvm.dll+0x2f19c1]
V  [jvm.dll+0x5f8d79]
V  [jvm.dll+0x2503d2]
V  [jvm.dll+0x248e4a]
V  [jvm.dll+0x2468be]
V  [jvm.dll+0x1c58a4]
V  [jvm.dll+0x255fec]
V  [jvm.dll+0x254536]
V  [jvm.dll+0x3efab6]
V  [jvm.dll+0x804418]
V  [jvm.dll+0x6cce0d]
C  [ucrtbase.dll+0x37b0]
C  [KERNEL32.DLL+0x2e8d7]
C  [ntdll.dll+0x8c53c]


---------------  P R O C E S S  ---------------

Threads class SMR info:
_java_thread_list=0x000001bfbf614e60, length=184, elements={
0x000001bf9733c900, 0x000001bfb184a9a0, 0x000001bfb18577f0, 0x000001bfb1861370,
0x000001bfb1863370, 0x000001bfb1863dd0, 0x000001bfb18653a0, 0x000001bfb186f100,
0x000001bfb1875300, 0x000001bfb19ca130, 0x000001bfb603a490, 0x000001bfb60eb780,
0x000001bfb7aae630, 0x000001bfb79b3eb0, 0x000001bfb7b8f020, 0x000001bfb7c7bf40,
0x000001bfb7c7c5b0, 0x000001bfb7bc8690, 0x000001bfb7bc8d00, 0x000001bfb7a20460,
0x000001bfb7a20af0, 0x000001bfb7a1fdd0, 0x000001bfb7a21180, 0x000001bfb7a21810,
0x000001bfb7a22530, 0x000001bfb7a1f0b0, 0x000001bfb7a1f740, 0x000001bfb7def2a0,
0x000001bfb7deec10, 0x000001bfb7df2720, 0x000001bfb7deffc0, 0x000001bfb7df0650,
0x000001bfb7df0ce0, 0x000001bfb7df4e80, 0x000001bfb7df3440, 0x000001bfbbf165f0,
0x000001bfbbf16c80, 0x000001bfbbf15f60, 0x000001bfbbf18030, 0x000001bfbbf19a70,
0x000001bfbbf1a790, 0x000001bfbbf186c0, 0x000001bfbbf179a0, 0x000001bfbbf18d50,
0x000001bfbbf193e0, 0x000001bfbbf1a100, 0x000001bfbbf17310, 0x000001bfbbf1ae20,
0x000001bfbbf1c1d0, 0x000001bfbbf1c860, 0x000001bfbbf1cef0, 0x000001bfbbf1b4b0,
0x000001bfbbf1bb40, 0x000001bfbbf1d580, 0x000001bfbb3950b0, 0x000001bfbb398530,
0x000001bfbb395dd0, 0x000001bfbb395740, 0x000001bfbb399250, 0x000001bfbb396460,
0x000001bfbb398bc0, 0x000001bfbb396af0, 0x000001bfbb3998e0, 0x000001bfbb399f70,
0x000001bfbb39a600, 0x000001bfbb397180, 0x000001bfba457350, 0x000001bfba456cc0,
0x000001bfba45c210, 0x000001bfb7d68ad0, 0x000001bfb62eb9f0, 0x000001bfb62e8570,
0x000001bfb62ec080, 0x000001bfb62ec710, 0x000001bfba45a7d0, 0x000001bfbdb116e0,
0x000001bfbdb10330, 0x000001bfbdb137b0, 0x000001bfbdb12400, 0x000001bfbdb13e40,
0x000001bfbdb11050, 0x000001bfbdb13120, 0x000001bfbdb109c0, 0x000001bfbdb12a90,
0x000001bfbdb144d0, 0x000001bfbdb11d70, 0x000001bfbdb15880, 0x000001bfbdb165a0,
0x000001bfbdb15f10, 0x000001bfbdb172c0, 0x000001bfbdb16c30, 0x000001bfbdb17950,
0x000001bfb62e5e10, 0x000001bfb62e50f0, 0x000001bfb62e9920, 0x000001bfb62e6b30,
0x000001bfbbcd8060, 0x000001bfbbcd7340, 0x000001bfbbcdae50, 0x000001bfbbcd86f0,
0x000001bfbbcd8d80, 0x000001bfbbcd9aa0, 0x000001bfbbcda130, 0x000001bfbbcda7c0,
0x000001bfbbcd79d0, 0x000001bfbbcdc200, 0x000001bfbbcdc890, 0x000001bfbbcdcf20,
0x000001bfbbcdd5b0, 0x000001bfbbcdb4e0, 0x000001bfbbcde2d0, 0x000001bfbbcdbb70,
0x000001bfbbcddc40, 0x000001bfb62e71c0, 0x000001bfb62eb360, 0x000001bfb62e7ee0,
0x000001bfbd0d00d0, 0x000001bfbd0d1b10, 0x000001bfbd0d2ec0, 0x000001bfbd0cfa40,
0x000001bfbd0d3be0, 0x000001bfbd0d3550, 0x000001bfbd0d0760, 0x000001bfbd0d0df0,
0x000001bfbd0d4270, 0x000001bfbd0d4900, 0x000001bfbd0d1480, 0x000001bfbd0d4f90,
0x000001bfbd0d2830, 0x000001bfbd0d69d0, 0x000001bfbd0d5620, 0x000001bfbd0d7060,
0x000001bfbd0d5cb0, 0x000001bfbd0d6340, 0x000001bfbeca2130, 0x000001bfbeca0060,
0x000001bfbeca27c0, 0x000001bfbeca3b70, 0x000001bfbeca2e50, 0x000001bfbeca0d80,
0x000001bfbeca34e0, 0x000001bfbeca06f0, 0x000001bfbeca4200, 0x000001bfbeca4890,
0x000001bfbeca1410, 0x000001bfbeca4f20, 0x000001bfbeca1aa0, 0x000001bfbeca55b0,
0x000001bfbeca7680, 0x000001bfbeca8a30, 0x000001bfbeca6960, 0x000001bfbeca83a0,
0x000001bfbeca7d10, 0x000001bfbeca90c0, 0x000001bfbeca5c40, 0x000001bfbeca9de0,
0x000001bfbecaa470, 0x000001bfbeca6ff0, 0x000001bfbecadf80, 0x000001bfbecad260,
0x000001bfbecabeb0, 0x000001bfbecad8f0, 0x000001bfbecaab00, 0x000001bfbecac540,
0x000001bfbecae610, 0x000001bfbecacbd0, 0x000001bfbecaeca0, 0x000001bfbecab820,
0x000001bfbecaf330, 0x000001bfbbcd9410, 0x000001bfbbcd6cb0, 0x000001bfba4579e0,
0x000001bfbda7e920, 0x000001bfbda7f640, 0x000001bfbda7e290, 0x000001bfbda7fcd0,
0x000001bfbda7d570, 0x000001bfbda7cee0, 0x000001bfbda7c850, 0x000001bfbda80360,
0x000001bfbda81080, 0x000001bfbda7dc00, 0x000001bfbda82430, 0x000001bfbda82ac0
}

Java Threads: ( => current thread )
  0x000001bf9733c900 JavaThread "main"                              [_thread_blocked, id=18264, stack(0x0000007e72c00000,0x0000007e72d00000) (1024K)]
  0x000001bfb184a9a0 JavaThread "Reference Handler"          daemon [_thread_blocked, id=10420, stack(0x0000007e73400000,0x0000007e73500000) (1024K)]
  0x000001bfb18577f0 JavaThread "Finalizer"                  daemon [_thread_blocked, id=27460, stack(0x0000007e73500000,0x0000007e73600000) (1024K)]
  0x000001bfb1861370 JavaThread "Signal Dispatcher"          daemon [_thread_blocked, id=2500, stack(0x0000007e73600000,0x0000007e73700000) (1024K)]
  0x000001bfb1863370 JavaThread "Attach Listener"            daemon [_thread_blocked, id=13424, stack(0x0000007e73700000,0x0000007e73800000) (1024K)]
  0x000001bfb1863dd0 JavaThread "Service Thread"             daemon [_thread_in_vm, id=27988, stack(0x0000007e73800000,0x0000007e73900000) (1024K)]
  0x000001bfb18653a0 JavaThread "Monitor Deflation Thread"   daemon [_thread_blocked, id=14792, stack(0x0000007e73900000,0x0000007e73a00000) (1024K)]
  0x000001bfb186f100 JavaThread "C2 CompilerThread0"         daemon [_thread_in_native, id=29172, stack(0x0000007e73a00000,0x0000007e73b00000) (1024K)]
  0x000001bfb1875300 JavaThread "C1 CompilerThread0"         daemon [_thread_in_vm, id=408, stack(0x0000007e73b00000,0x0000007e73c00000) (1024K)]
  0x000001bfb19ca130 JavaThread "Common-Cleaner"             daemon [_thread_blocked, id=11048, stack(0x0000007e73c00000,0x0000007e73d00000) (1024K)]
  0x000001bfb603a490 JavaThread "Notification Thread"        daemon [_thread_blocked, id=23872, stack(0x0000007e73d00000,0x0000007e73e00000) (1024K)]
  0x000001bfb60eb780 JavaThread "C2 CompilerThread1"         daemon [_thread_in_native, id=18344, stack(0x0000007e73e00000,0x0000007e73f00000) (1024K)]
  0x000001bfb7aae630 JavaThread "Daemon health stats"               [_thread_blocked, id=29432, stack(0x0000007e74500000,0x0000007e74600000) (1024K)]
  0x000001bfb79b3eb0 JavaThread "Incoming local TCP Connector on port 57903"        [_thread_in_native, id=27584, stack(0x0000007e74600000,0x0000007e74700000) (1024K)]
  0x000001bfb7b8f020 JavaThread "Daemon periodic checks"            [_thread_blocked, id=16476, stack(0x0000007e74700000,0x0000007e74800000) (1024K)]
  0x000001bfb7c7bf40 JavaThread "Daemon"                            [_thread_blocked, id=26916, stack(0x0000007e74c00000,0x0000007e74d00000) (1024K)]
  0x000001bfb7c7c5b0 JavaThread "Handler for socket connection from /127.0.0.1:57903 to /127.0.0.1:57904"        [_thread_in_native, id=24188, stack(0x0000007e74d00000,0x0000007e74e00000) (1024K)]
  0x000001bfb7bc8690 JavaThread "Cancel handler"                    [_thread_blocked, id=15968, stack(0x0000007e74e00000,0x0000007e74f00000) (1024K)]
  0x000001bfb7bc8d00 JavaThread "Daemon worker"                     [_thread_blocked, id=24696, stack(0x0000007e74f00000,0x0000007e75000000) (1024K)]
  0x000001bfb7a20460 JavaThread "Asynchronous log dispatcher for DefaultDaemonConnection: socket connection from /127.0.0.1:57903 to /127.0.0.1:57904"        [_thread_blocked, id=15464, stack(0x0000007e75000000,0x0000007e75100000) (1024K)]
  0x000001bfb7a20af0 JavaThread "Stdin handler"                     [_thread_blocked, id=13624, stack(0x0000007e75100000,0x0000007e75200000) (1024K)]
  0x000001bfb7a1fdd0 JavaThread "Daemon client event forwarder"        [_thread_blocked, id=25764, stack(0x0000007e75200000,0x0000007e75300000) (1024K)]
  0x000001bfb7a21180 JavaThread "Cache worker for journal cache (D:\.gradle\caches\journal-1)"        [_thread_blocked, id=25888, stack(0x0000007e75500000,0x0000007e75600000) (1024K)]
  0x000001bfb7a21810 JavaThread "File lock request listener"        [_thread_in_native, id=12392, stack(0x0000007e75600000,0x0000007e75700000) (1024K)]
  0x000001bfb7a22530 JavaThread "Cache worker for file hash cache (D:\.gradle\caches\8.10.2\fileHashes)"        [_thread_blocked, id=11088, stack(0x0000007e75700000,0x0000007e75800000) (1024K)]
  0x000001bfb7a1f0b0 JavaThread "Cache worker for file hash cache (D:\Diploma\Final Project\FixMate\.gradle\8.10.2\fileHashes)"        [_thread_blocked, id=27280, stack(0x0000007e75800000,0x0000007e75900000) (1024K)]
  0x000001bfb7a1f740 JavaThread "Cache worker for Build Output Cleanup Cache (D:\Diploma\Final Project\FixMate\.gradle\buildOutputCleanup)"        [_thread_blocked, id=26096, stack(0x0000007e75900000,0x0000007e75a00000) (1024K)]
  0x000001bfb7def2a0 JavaThread "File watcher server"        daemon [_thread_in_native, id=24028, stack(0x0000007e75a00000,0x0000007e75b00000) (1024K)]
  0x000001bfb7deec10 JavaThread "File watcher consumer"      daemon [_thread_blocked, id=25192, stack(0x0000007e75b00000,0x0000007e75c00000) (1024K)]
  0x000001bfb7df2720 JavaThread "Cache worker for checksums cache (D:\Diploma\Final Project\FixMate\.gradle\8.10.2\checksums)"        [_thread_blocked, id=24960, stack(0x0000007e75c00000,0x0000007e75d00000) (1024K)]
  0x000001bfb7deffc0 JavaThread "Cache worker for file content cache (D:\.gradle\caches\8.10.2\fileContent)"        [_thread_blocked, id=20752, stack(0x0000007e75d00000,0x0000007e75e00000) (1024K)]
  0x000001bfb7df0650 JavaThread "Cache worker for cache directory md-rule (D:\.gradle\caches\8.10.2\md-rule)"        [_thread_blocked, id=6080, stack(0x0000007e75e00000,0x0000007e75f00000) (1024K)]
  0x000001bfb7df0ce0 JavaThread "Cache worker for cache directory md-supplier (D:\.gradle\caches\8.10.2\md-supplier)"        [_thread_blocked, id=3424, stack(0x0000007e75f00000,0x0000007e76000000) (1024K)]
  0x000001bfb7df4e80 JavaThread "Unconstrained build operations"        [_thread_blocked, id=9700, stack(0x0000007e76000000,0x0000007e76100000) (1024K)]
  0x000001bfb7df3440 JavaThread "Unconstrained build operations Thread 2"        [_thread_blocked, id=29416, stack(0x0000007e76100000,0x0000007e76200000) (1024K)]
  0x000001bfbbf165f0 JavaThread "Unconstrained build operations Thread 3"        [_thread_blocked, id=28460, stack(0x0000007e76200000,0x0000007e76300000) (1024K)]
  0x000001bfbbf16c80 JavaThread "Unconstrained build operations Thread 4"        [_thread_blocked, id=3900, stack(0x0000007e76300000,0x0000007e76400000) (1024K)]
  0x000001bfbbf15f60 JavaThread "Unconstrained build operations Thread 5"        [_thread_blocked, id=6688, stack(0x0000007e76400000,0x0000007e76500000) (1024K)]
  0x000001bfbbf18030 JavaThread "Unconstrained build operations Thread 6"        [_thread_blocked, id=13428, stack(0x0000007e76500000,0x0000007e76600000) (1024K)]
  0x000001bfbbf19a70 JavaThread "Unconstrained build operations Thread 7"        [_thread_blocked, id=12680, stack(0x0000007e76600000,0x0000007e76700000) (1024K)]
  0x000001bfbbf1a790 JavaThread "Unconstrained build operations Thread 8"        [_thread_blocked, id=25804, stack(0x0000007e76700000,0x0000007e76800000) (1024K)]
  0x000001bfbbf186c0 JavaThread "Unconstrained build operations Thread 9"        [_thread_blocked, id=15328, stack(0x0000007e76800000,0x0000007e76900000) (1024K)]
  0x000001bfbbf179a0 JavaThread "Unconstrained build operations Thread 10"        [_thread_blocked, id=28572, stack(0x0000007e76900000,0x0000007e76a00000) (1024K)]
  0x000001bfbbf18d50 JavaThread "Unconstrained build operations Thread 11"        [_thread_blocked, id=27384, stack(0x0000007e76a00000,0x0000007e76b00000) (1024K)]
  0x000001bfbbf193e0 JavaThread "Unconstrained build operations Thread 12"        [_thread_blocked, id=27376, stack(0x0000007e76b00000,0x0000007e76c00000) (1024K)]
  0x000001bfbbf1a100 JavaThread "Unconstrained build operations Thread 13"        [_thread_blocked, id=24872, stack(0x0000007e76c00000,0x0000007e76d00000) (1024K)]
  0x000001bfbbf17310 JavaThread "Unconstrained build operations Thread 14"        [_thread_blocked, id=26920, stack(0x0000007e76d00000,0x0000007e76e00000) (1024K)]
  0x000001bfbbf1ae20 JavaThread "Unconstrained build operations Thread 15"        [_thread_blocked, id=14044, stack(0x0000007e76e00000,0x0000007e76f00000) (1024K)]
  0x000001bfbbf1c1d0 JavaThread "Unconstrained build operations Thread 16"        [_thread_blocked, id=13116, stack(0x0000007e76f00000,0x0000007e77000000) (1024K)]
  0x000001bfbbf1c860 JavaThread "Unconstrained build operations Thread 17"        [_thread_blocked, id=12292, stack(0x0000007e77000000,0x0000007e77100000) (1024K)]
  0x000001bfbbf1cef0 JavaThread "Unconstrained build operations Thread 18"        [_thread_blocked, id=27216, stack(0x0000007e77100000,0x0000007e77200000) (1024K)]
  0x000001bfbbf1b4b0 JavaThread "Unconstrained build operations Thread 19"        [_thread_blocked, id=24708, stack(0x0000007e77200000,0x0000007e77300000) (1024K)]
  0x000001bfbbf1bb40 JavaThread "Unconstrained build operations Thread 20"        [_thread_blocked, id=26820, stack(0x0000007e77300000,0x0000007e77400000) (1024K)]
  0x000001bfbbf1d580 JavaThread "Unconstrained build operations Thread 21"        [_thread_blocked, id=28256, stack(0x0000007e77400000,0x0000007e77500000) (1024K)]
  0x000001bfbb3950b0 JavaThread "Unconstrained build operations Thread 22"        [_thread_blocked, id=27880, stack(0x0000007e77500000,0x0000007e77600000) (1024K)]
  0x000001bfbb398530 JavaThread "Unconstrained build operations Thread 23"        [_thread_blocked, id=27000, stack(0x0000007e77600000,0x0000007e77700000) (1024K)]
  0x000001bfbb395dd0 JavaThread "Unconstrained build operations Thread 24"        [_thread_blocked, id=17524, stack(0x0000007e77700000,0x0000007e77800000) (1024K)]
  0x000001bfbb395740 JavaThread "Unconstrained build operations Thread 25"        [_thread_blocked, id=10176, stack(0x0000007e77800000,0x0000007e77900000) (1024K)]
  0x000001bfbb399250 JavaThread "Unconstrained build operations Thread 26"        [_thread_blocked, id=28452, stack(0x0000007e77900000,0x0000007e77a00000) (1024K)]
  0x000001bfbb396460 JavaThread "Unconstrained build operations Thread 27"        [_thread_blocked, id=26024, stack(0x0000007e77a00000,0x0000007e77b00000) (1024K)]
  0x000001bfbb398bc0 JavaThread "Unconstrained build operations Thread 28"        [_thread_blocked, id=28696, stack(0x0000007e77b00000,0x0000007e77c00000) (1024K)]
  0x000001bfbb396af0 JavaThread "Unconstrained build operations Thread 29"        [_thread_blocked, id=25796, stack(0x0000007e77c00000,0x0000007e77d00000) (1024K)]
  0x000001bfbb3998e0 JavaThread "Unconstrained build operations Thread 30"        [_thread_blocked, id=27904, stack(0x0000007e77d00000,0x0000007e77e00000) (1024K)]
  0x000001bfbb399f70 JavaThread "Unconstrained build operations Thread 31"        [_thread_blocked, id=24792, stack(0x0000007e77e00000,0x0000007e77f00000) (1024K)]
  0x000001bfbb39a600 JavaThread "Unconstrained build operations Thread 32"        [_thread_blocked, id=17676, stack(0x0000007e77f00000,0x0000007e78000000) (1024K)]
  0x000001bfbb397180 JavaThread "Unconstrained build operations Thread 33"        [_thread_blocked, id=23608, stack(0x0000007e78000000,0x0000007e78100000) (1024K)]
  0x000001bfba457350 JavaThread "build event listener"              [_thread_blocked, id=16544, stack(0x0000007e73f00000,0x0000007e74000000) (1024K)]
  0x000001bfba456cc0 JavaThread "Memory manager"                    [_thread_blocked, id=7304, stack(0x0000007e78100000,0x0000007e78200000) (1024K)]
  0x000001bfba45c210 JavaThread "build event listener"              [_thread_blocked, id=26696, stack(0x0000007e78200000,0x0000007e78300000) (1024K)]
=>0x000001bfb7d68ad0 JavaThread "C2 CompilerThread2"         daemon [_thread_in_native, id=19192, stack(0x0000007e78300000,0x0000007e78400000) (1024K)]
  0x000001bfb62eb9f0 JavaThread "pool-3-thread-1"                   [_thread_blocked, id=24164, stack(0x0000007e78400000,0x0000007e78500000) (1024K)]
  0x000001bfb62e8570 JavaThread "build event listener"              [_thread_blocked, id=17544, stack(0x0000007e78500000,0x0000007e78600000) (1024K)]
  0x000001bfb62ec080 JavaThread "included builds"                   [_thread_blocked, id=29592, stack(0x0000007e78600000,0x0000007e78700000) (1024K)]
  0x000001bfb62ec710 JavaThread "Execution worker"                  [_thread_blocked, id=16948, stack(0x0000007e78700000,0x0000007e78800000) (1024K)]
  0x000001bfba45a7d0 JavaThread "Execution worker Thread 2"         [_thread_blocked, id=15320, stack(0x0000007e78800000,0x0000007e78900000) (1024K)]
  0x000001bfbdb116e0 JavaThread "Execution worker Thread 3"         [_thread_blocked, id=11164, stack(0x0000007e78900000,0x0000007e78a00000) (1024K)]
  0x000001bfbdb10330 JavaThread "Execution worker Thread 4"         [_thread_blocked, id=8244, stack(0x0000007e78a00000,0x0000007e78b00000) (1024K)]
  0x000001bfbdb137b0 JavaThread "Execution worker Thread 5"         [_thread_blocked, id=26264, stack(0x0000007e78b00000,0x0000007e78c00000) (1024K)]
  0x000001bfbdb12400 JavaThread "Execution worker Thread 6"         [_thread_blocked, id=25832, stack(0x0000007e78c00000,0x0000007e78d00000) (1024K)]
  0x000001bfbdb13e40 JavaThread "Execution worker Thread 7"         [_thread_blocked, id=27496, stack(0x0000007e78d00000,0x0000007e78e00000) (1024K)]
  0x000001bfbdb11050 JavaThread "Execution worker Thread 8"         [_thread_blocked, id=27428, stack(0x0000007e78e00000,0x0000007e78f00000) (1024K)]
  0x000001bfbdb13120 JavaThread "Execution worker Thread 9"         [_thread_blocked, id=23100, stack(0x0000007e78f00000,0x0000007e79000000) (1024K)]
  0x000001bfbdb109c0 JavaThread "Execution worker Thread 10"        [_thread_blocked, id=25472, stack(0x0000007e79000000,0x0000007e79100000) (1024K)]
  0x000001bfbdb12a90 JavaThread "Execution worker Thread 11"        [_thread_blocked, id=29116, stack(0x0000007e79100000,0x0000007e79200000) (1024K)]
  0x000001bfbdb144d0 JavaThread "Cache worker for execution history cache (D:\Diploma\Final Project\FixMate\.gradle\8.10.2\executionHistory)"        [_thread_blocked, id=26656, stack(0x0000007e79200000,0x0000007e79300000) (1024K)]
  0x000001bfbdb11d70 JavaThread "Unconstrained build operations Thread 34"        [_thread_blocked, id=9676, stack(0x0000007e79300000,0x0000007e79400000) (1024K)]
  0x000001bfbdb15880 JavaThread "Unconstrained build operations Thread 35"        [_thread_blocked, id=10312, stack(0x0000007e79400000,0x0000007e79500000) (1024K)]
  0x000001bfbdb165a0 JavaThread "Unconstrained build operations Thread 36"        [_thread_blocked, id=11092, stack(0x0000007e79500000,0x0000007e79600000) (1024K)]
  0x000001bfbdb15f10 JavaThread "Unconstrained build operations Thread 37"        [_thread_blocked, id=29288, stack(0x0000007e79600000,0x0000007e79700000) (1024K)]
  0x000001bfbdb172c0 JavaThread "Unconstrained build operations Thread 38"        [_thread_blocked, id=8568, stack(0x0000007e79700000,0x0000007e79800000) (1024K)]
  0x000001bfbdb16c30 JavaThread "Unconstrained build operations Thread 39"        [_thread_blocked, id=27476, stack(0x0000007e79800000,0x0000007e79900000) (1024K)]
  0x000001bfbdb17950 JavaThread "Unconstrained build operations Thread 40"        [_thread_blocked, id=23640, stack(0x0000007e79900000,0x0000007e79a00000) (1024K)]
  0x000001bfb62e5e10 JavaThread "Unconstrained build operations Thread 41"        [_thread_blocked, id=15524, stack(0x0000007e79a00000,0x0000007e79b00000) (1024K)]
  0x000001bfb62e50f0 JavaThread "Unconstrained build operations Thread 42"        [_thread_blocked, id=14896, stack(0x0000007e79b00000,0x0000007e79c00000) (1024K)]
  0x000001bfb62e9920 JavaThread "Unconstrained build operations Thread 43"        [_thread_blocked, id=9392, stack(0x0000007e79c00000,0x0000007e79d00000) (1024K)]
  0x000001bfb62e6b30 JavaThread "Unconstrained build operations Thread 44"        [_thread_blocked, id=6108, stack(0x0000007e79d00000,0x0000007e79e00000) (1024K)]
  0x000001bfbbcd8060 JavaThread "Unconstrained build operations Thread 45"        [_thread_blocked, id=22868, stack(0x0000007e79e00000,0x0000007e79f00000) (1024K)]
  0x000001bfbbcd7340 JavaThread "Unconstrained build operations Thread 46"        [_thread_blocked, id=27492, stack(0x0000007e79f00000,0x0000007e7a000000) (1024K)]
  0x000001bfbbcdae50 JavaThread "Unconstrained build operations Thread 47"        [_thread_blocked, id=20448, stack(0x0000007e7a000000,0x0000007e7a100000) (1024K)]
  0x000001bfbbcd86f0 JavaThread "Unconstrained build operations Thread 48"        [_thread_blocked, id=28048, stack(0x0000007e7a100000,0x0000007e7a200000) (1024K)]
  0x000001bfbbcd8d80 JavaThread "Unconstrained build operations Thread 49"        [_thread_blocked, id=13480, stack(0x0000007e7a200000,0x0000007e7a300000) (1024K)]
  0x000001bfbbcd9aa0 JavaThread "Unconstrained build operations Thread 50"        [_thread_blocked, id=29124, stack(0x0000007e7a300000,0x0000007e7a400000) (1024K)]
  0x000001bfbbcda130 JavaThread "Unconstrained build operations Thread 51"        [_thread_blocked, id=18100, stack(0x0000007e7a400000,0x0000007e7a500000) (1024K)]
  0x000001bfbbcda7c0 JavaThread "Unconstrained build operations Thread 52"        [_thread_blocked, id=26216, stack(0x0000007e7a500000,0x0000007e7a600000) (1024K)]
  0x000001bfbbcd79d0 JavaThread "Unconstrained build operations Thread 53"        [_thread_blocked, id=17224, stack(0x0000007e7a600000,0x0000007e7a700000) (1024K)]
  0x000001bfbbcdc200 JavaThread "Unconstrained build operations Thread 54"        [_thread_blocked, id=29260, stack(0x0000007e7a700000,0x0000007e7a800000) (1024K)]
  0x000001bfbbcdc890 JavaThread "Unconstrained build operations Thread 55"        [_thread_blocked, id=26232, stack(0x0000007e7a800000,0x0000007e7a900000) (1024K)]
  0x000001bfbbcdcf20 JavaThread "Unconstrained build operations Thread 56"        [_thread_blocked, id=11244, stack(0x0000007e7a900000,0x0000007e7aa00000) (1024K)]
  0x000001bfbbcdd5b0 JavaThread "Unconstrained build operations Thread 57"        [_thread_blocked, id=26684, stack(0x0000007e7aa00000,0x0000007e7ab00000) (1024K)]
  0x000001bfbbcdb4e0 JavaThread "Unconstrained build operations Thread 58"        [_thread_blocked, id=29468, stack(0x0000007e7ab00000,0x0000007e7ac00000) (1024K)]
  0x000001bfbbcde2d0 JavaThread "Unconstrained build operations Thread 59"        [_thread_blocked, id=27400, stack(0x0000007e7ac00000,0x0000007e7ad00000) (1024K)]
  0x000001bfbbcdbb70 JavaThread "Unconstrained build operations Thread 60"        [_thread_blocked, id=27792, stack(0x0000007e7ad00000,0x0000007e7ae00000) (1024K)]
  0x000001bfbbcddc40 JavaThread "Unconstrained build operations Thread 61"        [_thread_blocked, id=26332, stack(0x0000007e7ae00000,0x0000007e7af00000) (1024K)]
  0x000001bfb62e71c0 JavaThread "Unconstrained build operations Thread 62"        [_thread_blocked, id=22776, stack(0x0000007e7af00000,0x0000007e7b000000) (1024K)]
  0x000001bfb62eb360 JavaThread "Unconstrained build operations Thread 63"        [_thread_blocked, id=28968, stack(0x0000007e7b000000,0x0000007e7b100000) (1024K)]
  0x000001bfb62e7ee0 JavaThread "Unconstrained build operations Thread 64"        [_thread_blocked, id=21136, stack(0x0000007e7b100000,0x0000007e7b200000) (1024K)]
  0x000001bfbd0d00d0 JavaThread "Unconstrained build operations Thread 65"        [_thread_blocked, id=28772, stack(0x0000007e7b200000,0x0000007e7b300000) (1024K)]
  0x000001bfbd0d1b10 JavaThread "Unconstrained build operations Thread 66"        [_thread_blocked, id=17948, stack(0x0000007e7b300000,0x0000007e7b400000) (1024K)]
  0x000001bfbd0d2ec0 JavaThread "Unconstrained build operations Thread 67"        [_thread_blocked, id=27292, stack(0x0000007e7b400000,0x0000007e7b500000) (1024K)]
  0x000001bfbd0cfa40 JavaThread "Unconstrained build operations Thread 68"        [_thread_blocked, id=2056, stack(0x0000007e7b500000,0x0000007e7b600000) (1024K)]
  0x000001bfbd0d3be0 JavaThread "Unconstrained build operations Thread 69"        [_thread_blocked, id=18060, stack(0x0000007e7b600000,0x0000007e7b700000) (1024K)]
  0x000001bfbd0d3550 JavaThread "Unconstrained build operations Thread 70"        [_thread_blocked, id=25184, stack(0x0000007e7b700000,0x0000007e7b800000) (1024K)]
  0x000001bfbd0d0760 JavaThread "Unconstrained build operations Thread 71"        [_thread_blocked, id=27336, stack(0x0000007e7b800000,0x0000007e7b900000) (1024K)]
  0x000001bfbd0d0df0 JavaThread "Unconstrained build operations Thread 72"        [_thread_blocked, id=26416, stack(0x0000007e7b900000,0x0000007e7ba00000) (1024K)]
  0x000001bfbd0d4270 JavaThread "Unconstrained build operations Thread 73"        [_thread_blocked, id=28832, stack(0x0000007e7ba00000,0x0000007e7bb00000) (1024K)]
  0x000001bfbd0d4900 JavaThread "Unconstrained build operations Thread 74"        [_thread_blocked, id=29236, stack(0x0000007e7bb00000,0x0000007e7bc00000) (1024K)]
  0x000001bfbd0d1480 JavaThread "Unconstrained build operations Thread 75"        [_thread_blocked, id=12768, stack(0x0000007e7bc00000,0x0000007e7bd00000) (1024K)]
  0x000001bfbd0d4f90 JavaThread "Unconstrained build operations Thread 76"        [_thread_blocked, id=26804, stack(0x0000007e7bd00000,0x0000007e7be00000) (1024K)]
  0x000001bfbd0d2830 JavaThread "Unconstrained build operations Thread 77"        [_thread_blocked, id=2820, stack(0x0000007e7be00000,0x0000007e7bf00000) (1024K)]
  0x000001bfbd0d69d0 JavaThread "Unconstrained build operations Thread 78"        [_thread_blocked, id=25320, stack(0x0000007e7bf00000,0x0000007e7c000000) (1024K)]
  0x000001bfbd0d5620 JavaThread "Unconstrained build operations Thread 79"        [_thread_blocked, id=16096, stack(0x0000007e7c000000,0x0000007e7c100000) (1024K)]
  0x000001bfbd0d7060 JavaThread "Unconstrained build operations Thread 80"        [_thread_blocked, id=13088, stack(0x0000007e7c100000,0x0000007e7c200000) (1024K)]
  0x000001bfbd0d5cb0 JavaThread "Unconstrained build operations Thread 81"        [_thread_blocked, id=4252, stack(0x0000007e7c200000,0x0000007e7c300000) (1024K)]
  0x000001bfbd0d6340 JavaThread "Unconstrained build operations Thread 82"        [_thread_blocked, id=28440, stack(0x0000007e7c300000,0x0000007e7c400000) (1024K)]
  0x000001bfbeca2130 JavaThread "Unconstrained build operations Thread 83"        [_thread_blocked, id=27616, stack(0x0000007e7c400000,0x0000007e7c500000) (1024K)]
  0x000001bfbeca0060 JavaThread "Unconstrained build operations Thread 84"        [_thread_blocked, id=29304, stack(0x0000007e7c500000,0x0000007e7c600000) (1024K)]
  0x000001bfbeca27c0 JavaThread "Unconstrained build operations Thread 85"        [_thread_blocked, id=15492, stack(0x0000007e7c600000,0x0000007e7c700000) (1024K)]
  0x000001bfbeca3b70 JavaThread "Unconstrained build operations Thread 86"        [_thread_blocked, id=27536, stack(0x0000007e7c700000,0x0000007e7c800000) (1024K)]
  0x000001bfbeca2e50 JavaThread "Unconstrained build operations Thread 87"        [_thread_blocked, id=22296, stack(0x0000007e7c800000,0x0000007e7c900000) (1024K)]
  0x000001bfbeca0d80 JavaThread "Unconstrained build operations Thread 88"        [_thread_blocked, id=2408, stack(0x0000007e7c900000,0x0000007e7ca00000) (1024K)]
  0x000001bfbeca34e0 JavaThread "Unconstrained build operations Thread 89"        [_thread_blocked, id=8584, stack(0x0000007e7ca00000,0x0000007e7cb00000) (1024K)]
  0x000001bfbeca06f0 JavaThread "Unconstrained build operations Thread 90"        [_thread_blocked, id=2492, stack(0x0000007e7cb00000,0x0000007e7cc00000) (1024K)]
  0x000001bfbeca4200 JavaThread "Unconstrained build operations Thread 91"        [_thread_blocked, id=24612, stack(0x0000007e7cc00000,0x0000007e7cd00000) (1024K)]
  0x000001bfbeca4890 JavaThread "Unconstrained build operations Thread 92"        [_thread_blocked, id=26080, stack(0x0000007e7cd00000,0x0000007e7ce00000) (1024K)]
  0x000001bfbeca1410 JavaThread "Unconstrained build operations Thread 93"        [_thread_blocked, id=29032, stack(0x0000007e7ce00000,0x0000007e7cf00000) (1024K)]
  0x000001bfbeca4f20 JavaThread "Unconstrained build operations Thread 94"        [_thread_blocked, id=23568, stack(0x0000007e7cf00000,0x0000007e7d000000) (1024K)]
  0x000001bfbeca1aa0 JavaThread "Unconstrained build operations Thread 95"        [_thread_blocked, id=29412, stack(0x0000007e7d000000,0x0000007e7d100000) (1024K)]
  0x000001bfbeca55b0 JavaThread "Unconstrained build operations Thread 96"        [_thread_blocked, id=27004, stack(0x0000007e7d100000,0x0000007e7d200000) (1024K)]
  0x000001bfbeca7680 JavaThread "Unconstrained build operations Thread 97"        [_thread_blocked, id=27980, stack(0x0000007e7d200000,0x0000007e7d300000) (1024K)]
  0x000001bfbeca8a30 JavaThread "Unconstrained build operations Thread 98"        [_thread_blocked, id=28416, stack(0x0000007e7d300000,0x0000007e7d400000) (1024K)]
  0x000001bfbeca6960 JavaThread "Unconstrained build operations Thread 99"        [_thread_blocked, id=13068, stack(0x0000007e7d400000,0x0000007e7d500000) (1024K)]
  0x000001bfbeca83a0 JavaThread "Unconstrained build operations Thread 100"        [_thread_blocked, id=28044, stack(0x0000007e7d500000,0x0000007e7d600000) (1024K)]
  0x000001bfbeca7d10 JavaThread "Unconstrained build operations Thread 101"        [_thread_blocked, id=17776, stack(0x0000007e7d600000,0x0000007e7d700000) (1024K)]
  0x000001bfbeca90c0 JavaThread "Unconstrained build operations Thread 102"        [_thread_blocked, id=24776, stack(0x0000007e7d700000,0x0000007e7d800000) (1024K)]
  0x000001bfbeca5c40 JavaThread "Unconstrained build operations Thread 103"        [_thread_blocked, id=9984, stack(0x0000007e7d800000,0x0000007e7d900000) (1024K)]
  0x000001bfbeca9de0 JavaThread "Unconstrained build operations Thread 104"        [_thread_blocked, id=11704, stack(0x0000007e7d900000,0x0000007e7da00000) (1024K)]
  0x000001bfbecaa470 JavaThread "Unconstrained build operations Thread 105"        [_thread_blocked, id=5620, stack(0x0000007e7da00000,0x0000007e7db00000) (1024K)]
  0x000001bfbeca6ff0 JavaThread "Unconstrained build operations Thread 106"        [_thread_blocked, id=12740, stack(0x0000007e7db00000,0x0000007e7dc00000) (1024K)]
  0x000001bfbecadf80 JavaThread "Unconstrained build operations Thread 107"        [_thread_blocked, id=25652, stack(0x0000007e7dc00000,0x0000007e7dd00000) (1024K)]
  0x000001bfbecad260 JavaThread "Unconstrained build operations Thread 108"        [_thread_blocked, id=18924, stack(0x0000007e7dd00000,0x0000007e7de00000) (1024K)]
  0x000001bfbecabeb0 JavaThread "Unconstrained build operations Thread 109"        [_thread_blocked, id=29028, stack(0x0000007e7de00000,0x0000007e7df00000) (1024K)]
  0x000001bfbecad8f0 JavaThread "Unconstrained build operations Thread 110"        [_thread_blocked, id=19572, stack(0x0000007e7df00000,0x0000007e7e000000) (1024K)]
  0x000001bfbecaab00 JavaThread "Unconstrained build operations Thread 111"        [_thread_blocked, id=10764, stack(0x0000007e7e000000,0x0000007e7e100000) (1024K)]
  0x000001bfbecac540 JavaThread "Unconstrained build operations Thread 112"        [_thread_blocked, id=24816, stack(0x0000007e7e100000,0x0000007e7e200000) (1024K)]
  0x000001bfbecae610 JavaThread "Unconstrained build operations Thread 113"        [_thread_blocked, id=25344, stack(0x0000007e7e200000,0x0000007e7e300000) (1024K)]
  0x000001bfbecacbd0 JavaThread "Unconstrained build operations Thread 114"        [_thread_blocked, id=17812, stack(0x0000007e7e300000,0x0000007e7e400000) (1024K)]
  0x000001bfbecaeca0 JavaThread "Unconstrained build operations Thread 115"        [_thread_blocked, id=12824, stack(0x0000007e7e400000,0x0000007e7e500000) (1024K)]
  0x000001bfbecab820 JavaThread "Unconstrained build operations Thread 116"        [_thread_blocked, id=9556, stack(0x0000007e7e500000,0x0000007e7e600000) (1024K)]
  0x000001bfbecaf330 JavaThread "Unconstrained build operations Thread 117"        [_thread_blocked, id=29256, stack(0x0000007e7e600000,0x0000007e7e700000) (1024K)]
  0x000001bfbbcd9410 JavaThread "Unconstrained build operations Thread 118"        [_thread_blocked, id=9100, stack(0x0000007e7e700000,0x0000007e7e800000) (1024K)]
  0x000001bfbbcd6cb0 JavaThread "Unconstrained build operations Thread 119"        [_thread_blocked, id=29420, stack(0x0000007e7e800000,0x0000007e7e900000) (1024K)]
  0x000001bfba4579e0 JavaThread "Unconstrained build operations Thread 120"        [_thread_blocked, id=18928, stack(0x0000007e7e900000,0x0000007e7ea00000) (1024K)]
  0x000001bfbda7e920 JavaThread "WorkerExecutor Queue"              [_thread_in_Java, id=27356, stack(0x0000007e7ea00000,0x0000007e7eb00000) (1024K)]
  0x000001bfbda7f640 JavaThread "WorkerExecutor Queue Thread 2"        [_thread_in_Java, id=8048, stack(0x0000007e7eb00000,0x0000007e7ec00000) (1024K)]
  0x000001bfbda7e290 JavaThread "WorkerExecutor Queue Thread 3"        [_thread_in_Java, id=7392, stack(0x0000007e7ec00000,0x0000007e7ed00000) (1024K)]
  0x000001bfbda7fcd0 JavaThread "WorkerExecutor Queue Thread 4"        [_thread_blocked, id=8808, stack(0x0000007e7ed00000,0x0000007e7ee00000) (1024K)]
  0x000001bfbda7d570 JavaThread "WorkerExecutor Queue Thread 5"        [_thread_in_Java, id=28824, stack(0x0000007e7ee00000,0x0000007e7ef00000) (1024K)]
  0x000001bfbda7cee0 JavaThread "WorkerExecutor Queue Thread 6"        [_thread_in_Java, id=25300, stack(0x0000007e7ef00000,0x0000007e7f000000) (1024K)]
  0x000001bfbda7c850 JavaThread "WorkerExecutor Queue Thread 7"        [_thread_blocked, id=15052, stack(0x0000007e7f000000,0x0000007e7f100000) (1024K)]
  0x000001bfbda80360 JavaThread "WorkerExecutor Queue Thread 8"        [_thread_blocked, id=21452, stack(0x0000007e7f100000,0x0000007e7f200000) (1024K)]
  0x000001bfbda81080 JavaThread "WorkerExecutor Queue Thread 9"        [_thread_blocked, id=6484, stack(0x0000007e7f200000,0x0000007e7f300000) (1024K)]
  0x000001bfbda7dc00 JavaThread "WorkerExecutor Queue Thread 10"        [_thread_in_Java, id=28708, stack(0x0000007e7f300000,0x0000007e7f400000) (1024K)]
  0x000001bfbda82430 JavaThread "WorkerExecutor Queue Thread 11"        [_thread_blocked, id=28680, stack(0x0000007e7f400000,0x0000007e7f500000) (1024K)]
  0x000001bfbda82ac0 JavaThread "WorkerExecutor Queue Thread 12"        [_thread_in_Java, id=24352, stack(0x0000007e7f500000,0x0000007e7f600000) (1024K)]
Total: 184

Other Threads:
  0x000001bfb17f05e0 VMThread "VM Thread"                           [id=27560, stack(0x0000007e73300000,0x0000007e73400000) (1024K)]
  0x000001bfb0dabc50 WatcherThread "VM Periodic Task Thread"        [id=29352, stack(0x0000007e73200000,0x0000007e73300000) (1024K)]
  0x000001bf973a7020 WorkerThread "GC Thread#0"                     [id=27884, stack(0x0000007e72d00000,0x0000007e72e00000) (1024K)]
  0x000001bfb6685a70 WorkerThread "GC Thread#1"                     [id=24240, stack(0x0000007e74000000,0x0000007e74100000) (1024K)]
  0x000001bfb62bc950 WorkerThread "GC Thread#2"                     [id=29448, stack(0x0000007e74100000,0x0000007e74200000) (1024K)]
  0x000001bfb62bccf0 WorkerThread "GC Thread#3"                     [id=26284, stack(0x0000007e74200000,0x0000007e74300000) (1024K)]
  0x000001bfb66abbe0 WorkerThread "GC Thread#4"                     [id=27272, stack(0x0000007e74300000,0x0000007e74400000) (1024K)]
  0x000001bfb66abf80 WorkerThread "GC Thread#5"                     [id=18040, stack(0x0000007e74400000,0x0000007e74500000) (1024K)]
  0x000001bfb7aa2170 WorkerThread "GC Thread#6"                     [id=12064, stack(0x0000007e74800000,0x0000007e74900000) (1024K)]
  0x000001bfb7aa1a30 WorkerThread "GC Thread#7"                     [id=28776, stack(0x0000007e74900000,0x0000007e74a00000) (1024K)]
  0x000001bfb7aa2510 WorkerThread "GC Thread#8"                     [id=25744, stack(0x0000007e74a00000,0x0000007e74b00000) (1024K)]
  0x000001bfb7aa0bb0 WorkerThread "GC Thread#9"                     [id=23752, stack(0x0000007e74b00000,0x0000007e74c00000) (1024K)]
  0x000001bf973b7f10 ConcurrentGCThread "G1 Main Marker"            [id=28108, stack(0x0000007e72e00000,0x0000007e72f00000) (1024K)]
  0x000001bf973b9760 WorkerThread "G1 Conc#0"                       [id=26992, stack(0x0000007e72f00000,0x0000007e73000000) (1024K)]
  0x000001bfb7aa0f50 WorkerThread "G1 Conc#1"                       [id=8668, stack(0x0000007e75300000,0x0000007e75400000) (1024K)]
  0x000001bfb7aa1690 WorkerThread "G1 Conc#2"                       [id=12012, stack(0x0000007e75400000,0x0000007e75500000) (1024K)]
  0x000001bf973fe200 ConcurrentGCThread "G1 Refine#0"               [id=24212, stack(0x0000007e73000000,0x0000007e73100000) (1024K)]
  0x000001bf973feb20 ConcurrentGCThread "G1 Service"                [id=25048, stack(0x0000007e73100000,0x0000007e73200000) (1024K)]
Total: 18

Threads with active compile tasks:
C2 CompilerThread0    17385 19416       4       com.android.tools.r8.graph.H3::b (716 bytes)
C1 CompilerThread0    17385 19575       2       com.android.tools.r8.internal.MA::a (2755 bytes)
C2 CompilerThread1    17385 19149       4       com.android.tools.r8.internal.fv0::a (616 bytes)
C2 CompilerThread2    17385 19245       4       com.android.tools.r8.graph.g1::a (25 bytes)
Total: 4

VM state: not at safepoint (normal execution)

VM Mutex/Monitor currently owned by a thread: None

Heap address: 0x0000000700000000, size: 4096 MB, Compressed Oops mode: Zero based, Oop shift amount: 3

CDS archive(s) not mapped
Compressed class space mapped at: 0x0000000800000000-0x0000000840000000, reserved size: 1073741824
Narrow klass base: 0x0000000800000000, Narrow klass shift: 0, Narrow klass range: 0x40000000

GC Precious Log:
 CardTable entry size: 512
 Card Set container configuration: InlinePtr #cards 4 size 8 Array Of Cards #cards 16 size 48 Howl #buckets 8 coarsen threshold 3686 Howl Bitmap #cards 512 size 80 coarsen threshold 460 Card regions per heap region 1 cards per card region 4096
 CPUs: 12 total, 12 available
 Memory: 16016M
 Large Page Support: Disabled
 NUMA Support: Disabled
 Compressed Oops: Enabled (Zero based)
 Heap Region Size: 2M
 Heap Min Capacity: 8M
 Heap Initial Capacity: 252M
 Heap Max Capacity: 4G
 Pre-touch: Disabled
 Parallel Workers: 10
 Concurrent Workers: 3
 Concurrent Refinement Workers: 10
 Periodic GC: Disabled

Heap:
 garbage-first heap   total 573440K, used 300940K [0x0000000700000000, 0x0000000800000000)
  region size 2048K, 31 young (63488K), 6 survivors (12288K)
 Metaspace       used 141347K, committed 143744K, reserved 1179648K
  class space    used 19632K, committed 20864K, reserved 1048576K

Heap Regions: E=young(eden), S=young(survivor), O=old, HS=humongous(starts), HC=humongous(continues), CS=collection set, F=free, TAMS=top-at-mark-start, PB=parsable bottom
|   0|0x0000000700000000, 0x0000000700200000, 0x0000000700200000|100%|HS|  |TAMS 0x0000000700200000| PB 0x0000000700000000| Complete 
|   1|0x0000000700200000, 0x0000000700400000, 0x0000000700400000|100%|HC|  |TAMS 0x0000000700400000| PB 0x0000000700200000| Complete 
|   2|0x0000000700400000, 0x0000000700600000, 0x0000000700600000|100%| O|  |TAMS 0x0000000700600000| PB 0x0000000700400000| Untracked 
|   3|0x0000000700600000, 0x0000000700800000, 0x0000000700800000|100%| O|  |TAMS 0x0000000700800000| PB 0x0000000700600000| Untracked 
|   4|0x0000000700800000, 0x0000000700a00000, 0x0000000700a00000|100%| O|  |TAMS 0x0000000700a00000| PB 0x0000000700800000| Untracked 
|   5|0x0000000700a00000, 0x0000000700c00000, 0x0000000700c00000|100%| O|  |TAMS 0x0000000700c00000| PB 0x0000000700a00000| Untracked 
|   6|0x0000000700c00000, 0x0000000700e00000, 0x0000000700e00000|100%| O|  |TAMS 0x0000000700e00000| PB 0x0000000700c00000| Untracked 
|   7|0x0000000700e00000, 0x0000000701000000, 0x0000000701000000|100%| O|  |TAMS 0x0000000701000000| PB 0x0000000700e00000| Untracked 
|   8|0x0000000701000000, 0x0000000701200000, 0x0000000701200000|100%| O|  |TAMS 0x0000000701200000| PB 0x0000000701000000| Untracked 
|   9|0x0000000701200000, 0x0000000701400000, 0x0000000701400000|100%| O|  |TAMS 0x0000000701400000| PB 0x0000000701200000| Untracked 
|  10|0x0000000701400000, 0x0000000701600000, 0x0000000701600000|100%| O|  |TAMS 0x0000000701600000| PB 0x0000000701400000| Untracked 
|  11|0x0000000701600000, 0x0000000701800000, 0x0000000701800000|100%| O|  |TAMS 0x0000000701800000| PB 0x0000000701600000| Updating 
|  12|0x0000000701800000, 0x0000000701a00000, 0x0000000701a00000|100%| O|  |TAMS 0x0000000701a00000| PB 0x0000000701800000| Untracked 
|  13|0x0000000701a00000, 0x0000000701c00000, 0x0000000701c00000|100%| O|  |TAMS 0x0000000701c00000| PB 0x0000000701a00000| Untracked 
|  14|0x0000000701c00000, 0x0000000701e00000, 0x0000000701e00000|100%| O|  |TAMS 0x0000000701e00000| PB 0x0000000701c00000| Updating 
|  15|0x0000000701e00000, 0x0000000702000000, 0x0000000702000000|100%| O|  |TAMS 0x0000000702000000| PB 0x0000000701e00000| Untracked 
|  16|0x0000000702000000, 0x0000000702200000, 0x0000000702200000|100%| O|  |TAMS 0x0000000702200000| PB 0x0000000702000000| Untracked 
|  17|0x0000000702200000, 0x0000000702400000, 0x0000000702400000|100%| O|  |TAMS 0x0000000702400000| PB 0x0000000702200000| Untracked 
|  18|0x0000000702400000, 0x0000000702600000, 0x0000000702600000|100%| O|  |TAMS 0x0000000702600000| PB 0x0000000702400000| Untracked 
|  19|0x0000000702600000, 0x0000000702800000, 0x0000000702800000|100%| O|  |TAMS 0x0000000702800000| PB 0x0000000702600000| Untracked 
|  20|0x0000000702800000, 0x0000000702a00000, 0x0000000702a00000|100%| O|  |TAMS 0x0000000702a00000| PB 0x0000000702800000| Untracked 
|  21|0x0000000702a00000, 0x0000000702c00000, 0x0000000702c00000|100%| O|  |TAMS 0x0000000702c00000| PB 0x0000000702a00000| Updating 
|  22|0x0000000702c00000, 0x0000000702e00000, 0x0000000702e00000|100%|HS|  |TAMS 0x0000000702e00000| PB 0x0000000702c00000| Complete 
|  23|0x0000000702e00000, 0x0000000703000000, 0x0000000703000000|100%|HS|  |TAMS 0x0000000703000000| PB 0x0000000702e00000| Complete 
|  24|0x0000000703000000, 0x0000000703200000, 0x0000000703200000|100%|HS|  |TAMS 0x0000000703200000| PB 0x0000000703000000| Complete 
|  25|0x0000000703200000, 0x0000000703400000, 0x0000000703400000|100%|HC|  |TAMS 0x0000000703400000| PB 0x0000000703200000| Complete 
|  26|0x0000000703400000, 0x0000000703600000, 0x0000000703600000|100%| O|  |TAMS 0x0000000703600000| PB 0x0000000703400000| Updating 
|  27|0x0000000703600000, 0x0000000703800000, 0x0000000703800000|100%| O|  |TAMS 0x0000000703800000| PB 0x0000000703600000| Untracked 
|  28|0x0000000703800000, 0x0000000703a00000, 0x0000000703a00000|100%| O|  |TAMS 0x0000000703a00000| PB 0x0000000703800000| Untracked 
|  29|0x0000000703a00000, 0x0000000703c00000, 0x0000000703c00000|100%| O|  |TAMS 0x0000000703c00000| PB 0x0000000703a00000| Untracked 
|  30|0x0000000703c00000, 0x0000000703e00000, 0x0000000703e00000|100%| O|  |TAMS 0x0000000703e00000| PB 0x0000000703c00000| Untracked 
|  31|0x0000000703e00000, 0x0000000704000000, 0x0000000704000000|100%| O|  |TAMS 0x0000000704000000| PB 0x0000000703e00000| Untracked 
|  32|0x0000000704000000, 0x0000000704200000, 0x0000000704200000|100%| O|  |TAMS 0x0000000704200000| PB 0x0000000704000000| Untracked 
|  33|0x0000000704200000, 0x0000000704400000, 0x0000000704400000|100%|HS|  |TAMS 0x0000000704400000| PB 0x0000000704200000| Complete 
|  34|0x0000000704400000, 0x0000000704600000, 0x0000000704600000|100%|HC|  |TAMS 0x0000000704600000| PB 0x0000000704400000| Complete 
|  35|0x0000000704600000, 0x0000000704800000, 0x0000000704800000|100%| O|  |TAMS 0x0000000704800000| PB 0x0000000704600000| Untracked 
|  36|0x0000000704800000, 0x0000000704a00000, 0x0000000704a00000|100%| O|  |TAMS 0x0000000704a00000| PB 0x0000000704800000| Untracked 
|  37|0x0000000704a00000, 0x0000000704c00000, 0x0000000704c00000|100%| O|  |TAMS 0x0000000704c00000| PB 0x0000000704a00000| Untracked 
|  38|0x0000000704c00000, 0x0000000704e00000, 0x0000000704e00000|100%| O|  |TAMS 0x0000000704e00000| PB 0x0000000704c00000| Untracked 
|  39|0x0000000704e00000, 0x0000000705000000, 0x0000000705000000|100%| O|  |TAMS 0x0000000705000000| PB 0x0000000704e00000| Updating 
|  40|0x0000000705000000, 0x0000000705200000, 0x0000000705200000|100%| O|  |TAMS 0x0000000705200000| PB 0x0000000705000000| Untracked 
|  41|0x0000000705200000, 0x0000000705400000, 0x0000000705400000|100%| O|  |TAMS 0x0000000705400000| PB 0x0000000705200000| Untracked 
|  42|0x0000000705400000, 0x0000000705600000, 0x0000000705600000|100%| O|  |TAMS 0x0000000705600000| PB 0x0000000705400000| Untracked 
|  43|0x0000000705600000, 0x0000000705800000, 0x0000000705800000|100%| O|  |TAMS 0x0000000705800000| PB 0x0000000705600000| Untracked 
|  44|0x0000000705800000, 0x0000000705a00000, 0x0000000705a00000|100%| O|  |TAMS 0x0000000705a00000| PB 0x0000000705800000| Updating 
|  45|0x0000000705a00000, 0x0000000705c00000, 0x0000000705c00000|100%| O|  |TAMS 0x0000000705c00000| PB 0x0000000705a00000| Untracked 
|  46|0x0000000705c00000, 0x0000000705e00000, 0x0000000705e00000|100%| O|  |TAMS 0x0000000705e00000| PB 0x0000000705c00000| Untracked 
|  47|0x0000000705e00000, 0x0000000706000000, 0x0000000706000000|100%| O|  |TAMS 0x0000000706000000| PB 0x0000000705e00000| Untracked 
|  48|0x0000000706000000, 0x0000000706200000, 0x0000000706200000|100%| O|  |TAMS 0x0000000706200000| PB 0x0000000706000000| Untracked 
|  49|0x0000000706200000, 0x0000000706400000, 0x0000000706400000|100%| O|  |TAMS 0x0000000706400000| PB 0x0000000706200000| Untracked 
|  50|0x0000000706400000, 0x0000000706600000, 0x0000000706600000|100%| O|  |TAMS 0x0000000706600000| PB 0x0000000706400000| Untracked 
|  51|0x0000000706600000, 0x0000000706800000, 0x0000000706800000|100%| O|  |TAMS 0x0000000706800000| PB 0x0000000706600000| Untracked 
|  52|0x0000000706800000, 0x0000000706a00000, 0x0000000706a00000|100%| O|  |TAMS 0x0000000706a00000| PB 0x0000000706800000| Untracked 
|  53|0x0000000706a00000, 0x0000000706c00000, 0x0000000706c00000|100%| O|  |TAMS 0x0000000706c00000| PB 0x0000000706a00000| Untracked 
|  54|0x0000000706c00000, 0x0000000706e00000, 0x0000000706e00000|100%| O|  |TAMS 0x0000000706e00000| PB 0x0000000706c00000| Untracked 
|  55|0x0000000706e00000, 0x0000000707000000, 0x0000000707000000|100%| O|  |TAMS 0x0000000707000000| PB 0x0000000706e00000| Untracked 
|  56|0x0000000707000000, 0x0000000707200000, 0x0000000707200000|100%| O|  |TAMS 0x0000000707200000| PB 0x0000000707000000| Untracked 
|  57|0x0000000707200000, 0x0000000707400000, 0x0000000707400000|100%| O|  |TAMS 0x0000000707400000| PB 0x0000000707200000| Untracked 
|  58|0x0000000707400000, 0x0000000707600000, 0x0000000707600000|100%| O|  |TAMS 0x0000000707600000| PB 0x0000000707400000| Updating 
|  59|0x0000000707600000, 0x0000000707800000, 0x0000000707800000|100%| O|  |TAMS 0x0000000707800000| PB 0x0000000707600000| Updating 
|  60|0x0000000707800000, 0x0000000707a00000, 0x0000000707a00000|100%| O|  |TAMS 0x0000000707a00000| PB 0x0000000707800000| Untracked 
|  61|0x0000000707a00000, 0x0000000707c00000, 0x0000000707c00000|100%| O|  |TAMS 0x0000000707c00000| PB 0x0000000707a00000| Untracked 
|  62|0x0000000707c00000, 0x0000000707e00000, 0x0000000707e00000|100%| O|  |TAMS 0x0000000707e00000| PB 0x0000000707c00000| Updating 
|  63|0x0000000707e00000, 0x0000000708000000, 0x0000000708000000|100%| O|  |TAMS 0x0000000708000000| PB 0x0000000707e00000| Untracked 
|  64|0x0000000708000000, 0x0000000708200000, 0x0000000708200000|100%| O|  |TAMS 0x0000000708200000| PB 0x0000000708000000| Untracked 
|  65|0x0000000708200000, 0x0000000708400000, 0x0000000708400000|100%| O|  |TAMS 0x0000000708400000| PB 0x0000000708200000| Untracked 
|  66|0x0000000708400000, 0x0000000708600000, 0x0000000708600000|100%| O|  |TAMS 0x0000000708600000| PB 0x0000000708400000| Untracked 
|  67|0x0000000708600000, 0x0000000708800000, 0x0000000708800000|100%| O|  |TAMS 0x0000000708800000| PB 0x0000000708600000| Untracked 
|  68|0x0000000708800000, 0x0000000708a00000, 0x0000000708a00000|100%|HS|  |TAMS 0x0000000708a00000| PB 0x0000000708800000| Complete 
|  69|0x0000000708a00000, 0x0000000708c00000, 0x0000000708c00000|100%| O|  |TAMS 0x0000000708c00000| PB 0x0000000708a00000| Untracked 
|  70|0x0000000708c00000, 0x0000000708e00000, 0x0000000708e00000|100%| O|  |TAMS 0x0000000708e00000| PB 0x0000000708c00000| Untracked 
|  71|0x0000000708e00000, 0x0000000709000000, 0x0000000709000000|100%| O|  |TAMS 0x0000000709000000| PB 0x0000000708e00000| Untracked 
|  72|0x0000000709000000, 0x0000000709200000, 0x0000000709200000|100%| O|  |TAMS 0x0000000709200000| PB 0x0000000709000000| Untracked 
|  73|0x0000000709200000, 0x0000000709400000, 0x0000000709400000|100%| O|  |TAMS 0x0000000709400000| PB 0x0000000709200000| Untracked 
|  74|0x0000000709400000, 0x0000000709600000, 0x0000000709600000|100%| O|  |TAMS 0x0000000709600000| PB 0x0000000709400000| Untracked 
|  75|0x0000000709600000, 0x0000000709800000, 0x0000000709800000|100%| O|  |TAMS 0x0000000709800000| PB 0x0000000709600000| Untracked 
|  76|0x0000000709800000, 0x0000000709a00000, 0x0000000709a00000|100%| O|  |TAMS 0x0000000709a00000| PB 0x0000000709800000| Updating 
|  77|0x0000000709a00000, 0x0000000709c00000, 0x0000000709c00000|100%| O|  |TAMS 0x0000000709c00000| PB 0x0000000709a00000| Untracked 
|  78|0x0000000709c00000, 0x0000000709e00000, 0x0000000709e00000|100%| O|  |TAMS 0x0000000709e00000| PB 0x0000000709c00000| Untracked 
|  79|0x0000000709e00000, 0x000000070a000000, 0x000000070a000000|100%| O|  |TAMS 0x000000070a000000| PB 0x0000000709e00000| Untracked 
|  80|0x000000070a000000, 0x000000070a200000, 0x000000070a200000|100%| O|  |TAMS 0x000000070a200000| PB 0x000000070a000000| Untracked 
|  81|0x000000070a200000, 0x000000070a400000, 0x000000070a400000|100%| O|  |TAMS 0x000000070a400000| PB 0x000000070a200000| Untracked 
|  82|0x000000070a400000, 0x000000070a400000, 0x000000070a600000|  0%| F|  |TAMS 0x000000070a400000| PB 0x000000070a400000| Untracked 
|  83|0x000000070a600000, 0x000000070a800000, 0x000000070a800000|100%| O|  |TAMS 0x000000070a800000| PB 0x000000070a600000| Updating 
|  84|0x000000070a800000, 0x000000070aa00000, 0x000000070aa00000|100%| O|  |TAMS 0x000000070aa00000| PB 0x000000070a800000| Updating 
|  85|0x000000070aa00000, 0x000000070ac00000, 0x000000070ac00000|100%| O|  |TAMS 0x000000070ac00000| PB 0x000000070ac00000| Untracked 
|  86|0x000000070ac00000, 0x000000070ae00000, 0x000000070ae00000|100%| O|  |TAMS 0x000000070ae00000| PB 0x000000070ae00000| Untracked 
|  87|0x000000070ae00000, 0x000000070b000000, 0x000000070b000000|100%| O|  |TAMS 0x000000070b000000| PB 0x000000070b000000| Untracked 
|  88|0x000000070b000000, 0x000000070b200000, 0x000000070b200000|100%| O|  |TAMS 0x000000070b200000| PB 0x000000070b200000| Untracked 
|  89|0x000000070b200000, 0x000000070b400000, 0x000000070b400000|100%| O|  |TAMS 0x000000070b400000| PB 0x000000070b400000| Untracked 
|  90|0x000000070b400000, 0x000000070b600000, 0x000000070b600000|100%| O|  |TAMS 0x000000070b600000| PB 0x000000070b600000| Untracked 
|  91|0x000000070b600000, 0x000000070b800000, 0x000000070b800000|100%| O|  |TAMS 0x000000070b800000| PB 0x000000070b800000| Untracked 
|  92|0x000000070b800000, 0x000000070ba00000, 0x000000070ba00000|100%| O|  |TAMS 0x000000070ba00000| PB 0x000000070ba00000| Untracked 
|  93|0x000000070ba00000, 0x000000070bc00000, 0x000000070bc00000|100%| O|  |TAMS 0x000000070bc00000| PB 0x000000070bc00000| Untracked 
|  94|0x000000070bc00000, 0x000000070be00000, 0x000000070be00000|100%| O|  |TAMS 0x000000070be00000| PB 0x000000070be00000| Untracked 
|  95|0x000000070be00000, 0x000000070c000000, 0x000000070c000000|100%| O|  |TAMS 0x000000070c000000| PB 0x000000070c000000| Untracked 
|  96|0x000000070c000000, 0x000000070c200000, 0x000000070c200000|100%| O|  |TAMS 0x000000070c200000| PB 0x000000070c200000| Untracked 
|  97|0x000000070c200000, 0x000000070c400000, 0x000000070c400000|100%| O|  |TAMS 0x000000070c400000| PB 0x000000070c400000| Untracked 
|  98|0x000000070c400000, 0x000000070c600000, 0x000000070c600000|100%| O|  |TAMS 0x000000070c600000| PB 0x000000070c600000| Updating 
|  99|0x000000070c600000, 0x000000070c800000, 0x000000070c800000|100%| O|  |TAMS 0x000000070c800000| PB 0x000000070c800000| Updating 
| 100|0x000000070c800000, 0x000000070ca00000, 0x000000070ca00000|100%| O|  |TAMS 0x000000070ca00000| PB 0x000000070ca00000| Updating 
| 101|0x000000070ca00000, 0x000000070cae5380, 0x000000070cc00000| 44%| O|  |TAMS 0x000000070cae5380| PB 0x000000070cae5380| Updating 
| 102|0x000000070cc00000, 0x000000070cc00000, 0x000000070ce00000|  0%| F|  |TAMS 0x000000070cc00000| PB 0x000000070cc00000| Untracked 
| 103|0x000000070ce00000, 0x000000070d000000, 0x000000070d000000|100%| O|  |TAMS 0x000000070d000000| PB 0x000000070d000000| Untracked 
| 104|0x000000070d000000, 0x000000070d200000, 0x000000070d200000|100%| O|  |TAMS 0x000000070d200000| PB 0x000000070d200000| Untracked 
| 105|0x000000070d200000, 0x000000070d200000, 0x000000070d400000|  0%| F|  |TAMS 0x000000070d200000| PB 0x000000070d200000| Untracked 
| 106|0x000000070d400000, 0x000000070d600000, 0x000000070d600000|100%| O|  |TAMS 0x000000070d600000| PB 0x000000070d600000| Updating 
| 107|0x000000070d600000, 0x000000070d600000, 0x000000070d800000|  0%| F|  |TAMS 0x000000070d600000| PB 0x000000070d600000| Untracked 
| 108|0x000000070d800000, 0x000000070d800000, 0x000000070da00000|  0%| F|  |TAMS 0x000000070d800000| PB 0x000000070d800000| Untracked 
| 109|0x000000070da00000, 0x000000070da00000, 0x000000070dc00000|  0%| F|  |TAMS 0x000000070da00000| PB 0x000000070da00000| Untracked 
| 110|0x000000070dc00000, 0x000000070dc00000, 0x000000070de00000|  0%| F|  |TAMS 0x000000070dc00000| PB 0x000000070dc00000| Untracked 
| 111|0x000000070de00000, 0x000000070e000000, 0x000000070e000000|100%|HS|  |TAMS 0x000000070e000000| PB 0x000000070de00000| Complete 
| 112|0x000000070e000000, 0x000000070e200000, 0x000000070e200000|100%|HC|  |TAMS 0x000000070e200000| PB 0x000000070e000000| Complete 
| 113|0x000000070e200000, 0x000000070e400000, 0x000000070e400000|100%|HC|  |TAMS 0x000000070e400000| PB 0x000000070e200000| Complete 
| 114|0x000000070e400000, 0x000000070e600000, 0x000000070e600000|100%|HC|  |TAMS 0x000000070e600000| PB 0x000000070e400000| Complete 
| 115|0x000000070e600000, 0x000000070e800000, 0x000000070e800000|100%| O|  |TAMS 0x000000070e800000| PB 0x000000070e800000| Untracked 
| 116|0x000000070e800000, 0x000000070e800000, 0x000000070ea00000|  0%| F|  |TAMS 0x000000070e800000| PB 0x000000070e800000| Untracked 
| 117|0x000000070ea00000, 0x000000070ea00000, 0x000000070ec00000|  0%| F|  |TAMS 0x000000070ea00000| PB 0x000000070ea00000| Untracked 
| 118|0x000000070ec00000, 0x000000070ec00000, 0x000000070ee00000|  0%| F|  |TAMS 0x000000070ec00000| PB 0x000000070ec00000| Untracked 
| 119|0x000000070ee00000, 0x000000070ee00000, 0x000000070f000000|  0%| F|  |TAMS 0x000000070ee00000| PB 0x000000070ee00000| Untracked 
| 120|0x000000070f000000, 0x000000070f0fde10, 0x000000070f200000| 49%| S|CS|TAMS 0x000000070f000000| PB 0x000000070f000000| Complete 
| 121|0x000000070f200000, 0x000000070f400000, 0x000000070f400000|100%| S|CS|TAMS 0x000000070f200000| PB 0x000000070f200000| Complete 
| 122|0x000000070f400000, 0x000000070f600000, 0x000000070f600000|100%| O|  |TAMS 0x000000070f600000| PB 0x000000070f600000| Untracked 
| 123|0x000000070f600000, 0x000000070f800000, 0x000000070f800000|100%| O|  |TAMS 0x000000070f800000| PB 0x000000070f800000| Untracked 
| 124|0x000000070f800000, 0x000000070fa00000, 0x000000070fa00000|100%| O|  |TAMS 0x000000070fa00000| PB 0x000000070fa00000| Untracked 
| 125|0x000000070fa00000, 0x000000070fc00000, 0x000000070fc00000|100%| O|  |TAMS 0x000000070fc00000| PB 0x000000070fc00000| Untracked 
| 126|0x000000070fc00000, 0x000000070fe00000, 0x000000070fe00000|100%| O|  |TAMS 0x000000070fe00000| PB 0x000000070fe00000| Untracked 
| 127|0x000000070fe00000, 0x0000000710000000, 0x0000000710000000|100%| O|  |TAMS 0x0000000710000000| PB 0x0000000710000000| Updating 
| 128|0x0000000710000000, 0x0000000710200000, 0x0000000710200000|100%| O|  |TAMS 0x0000000710200000| PB 0x0000000710200000| Updating 
| 129|0x0000000710200000, 0x0000000710400000, 0x0000000710400000|100%| S|CS|TAMS 0x0000000710200000| PB 0x0000000710200000| Complete 
| 130|0x0000000710400000, 0x0000000710600000, 0x0000000710600000|100%| S|CS|TAMS 0x0000000710400000| PB 0x0000000710400000| Complete 
| 131|0x0000000710600000, 0x0000000710600000, 0x0000000710800000|  0%| F|  |TAMS 0x0000000710600000| PB 0x0000000710600000| Untracked 
| 132|0x0000000710800000, 0x0000000710800000, 0x0000000710a00000|  0%| F|  |TAMS 0x0000000710800000| PB 0x0000000710800000| Untracked 
| 133|0x0000000710a00000, 0x0000000710a00000, 0x0000000710c00000|  0%| F|  |TAMS 0x0000000710a00000| PB 0x0000000710a00000| Untracked 
| 134|0x0000000710c00000, 0x0000000710c00000, 0x0000000710e00000|  0%| F|  |TAMS 0x0000000710c00000| PB 0x0000000710c00000| Untracked 
| 135|0x0000000710e00000, 0x0000000711000000, 0x0000000711000000|100%| S|CS|TAMS 0x0000000710e00000| PB 0x0000000710e00000| Complete 
| 136|0x0000000711000000, 0x0000000711200000, 0x0000000711200000|100%| S|CS|TAMS 0x0000000711000000| PB 0x0000000711000000| Complete 
| 137|0x0000000711200000, 0x0000000711200000, 0x0000000711400000|  0%| F|  |TAMS 0x0000000711200000| PB 0x0000000711200000| Untracked 
| 138|0x0000000711400000, 0x0000000711400000, 0x0000000711600000|  0%| F|  |TAMS 0x0000000711400000| PB 0x0000000711400000| Untracked 
| 139|0x0000000711600000, 0x0000000711600000, 0x0000000711800000|  0%| F|  |TAMS 0x0000000711600000| PB 0x0000000711600000| Untracked 
| 140|0x0000000711800000, 0x0000000711800000, 0x0000000711a00000|  0%| F|  |TAMS 0x0000000711800000| PB 0x0000000711800000| Untracked 
| 141|0x0000000711a00000, 0x0000000711a00000, 0x0000000711c00000|  0%| F|  |TAMS 0x0000000711a00000| PB 0x0000000711a00000| Untracked 
| 142|0x0000000711c00000, 0x0000000711c00000, 0x0000000711e00000|  0%| F|  |TAMS 0x0000000711c00000| PB 0x0000000711c00000| Untracked 
| 143|0x0000000711e00000, 0x0000000711e00000, 0x0000000712000000|  0%| F|  |TAMS 0x0000000711e00000| PB 0x0000000711e00000| Untracked 
| 144|0x0000000712000000, 0x0000000712000000, 0x0000000712200000|  0%| F|  |TAMS 0x0000000712000000| PB 0x0000000712000000| Untracked 
| 145|0x0000000712200000, 0x0000000712200000, 0x0000000712400000|  0%| F|  |TAMS 0x0000000712200000| PB 0x0000000712200000| Untracked 
| 146|0x0000000712400000, 0x0000000712400000, 0x0000000712600000|  0%| F|  |TAMS 0x0000000712400000| PB 0x0000000712400000| Untracked 
| 147|0x0000000712600000, 0x0000000712600000, 0x0000000712800000|  0%| F|  |TAMS 0x0000000712600000| PB 0x0000000712600000| Untracked 
| 148|0x0000000712800000, 0x0000000712800000, 0x0000000712a00000|  0%| F|  |TAMS 0x0000000712800000| PB 0x0000000712800000| Untracked 
| 149|0x0000000712a00000, 0x0000000712a00000, 0x0000000712c00000|  0%| F|  |TAMS 0x0000000712a00000| PB 0x0000000712a00000| Untracked 
| 150|0x0000000712c00000, 0x0000000712c00000, 0x0000000712e00000|  0%| F|  |TAMS 0x0000000712c00000| PB 0x0000000712c00000| Untracked 
| 151|0x0000000712e00000, 0x0000000712e00000, 0x0000000713000000|  0%| F|  |TAMS 0x0000000712e00000| PB 0x0000000712e00000| Untracked 
| 152|0x0000000713000000, 0x0000000713000000, 0x0000000713200000|  0%| F|  |TAMS 0x0000000713000000| PB 0x0000000713000000| Untracked 
| 153|0x0000000713200000, 0x0000000713200000, 0x0000000713400000|  0%| F|  |TAMS 0x0000000713200000| PB 0x0000000713200000| Untracked 
| 154|0x0000000713400000, 0x0000000713400000, 0x0000000713600000|  0%| F|  |TAMS 0x0000000713400000| PB 0x0000000713400000| Untracked 
| 155|0x0000000713600000, 0x0000000713600000, 0x0000000713800000|  0%| F|  |TAMS 0x0000000713600000| PB 0x0000000713600000| Untracked 
| 156|0x0000000713800000, 0x0000000713800000, 0x0000000713a00000|  0%| F|  |TAMS 0x0000000713800000| PB 0x0000000713800000| Untracked 
| 157|0x0000000713a00000, 0x0000000713a00000, 0x0000000713c00000|  0%| F|  |TAMS 0x0000000713a00000| PB 0x0000000713a00000| Untracked 
| 158|0x0000000713c00000, 0x0000000713c00000, 0x0000000713e00000|  0%| F|  |TAMS 0x0000000713c00000| PB 0x0000000713c00000| Untracked 
| 159|0x0000000713e00000, 0x0000000713e00000, 0x0000000714000000|  0%| F|  |TAMS 0x0000000713e00000| PB 0x0000000713e00000| Untracked 
| 160|0x0000000714000000, 0x0000000714000000, 0x0000000714200000|  0%| F|  |TAMS 0x0000000714000000| PB 0x0000000714000000| Untracked 
| 161|0x0000000714200000, 0x0000000714200000, 0x0000000714400000|  0%| F|  |TAMS 0x0000000714200000| PB 0x0000000714200000| Untracked 
| 162|0x0000000714400000, 0x0000000714400000, 0x0000000714600000|  0%| F|  |TAMS 0x0000000714400000| PB 0x0000000714400000| Untracked 
| 163|0x0000000714600000, 0x0000000714600000, 0x0000000714800000|  0%| F|  |TAMS 0x0000000714600000| PB 0x0000000714600000| Untracked 
| 164|0x0000000714800000, 0x0000000714800000, 0x0000000714a00000|  0%| F|  |TAMS 0x0000000714800000| PB 0x0000000714800000| Untracked 
| 165|0x0000000714a00000, 0x0000000714a00000, 0x0000000714c00000|  0%| F|  |TAMS 0x0000000714a00000| PB 0x0000000714a00000| Untracked 
| 166|0x0000000714c00000, 0x0000000714c00000, 0x0000000714e00000|  0%| F|  |TAMS 0x0000000714c00000| PB 0x0000000714c00000| Untracked 
| 167|0x0000000714e00000, 0x0000000714e00000, 0x0000000715000000|  0%| F|  |TAMS 0x0000000714e00000| PB 0x0000000714e00000| Untracked 
| 168|0x0000000715000000, 0x0000000715000000, 0x0000000715200000|  0%| F|  |TAMS 0x0000000715000000| PB 0x0000000715000000| Untracked 
| 169|0x0000000715200000, 0x0000000715200000, 0x0000000715400000|  0%| F|  |TAMS 0x0000000715200000| PB 0x0000000715200000| Untracked 
| 170|0x0000000715400000, 0x0000000715400000, 0x0000000715600000|  0%| F|  |TAMS 0x0000000715400000| PB 0x0000000715400000| Untracked 
| 171|0x0000000715600000, 0x0000000715600000, 0x0000000715800000|  0%| F|  |TAMS 0x0000000715600000| PB 0x0000000715600000| Untracked 
| 172|0x0000000715800000, 0x0000000715800000, 0x0000000715a00000|  0%| F|  |TAMS 0x0000000715800000| PB 0x0000000715800000| Untracked 
| 173|0x0000000715a00000, 0x0000000715a00000, 0x0000000715c00000|  0%| F|  |TAMS 0x0000000715a00000| PB 0x0000000715a00000| Untracked 
| 174|0x0000000715c00000, 0x0000000715c00000, 0x0000000715e00000|  0%| F|  |TAMS 0x0000000715c00000| PB 0x0000000715c00000| Untracked 
| 175|0x0000000715e00000, 0x0000000715e00000, 0x0000000716000000|  0%| F|  |TAMS 0x0000000715e00000| PB 0x0000000715e00000| Untracked 
| 176|0x0000000716000000, 0x0000000716000000, 0x0000000716200000|  0%| F|  |TAMS 0x0000000716000000| PB 0x0000000716000000| Untracked 
| 177|0x0000000716200000, 0x0000000716200000, 0x0000000716400000|  0%| F|  |TAMS 0x0000000716200000| PB 0x0000000716200000| Untracked 
| 178|0x0000000716400000, 0x0000000716400000, 0x0000000716600000|  0%| F|  |TAMS 0x0000000716400000| PB 0x0000000716400000| Untracked 
| 179|0x0000000716600000, 0x0000000716600000, 0x0000000716800000|  0%| F|  |TAMS 0x0000000716600000| PB 0x0000000716600000| Untracked 
| 180|0x0000000716800000, 0x0000000716800000, 0x0000000716a00000|  0%| F|  |TAMS 0x0000000716800000| PB 0x0000000716800000| Untracked 
| 181|0x0000000716a00000, 0x0000000716a00000, 0x0000000716c00000|  0%| F|  |TAMS 0x0000000716a00000| PB 0x0000000716a00000| Untracked 
| 182|0x0000000716c00000, 0x0000000716c00000, 0x0000000716e00000|  0%| F|  |TAMS 0x0000000716c00000| PB 0x0000000716c00000| Untracked 
| 183|0x0000000716e00000, 0x0000000716e00000, 0x0000000717000000|  0%| F|  |TAMS 0x0000000716e00000| PB 0x0000000716e00000| Untracked 
| 184|0x0000000717000000, 0x0000000717000000, 0x0000000717200000|  0%| F|  |TAMS 0x0000000717000000| PB 0x0000000717000000| Untracked 
| 185|0x0000000717200000, 0x0000000717200000, 0x0000000717400000|  0%| F|  |TAMS 0x0000000717200000| PB 0x0000000717200000| Untracked 
| 186|0x0000000717400000, 0x0000000717400000, 0x0000000717600000|  0%| F|  |TAMS 0x0000000717400000| PB 0x0000000717400000| Untracked 
| 187|0x0000000717600000, 0x0000000717600000, 0x0000000717800000|  0%| F|  |TAMS 0x0000000717600000| PB 0x0000000717600000| Untracked 
| 188|0x0000000717800000, 0x0000000717800000, 0x0000000717a00000|  0%| F|  |TAMS 0x0000000717800000| PB 0x0000000717800000| Untracked 
| 189|0x0000000717a00000, 0x0000000717a00000, 0x0000000717c00000|  0%| F|  |TAMS 0x0000000717a00000| PB 0x0000000717a00000| Untracked 
| 190|0x0000000717c00000, 0x0000000717c00000, 0x0000000717e00000|  0%| F|  |TAMS 0x0000000717c00000| PB 0x0000000717c00000| Untracked 
| 191|0x0000000717e00000, 0x0000000717e00000, 0x0000000718000000|  0%| F|  |TAMS 0x0000000717e00000| PB 0x0000000717e00000| Untracked 
| 192|0x0000000718000000, 0x0000000718000000, 0x0000000718200000|  0%| F|  |TAMS 0x0000000718000000| PB 0x0000000718000000| Untracked 
| 193|0x0000000718200000, 0x0000000718200000, 0x0000000718400000|  0%| F|  |TAMS 0x0000000718200000| PB 0x0000000718200000| Untracked 
| 194|0x0000000718400000, 0x0000000718400000, 0x0000000718600000|  0%| F|  |TAMS 0x0000000718400000| PB 0x0000000718400000| Untracked 
| 195|0x0000000718600000, 0x0000000718600000, 0x0000000718800000|  0%| F|  |TAMS 0x0000000718600000| PB 0x0000000718600000| Untracked 
| 196|0x0000000718800000, 0x0000000718800000, 0x0000000718a00000|  0%| F|  |TAMS 0x0000000718800000| PB 0x0000000718800000| Untracked 
| 197|0x0000000718a00000, 0x0000000718a00000, 0x0000000718c00000|  0%| F|  |TAMS 0x0000000718a00000| PB 0x0000000718a00000| Untracked 
| 198|0x0000000718c00000, 0x0000000718c00000, 0x0000000718e00000|  0%| F|  |TAMS 0x0000000718c00000| PB 0x0000000718c00000| Untracked 
| 199|0x0000000718e00000, 0x0000000718e00000, 0x0000000719000000|  0%| F|  |TAMS 0x0000000718e00000| PB 0x0000000718e00000| Untracked 
| 200|0x0000000719000000, 0x0000000719000000, 0x0000000719200000|  0%| F|  |TAMS 0x0000000719000000| PB 0x0000000719000000| Untracked 
| 201|0x0000000719200000, 0x0000000719200000, 0x0000000719400000|  0%| F|  |TAMS 0x0000000719200000| PB 0x0000000719200000| Untracked 
| 202|0x0000000719400000, 0x0000000719400000, 0x0000000719600000|  0%| F|  |TAMS 0x0000000719400000| PB 0x0000000719400000| Untracked 
| 203|0x0000000719600000, 0x0000000719600000, 0x0000000719800000|  0%| F|  |TAMS 0x0000000719600000| PB 0x0000000719600000| Untracked 
| 204|0x0000000719800000, 0x0000000719800000, 0x0000000719a00000|  0%| F|  |TAMS 0x0000000719800000| PB 0x0000000719800000| Untracked 
| 205|0x0000000719a00000, 0x0000000719a00000, 0x0000000719c00000|  0%| F|  |TAMS 0x0000000719a00000| PB 0x0000000719a00000| Untracked 
| 206|0x0000000719c00000, 0x0000000719c00000, 0x0000000719e00000|  0%| F|  |TAMS 0x0000000719c00000| PB 0x0000000719c00000| Untracked 
| 207|0x0000000719e00000, 0x0000000719e00000, 0x000000071a000000|  0%| F|  |TAMS 0x0000000719e00000| PB 0x0000000719e00000| Untracked 
| 208|0x000000071a000000, 0x000000071a000000, 0x000000071a200000|  0%| F|  |TAMS 0x000000071a000000| PB 0x000000071a000000| Untracked 
| 209|0x000000071a200000, 0x000000071a200000, 0x000000071a400000|  0%| F|  |TAMS 0x000000071a200000| PB 0x000000071a200000| Untracked 
| 210|0x000000071a400000, 0x000000071a400000, 0x000000071a600000|  0%| F|  |TAMS 0x000000071a400000| PB 0x000000071a400000| Untracked 
| 211|0x000000071a600000, 0x000000071a600000, 0x000000071a800000|  0%| F|  |TAMS 0x000000071a600000| PB 0x000000071a600000| Untracked 
| 212|0x000000071a800000, 0x000000071a800000, 0x000000071aa00000|  0%| F|  |TAMS 0x000000071a800000| PB 0x000000071a800000| Untracked 
| 213|0x000000071aa00000, 0x000000071aa00000, 0x000000071ac00000|  0%| F|  |TAMS 0x000000071aa00000| PB 0x000000071aa00000| Untracked 
| 214|0x000000071ac00000, 0x000000071ac00000, 0x000000071ae00000|  0%| F|  |TAMS 0x000000071ac00000| PB 0x000000071ac00000| Untracked 
| 215|0x000000071ae00000, 0x000000071ae00000, 0x000000071b000000|  0%| F|  |TAMS 0x000000071ae00000| PB 0x000000071ae00000| Untracked 
| 216|0x000000071b000000, 0x000000071b000000, 0x000000071b200000|  0%| F|  |TAMS 0x000000071b000000| PB 0x000000071b000000| Untracked 
| 217|0x000000071b200000, 0x000000071b200000, 0x000000071b400000|  0%| F|  |TAMS 0x000000071b200000| PB 0x000000071b200000| Untracked 
| 218|0x000000071b400000, 0x000000071b400000, 0x000000071b600000|  0%| F|  |TAMS 0x000000071b400000| PB 0x000000071b400000| Untracked 
| 219|0x000000071b600000, 0x000000071b600000, 0x000000071b800000|  0%| F|  |TAMS 0x000000071b600000| PB 0x000000071b600000| Untracked 
| 220|0x000000071b800000, 0x000000071b800000, 0x000000071ba00000|  0%| F|  |TAMS 0x000000071b800000| PB 0x000000071b800000| Untracked 
| 221|0x000000071ba00000, 0x000000071ba00000, 0x000000071bc00000|  0%| F|  |TAMS 0x000000071ba00000| PB 0x000000071ba00000| Untracked 
| 222|0x000000071bc00000, 0x000000071bc00000, 0x000000071be00000|  0%| F|  |TAMS 0x000000071bc00000| PB 0x000000071bc00000| Untracked 
| 223|0x000000071be00000, 0x000000071be00000, 0x000000071c000000|  0%| F|  |TAMS 0x000000071be00000| PB 0x000000071be00000| Untracked 
| 224|0x000000071c000000, 0x000000071c000000, 0x000000071c200000|  0%| F|  |TAMS 0x000000071c000000| PB 0x000000071c000000| Untracked 
| 225|0x000000071c200000, 0x000000071c200000, 0x000000071c400000|  0%| F|  |TAMS 0x000000071c200000| PB 0x000000071c200000| Untracked 
| 226|0x000000071c400000, 0x000000071c400000, 0x000000071c600000|  0%| F|  |TAMS 0x000000071c400000| PB 0x000000071c400000| Untracked 
| 227|0x000000071c600000, 0x000000071c600000, 0x000000071c800000|  0%| F|  |TAMS 0x000000071c600000| PB 0x000000071c600000| Untracked 
| 228|0x000000071c800000, 0x000000071c800000, 0x000000071ca00000|  0%| F|  |TAMS 0x000000071c800000| PB 0x000000071c800000| Untracked 
| 229|0x000000071ca00000, 0x000000071ca00000, 0x000000071cc00000|  0%| F|  |TAMS 0x000000071ca00000| PB 0x000000071ca00000| Untracked 
| 230|0x000000071cc00000, 0x000000071cc00000, 0x000000071ce00000|  0%| F|  |TAMS 0x000000071cc00000| PB 0x000000071cc00000| Untracked 
| 231|0x000000071ce00000, 0x000000071ce00000, 0x000000071d000000|  0%| F|  |TAMS 0x000000071ce00000| PB 0x000000071ce00000| Untracked 
| 232|0x000000071d000000, 0x000000071d000000, 0x000000071d200000|  0%| F|  |TAMS 0x000000071d000000| PB 0x000000071d000000| Untracked 
| 233|0x000000071d200000, 0x000000071d200000, 0x000000071d400000|  0%| F|  |TAMS 0x000000071d200000| PB 0x000000071d200000| Untracked 
| 234|0x000000071d400000, 0x000000071d400000, 0x000000071d600000|  0%| F|  |TAMS 0x000000071d400000| PB 0x000000071d400000| Untracked 
| 235|0x000000071d600000, 0x000000071d600000, 0x000000071d800000|  0%| F|  |TAMS 0x000000071d600000| PB 0x000000071d600000| Untracked 
| 236|0x000000071d800000, 0x000000071d800000, 0x000000071da00000|  0%| F|  |TAMS 0x000000071d800000| PB 0x000000071d800000| Untracked 
| 237|0x000000071da00000, 0x000000071da00000, 0x000000071dc00000|  0%| F|  |TAMS 0x000000071da00000| PB 0x000000071da00000| Untracked 
| 238|0x000000071dc00000, 0x000000071dc00000, 0x000000071de00000|  0%| F|  |TAMS 0x000000071dc00000| PB 0x000000071dc00000| Untracked 
| 239|0x000000071de00000, 0x000000071de00000, 0x000000071e000000|  0%| F|  |TAMS 0x000000071de00000| PB 0x000000071de00000| Untracked 
| 240|0x000000071e000000, 0x000000071e000000, 0x000000071e200000|  0%| F|  |TAMS 0x000000071e000000| PB 0x000000071e000000| Untracked 
| 241|0x000000071e200000, 0x000000071e200000, 0x000000071e400000|  0%| F|  |TAMS 0x000000071e200000| PB 0x000000071e200000| Untracked 
| 242|0x000000071e400000, 0x000000071e400000, 0x000000071e600000|  0%| F|  |TAMS 0x000000071e400000| PB 0x000000071e400000| Untracked 
| 243|0x000000071e600000, 0x000000071e600000, 0x000000071e800000|  0%| F|  |TAMS 0x000000071e600000| PB 0x000000071e600000| Untracked 
| 244|0x000000071e800000, 0x000000071e800000, 0x000000071ea00000|  0%| F|  |TAMS 0x000000071e800000| PB 0x000000071e800000| Untracked 
| 245|0x000000071ea00000, 0x000000071ea00000, 0x000000071ec00000|  0%| F|  |TAMS 0x000000071ea00000| PB 0x000000071ea00000| Untracked 
| 246|0x000000071ec00000, 0x000000071ec00000, 0x000000071ee00000|  0%| F|  |TAMS 0x000000071ec00000| PB 0x000000071ec00000| Untracked 
| 247|0x000000071ee00000, 0x000000071ee00000, 0x000000071f000000|  0%| F|  |TAMS 0x000000071ee00000| PB 0x000000071ee00000| Untracked 
| 248|0x000000071f000000, 0x000000071f000000, 0x000000071f200000|  0%| F|  |TAMS 0x000000071f000000| PB 0x000000071f000000| Untracked 
| 249|0x000000071f200000, 0x000000071f200000, 0x000000071f400000|  0%| F|  |TAMS 0x000000071f200000| PB 0x000000071f200000| Untracked 
| 250|0x000000071f400000, 0x000000071f400000, 0x000000071f600000|  0%| F|  |TAMS 0x000000071f400000| PB 0x000000071f400000| Untracked 
| 251|0x000000071f600000, 0x000000071f7b7750, 0x000000071f800000| 85%| E|  |TAMS 0x000000071f600000| PB 0x000000071f600000| Complete 
| 252|0x000000071f800000, 0x000000071fa00000, 0x000000071fa00000|100%| E|CS|TAMS 0x000000071f800000| PB 0x000000071f800000| Complete 
| 253|0x000000071fa00000, 0x000000071fc00000, 0x000000071fc00000|100%| E|CS|TAMS 0x000000071fa00000| PB 0x000000071fa00000| Complete 
| 254|0x000000071fc00000, 0x000000071fe00000, 0x000000071fe00000|100%| E|CS|TAMS 0x000000071fc00000| PB 0x000000071fc00000| Complete 
| 255|0x000000071fe00000, 0x0000000720000000, 0x0000000720000000|100%| E|CS|TAMS 0x000000071fe00000| PB 0x000000071fe00000| Complete 
| 256|0x0000000720000000, 0x0000000720200000, 0x0000000720200000|100%| E|CS|TAMS 0x0000000720000000| PB 0x0000000720000000| Complete 
| 257|0x0000000720200000, 0x0000000720400000, 0x0000000720400000|100%| E|CS|TAMS 0x0000000720200000| PB 0x0000000720200000| Complete 
| 258|0x0000000720400000, 0x0000000720600000, 0x0000000720600000|100%| E|CS|TAMS 0x0000000720400000| PB 0x0000000720400000| Complete 
| 259|0x0000000720600000, 0x0000000720800000, 0x0000000720800000|100%| E|CS|TAMS 0x0000000720600000| PB 0x0000000720600000| Complete 
| 260|0x0000000720800000, 0x0000000720a00000, 0x0000000720a00000|100%| E|CS|TAMS 0x0000000720800000| PB 0x0000000720800000| Complete 
| 261|0x0000000720a00000, 0x0000000720c00000, 0x0000000720c00000|100%| E|CS|TAMS 0x0000000720a00000| PB 0x0000000720a00000| Complete 
| 262|0x0000000720c00000, 0x0000000720e00000, 0x0000000720e00000|100%| E|CS|TAMS 0x0000000720c00000| PB 0x0000000720c00000| Complete 
| 263|0x0000000720e00000, 0x0000000721000000, 0x0000000721000000|100%| E|CS|TAMS 0x0000000720e00000| PB 0x0000000720e00000| Complete 
| 264|0x0000000721000000, 0x0000000721200000, 0x0000000721200000|100%| E|CS|TAMS 0x0000000721000000| PB 0x0000000721000000| Complete 
| 265|0x0000000721200000, 0x0000000721400000, 0x0000000721400000|100%| E|CS|TAMS 0x0000000721200000| PB 0x0000000721200000| Complete 
| 266|0x0000000721400000, 0x0000000721600000, 0x0000000721600000|100%| E|CS|TAMS 0x0000000721400000| PB 0x0000000721400000| Complete 
| 267|0x0000000721600000, 0x0000000721800000, 0x0000000721800000|100%| E|CS|TAMS 0x0000000721600000| PB 0x0000000721600000| Complete 
| 268|0x0000000721800000, 0x0000000721a00000, 0x0000000721a00000|100%| E|CS|TAMS 0x0000000721800000| PB 0x0000000721800000| Complete 
| 269|0x0000000721a00000, 0x0000000721c00000, 0x0000000721c00000|100%| E|CS|TAMS 0x0000000721a00000| PB 0x0000000721a00000| Complete 
| 270|0x0000000721c00000, 0x0000000721e00000, 0x0000000721e00000|100%| E|CS|TAMS 0x0000000721c00000| PB 0x0000000721c00000| Complete 
| 271|0x0000000721e00000, 0x0000000722000000, 0x0000000722000000|100%| E|CS|TAMS 0x0000000721e00000| PB 0x0000000721e00000| Complete 
| 272|0x0000000722000000, 0x0000000722200000, 0x0000000722200000|100%| E|CS|TAMS 0x0000000722000000| PB 0x0000000722000000| Complete 
| 273|0x0000000722200000, 0x0000000722400000, 0x0000000722400000|100%| E|CS|TAMS 0x0000000722200000| PB 0x0000000722200000| Complete 
| 274|0x0000000722400000, 0x0000000722600000, 0x0000000722600000|100%| E|CS|TAMS 0x0000000722400000| PB 0x0000000722400000| Complete 
|2043|0x00000007ff600000, 0x00000007ff800000, 0x00000007ff800000|100%| O|  |TAMS 0x00000007ff800000| PB 0x00000007ff600000| Updating 
|2044|0x00000007ff800000, 0x00000007ffa00000, 0x00000007ffa00000|100%| E|CS|TAMS 0x00000007ff800000| PB 0x00000007ff800000| Complete 
|2045|0x00000007ffa00000, 0x00000007ffc00000, 0x00000007ffc00000|100%| E|CS|TAMS 0x00000007ffa00000| PB 0x00000007ffa00000| Complete 
|2046|0x00000007ffc00000, 0x00000007ffe00000, 0x00000007ffe00000|100%| E|CS|TAMS 0x00000007ffc00000| PB 0x00000007ffc00000| Complete 
|2047|0x00000007ffe00000, 0x0000000800000000, 0x0000000800000000|100%| O|  |TAMS 0x0000000800000000| PB 0x00000007ffe00000| Untracked 

Card table byte_map: [0x000001bfaa1e0000,0x000001bfaa9e0000] _byte_map_base: 0x000001bfa69e0000

Marking Bits: (CMBitMap*) 0x000001bf973a7630
 Bits: [0x000001bfaa9e0000, 0x000001bfae9e0000)

Polling page: 0x000001bf952c0000

Metaspace:

Usage:
  Non-class:    118.86 MB used.
      Class:     19.17 MB used.
       Both:    138.04 MB used.

Virtual space:
  Non-class space:      128.00 MB reserved,     120.00 MB ( 94%) committed,  2 nodes.
      Class space:        1.00 GB reserved,      20.38 MB (  2%) committed,  1 nodes.
             Both:        1.12 GB reserved,     140.38 MB ( 12%) committed. 

Chunk freelists:
   Non-Class:  7.88 MB
       Class:  11.71 MB
        Both:  19.60 MB

MaxMetaspaceSize: unlimited
CompressedClassSpaceSize: 1.00 GB
Initial GC threshold: 21.00 MB
Current GC threshold: 234.00 MB
CDS: off
 - commit_granule_bytes: 65536.
 - commit_granule_words: 8192.
 - virtual_space_node_default_size: 8388608.
 - enlarge_chunks_in_place: 1.
 - use_allocation_guard: 0.


Internal statistics:

num_allocs_failed_limit: 9.
num_arena_births: 4458.
num_arena_deaths: 88.
num_vsnodes_births: 3.
num_vsnodes_deaths: 0.
num_space_committed: 2245.
num_space_uncommitted: 0.
num_chunks_returned_to_freelist: 135.
num_chunks_taken_from_freelist: 10460.
num_chunk_merges: 53.
num_chunk_splits: 6914.
num_chunks_enlarged: 4472.
num_inconsistent_stats: 0.

CodeHeap 'non-profiled nmethods': size=120000Kb used=10808Kb max_used=10953Kb free=109191Kb
 bounds [0x000001bfa1f50000, 0x000001bfa2a10000, 0x000001bfa9480000]
CodeHeap 'profiled nmethods': size=120000Kb used=29462Kb max_used=30272Kb free=90537Kb
 bounds [0x000001bf9a480000, 0x000001bf9c220000, 0x000001bfa19b0000]
CodeHeap 'non-nmethods': size=5760Kb used=2168Kb max_used=2257Kb free=3591Kb
 bounds [0x000001bfa19b0000, 0x000001bfa1c20000, 0x000001bfa1f50000]
 total_blobs=16515 nmethods=15623 adapters=795
 compilation: enabled
              stopped_count=0, restarted_count=0
 full_count=0

Compilation events (20 events):
Event: 17.341 Thread 0x000001bfb7d68ad0 nmethod 19326 0x000001bfa23e2e90 code [0x000001bfa23e3020, 0x000001bfa23e3290]
Event: 17.341 Thread 0x000001bfb7d68ad0 19303       4       com.android.tools.r8.internal.c20::next (13 bytes)
Event: 17.343 Thread 0x000001bfb7d68ad0 nmethod 19303 0x000001bfa1f69090 code [0x000001bfa1f69220, 0x000001bfa1f693e0]
Event: 17.343 Thread 0x000001bfb7d68ad0 19498       4       com.android.tools.r8.graph.F0::a (77 bytes)
Event: 17.346 Thread 0x000001bfb7d68ad0 nmethod 19498 0x000001bfa2104810 code [0x000001bfa21049a0, 0x000001bfa2104c20]
Event: 17.346 Thread 0x000001bfb7d68ad0 19521       4       com.android.tools.r8.internal.Jz::a (19 bytes)
Event: 17.346 Thread 0x000001bfb7d68ad0 nmethod 19521 0x000001bfa222db10 code [0x000001bfa222dc80, 0x000001bfa222dd08]
Event: 17.346 Thread 0x000001bfb7d68ad0 19189       4       com.android.tools.r8.internal.Oe::a (93 bytes)
Event: 17.350 Thread 0x000001bfb7d68ad0 nmethod 19189 0x000001bfa23c1690 code [0x000001bfa23c1860, 0x000001bfa23c1c60]
Event: 17.350 Thread 0x000001bfb7d68ad0 19198       4       com.android.tools.r8.internal.tp0$$Lambda/0x0000000801379720::test (5 bytes)
Event: 17.350 Thread 0x000001bfb7d68ad0 nmethod 19198 0x000001bfa1f9c410 code [0x000001bfa1f9c580, 0x000001bfa1f9c610]
Event: 17.350 Thread 0x000001bfb7d68ad0 19203       4       com.android.tools.r8.internal.tp0$$Lambda/0x000000080133c6e8::test (9 bytes)
Event: 17.351 Thread 0x000001bfb7d68ad0 nmethod 19203 0x000001bfa28e0e10 code [0x000001bfa28e0fa0, 0x000001bfa28e1060]
Event: 17.351 Thread 0x000001bfb7d68ad0 19212       4       java.util.IdentityHashMap::unmaskNull (13 bytes)
Event: 17.351 Thread 0x000001bfb7d68ad0 nmethod 19212 0x000001bfa27e8910 code [0x000001bfa27e8a80, 0x000001bfa27e8b10]
Event: 17.351 Thread 0x000001bfb7d68ad0 19271       4       com.android.tools.r8.internal.ME::hasNext (13 bytes)
Event: 17.351 Thread 0x000001bfb7d68ad0 nmethod 19271 0x000001bfa1f71410 code [0x000001bfa1f71580, 0x000001bfa1f71610]
Event: 17.351 Thread 0x000001bfb7d68ad0 19105       4       com.android.tools.r8.graph.K2::a (10 bytes)
Event: 17.352 Thread 0x000001bfb7d68ad0 nmethod 19105 0x000001bfa1f6ff90 code [0x000001bfa1f70120, 0x000001bfa1f70260]
Event: 17.352 Thread 0x000001bfb7d68ad0 19245       4       com.android.tools.r8.graph.g1::a (25 bytes)

GC Heap History (20 events):
Event: 14.076 GC heap before
{Heap before GC invocations=49 (full 0):
 garbage-first heap   total 288768K, used 257994K [0x0000000700000000, 0x0000000800000000)
  region size 2048K, 61 young (124928K), 5 survivors (10240K)
 Metaspace       used 118838K, committed 121024K, reserved 1179648K
  class space    used 16030K, committed 17152K, reserved 1048576K
}
Event: 14.082 GC heap after
{Heap after GC invocations=50 (full 0):
 garbage-first heap   total 288768K, used 148510K [0x0000000700000000, 0x0000000800000000)
  region size 2048K, 4 young (8192K), 4 survivors (8192K)
 Metaspace       used 118838K, committed 121024K, reserved 1179648K
  class space    used 16030K, committed 17152K, reserved 1048576K
}
Event: 14.532 GC heap before
{Heap before GC invocations=51 (full 0):
 garbage-first heap   total 288768K, used 261150K [0x0000000700000000, 0x0000000800000000)
  region size 2048K, 60 young (122880K), 4 survivors (8192K)
 Metaspace       used 118873K, committed 121088K, reserved 1179648K
  class space    used 16032K, committed 17152K, reserved 1048576K
}
Event: 14.539 GC heap after
{Heap after GC invocations=52 (full 0):
 garbage-first heap   total 288768K, used 152359K [0x0000000700000000, 0x0000000800000000)
  region size 2048K, 6 young (12288K), 6 survivors (12288K)
 Metaspace       used 118873K, committed 121088K, reserved 1179648K
  class space    used 16032K, committed 17152K, reserved 1048576K
}
Event: 15.011 GC heap before
{Heap before GC invocations=52 (full 0):
 garbage-first heap   total 288768K, used 262951K [0x0000000700000000, 0x0000000800000000)
  region size 2048K, 58 young (118784K), 6 survivors (12288K)
 Metaspace       used 120493K, committed 122752K, reserved 1179648K
  class space    used 16295K, committed 17408K, reserved 1048576K
}
Event: 15.021 GC heap after
{Heap after GC invocations=53 (full 0):
 garbage-first heap   total 290816K, used 163756K [0x0000000700000000, 0x0000000800000000)
  region size 2048K, 8 young (16384K), 8 survivors (16384K)
 Metaspace       used 120493K, committed 122752K, reserved 1179648K
  class space    used 16295K, committed 17408K, reserved 1048576K
}
Event: 15.271 GC heap before
{Heap before GC invocations=53 (full 0):
 garbage-first heap   total 290816K, used 255916K [0x0000000700000000, 0x0000000800000000)
  region size 2048K, 54 young (110592K), 8 survivors (16384K)
 Metaspace       used 122182K, committed 124416K, reserved 1179648K
  class space    used 16536K, committed 17664K, reserved 1048576K
}
Event: 15.281 GC heap after
{Heap after GC invocations=54 (full 0):
 garbage-first heap   total 350208K, used 177442K [0x0000000700000000, 0x0000000800000000)
  region size 2048K, 7 young (14336K), 7 survivors (14336K)
 Metaspace       used 122182K, committed 124416K, reserved 1179648K
  class space    used 16536K, committed 17664K, reserved 1048576K
}
Event: 15.730 GC heap before
{Heap before GC invocations=55 (full 0):
 garbage-first heap   total 350208K, used 310562K [0x0000000700000000, 0x0000000800000000)
  region size 2048K, 73 young (149504K), 7 survivors (14336K)
 Metaspace       used 128598K, committed 130816K, reserved 1179648K
  class space    used 17662K, committed 18752K, reserved 1048576K
}
Event: 15.749 GC heap after
{Heap after GC invocations=56 (full 0):
 garbage-first heap   total 350208K, used 197398K [0x0000000700000000, 0x0000000800000000)
  region size 2048K, 10 young (20480K), 10 survivors (20480K)
 Metaspace       used 128598K, committed 130816K, reserved 1179648K
  class space    used 17662K, committed 18752K, reserved 1048576K
}
Event: 16.055 GC heap before
{Heap before GC invocations=56 (full 0):
 garbage-first heap   total 350208K, used 303894K [0x0000000700000000, 0x0000000800000000)
  region size 2048K, 63 young (129024K), 10 survivors (20480K)
 Metaspace       used 133542K, committed 135808K, reserved 1179648K
  class space    used 18536K, committed 19648K, reserved 1048576K
}
Event: 16.074 GC heap after
{Heap after GC invocations=57 (full 0):
 garbage-first heap   total 350208K, used 213661K [0x0000000700000000, 0x0000000800000000)
  region size 2048K, 8 young (16384K), 8 survivors (16384K)
 Metaspace       used 133542K, committed 135808K, reserved 1179648K
  class space    used 18536K, committed 19648K, reserved 1048576K
}
Event: 16.208 GC heap before
{Heap before GC invocations=57 (full 0):
 garbage-first heap   total 350208K, used 307869K [0x0000000700000000, 0x0000000800000000)
  region size 2048K, 55 young (112640K), 8 survivors (16384K)
 Metaspace       used 135938K, committed 138240K, reserved 1179648K
  class space    used 18955K, committed 20096K, reserved 1048576K
}
Event: 16.225 GC heap after
{Heap after GC invocations=58 (full 0):
 garbage-first heap   total 350208K, used 231314K [0x0000000700000000, 0x0000000800000000)
  region size 2048K, 7 young (14336K), 7 survivors (14336K)
 Metaspace       used 135938K, committed 138240K, reserved 1179648K
  class space    used 18955K, committed 20096K, reserved 1048576K
}
Event: 16.582 GC heap before
{Heap before GC invocations=59 (full 0):
 garbage-first heap   total 397312K, used 331666K [0x0000000700000000, 0x0000000800000000)
  region size 2048K, 47 young (96256K), 7 survivors (14336K)
 Metaspace       used 138783K, committed 141120K, reserved 1179648K
  class space    used 19347K, committed 20544K, reserved 1048576K
}
Event: 16.591 GC heap after
{Heap after GC invocations=60 (full 0):
 garbage-first heap   total 397312K, used 245837K [0x0000000700000000, 0x0000000800000000)
  region size 2048K, 3 young (6144K), 3 survivors (6144K)
 Metaspace       used 138783K, committed 141120K, reserved 1179648K
  class space    used 19347K, committed 20544K, reserved 1048576K
}
Event: 16.871 GC heap before
{Heap before GC invocations=60 (full 0):
 garbage-first heap   total 397312K, used 356429K [0x0000000700000000, 0x0000000800000000)
  region size 2048K, 57 young (116736K), 3 survivors (6144K)
 Metaspace       used 140426K, committed 142720K, reserved 1179648K
  class space    used 19512K, committed 20672K, reserved 1048576K
}
Event: 16.877 GC heap after
{Heap after GC invocations=61 (full 0):
 garbage-first heap   total 397312K, used 248258K [0x0000000700000000, 0x0000000800000000)
  region size 2048K, 4 young (8192K), 4 survivors (8192K)
 Metaspace       used 140426K, committed 142720K, reserved 1179648K
  class space    used 19512K, committed 20672K, reserved 1048576K
}
Event: 17.154 GC heap before
{Heap before GC invocations=61 (full 0):
 garbage-first heap   total 397312K, used 358850K [0x0000000700000000, 0x0000000800000000)
  region size 2048K, 59 young (120832K), 4 survivors (8192K)
 Metaspace       used 141063K, committed 143424K, reserved 1179648K
  class space    used 19602K, committed 20800K, reserved 1048576K
}
Event: 17.162 GC heap after
{Heap after GC invocations=62 (full 0):
 garbage-first heap   total 573440K, used 251788K [0x0000000700000000, 0x0000000800000000)
  region size 2048K, 6 young (12288K), 6 survivors (12288K)
 Metaspace       used 141063K, committed 143424K, reserved 1179648K
  class space    used 19602K, committed 20800K, reserved 1048576K
}

Dll operation events (3 events):
Event: 0.010 Loaded shared library C:\Program Files\Android\Android Studio\jbr\bin\java.dll
Event: 0.015 Loaded shared library C:\Program Files\Android\Android Studio\jbr\bin\zip.dll
Event: 0.271 Loaded shared library C:\Program Files\Android\Android Studio\jbr\bin\verify.dll

Deoptimization events (20 events):
Event: 17.304 Thread 0x000001bfbda81080 Uncommon trap: trap_request=0xffffffde fr.pc=0x000001bfa2233e94 relative=0x00000000000007d4
Event: 17.304 Thread 0x000001bfbda80360 Uncommon trap: trap_request=0xffffffde fr.pc=0x000001bfa2233e94 relative=0x00000000000007d4
Event: 17.304 Thread 0x000001bfbda80360 Uncommon trap: reason=class_check action=maybe_recompile pc=0x000001bfa2233e94 method=org.gradle.tooling.internal.provider.runner.ClientBuildEventGenerator.finished(Lorg/gradle/internal/operations/BuildOperationDescriptor;Lorg/gradle/internal/operations/O
Event: 17.304 Thread 0x000001bfbda81080 Uncommon trap: reason=class_check action=maybe_recompile pc=0x000001bfa2233e94 method=org.gradle.tooling.internal.provider.runner.ClientBuildEventGenerator.finished(Lorg/gradle/internal/operations/BuildOperationDescriptor;Lorg/gradle/internal/operations/O
Event: 17.304 Thread 0x000001bfbda80360 DEOPT PACKING pc=0x000001bfa2233e94 sp=0x0000007e7f1fead0
Event: 17.304 Thread 0x000001bfbda81080 DEOPT PACKING pc=0x000001bfa2233e94 sp=0x0000007e7f2fe3d0
Event: 17.304 Thread 0x000001bfbda80360 DEOPT UNPACKING pc=0x000001bfa1a046a2 sp=0x0000007e7f1fea90 mode 2
Event: 17.304 Thread 0x000001bfbda81080 DEOPT UNPACKING pc=0x000001bfa1a046a2 sp=0x0000007e7f2fe390 mode 2
Event: 17.304 Thread 0x000001bfbda80360 Uncommon trap: trap_request=0xffffffde fr.pc=0x000001bfa2233e94 relative=0x00000000000007d4
Event: 17.304 Thread 0x000001bfbda80360 Uncommon trap: reason=class_check action=maybe_recompile pc=0x000001bfa2233e94 method=org.gradle.tooling.internal.provider.runner.ClientBuildEventGenerator.finished(Lorg/gradle/internal/operations/BuildOperationDescriptor;Lorg/gradle/internal/operations/O
Event: 17.304 Thread 0x000001bfbda80360 DEOPT PACKING pc=0x000001bfa2233e94 sp=0x0000007e7f1fead0
Event: 17.304 Thread 0x000001bfbda81080 Uncommon trap: trap_request=0xffffffde fr.pc=0x000001bfa2233e94 relative=0x00000000000007d4
Event: 17.304 Thread 0x000001bfbda81080 Uncommon trap: reason=class_check action=maybe_recompile pc=0x000001bfa2233e94 method=org.gradle.tooling.internal.provider.runner.ClientBuildEventGenerator.finished(Lorg/gradle/internal/operations/BuildOperationDescriptor;Lorg/gradle/internal/operations/O
Event: 17.304 Thread 0x000001bfbda81080 DEOPT PACKING pc=0x000001bfa2233e94 sp=0x0000007e7f2fe3d0
Event: 17.304 Thread 0x000001bfbda80360 DEOPT UNPACKING pc=0x000001bfa1a046a2 sp=0x0000007e7f1fea90 mode 2
Event: 17.304 Thread 0x000001bfbda81080 DEOPT UNPACKING pc=0x000001bfa1a046a2 sp=0x0000007e7f2fe390 mode 2
Event: 17.341 Thread 0x000001bfb7deec10 Uncommon trap: trap_request=0xffffff45 fr.pc=0x000001bfa23b2328 relative=0x0000000000000088
Event: 17.341 Thread 0x000001bfb7deec10 Uncommon trap: reason=unstable_if action=reinterpret pc=0x000001bfa23b2328 method=java.util.concurrent.locks.AbstractQueuedSynchronizer$ConditionObject.canReacquire(Ljava/util/concurrent/locks/AbstractQueuedSynchronizer$ConditionNode;)Z @ 18 c2
Event: 17.341 Thread 0x000001bfb7deec10 DEOPT PACKING pc=0x000001bfa23b2328 sp=0x0000007e75bff1e0
Event: 17.341 Thread 0x000001bfb7deec10 DEOPT UNPACKING pc=0x000001bfa1a046a2 sp=0x0000007e75bff170 mode 2

Classes loaded (20 events):
Event: 16.241 Loading class java/util/PriorityQueue
Event: 16.242 Loading class java/util/PriorityQueue done
Event: 16.377 Loading class java/util/AbstractList$SubList
Event: 16.378 Loading class java/util/AbstractList$SubList done
Event: 16.378 Loading class java/util/AbstractList$SubList$1
Event: 16.378 Loading class java/util/AbstractList$SubList$1 done
Event: 17.004 Loading class java/nio/ShortBuffer
Event: 17.005 Loading class java/nio/ShortBuffer done
Event: 17.136 Loading class java/nio/ByteBufferAsShortBufferL
Event: 17.136 Loading class java/nio/ByteBufferAsShortBufferL done
Event: 17.283 Loading class java/util/zip/Adler32
Event: 17.284 Loading class java/util/zip/Adler32 done
Event: 17.288 Loading class java/util/zip/Deflater
Event: 17.289 Loading class java/util/zip/Deflater done
Event: 17.290 Loading class java/util/zip/Deflater$DeflaterZStreamRef
Event: 17.290 Loading class java/util/zip/Deflater$DeflaterZStreamRef done
Event: 17.291 Loading class java/util/zip/ZipOutputStream$XEntry
Event: 17.291 Loading class java/util/zip/ZipOutputStream$XEntry done
Event: 17.299 Loading class java/util/Vector$Itr
Event: 17.299 Loading class java/util/Vector$Itr done

Classes unloaded (20 events):
Event: 17.327 Thread 0x000001bfb17f05e0 Unloading class 0x0000000801330c00 'java/lang/invoke/LambdaForm$MH+0x0000000801330c00'
Event: 17.327 Thread 0x000001bfb17f05e0 Unloading class 0x0000000801330000 'java/lang/invoke/LambdaForm$MH+0x0000000801330000'
Event: 17.327 Thread 0x000001bfb17f05e0 Unloading class 0x00000008012c5000 'java/lang/invoke/LambdaForm$DMH+0x00000008012c5000'
Event: 17.327 Thread 0x000001bfb17f05e0 Unloading class 0x00000008012c4c00 'java/lang/invoke/LambdaForm$DMH+0x00000008012c4c00'
Event: 17.327 Thread 0x000001bfb17f05e0 Unloading class 0x00000008012c4800 'java/lang/invoke/LambdaForm$DMH+0x00000008012c4800'
Event: 17.327 Thread 0x000001bfb17f05e0 Unloading class 0x00000008012c4400 'java/lang/invoke/LambdaForm$DMH+0x00000008012c4400'
Event: 17.327 Thread 0x000001bfb17f05e0 Unloading class 0x00000008012c4000 'java/lang/invoke/LambdaForm$DMH+0x00000008012c4000'
Event: 17.327 Thread 0x000001bfb17f05e0 Unloading class 0x00000008012bac00 'java/lang/invoke/LambdaForm$DMH+0x00000008012bac00'
Event: 17.327 Thread 0x000001bfb17f05e0 Unloading class 0x00000008012ba800 'java/lang/invoke/LambdaForm$DMH+0x00000008012ba800'
Event: 17.327 Thread 0x000001bfb17f05e0 Unloading class 0x00000008012ba400 'java/lang/invoke/LambdaForm$DMH+0x00000008012ba400'
Event: 17.327 Thread 0x000001bfb17f05e0 Unloading class 0x00000008012ba000 'java/lang/invoke/LambdaForm$DMH+0x00000008012ba000'
Event: 17.327 Thread 0x000001bfb17f05e0 Unloading class 0x00000008012b9800 'java/lang/invoke/LambdaForm$DMH+0x00000008012b9800'
Event: 17.327 Thread 0x000001bfb17f05e0 Unloading class 0x00000008012b9400 'java/lang/invoke/LambdaForm$DMH+0x00000008012b9400'
Event: 17.327 Thread 0x000001bfb17f05e0 Unloading class 0x00000008012b9000 'java/lang/invoke/LambdaForm$DMH+0x00000008012b9000'
Event: 17.327 Thread 0x000001bfb17f05e0 Unloading class 0x00000008012b8c00 'java/lang/invoke/LambdaForm$DMH+0x00000008012b8c00'
Event: 17.327 Thread 0x000001bfb17f05e0 Unloading class 0x00000008012b8800 'java/lang/invoke/LambdaForm$DMH+0x00000008012b8800'
Event: 17.327 Thread 0x000001bfb17f05e0 Unloading class 0x00000008012b4c00 'java/lang/invoke/LambdaForm$DMH+0x00000008012b4c00'
Event: 17.327 Thread 0x000001bfb17f05e0 Unloading class 0x00000008012b4800 'java/lang/invoke/LambdaForm$DMH+0x00000008012b4800'
Event: 17.327 Thread 0x000001bfb17f05e0 Unloading class 0x00000008012b8400 'java/lang/invoke/LambdaForm$DMH+0x00000008012b8400'
Event: 17.327 Thread 0x000001bfb17f05e0 Unloading class 0x00000008012b4400 'java/lang/invoke/LambdaForm$DMH+0x00000008012b4400'

Classes redefined (0 events):
No events

Internal exceptions (20 events):
Event: 16.157 Thread 0x000001bfbda7d570 Exception <a 'java/lang/NoSuchMethodError'{0x0000000710741090}: 'void java.lang.invoke.DirectMethodHandle$Holder.invokeSpecial(java.lang.Object, java.lang.Object, int, java.lang.Object)'> (0x0000000710741090) 
thrown [s\src\hotspot\share\interpreter\linkResolver.cpp, line 784]
Event: 16.157 Thread 0x000001bfbda81080 Exception <a 'java/lang/NoSuchMethodError'{0x00000007114669c8}: 'void java.lang.invoke.DirectMethodHandle$Holder.invokeSpecial(java.lang.Object, java.lang.Object, int, java.lang.Object)'> (0x00000007114669c8) 
thrown [s\src\hotspot\share\interpreter\linkResolver.cpp, line 784]
Event: 16.157 Thread 0x000001bfbda7c850 Exception <a 'java/lang/NoSuchMethodError'{0x00000007116ee200}: 'void java.lang.invoke.DirectMethodHandle$Holder.invokeSpecial(java.lang.Object, java.lang.Object, int, java.lang.Object)'> (0x00000007116ee200) 
thrown [s\src\hotspot\share\interpreter\linkResolver.cpp, line 784]
Event: 16.193 Thread 0x000001bfbda7e290 Exception <a 'java/lang/IncompatibleClassChangeError'{0x000000070f68d260}: Found class java.lang.Object, but interface was expected> (0x000000070f68d260) 
thrown [s\src\hotspot\share\interpreter\linkResolver.cpp, line 851]
Event: 16.225 Thread 0x000001bfbda82ac0 Implicit null exception at 0x000001bfa20cce86 to 0x000001bfa20cd094
Event: 16.225 Thread 0x000001bfbda82ac0 Implicit null exception at 0x000001bfa237ea60 to 0x000001bfa237eb95
Event: 16.261 Thread 0x000001bfbda7cee0 Exception <a 'java/lang/NoSuchMethodError'{0x00000007ff8d9738}: 'int java.lang.invoke.DirectMethodHandle$Holder.invokeSpecial(java.lang.Object, java.lang.Object, java.lang.Object, int, java.lang.Object)'> (0x00000007ff8d9738) 
thrown [s\src\hotspot\share\interpreter\linkResolver.cpp, line 784]
Event: 16.261 Thread 0x000001bfbda81080 Exception <a 'java/lang/NoSuchMethodError'{0x00000007ff8028d8}: 'int java.lang.invoke.DirectMethodHandle$Holder.invokeSpecial(java.lang.Object, java.lang.Object, java.lang.Object, int, java.lang.Object)'> (0x00000007ff8028d8) 
thrown [s\src\hotspot\share\interpreter\linkResolver.cpp, line 784]
Event: 16.261 Thread 0x000001bfbda82430 Exception <a 'java/lang/NoSuchMethodError'{0x00000007ff8aeff0}: 'int java.lang.invoke.DirectMethodHandle$Holder.invokeSpecial(java.lang.Object, java.lang.Object, java.lang.Object, int, java.lang.Object)'> (0x00000007ff8aeff0) 
thrown [s\src\hotspot\share\interpreter\linkResolver.cpp, line 784]
Event: 16.261 Thread 0x000001bfbda7fcd0 Exception <a 'java/lang/NoSuchMethodError'{0x00000007ffc1ad38}: 'int java.lang.invoke.DirectMethodHandle$Holder.invokeSpecial(java.lang.Object, java.lang.Object, java.lang.Object, int, java.lang.Object)'> (0x00000007ffc1ad38) 
thrown [s\src\hotspot\share\interpreter\linkResolver.cpp, line 784]
Event: 16.261 Thread 0x000001bfbda82ac0 Exception <a 'java/lang/NoSuchMethodError'{0x00000007ffcfaa40}: 'int java.lang.invoke.DirectMethodHandle$Holder.invokeSpecial(java.lang.Object, java.lang.Object, java.lang.Object, int, java.lang.Object)'> (0x00000007ffcfaa40) 
thrown [s\src\hotspot\share\interpreter\linkResolver.cpp, line 784]
Event: 16.261 Thread 0x000001bfbda7d570 Exception <a 'java/lang/NoSuchMethodError'{0x00000007ffda9ae0}: 'int java.lang.invoke.DirectMethodHandle$Holder.invokeSpecial(java.lang.Object, java.lang.Object, java.lang.Object, int, java.lang.Object)'> (0x00000007ffda9ae0) 
thrown [s\src\hotspot\share\interpreter\linkResolver.cpp, line 784]
Event: 16.262 Thread 0x000001bfbda7c850 Exception <a 'java/lang/NoSuchMethodError'{0x00000007ff89ecd0}: 'int java.lang.invoke.DirectMethodHandle$Holder.invokeSpecial(java.lang.Object, java.lang.Object, java.lang.Object, int, java.lang.Object)'> (0x00000007ff89ecd0) 
thrown [s\src\hotspot\share\interpreter\linkResolver.cpp, line 784]
Event: 16.262 Thread 0x000001bfbda7f640 Exception <a 'java/lang/NoSuchMethodError'{0x00000007ffd477c0}: 'int java.lang.invoke.DirectMethodHandle$Holder.invokeSpecial(java.lang.Object, java.lang.Object, java.lang.Object, int, java.lang.Object)'> (0x00000007ffd477c0) 
thrown [s\src\hotspot\share\interpreter\linkResolver.cpp, line 784]
Event: 16.262 Thread 0x000001bfbda80360 Exception <a 'java/lang/NoSuchMethodError'{0x00000007ff98c638}: 'int java.lang.invoke.DirectMethodHandle$Holder.invokeSpecial(java.lang.Object, java.lang.Object, java.lang.Object, int, java.lang.Object)'> (0x00000007ff98c638) 
thrown [s\src\hotspot\share\interpreter\linkResolver.cpp, line 784]
Event: 16.702 Thread 0x000001bfbda82430 Exception <a 'java/lang/NoSuchMethodError'{0x00000007150631e0}: 'java.lang.Object java.lang.invoke.DirectMethodHandle$Holder.newInvokeSpecial(java.lang.Object, java.lang.Object, int, java.lang.Object, java.lang.Object, java.lang.Object)'> (0x00000007150631e0) 
thrown [s\src\hotspot\share\interpreter\linkResolver.cpp, line 784]
Event: 16.703 Thread 0x000001bfbda82430 Exception <a 'java/lang/NoSuchMethodError'{0x000000071506df18}: 'void java.lang.invoke.DirectMethodHandle$Holder.invokeSpecial(java.lang.Object, java.lang.Object, java.lang.Object, int, java.lang.Object, java.lang.Object, java.lang.Object, java.lang.Object)'> (0x000000071506df18) 
thrown [s\src\hotspot\share\interpreter\linkResolver.cpp, line 784]
Event: 16.709 Thread 0x000001bfbda82430 Exception <a 'java/lang/NoSuchMethodError'{0x00000007151dd140}: 'void java.lang.invoke.DirectMethodHandle$Holder.invokeStatic(java.lang.Object, java.lang.Object, java.lang.Object, java.lang.Object, java.lang.Object, java.lang.Object, java.lang.Object, java.lang.Object)'> (0x00000007151dd140) 
thrown [s\src\hotspot\share\interpreter\linkResolver.cpp, line 784]
Event: 16.891 Thread 0x000001bfbda7c850 Exception <a 'java/lang/IncompatibleClassChangeError'{0x00000007ff9864b0}: Found class java.lang.Object, but interface was expected> (0x00000007ff9864b0) 
thrown [s\src\hotspot\share\interpreter\linkResolver.cpp, line 851]
Event: 16.891 Thread 0x000001bfbda82430 Exception <a 'java/lang/IncompatibleClassChangeError'{0x00000007ff9004c0}: Found class java.lang.Object, but interface was expected> (0x00000007ff9004c0) 
thrown [s\src\hotspot\share\interpreter\linkResolver.cpp, line 851]

ZGC Phase Switch (0 events):
No events

VM Operations (20 events):
Event: 16.894 Executing VM operation: HandshakeAllThreads (Deoptimize)
Event: 16.900 Executing VM operation: HandshakeAllThreads (Deoptimize) done
Event: 16.921 Executing VM operation: HandshakeAllThreads (Deoptimize)
Event: 16.934 Executing VM operation: HandshakeAllThreads (Deoptimize) done
Event: 17.012 Executing VM operation: HandshakeAllThreads (Deoptimize)
Event: 17.033 Executing VM operation: HandshakeAllThreads (Deoptimize) done
Event: 17.033 Executing VM operation: ICBufferFull
Event: 17.034 Executing VM operation: ICBufferFull done
Event: 17.034 Executing VM operation: ICBufferFull
Event: 17.034 Executing VM operation: ICBufferFull done
Event: 17.034 Executing VM operation: ICBufferFull
Event: 17.034 Executing VM operation: ICBufferFull done
Event: 17.034 Executing VM operation: ICBufferFull
Event: 17.037 Executing VM operation: ICBufferFull done
Event: 17.088 Executing VM operation: ICBufferFull
Event: 17.089 Executing VM operation: ICBufferFull done
Event: 17.148 Executing VM operation: G1CollectForAllocation (G1 Evacuation Pause)
Event: 17.162 Executing VM operation: G1CollectForAllocation (G1 Evacuation Pause) done
Event: 17.312 Executing VM operation: G1PauseRemark
Event: 17.341 Executing VM operation: G1PauseRemark done

Memory protections (0 events):
No events

Nmethod flushes (20 events):
Event: 17.339 Thread 0x000001bfb17f05e0 flushing  nmethod 0x000001bf9a9f2f10
Event: 17.339 Thread 0x000001bfb17f05e0 flushing  nmethod 0x000001bf9ad60110
Event: 17.339 Thread 0x000001bfb17f05e0 flushing  nmethod 0x000001bf9b0a1910
Event: 17.339 Thread 0x000001bfb17f05e0 flushing  nmethod 0x000001bf9b0a2c90
Event: 17.339 Thread 0x000001bfb17f05e0 flushing  nmethod 0x000001bf9b15e590
Event: 17.339 Thread 0x000001bfb17f05e0 flushing  nmethod 0x000001bf9b228410
Event: 17.339 Thread 0x000001bfb17f05e0 flushing  nmethod 0x000001bf9b2be790
Event: 17.339 Thread 0x000001bfb17f05e0 flushing  nmethod 0x000001bf9ba39290
Event: 17.339 Thread 0x000001bfb17f05e0 flushing  nmethod 0x000001bf9bbb5190
Event: 17.339 Thread 0x000001bfb17f05e0 flushing  nmethod 0x000001bf9bbb5810
Event: 17.339 Thread 0x000001bfb17f05e0 flushing  nmethod 0x000001bf9bbb6410
Event: 17.339 Thread 0x000001bfb17f05e0 flushing  nmethod 0x000001bf9bbb7490
Event: 17.339 Thread 0x000001bfb17f05e0 flushing  nmethod 0x000001bf9bbec890
Event: 17.339 Thread 0x000001bfb17f05e0 flushing  nmethod 0x000001bf9bcb7210
Event: 17.339 Thread 0x000001bfb17f05e0 flushing  nmethod 0x000001bf9bcb7710
Event: 17.339 Thread 0x000001bfb17f05e0 flushing  nmethod 0x000001bf9bcb8d10
Event: 17.339 Thread 0x000001bfb17f05e0 flushing osr nmethod 0x000001bf9bcf3910
Event: 17.339 Thread 0x000001bfb17f05e0 flushing  nmethod 0x000001bf9bcf5090
Event: 17.339 Thread 0x000001bfb17f05e0 flushing  nmethod 0x000001bf9bcf5510
Event: 17.339 Thread 0x000001bfb17f05e0 flushing  nmethod 0x000001bf9bcfcf10

Events (20 events):
Event: 12.561 Thread 0x000001bfbdb137b0 Thread added: 0x000001bfbecae610
Event: 12.561 Thread 0x000001bfbdb137b0 Thread added: 0x000001bfbecacbd0
Event: 12.633 Thread 0x000001bfbdb137b0 Thread added: 0x000001bfbecaeca0
Event: 12.633 Thread 0x000001bfbdb137b0 Thread added: 0x000001bfbecab820
Event: 12.633 Thread 0x000001bfbdb137b0 Thread added: 0x000001bfbecaf330
Event: 12.633 Thread 0x000001bfbdb137b0 Thread added: 0x000001bfbbcd9410
Event: 12.633 Thread 0x000001bfbdb137b0 Thread added: 0x000001bfbbcd6cb0
Event: 12.633 Thread 0x000001bfbdb137b0 Thread added: 0x000001bfba4579e0
Event: 14.952 Thread 0x000001bfbdb11050 Thread added: 0x000001bfbda7e920
Event: 14.952 Thread 0x000001bfbdb11050 Thread added: 0x000001bfbda7f640
Event: 14.953 Thread 0x000001bfbdb11050 Thread added: 0x000001bfbda7e290
Event: 14.954 Thread 0x000001bfbdb11050 Thread added: 0x000001bfbda7fcd0
Event: 14.955 Thread 0x000001bfbdb11050 Thread added: 0x000001bfbda7d570
Event: 14.956 Thread 0x000001bfbdb11050 Thread added: 0x000001bfbda7cee0
Event: 14.961 Thread 0x000001bfbdb11050 Thread added: 0x000001bfbda7c850
Event: 14.963 Thread 0x000001bfbdb11050 Thread added: 0x000001bfbda80360
Event: 14.964 Thread 0x000001bfbdb11050 Thread added: 0x000001bfbda81080
Event: 14.964 Thread 0x000001bfbdb11050 Thread added: 0x000001bfbda7dc00
Event: 14.965 Thread 0x000001bfbdb11050 Thread added: 0x000001bfbda82430
Event: 14.966 Thread 0x000001bfbdb11050 Thread added: 0x000001bfbda82ac0


Dynamic libraries:
0x00007ff693c90000 - 0x00007ff693c9a000 	C:\Program Files\Android\Android Studio\jbr\bin\java.exe
0x00007ffc036c0000 - 0x00007ffc03927000 	C:\WINDOWS\SYSTEM32\ntdll.dll
0x00007ffc026c0000 - 0x00007ffc02789000 	C:\WINDOWS\System32\KERNEL32.DLL
0x00007ffc01060000 - 0x00007ffc0144f000 	C:\WINDOWS\System32\KERNELBASE.dll
0x00007ffc00f10000 - 0x00007ffc0105b000 	C:\WINDOWS\System32\ucrtbase.dll
0x00007ffbc5410000 - 0x00007ffbc542b000 	C:\Program Files\Android\Android Studio\jbr\bin\VCRUNTIME140.dll
0x00007ffbc12f0000 - 0x00007ffbc1308000 	C:\Program Files\Android\Android Studio\jbr\bin\jli.dll
0x00007ffc032e0000 - 0x00007ffc034a5000 	C:\WINDOWS\System32\USER32.dll
0x00007ffbdd1f0000 - 0x00007ffbdd483000 	C:\WINDOWS\WinSxS\amd64_microsoft.windows.common-controls_6595b64144ccf1df_6.0.26100.7309_none_3e05feeae336a044\COMCTL32.dll
0x00007ffc008a0000 - 0x00007ffc008c7000 	C:\WINDOWS\System32\win32u.dll
0x00007ffc01d20000 - 0x00007ffc01dc9000 	C:\WINDOWS\System32\msvcrt.dll
0x00007ffc034b0000 - 0x00007ffc034db000 	C:\WINDOWS\System32\GDI32.dll
0x00007ffc00bc0000 - 0x00007ffc00cec000 	C:\WINDOWS\System32\gdi32full.dll
0x00007ffc00e60000 - 0x00007ffc00f03000 	C:\WINDOWS\System32\msvcp_win.dll
0x00007ffc031e0000 - 0x00007ffc03211000 	C:\WINDOWS\System32\IMM32.DLL
0x00007ffbc6800000 - 0x00007ffbc680c000 	C:\Program Files\Android\Android Studio\jbr\bin\vcruntime140_1.dll
0x00007ffb9ca60000 - 0x00007ffb9caed000 	C:\Program Files\Android\Android Studio\jbr\bin\msvcp140.dll
0x00007ffb0a030000 - 0x00007ffb0acb3000 	C:\Program Files\Android\Android Studio\jbr\bin\server\jvm.dll
0x00007ffc03220000 - 0x00007ffc032d4000 	C:\WINDOWS\System32\ADVAPI32.dll
0x00007ffc01f20000 - 0x00007ffc01fc6000 	C:\WINDOWS\System32\sechost.dll
0x00007ffc01c00000 - 0x00007ffc01d18000 	C:\WINDOWS\System32\RPCRT4.dll
0x00007ffc02970000 - 0x00007ffc029e4000 	C:\WINDOWS\System32\WS2_32.dll
0x00007ffbfae20000 - 0x00007ffbfae55000 	C:\WINDOWS\SYSTEM32\WINMM.dll
0x00007ffc00670000 - 0x00007ffc006ce000 	C:\WINDOWS\SYSTEM32\POWRPROF.dll
0x00007ffbf0de0000 - 0x00007ffbf0deb000 	C:\WINDOWS\SYSTEM32\VERSION.dll
0x00007ffc00650000 - 0x00007ffc00664000 	C:\WINDOWS\SYSTEM32\UMPDC.dll
0x00007ffbff580000 - 0x00007ffbff59b000 	C:\WINDOWS\SYSTEM32\kernel.appcore.dll
0x00007ffbc53c0000 - 0x00007ffbc53ca000 	C:\Program Files\Android\Android Studio\jbr\bin\jimage.dll
0x00007ffbfe100000 - 0x00007ffbfe342000 	C:\WINDOWS\SYSTEM32\DBGHELP.DLL
0x00007ffc015d0000 - 0x00007ffc01955000 	C:\WINDOWS\System32\combase.dll
0x00007ffc024c0000 - 0x00007ffc02596000 	C:\WINDOWS\System32\OLEAUT32.dll
0x00007ffbdddf0000 - 0x00007ffbdde2c000 	C:\WINDOWS\SYSTEM32\dbgcore.DLL
0x00007ffc008d0000 - 0x00007ffc00975000 	C:\WINDOWS\System32\bcryptPrimitives.dll
0x00007ffbc12e0000 - 0x00007ffbc12ee000 	C:\Program Files\Android\Android Studio\jbr\bin\instrument.dll
0x00007ffbc12b0000 - 0x00007ffbc12d0000 	C:\Program Files\Android\Android Studio\jbr\bin\java.dll
0x00007ffbb89b0000 - 0x00007ffbb89c8000 	C:\Program Files\Android\Android Studio\jbr\bin\zip.dll
0x00007ffc02a80000 - 0x00007ffc031d3000 	C:\WINDOWS\System32\SHELL32.dll
0x00007ffc00cf0000 - 0x00007ffc00e5a000 	C:\WINDOWS\System32\wintypes.dll
0x00007ffbfe3d0000 - 0x00007ffbfec2e000 	C:\WINDOWS\SYSTEM32\windows.storage.dll
0x00007ffc025a0000 - 0x00007ffc02695000 	C:\WINDOWS\System32\SHCORE.dll
0x00007ffc019f0000 - 0x00007ffc01a56000 	C:\WINDOWS\System32\shlwapi.dll
0x00007ffc00730000 - 0x00007ffc00759000 	C:\WINDOWS\SYSTEM32\profapi.dll
0x00007ffbc52b0000 - 0x00007ffbc52c0000 	C:\Program Files\Android\Android Studio\jbr\bin\net.dll
0x00007ffbfa8b0000 - 0x00007ffbfa9d8000 	C:\WINDOWS\SYSTEM32\WINHTTP.dll
0x00007ffbffad0000 - 0x00007ffbffb3b000 	C:\WINDOWS\system32\mswsock.dll
0x00007ffbb8990000 - 0x00007ffbb89a6000 	C:\Program Files\Android\Android Studio\jbr\bin\nio.dll
0x00007ffbb8770000 - 0x00007ffbb8780000 	C:\Program Files\Android\Android Studio\jbr\bin\verify.dll
0x00007ffbf79e0000 - 0x00007ffbf7a07000 	D:\.gradle\native\c067742578af261105cb4f569cf0c3c89f3d7b1fecec35dd04571415982c5e48\windows-amd64\native-platform.dll
0x00007ffb619e0000 - 0x00007ffb61b24000 	D:\.gradle\native\100fb08df4bc3b14c8652ba06237920a3bd2aa13389f12d3474272988ae205f9\windows-amd64\native-platform-file-events.dll
0x00007ffbb8840000 - 0x00007ffbb8849000 	C:\Program Files\Android\Android Studio\jbr\bin\management.dll
0x00007ffbb8830000 - 0x00007ffbb883b000 	C:\Program Files\Android\Android Studio\jbr\bin\management_ext.dll
0x00007ffc01b60000 - 0x00007ffc01b68000 	C:\WINDOWS\System32\PSAPI.DLL
0x00007ffbffec0000 - 0x00007ffbffedb000 	C:\WINDOWS\SYSTEM32\CRYPTSP.dll
0x00007ffbff4e0000 - 0x00007ffbff51a000 	C:\WINDOWS\system32\rsaenh.dll
0x00007ffbffb80000 - 0x00007ffbffbab000 	C:\WINDOWS\SYSTEM32\USERENV.dll
0x00007ffc00700000 - 0x00007ffc0072a000 	C:\WINDOWS\SYSTEM32\bcrypt.dll
0x00007ffbffd20000 - 0x00007ffbffd2c000 	C:\WINDOWS\SYSTEM32\CRYPTBASE.dll
0x00007ffbfef70000 - 0x00007ffbfefa4000 	C:\WINDOWS\SYSTEM32\IPHLPAPI.DLL
0x00007ffc019e0000 - 0x00007ffc019ea000 	C:\WINDOWS\System32\NSI.dll
0x00007ffbbf230000 - 0x00007ffbbf239000 	C:\Program Files\Android\Android Studio\jbr\bin\extnet.dll
0x00007ffbe5f20000 - 0x00007ffbe5f28000 	C:\WINDOWS\system32\wshunix.dll
0x00007ffbcd9e0000 - 0x00007ffbcd9f8000 	C:\WINDOWS\system32\napinsp.dll
0x00007ffbff000000 - 0x00007ffbff12c000 	C:\WINDOWS\SYSTEM32\DNSAPI.dll
0x00007ffbcd9c0000 - 0x00007ffbcd9d2000 	C:\WINDOWS\System32\winrnr.dll
0x00007ffbcd990000 - 0x00007ffbcd9b2000 	C:\WINDOWS\system32\nlansp_c.dll
0x00007ffbcd940000 - 0x00007ffbcd956000 	C:\WINDOWS\system32\wshbth.dll
0x00007ffbfa650000 - 0x00007ffbfa65b000 	C:\Windows\System32\rasadhlp.dll
0x00007ffbfabe0000 - 0x00007ffbfac66000 	C:\WINDOWS\System32\fwpuclnt.dll

dbghelp: loaded successfully - version: 4.0.5 - missing functions: none
symbol engine: initialized successfully - sym options: 0x614 - pdb path: .;C:\Program Files\Android\Android Studio\jbr\bin;C:\WINDOWS\SYSTEM32;C:\WINDOWS\WinSxS\amd64_microsoft.windows.common-controls_6595b64144ccf1df_6.0.26100.7309_none_3e05feeae336a044;C:\Program Files\Android\Android Studio\jbr\bin\server;D:\.gradle\native\c067742578af261105cb4f569cf0c3c89f3d7b1fecec35dd04571415982c5e48\windows-amd64;D:\.gradle\native\100fb08df4bc3b14c8652ba06237920a3bd2aa13389f12d3474272988ae205f9\windows-amd64

VM Arguments:
jvm_args: --add-opens=java.base/java.util=ALL-UNNAMED --add-opens=java.base/java.lang=ALL-UNNAMED --add-opens=java.base/java.lang.invoke=ALL-UNNAMED --add-opens=java.prefs/java.util.prefs=ALL-UNNAMED --add-exports=jdk.compiler/com.sun.tools.javac.api=ALL-UNNAMED --add-exports=jdk.compiler/com.sun.tools.javac.util=ALL-UNNAMED --add-opens=java.base/java.nio.charset=ALL-UNNAMED --add-opens=java.base/java.net=ALL-UNNAMED --add-opens=java.base/java.util.concurrent.atomic=ALL-UNNAMED -Xmx4096m -Dfile.encoding=UTF-8 -Duser.country=US -Duser.language=en -Duser.variant -javaagent:D:\.gradle\wrapper\dists\gradle-8.10.2-bin\a04bxjujx95o3nb99gddekhwo\gradle-8.10.2\lib\agents\gradle-instrumentation-agent-8.10.2.jar 
java_command: org.gradle.launcher.daemon.bootstrap.GradleDaemon 8.10.2
java_class_path (initial): D:\.gradle\wrapper\dists\gradle-8.10.2-bin\a04bxjujx95o3nb99gddekhwo\gradle-8.10.2\lib\gradle-daemon-main-8.10.2.jar
Launcher Type: SUN_STANDARD

[Global flags]
     intx CICompilerCount                          = 4                                         {product} {ergonomic}
     uint ConcGCThreads                            = 3                                         {product} {ergonomic}
     uint G1ConcRefinementThreads                  = 10                                        {product} {ergonomic}
   size_t G1HeapRegionSize                         = 2097152                                   {product} {ergonomic}
    uintx GCDrainStackTargetSize                   = 64                                        {product} {ergonomic}
   size_t InitialHeapSize                          = 264241152                                 {product} {ergonomic}
   size_t MarkStackSize                            = 4194304                                   {product} {ergonomic}
   size_t MaxHeapSize                              = 4294967296                                {product} {command line}
   size_t MaxNewSize                               = 2575302656                                {product} {ergonomic}
   size_t MinHeapDeltaBytes                        = 2097152                                   {product} {ergonomic}
   size_t MinHeapSize                              = 8388608                                   {product} {ergonomic}
    uintx NonNMethodCodeHeapSize                   = 5839372                                {pd product} {ergonomic}
    uintx NonProfiledCodeHeapSize                  = 122909434                              {pd product} {ergonomic}
    uintx ProfiledCodeHeapSize                     = 122909434                              {pd product} {ergonomic}
    uintx ReservedCodeCacheSize                    = 251658240                              {pd product} {ergonomic}
     bool SegmentedCodeCache                       = true                                      {product} {ergonomic}
   size_t SoftMaxHeapSize                          = 4294967296                             {manageable} {ergonomic}
     bool UseCompressedOops                        = true                           {product lp64_product} {ergonomic}
     bool UseG1GC                                  = true                                      {product} {ergonomic}
     bool UseLargePagesIndividualAllocation        = false                                  {pd product} {ergonomic}

Logging:
Log output configuration:
 #0: stdout all=warning uptime,level,tags foldmultilines=false
 #1: stderr all=off uptime,level,tags foldmultilines=false

Environment Variables:
JAVA_HOME=C:\Program Files\Java\jdk-21
PATH=C:\oracle\dbhomeFree\bin;C:\app\HP\product\23ai\dbhomeFree\bin;C:\Program Files\Common Files\Oracle\Java\javapath;C:\Program Files (x86)\Common Files\Oracle\Java\java8path;C:\Program Files (x86)\Common Files\Oracle\Java\javapath;C:\WINDOWS\system32;C:\WINDOWS;C:\WINDOWS\System32\Wbem;C:\WINDOWS\System32\WindowsPowerShell\v1.0\;C:\WINDOWS\System32\OpenSSH\;C:\Program Files (x86)\Microsoft SQL Server\160\Tools\Binn\;C:\Program Files\Microsoft SQL Server\160\Tools\Binn\;C:\Program Files\Microsoft SQL Server\Client SDK\ODBC\170\Tools\Binn\;C:\Program Files\Microsoft SQL Server\160\DTS\Binn\;C:\Program Files (x86)\Microsoft SQL Server\160\DTS\Binn\;C:\Program Files\Azure Data Studio\bin;C:\Program Files\Java\jdk-21\bin;C:\Program Files\Microsoft SQL Server\150\Tools\Binn\;C:\Program Files\nodejs;C:\ProgramData\chocolatey\bin;C:\Program Files\nodejs\;C:\sqlite;C:\Program Files\Git\cmd;C:\Program Files\TortoiseGit\bin;C:\Program Files\dotnet\;C:\Users\HP\AppData\Local\Programs\Python\Python313\Scripts\;C:\Users\HP\AppData\Local\Programs\Python\Python313\;C:\Users\HP\AppData\Local\Programs\Python\Launcher\;C:\Users\HP\AppData\Local\Microsoft\WindowsApps;C:\Program Files\Azure Data Studio\bin;C:\Program Files\JetBrains\IntelliJ IDEA Community Edition 2023.2.5\bin;C:\Users\HP\AppData\Local\Programs\Microsoft VS Code\bin;C:\Program Files\JetBrains\IntelliJ IDEA 2024.3.1.1\bin;C:\Users\HP\.dotnet\tools;C:\Users\HP\AppData\Roaming\npm;C:\Users\HP\AppData\Local\Programs\mongosh\;D:\software\flutter_windows_3.38.0-stable (1)\flutter\bin;D:\software\flutter_3.38.0\flutter\bin;D:\software\flutter_windows_3.35.7-stable\flutter\bin;C:\Users\HP\.dotnet\tools
USERNAME=HP
OS=Windows_NT
PROCESSOR_IDENTIFIER=Intel64 Family 6 Model 154 Stepping 4, GenuineIntel
TMP=C:\Users\HP\AppData\Local\Temp
TEMP=C:\Users\HP\AppData\Local\Temp




Periodic native trim disabled

JNI global refs:
JNI global refs: 32, weak refs: 171

JNI global refs memory usage: 835, weak refs: 2097

Process memory usage:
Resident Set Size: 856528K (5% of 16400712K total physical memory with 1858496K free physical memory)

OOME stack traces (most recent first):
Classloader memory used:
Loader org.gradle.internal.classloader.VisitableURLClassLoader$InstrumentingVisitableURLClassLoader: 56030K
Loader org.gradle.internal.classloader.VisitableURLClassLoader                         : 42023K
Loader bootstrap                                                                       : 29519K
Loader org.gradle.initialization.MixInLegacyTypesClassLoader                           : 12152K
Loader jdk.internal.loader.ClassLoaders$PlatformClassLoader                            : 509K
Loader org.gradle.internal.classloader.VisitableURLClassLoader                         : 447K
Loader jdk.internal.reflect.DelegatingClassLoader                                      : 434K
Loader jdk.internal.loader.ClassLoaders$AppClassLoader                                 : 231K

Classes loaded by more than one classloader:
Class Program                                                                         : loaded 5 times (x 68B)
Class Build_gradle                                                                    : loaded 3 times (x 126B)
Class Build_gradle$1                                                                  : loaded 3 times (x 70B)
Class org.gradle.internal.classloader.FilteringClassLoader                            : loaded 2 times (x 101B)
Class com.google.common.collect.SortedSetMultimap                                     : loaded 2 times (x 66B)
Class [Lcom.google.common.base.AbstractIterator$State;                                : loaded 2 times (x 65B)
Class com.google.common.base.CharMatcher$IsEither                                     : loaded 2 times (x 107B)
Class org.gradle.internal.classloader.ClassLoaderHierarchy                            : loaded 2 times (x 66B)
Class com.google.common.collect.AbstractMapBasedMultimap$WrappedCollection            : loaded 2 times (x 120B)
Class com.google.common.collect.ImmutableEnumSet                                      : loaded 2 times (x 142B)
Class com.google.common.util.concurrent.ExecutionError                                : loaded 2 times (x 78B)
Class com.google.common.collect.ImmutableList$1                                       : loaded 2 times (x 93B)
Class org.gradle.api.internal.classpath.ManifestUtil                                  : loaded 2 times (x 67B)
Class com.google.common.io.ByteArrayDataOutput                                        : loaded 2 times (x 66B)
Class com.google.common.collect.RegularImmutableMap                                   : loaded 2 times (x 117B)
Class com.google.common.collect.ImmutableMap$MapViewOfValuesAsSingletonSets           : loaded 2 times (x 121B)
Class [Lorg.objectweb.asm.Symbol;                                                     : loaded 2 times (x 65B)
Class org.objectweb.asm.ClassVisitor                                                  : loaded 2 times (x 84B)
Class com.google.common.collect.UnmodifiableListIterator                              : loaded 2 times (x 91B)
Class com.google.common.base.Platform$JdkPatternCompiler                              : loaded 2 times (x 71B)
Class org.objectweb.asm.MethodTooLargeException                                       : loaded 2 times (x 79B)
Class [Lcom.google.common.cache.CacheBuilder$OneWeigher;                              : loaded 2 times (x 65B)
Class com.google.common.base.Suppliers                                                : loaded 2 times (x 67B)
Class org.gradle.internal.classloader.DefaultClassLoaderFactory                       : loaded 2 times (x 78B)
Class com.google.common.base.CharMatcher$None                                         : loaded 2 times (x 108B)
Class org.gradle.internal.classloader.ClassLoaderVisitor                              : loaded 2 times (x 72B)
Class [Lcom.google.common.collect.ImmutableMapEntry;                                  : loaded 2 times (x 65B)
Class org.gradle.api.internal.classpath.EffectiveClassPath                            : loaded 2 times (x 86B)
Class com.google.common.collect.ImmutableRangeSet                                     : loaded 2 times (x 111B)
Class com.google.common.collect.ImmutableEnumMap                                      : loaded 2 times (x 121B)
Class com.google.common.collect.ListMultimap                                          : loaded 2 times (x 66B)
Class com.google.common.collect.Sets$1                                                : loaded 2 times (x 135B)
Class org.objectweb.asm.AnnotationVisitor                                             : loaded 2 times (x 74B)
Class com.google.common.base.Splitter                                                 : loaded 2 times (x 68B)
Class org.gradle.api.internal.DefaultClassPathProvider                                : loaded 2 times (x 72B)
Class com.google.common.collect.Sets$2                                                : loaded 2 times (x 135B)
Class [Lorg.gradle.api.internal.ClassPathProvider;                                    : loaded 2 times (x 65B)
Class org.gradle.api.internal.ClassPathProvider                                       : loaded 2 times (x 66B)
Class [Lorg.objectweb.asm.AnnotationVisitor;                                          : loaded 2 times (x 65B)
Class com.google.common.collect.Sets$3                                                : loaded 2 times (x 135B)
Class com.google.common.util.concurrent.AbstractFuture$SafeAtomicHelper               : loaded 2 times (x 75B)
Class com.google.common.cache.LocalCache$LocalLoadingCache                            : loaded 2 times (x 130B)
Class com.google.common.base.AbstractIterator$State                                   : loaded 2 times (x 75B)
Class org.gradle.internal.service.UnknownServiceException                             : loaded 2 times (x 79B)
Class com.google.common.io.ByteArrayDataInput                                         : loaded 2 times (x 66B)
Class com.google.common.collect.Sets$4                                                : loaded 2 times (x 135B)
Class org.objectweb.asm.ModuleVisitor                                                 : loaded 2 times (x 77B)
Class com.google.common.cache.LocalCache$Strength$1                                   : loaded 2 times (x 77B)
Class com.google.common.util.concurrent.SettableFuture                                : loaded 2 times (x 110B)
Class com.google.common.cache.LocalCache$Strength$2                                   : loaded 2 times (x 77B)
Class com.google.common.io.ByteStreams                                                : loaded 2 times (x 67B)
Class com.google.common.cache.LocalCache$Strength$3                                   : loaded 2 times (x 77B)
Class com.google.common.collect.MapDifference                                         : loaded 2 times (x 66B)
Class com.google.common.base.Splitter$1                                               : loaded 2 times (x 73B)
Class org.objectweb.asm.FieldWriter                                                   : loaded 2 times (x 74B)
Class com.google.common.cache.CacheBuilder$NullListener                               : loaded 2 times (x 78B)
Class org.gradle.internal.classpath.TransformedClassPath                              : loaded 2 times (x 92B)
Class org.gradle.internal.classloader.InstrumentingClassLoader                        : loaded 2 times (x 66B)
Class com.google.common.collect.ImmutableRangeSet$AsSet                               : loaded 2 times (x 295B)
Class com.google.common.cache.CacheLoader$FunctionToCacheLoader                       : loaded 2 times (x 71B)
Class com.google.common.collect.Iterators$ArrayItr                                    : loaded 2 times (x 93B)
Class com.google.common.collect.ImmutableCollection$Builder                           : loaded 2 times (x 72B)
Class com.google.common.base.Joiner                                                   : loaded 2 times (x 75B)
Class com.google.common.base.MoreObjects                                              : loaded 2 times (x 67B)
Class [Lorg.objectweb.asm.Type;                                                       : loaded 2 times (x 65B)
Class com.google.common.collect.Platform                                              : loaded 2 times (x 67B)
Class com.google.common.collect.UnmodifiableIterator                                  : loaded 2 times (x 76B)
Class org.gradle.internal.service.ServiceLocator                                      : loaded 2 times (x 66B)
Class com.google.common.base.Ascii                                                    : loaded 2 times (x 67B)
Class com.google.common.collect.SingletonImmutableBiMap                               : loaded 2 times (x 139B)
Class com.google.common.cache.LocalCache$1                                            : loaded 2 times (x 85B)
Class com.google.common.collect.AbstractMapEntry                                      : loaded 2 times (x 77B)
Class com.google.common.collect.AbstractSetMultimap                                   : loaded 2 times (x 170B)
Class com.google.common.collect.Sets$ImprovedAbstractSet                              : loaded 2 times (x 131B)
Class com.google.common.collect.ImmutableList$Builder                                 : loaded 2 times (x 73B)
Class com.google.common.cache.LocalCache$2                                            : loaded 2 times (x 138B)
Class com.google.common.collect.AbstractMultimap                                      : loaded 2 times (x 119B)
Class com.google.common.collect.ImmutableRangeSet$1                                   : loaded 2 times (x 205B)
Class com.google.common.util.concurrent.AbstractFuture$UnsafeAtomicHelper$1           : loaded 2 times (x 72B)
Class com.google.common.collect.RegularImmutableAsList                                : loaded 2 times (x 212B)
Class com.google.common.collect.Range                                                 : loaded 2 times (x 83B)
Class com.google.common.util.concurrent.AbstractFuture$Trusted                        : loaded 2 times (x 66B)
Class com.google.common.collect.Iterators                                             : loaded 2 times (x 67B)
Class com.google.common.base.CharMatcher$RangesMatcher                                : loaded 2 times (x 108B)
Class com.google.common.util.concurrent.UncheckedExecutionException                   : loaded 2 times (x 78B)
Class com.google.common.collect.Lists$StringAsImmutableList                           : loaded 2 times (x 203B)
Class org.gradle.kotlin.dsl.VersionCatalogAccessorsKt                                 : loaded 2 times (x 67B)
Class com.google.common.collect.ImmutableSortedSetFauxverideShim                      : loaded 2 times (x 143B)
Class com.google.common.base.CharMatcher$JavaLetterOrDigit                            : loaded 2 times (x 107B)
Class org.gradle.internal.InternalTransformer                                         : loaded 2 times (x 66B)
Class com.google.common.collect.AbstractMapBasedMultimap$KeySet$1                     : loaded 2 times (x 78B)
Class org.objectweb.asm.ClassWriter                                                   : loaded 2 times (x 102B)
Class com.google.common.cache.CacheLoader$UnsupportedLoadingOperationException        : loaded 2 times (x 78B)
Class com.google.common.base.CharMatcher$And                                          : loaded 2 times (x 108B)
Class org.gradle.internal.classloader.ClasspathUtil$1                                 : loaded 2 times (x 72B)
Class com.google.common.base.Objects                                                  : loaded 2 times (x 67B)
Class org.objectweb.asm.FieldVisitor                                                  : loaded 2 times (x 73B)
Class com.google.common.collect.IndexedImmutableSet                                   : loaded 2 times (x 146B)
Class com.google.common.collect.ImmutableMap$1                                        : loaded 2 times (x 77B)
Class com.google.common.collect.BiMap                                                 : loaded 2 times (x 66B)
Class org.gradle.api.internal.classpath.DefaultModuleRegistry$DefaultModule           : loaded 2 times (x 82B)
Class com.google.common.primitives.Ints                                               : loaded 2 times (x 67B)
Class com.google.common.collect.AbstractIterator                                      : loaded 2 times (x 78B)
Class com.google.common.math.MathPreconditions                                        : loaded 2 times (x 67B)
Class com.google.common.collect.RegularImmutableMap$KeySet                            : loaded 2 times (x 146B)
Class com.google.common.collect.ArrayListMultimapGwtSerializationDependencies         : loaded 2 times (x 168B)
Class com.google.common.collect.ObjectArrays                                          : loaded 2 times (x 67B)
Class com.google.common.collect.AbstractIndexedListIterator                           : loaded 2 times (x 92B)
Class com.google.common.collect.ImmutableMapEntrySet                                  : loaded 2 times (x 147B)
Class org.gradle.api.internal.classpath.Module                                        : loaded 2 times (x 66B)
Class com.google.common.cache.Weigher                                                 : loaded 2 times (x 66B)
Class org.gradle.api.internal.classpath.UnknownModuleException                        : loaded 2 times (x 78B)
Class com.google.common.base.Stopwatch                                                : loaded 2 times (x 68B)
Class com.google.common.cache.LocalCache$Strength                                     : loaded 2 times (x 77B)
Class com.google.common.cache.Cache                                                   : loaded 2 times (x 66B)
Class com.google.common.util.concurrent.AbstractFuture$Cancellation                   : loaded 2 times (x 68B)
Class com.google.common.collect.ImmutableMap$Builder                                  : loaded 2 times (x 78B)
Class com.google.common.base.NullnessCasts                                            : loaded 2 times (x 67B)
Class com.google.common.collect.AbstractMapBasedMultimap$WrappedCollection$WrappedIterator: loaded 2 times (x 80B)
Class com.google.common.cache.RemovalListener                                         : loaded 2 times (x 66B)
Class org.gradle.api.internal.DefaultClassPathRegistry                                : loaded 2 times (x 72B)
Class com.google.common.primitives.IntsMethodsForWeb                                  : loaded 2 times (x 67B)
Class com.google.common.collect.Multimap                                              : loaded 2 times (x 66B)
Class org.gradle.api.internal.ClassPathRegistry                                       : loaded 2 times (x 66B)
Class org.gradle.internal.classpath.DefaultClassPath$ImmutableUniqueList              : loaded 2 times (x 195B)
Class com.google.common.base.ExtraObjectsMethodsForWeb                                : loaded 2 times (x 67B)
Class com.google.common.base.Equivalence$Identity                                     : loaded 2 times (x 78B)
Class com.google.common.cache.CacheBuilder                                            : loaded 2 times (x 68B)
Class com.google.common.collect.SingletonImmutableList                                : loaded 2 times (x 203B)
Class Settings_gradle$1                                                               : loaded 2 times (x 70B)
Class org.gradle.internal.classpath.ClassPath                                         : loaded 2 times (x 66B)
Class org.gradle.api.UncheckedIOException                                             : loaded 2 times (x 78B)
Class com.google.common.collect.ImmutableList$ReverseImmutableList                    : loaded 2 times (x 204B)
Class com.google.common.base.JdkPattern                                               : loaded 2 times (x 71B)
Class org.objectweb.asm.SymbolTable$Entry                                             : loaded 2 times (x 70B)
Class com.google.common.util.concurrent.AbstractFuture$AtomicHelper                   : loaded 2 times (x 74B)
Class org.objectweb.asm.Edge                                                          : loaded 2 times (x 68B)
Class com.google.common.base.Suppliers$SupplierOfInstance                             : loaded 2 times (x 75B)
Class com.google.common.collect.Iterators$1                                           : loaded 2 times (x 77B)
Class com.google.common.cache.LocalCache$ComputingValueReference                      : loaded 2 times (x 92B)
Class com.google.common.collect.SingletonImmutableSet                                 : loaded 2 times (x 142B)
Class com.google.common.collect.ImmutableMap$IteratorBasedImmutableMap                : loaded 2 times (x 121B)
Class com.google.common.cache.LocalCache$Segment                                      : loaded 2 times (x 150B)
Class com.google.common.collect.SortedIterable                                        : loaded 2 times (x 66B)
Class [Lorg.objectweb.asm.SymbolTable$Entry;                                          : loaded 2 times (x 65B)
Class com.google.common.cache.CacheLoader                                             : loaded 2 times (x 70B)
Class com.google.common.collect.Iterators$4                                           : loaded 2 times (x 78B)
Class com.google.common.collect.ImmutableBiMap                                        : loaded 2 times (x 139B)
Class com.google.common.collect.AbstractListMultimap                                  : loaded 2 times (x 168B)
Class org.gradle.internal.installation.GradleInstallation$1                           : loaded 2 times (x 71B)
Class org.gradle.api.internal.classpath.ModuleRegistry                                : loaded 2 times (x 66B)
Class com.google.common.util.concurrent.internal.InternalFutureFailureAccess          : loaded 2 times (x 68B)
Class com.google.common.collect.Iterators$5                                           : loaded 2 times (x 78B)
Class com.google.common.collect.ImmutableSet$JdkBackedSetBuilderImpl                  : loaded 2 times (x 72B)
Class com.google.common.base.Splitter$SplittingIterator                               : loaded 2 times (x 80B)
Class com.google.common.io.Closer$SuppressingSuppressor                               : loaded 2 times (x 71B)
Class com.google.common.util.concurrent.AbstractFuture$UnsafeAtomicHelper             : loaded 2 times (x 74B)
Class com.google.common.cache.LocalCache$LocalManualCache$1                           : loaded 2 times (x 71B)
Class com.google.common.base.CharMatcher$ForPredicate                                 : loaded 2 times (x 108B)
Class com.google.common.collect.Multimaps$CustomSetMultimap                           : loaded 2 times (x 174B)
Class com.google.common.collect.ImmutableCollection                                   : loaded 2 times (x 121B)
Class com.google.common.base.CharMatcher$AnyOf                                        : loaded 2 times (x 108B)
Class org.gradle.api.internal.classpath.DefaultModuleRegistry                         : loaded 2 times (x 82B)
Class com.google.common.util.concurrent.ListenableFuture                              : loaded 2 times (x 66B)
Class com.google.common.cache.ReferenceEntry                                          : loaded 2 times (x 66B)
Class com.google.common.collect.ImmutableSet$CachingAsList                            : loaded 2 times (x 143B)
Class com.google.common.base.Converter                                                : loaded 2 times (x 86B)
Class com.google.common.collect.Lists                                                 : loaded 2 times (x 67B)
Class com.google.common.base.CharMatcher$Any                                          : loaded 2 times (x 108B)
Class com.google.common.util.concurrent.AbstractFuture                                : loaded 2 times (x 102B)
Class com.google.common.base.FunctionalEquivalence                                    : loaded 2 times (x 79B)
Class com.google.common.collect.Iterators$9                                           : loaded 2 times (x 77B)
Class com.google.common.collect.AbstractMapBasedMultimap                              : loaded 2 times (x 135B)
Class com.google.common.collect.ImmutableAsList                                       : loaded 2 times (x 205B)
Class org.objectweb.asm.RecordComponentVisitor                                        : loaded 2 times (x 73B)
Class com.google.common.cache.CacheLoader$SupplierToCacheLoader                       : loaded 2 times (x 71B)
Class com.google.common.collect.Maps$EntryTransformer                                 : loaded 2 times (x 66B)
Class org.gradle.internal.service.ServiceLookupException                              : loaded 2 times (x 78B)
Class com.google.common.collect.ImmutableSortedSet                                    : loaded 2 times (x 295B)
Class [Lcom.google.common.cache.LocalCache$EntryFactory;                              : loaded 2 times (x 65B)
Class com.google.common.base.CharMatcher$JavaLetter                                   : loaded 2 times (x 107B)
Class org.gradle.internal.classloader.ClassLoaderFactory                              : loaded 2 times (x 66B)
Class com.google.common.cache.LocalCache$LocalManualCache                             : loaded 2 times (x 95B)
Class com.google.common.base.CharMatcher$IsNot                                        : loaded 2 times (x 107B)
Class com.google.common.base.CommonPattern                                            : loaded 2 times (x 70B)
Class org.gradle.internal.service.CachingServiceLocator                               : loaded 2 times (x 78B)
Class com.google.common.collect.AbstractMapBasedMultimap$KeySet                       : loaded 2 times (x 133B)
Class com.google.common.collect.RegularImmutableSortedSet                             : loaded 2 times (x 295B)
Class com.google.common.math.IntMath                                                  : loaded 2 times (x 67B)
Class com.google.common.collect.Iterators$10                                          : loaded 2 times (x 77B)
Class com.google.common.collect.ImmutableMapEntry                                     : loaded 2 times (x 81B)
Class com.google.common.base.CharMatcher$JavaDigit                                    : loaded 2 times (x 107B)
Class com.google.common.base.Equivalence                                              : loaded 2 times (x 78B)
Class com.google.common.collect.ImmutableMapEntry$NonTerminalImmutableMapEntry        : loaded 2 times (x 81B)
Class com.google.common.base.Function                                                 : loaded 2 times (x 66B)
Class com.google.common.collect.IndexedImmutableSet$1                                 : loaded 2 times (x 208B)
Class com.google.common.cache.CacheBuilder$OneWeigher                                 : loaded 2 times (x 78B)
Class com.google.common.collect.RegularImmutableList                                  : loaded 2 times (x 208B)
Class com.google.common.collect.ImmutableBiMapFauxverideShim                          : loaded 2 times (x 116B)
Class org.gradle.internal.classloader.ClasspathUtil                                   : loaded 2 times (x 67B)
Class com.google.common.base.Charsets                                                 : loaded 2 times (x 67B)
Class com.google.common.util.concurrent.Uninterruptibles                              : loaded 2 times (x 67B)
Class com.google.common.collect.AbstractMapBasedMultimap$WrappedSet                   : loaded 2 times (x 138B)
Class com.google.common.collect.Maps                                                  : loaded 2 times (x 67B)
Class com.google.common.base.CharMatcher$JavaUpperCase                                : loaded 2 times (x 107B)
Class org.gradle.api.specs.Spec                                                       : loaded 2 times (x 66B)
Class [Lcom.google.common.collect.ImmutableEntry;                                     : loaded 2 times (x 65B)
Class com.google.common.cache.LocalCache$LoadingValueReference                        : loaded 2 times (x 92B)
Class com.google.common.collect.Multiset                                              : loaded 2 times (x 66B)
Class com.google.common.base.Platform                                                 : loaded 2 times (x 67B)
Class [Lorg.objectweb.asm.AnnotationWriter;                                           : loaded 2 times (x 65B)
Class com.google.common.primitives.Ints$IntConverter                                  : loaded 2 times (x 86B)
Class com.google.common.collect.Maps$8                                                : loaded 2 times (x 78B)
Class com.google.common.collect.ImmutableRangeSet$Builder                             : loaded 2 times (x 73B)
Class com.google.common.collect.Sets$SetView                                          : loaded 2 times (x 134B)
Class com.google.common.cache.LocalCache$StrongValueReference                         : loaded 2 times (x 86B)
Class com.google.common.util.concurrent.AbstractFuture$SynchronizedHelper             : loaded 2 times (x 74B)
Class com.google.common.base.CharMatcher$Invisible                                    : loaded 2 times (x 108B)
Class org.objectweb.asm.Type                                                          : loaded 2 times (x 68B)
Class org.gradle.internal.classloader.VisitableURLClassLoader$InstrumentingVisitableURLClassLoader: loaded 2 times (x 119B)
Class org.objectweb.asm.ByteVector                                                    : loaded 2 times (x 75B)
Class [Lcom.google.common.cache.CacheBuilder$NullListener;                            : loaded 2 times (x 65B)
Class com.google.common.math.IntMath$1                                                : loaded 2 times (x 67B)
Class org.gradle.internal.classloader.VisitableURLClassLoader$Spec                    : loaded 2 times (x 70B)
Class org.gradle.internal.classpath.DefaultClassPath                                  : loaded 2 times (x 86B)
Class org.objectweb.asm.Symbol                                                        : loaded 2 times (x 69B)
Class com.google.common.base.AbstractIterator                                         : loaded 2 times (x 76B)
Class com.google.common.io.Closer                                                     : loaded 2 times (x 74B)
Class com.google.common.collect.ImmutableSet                                          : loaded 2 times (x 141B)
Class com.google.common.collect.RegularImmutableMap$Values                            : loaded 2 times (x 203B)
Class com.google.common.base.CharMatcher$BitSetMatcher                                : loaded 2 times (x 108B)
Class com.google.common.base.CharMatcher$Ascii                                        : loaded 2 times (x 108B)
Class org.gradle.internal.classloader.ClassLoaderSpec                                 : loaded 2 times (x 67B)
Class org.objectweb.asm.AnnotationWriter                                              : loaded 2 times (x 75B)
Class com.google.common.cache.CacheStats                                              : loaded 2 times (x 67B)
Class com.google.common.io.Closer$Suppressor                                          : loaded 2 times (x 66B)
Class org.objectweb.asm.RecordComponentWriter                                         : loaded 2 times (x 74B)
Class com.google.common.util.concurrent.AbstractFuture$Listener                       : loaded 2 times (x 68B)
Class com.google.common.base.CharMatcher$Or                                           : loaded 2 times (x 108B)
Class Settings_gradle$1$1                                                             : loaded 2 times (x 70B)
Class org.objectweb.asm.Attribute                                                     : loaded 2 times (x 73B)
Class com.google.common.base.Supplier                                                 : loaded 2 times (x 66B)
Class org.gradle.internal.classloader.VisitableURLClassLoader                         : loaded 2 times (x 113B)
Class com.google.common.util.concurrent.AbstractFuture$Waiter                         : loaded 2 times (x 68B)
Class Settings_gradle                                                                 : loaded 2 times (x 124B)
Class org.gradle.internal.Cast                                                        : loaded 2 times (x 67B)
Class org.gradle.api.Action                                                           : loaded 2 times (x 66B)
Class com.google.common.base.Strings                                                  : loaded 2 times (x 67B)
Class com.google.common.collect.Sets                                                  : loaded 2 times (x 67B)
Class org.objectweb.asm.Handler                                                       : loaded 2 times (x 68B)
Class com.google.common.base.Ticker                                                   : loaded 2 times (x 68B)
Class com.google.common.base.CharMatcher$FastMatcher                                  : loaded 2 times (x 107B)
Class [Lcom.google.common.cache.LocalCache$Segment;                                   : loaded 2 times (x 65B)
Class [Lcom.google.common.cache.LocalCache$Strength;                                  : loaded 2 times (x 65B)
Class com.google.common.cache.CacheBuilder$1                                          : loaded 2 times (x 81B)
Class com.google.common.collect.ImmutableMap                                          : loaded 2 times (x 116B)
Class com.google.common.base.Predicate                                                : loaded 2 times (x 66B)
Class org.gradle.internal.classpath.DefaultClassPath$ImmutableUniqueList$Builder      : loaded 2 times (x 71B)
Class com.google.common.collect.AbstractRangeSet                                      : loaded 2 times (x 110B)
Class com.google.common.cache.LocalCache                                              : loaded 2 times (x 183B)
Class com.google.common.cache.CacheBuilder$2                                          : loaded 2 times (x 68B)
Class com.google.common.base.CharMatcher$NegatedFastMatcher                           : loaded 2 times (x 109B)
Class [Lcom.google.common.collect.AbstractMapEntry;                                   : loaded 2 times (x 65B)
Class com.google.common.collect.ImmutableEntry                                        : loaded 2 times (x 78B)
Class com.google.common.collect.ArrayListMultimap                                     : loaded 2 times (x 168B)
Class com.google.common.base.AbstractIterator$1                                       : loaded 2 times (x 67B)
Class com.google.common.base.CharMatcher$Digit                                        : loaded 2 times (x 108B)
Class org.gradle.api.GradleException                                                  : loaded 2 times (x 78B)
Class com.google.common.base.Suppliers$MemoizingSupplier                              : loaded 2 times (x 75B)
Class com.google.common.collect.CollectPreconditions                                  : loaded 2 times (x 67B)
Class com.google.common.base.CharMatcher$JavaIsoControl                               : loaded 2 times (x 108B)
Class com.google.common.collect.SortedMapDifference                                   : loaded 2 times (x 66B)
Class com.google.common.base.CharMatcher$JavaLowerCase                                : loaded 2 times (x 107B)
Class com.google.common.cache.LocalCache$EntryFactory                                 : loaded 2 times (x 79B)
Class com.google.common.cache.LocalCache$AbstractReferenceEntry                       : loaded 2 times (x 103B)
Class com.google.common.base.Splitter$1$1                                             : loaded 2 times (x 82B)
Class com.google.common.base.CharMatcher$Whitespace                                   : loaded 2 times (x 108B)
Class org.gradle.internal.IoActions                                                   : loaded 2 times (x 67B)
Class com.google.common.collect.ImmutableRangeSet$ComplementRanges                    : loaded 2 times (x 203B)
Class org.objectweb.asm.SymbolTable                                                   : loaded 2 times (x 68B)
Class com.google.common.cache.CacheLoader$InvalidCacheLoadException                   : loaded 2 times (x 78B)
Class com.google.common.collect.ImmutableSet$RegularSetBuilderImpl                    : loaded 2 times (x 73B)
Class com.google.common.base.CharMatcher$SingleWidth                                  : loaded 2 times (x 108B)
Class org.gradle.internal.classloader.SystemClassLoaderSpec                           : loaded 2 times (x 67B)
Class com.google.common.cache.LocalCache$StrongEntry                                  : loaded 2 times (x 104B)
Class com.google.common.util.concurrent.AbstractFuture$TrustedFuture                  : loaded 2 times (x 110B)
Class com.google.common.cache.LoadingCache                                            : loaded 2 times (x 66B)
Class com.google.common.io.ByteStreams$LimitedInputStream                             : loaded 2 times (x 88B)
Class com.google.common.base.Suppliers$NonSerializableMemoizingSupplier               : loaded 2 times (x 75B)
Class org.objectweb.asm.MethodWriter                                                  : loaded 2 times (x 102B)
Class [Lcom.google.common.cache.Weigher;                                              : loaded 2 times (x 65B)
Class com.google.common.collect.RegularImmutableMap$BucketOverflowException           : loaded 2 times (x 78B)
Class com.google.common.collect.RegularImmutableBiMap                                 : loaded 2 times (x 144B)
Class com.google.common.cache.LocalCache$ValueReference                               : loaded 2 times (x 66B)
Class com.google.common.base.CharMatcher$Negated                                      : loaded 2 times (x 109B)
Class com.google.common.base.CharMatcher$Is                                           : loaded 2 times (x 107B)
Class com.google.common.hash.PrimitiveSink                                            : loaded 2 times (x 66B)
Class com.google.common.base.PatternCompiler                                          : loaded 2 times (x 66B)
Class com.google.common.util.concurrent.AbstractFuture$Failure                        : loaded 2 times (x 68B)
Class com.google.common.base.Equivalence$Equals                                       : loaded 2 times (x 78B)
Class com.google.common.collect.Hashing                                               : loaded 2 times (x 67B)
Class com.google.common.base.Preconditions                                            : loaded 2 times (x 67B)
Class com.google.common.base.Joiner$1                                                 : loaded 2 times (x 76B)
Class org.objectweb.asm.Label                                                         : loaded 2 times (x 69B)
Class org.objectweb.asm.CurrentFrame                                                  : loaded 2 times (x 69B)
Class org.objectweb.asm.ClassTooLargeException                                        : loaded 2 times (x 79B)
Class com.google.common.collect.PeekingIterator                                       : loaded 2 times (x 66B)
Class com.google.common.base.CharMatcher                                              : loaded 2 times (x 107B)
Class com.google.common.collect.Maps$IteratorBasedAbstractMap                         : loaded 2 times (x 121B)
Class com.google.common.collect.RangeGwtSerializationDependencies                     : loaded 2 times (x 67B)
Class com.google.common.base.Joiner$2                                                 : loaded 2 times (x 75B)
Class org.objectweb.asm.Frame                                                         : loaded 2 times (x 69B)
Class org.objectweb.asm.MethodVisitor                                                 : loaded 2 times (x 101B)
Class com.google.common.cache.LocalCache$EntryFactory$1                               : loaded 2 times (x 79B)
Class [Lcom.google.common.cache.RemovalListener;                                      : loaded 2 times (x 65B)
Class com.google.common.base.CharMatcher$1                                            : loaded 2 times (x 109B)
Class com.google.common.base.CharMatcher$NamedFastMatcher                             : loaded 2 times (x 108B)
Class com.google.common.collect.RangeSet                                              : loaded 2 times (x 66B)
Class com.google.common.cache.LocalCache$EntryFactory$2                               : loaded 2 times (x 79B)
Class org.gradle.api.internal.classpath.GlobalCacheRootsProvider                      : loaded 2 times (x 66B)
Class com.google.common.collect.Multimaps                                             : loaded 2 times (x 67B)
Class com.google.common.collect.CollectCollectors                                     : loaded 2 times (x 67B)
Class org.objectweb.asm.ModuleWriter                                                  : loaded 2 times (x 78B)
Class com.google.common.cache.LocalCache$EntryFactory$3                               : loaded 2 times (x 79B)
Class com.google.common.base.Ticker$1                                                 : loaded 2 times (x 68B)
Class com.google.common.collect.ImmutableMapEntrySet$RegularEntrySet                  : loaded 2 times (x 147B)
Class com.google.common.collect.Maps$BiMapConverter                                   : loaded 2 times (x 86B)
Class com.google.common.collect.SetMultimap                                           : loaded 2 times (x 66B)
Class com.google.common.cache.LocalCache$EntryFactory$4                               : loaded 2 times (x 79B)
Class com.google.common.collect.ImmutableSet$Builder                                  : loaded 2 times (x 81B)
Class com.google.common.base.CharMatcher$InRange                                      : loaded 2 times (x 107B)
Class com.google.common.io.ByteStreams$1                                              : loaded 2 times (x 81B)
Class com.google.common.cache.LocalCache$EntryFactory$5                               : loaded 2 times (x 79B)
Class com.google.common.base.PairwiseEquivalence                                      : loaded 2 times (x 79B)
Class com.google.common.cache.LocalCache$EntryFactory$6                               : loaded 2 times (x 79B)
Class org.gradle.internal.installation.CurrentGradleInstallationLocator               : loaded 2 times (x 67B)
Class com.google.common.collect.Maps$KeySet                                           : loaded 2 times (x 133B)
Class com.google.common.cache.LocalCache$EntryFactory$7                               : loaded 2 times (x 79B)
Class com.google.common.collect.ImmutableSet$EmptySetBuilderImpl                      : loaded 2 times (x 72B)
Class com.google.common.collect.ImmutableList                                         : loaded 2 times (x 202B)
Class org.gradle.internal.service.DefaultServiceLocator                               : loaded 2 times (x 79B)
Class com.google.common.cache.LocalCache$EntryFactory$8                               : loaded 2 times (x 79B)
Class com.google.common.collect.ImmutableSet$SetBuilderImpl                           : loaded 2 times (x 72B)
Class org.gradle.internal.installation.CurrentGradleInstallation                      : loaded 2 times (x 69B)
Class com.google.common.cache.CacheLoader$1                                           : loaded 2 times (x 71B)
Class com.google.common.collect.ForwardingObject                                      : loaded 2 times (x 68B)
Class com.google.common.collect.ImmutableList$SubList                                 : loaded 2 times (x 204B)
Class org.gradle.util.internal.GUtil                                                  : loaded 2 times (x 67B)
Class com.google.common.util.concurrent.AbstractFuture$SetFuture                      : loaded 2 times (x 71B)
Class com.google.common.cache.AbstractCache$StatsCounter                              : loaded 2 times (x 66B)
Class com.google.common.collect.Iterators$MergingIterator                             : loaded 2 times (x 77B)
Class com.google.common.collect.RegularImmutableSet                                   : loaded 2 times (x 144B)
Class org.gradle.internal.installation.GradleInstallation                             : loaded 2 times (x 71B)
Class com.google.common.collect.Iterables                                             : loaded 2 times (x 67B)
Class com.google.common.base.Splitter$Strategy                                        : loaded 2 times (x 66B)

---------------  S Y S T E M  ---------------

OS:
 Windows 11 , 64 bit Build 26100 (10.0.26100.7309)
OS uptime: 0 days 9:52 hours
Hyper-V role detected

CPU: total 12 (initial active 12) (6 cores per cpu, 2 threads per core) family 6 model 154 stepping 4 microcode 0x437, cx8, cmov, fxsr, ht, mmx, 3dnowpref, sse, sse2, sse3, ssse3, sse4.1, sse4.2, popcnt, lzcnt, tsc, tscinvbit, avx, avx2, aes, erms, clmul, bmi1, bmi2, adx, sha, fma, vzeroupper, clflush, clflushopt, clwb, hv, serialize, rdtscp, rdpid, fsrm, f16c, cet_ibt, cet_ss
Processor Information for all 12 processors :
  Max Mhz: 1300, Current Mhz: 1300, Mhz Limit: 1300

Memory: 4k page, system-wide physical 16016M (1797M free)
TotalPageFile size 25771M (AvailPageFile size 54M)
current process WorkingSet (physical memory assigned to process): 839M, peak: 839M
current process commit charge ("private bytes"): 1003M, peak: 1022M

vm_info: OpenJDK 64-Bit Server VM (21.0.4+-12508038-b607.1) for windows-amd64 JRE (21.0.4+-12508038-b607.1), built on 2024-10-16T17:23:34Z by "builder" with MS VC++ 16.10 / 16.11 (VS2019)

END.
