#
# There is insufficient memory for the Java Runtime Environment to continue.
# Native memory allocation (malloc) failed to allocate 1095088 bytes. Error detail: Chunk::new
# Possible reasons:
#   The system is out of physical RAM or swap space
#   This process is running with CompressedOops enabled, and the Java Heap may be blocking the growth of the native heap
# Possible solutions:
#   Reduce memory load on the system
#   Increase physical memory or swap space
#   Check if swap backing store is full
#   Decrease Java heap size (-Xmx/-Xms)
#   Decrease number of Java threads
#   Decrease Java thread stack sizes (-Xss)
#   Set larger code cache with -XX:ReservedCodeCacheSize=
#   JVM is running with Zero Based Compressed Oops mode in which the Java heap is
#     placed in the first 32GB address space. The Java Heap base address is the
#     maximum limit for the native heap growth. Please use -XX:HeapBaseMinAddress
#     to set the Java Heap base and to place the Java Heap above 32GB virtual address.
# This output file may be truncated or incomplete.
#
#  Out of Memory Error (arena.cpp:168), pid=18668, tid=28516
#
# JRE version: OpenJDK Runtime Environment (21.0.4) (build 21.0.4+-12508038-b607.1)
# Java VM: OpenJDK 64-Bit Server VM (21.0.4+-12508038-b607.1, mixed mode, tiered, compressed oops, compressed class ptrs, g1 gc, windows-amd64)
# No core dump will be written. Minidumps are not enabled by default on client versions of Windows
#

---------------  S U M M A R Y ------------

Command Line: --add-opens=java.base/java.util=ALL-UNNAMED --add-opens=java.base/java.lang=ALL-UNNAMED --add-opens=java.base/java.lang.invoke=ALL-UNNAMED --add-opens=java.prefs/java.util.prefs=ALL-UNNAMED --add-exports=jdk.compiler/com.sun.tools.javac.api=ALL-UNNAMED --add-exports=jdk.compiler/com.sun.tools.javac.util=ALL-UNNAMED --add-opens=java.base/java.nio.charset=ALL-UNNAMED --add-opens=java.base/java.net=ALL-UNNAMED --add-opens=java.base/java.util.concurrent.atomic=ALL-UNNAMED -Xmx4096m -Dfile.encoding=UTF-8 -Duser.country=US -Duser.language=en -Duser.variant -javaagent:D:\.gradle\wrapper\dists\gradle-8.10.2-bin\a04bxjujx95o3nb99gddekhwo\gradle-8.10.2\lib\agents\gradle-instrumentation-agent-8.10.2.jar org.gradle.launcher.daemon.bootstrap.GradleDaemon 8.10.2

Host: 12th Gen Intel(R) Core(TM) i5-1235U, 12 cores, 15G,  Windows 11 , 64 bit Build 26100 (10.0.26100.7309)
Time: Mon Dec 15 13:14:57 2025 Sri Lanka Standard Time elapsed time: 18.046694 seconds (0d 0h 0m 18s)

---------------  T H R E A D  ---------------

Current thread (0x000002d77a3842a0):  JavaThread "C2 CompilerThread0" daemon [_thread_in_native, id=28516, stack(0x000000e02c500000,0x000000e02c600000) (1024K)]


Current CompileTask:
C2:  18046 15713       4       org.gradle.internal.snapshot.impl.DirectorySnapshotter$PathVisitor::doPostVisitDirectory (84 bytes)

Stack: [0x000000e02c500000,0x000000e02c600000]
Native frames: (J=compiled Java code, j=interpreted, Vv=VM code, C=native code)
V  [jvm.dll+0x6ce539]
V  [jvm.dll+0x85bf03]
V  [jvm.dll+0x85e45e]
V  [jvm.dll+0x85eb43]
V  [jvm.dll+0x27dd06]
V  [jvm.dll+0xbf9cd]
V  [jvm.dll+0xbff03]
V  [jvm.dll+0x3b4deb]
V  [jvm.dll+0x380f07]
V  [jvm.dll+0x38037a]
V  [jvm.dll+0x2473f2]
V  [jvm.dll+0x2469c1]
V  [jvm.dll+0x1c58a4]
V  [jvm.dll+0x255fec]
V  [jvm.dll+0x254536]
V  [jvm.dll+0x3efab6]
V  [jvm.dll+0x804418]
V  [jvm.dll+0x6cce0d]
C  [ucrtbase.dll+0x37b0]
C  [KERNEL32.DLL+0x2e8d7]
C  [ntdll.dll+0x8c53c]


---------------  P R O C E S S  ---------------

Threads class SMR info:
_java_thread_list=0x000002d704698020, length=173, elements={
0x000002d75dc1a000, 0x000002d77a35dc00, 0x000002d77a360670, 0x000002d77a3770d0,
0x000002d77a377b30, 0x000002d77a376080, 0x000002d77a382cd0, 0x000002d77a3842a0,
0x000002d77a384950, 0x000002d77a459b50, 0x000002d77a45bc20, 0x000002d77a45c940,
0x000002d77a45a1e0, 0x000002d77a45c2b0, 0x000002d77a45af00, 0x000002d77a45b590,
0x000002d77a4594c0, 0x000002d700513300, 0x000002d700512c70, 0x000002d7005153d0,
0x000002d700514d40, 0x000002d700516e10, 0x000002d700514020, 0x000002d700513990,
0x000002d7005160f0, 0x000002d7005174a0, 0x000002d700516780, 0x000002d7005146b0,
0x000002d70051a290, 0x000002d7005181c0, 0x000002d700518850, 0x000002d700518ee0,
0x000002d70340f870, 0x000002d70340ff00, 0x000002d703410590, 0x000002d70340d110,
0x000002d703412660, 0x000002d703411fd0, 0x000002d703411940, 0x000002d703410c20,
0x000002d7034112b0, 0x000002d704f16550, 0x000002d704f16be0, 0x000002d704f15830,
0x000002d704f15ec0, 0x000002d704f17270, 0x000002d704f17f90, 0x000002d704f18620,
0x000002d704f151a0, 0x000002d704f199d0, 0x000002d704f1a6f0, 0x000002d704f18cb0,
0x000002d704f19340, 0x000002d704f1ad80, 0x000002d704f1a060, 0x000002d704f17900,
0x000002d704f1b410, 0x000002d704f1baa0, 0x000002d704f1c130, 0x000002d704f1c7c0,
0x000002d704edb2f0, 0x000002d704eda5d0, 0x000002d704edc6a0, 0x000002d704edb980,
0x000002d704edc010, 0x000002d705f121f0, 0x000002d705f12f10, 0x000002d705f16a20,
0x000002d7056d5d80, 0x000002d7056db610, 0x000002d702a7fe60, 0x000002d702a7dd90,
0x000002d702a7e420, 0x000002d702a7d700, 0x000002d702a7eab0, 0x000002d702a7f140,
0x000002d702a7f7d0, 0x000002d705f14fe0, 0x000002d705f14950, 0x000002d77a6307d0,
0x000002d77a62ed90, 0x000002d702ef32d0, 0x000002d702ef1f20, 0x000002d702ef04e0,
0x000002d702eefe50, 0x000002d702ef4680, 0x000002d702ef53a0, 0x000002d702ef5a30,
0x000002d702ef25b0, 0x000002d702ef60c0, 0x000002d702ef2c40, 0x000002d702ef6de0,
0x000002d702ef6750, 0x000002d702ef7470, 0x000002d70340e4c0, 0x000002d7066cce50,
0x000002d7066cc7c0, 0x000002d7066cc130, 0x000002d7066c99d0, 0x000002d7066cd4e0,
0x000002d7066ca6f0, 0x000002d7066cb410, 0x000002d7066cdb70, 0x000002d7066ce200,
0x000002d7066cad80, 0x000002d7066d0ff0, 0x000002d7066ce890, 0x000002d7066cef20,
0x000002d7066cf5b0, 0x000002d7066cfc40, 0x000002d7066d02d0, 0x000002d7066d0960,
0x000002d702ef4d10, 0x000002d702ef3ff0, 0x000002d702a7d070, 0x000002d7064c3500,
0x000002d7064c0da0, 0x000002d7064c0710, 0x000002d7064c2e70, 0x000002d7064c1ac0,
0x000002d7064c3b90, 0x000002d7064c2150, 0x000002d7064c4220, 0x000002d7064c48b0,
0x000002d7064c1430, 0x000002d7064c4f40, 0x000002d7064c27e0, 0x000002d7064c55d0,
0x000002d7064c7010, 0x000002d7064c62f0, 0x000002d7064c6980, 0x000002d7064c5c60,
0x000002d703007d50, 0x000002d70300b1d0, 0x000002d70300a4b0, 0x000002d70300b860,
0x000002d70300ab40, 0x000002d7030083e0, 0x000002d70300bef0, 0x000002d703008a70,
0x000002d70300cc10, 0x000002d703009790, 0x000002d70300fa00, 0x000002d703010720,
0x000002d703010090, 0x000002d70300ece0, 0x000002d70300d2a0, 0x000002d703010db0,
0x000002d70300d930, 0x000002d703011440, 0x000002d7030148c0, 0x000002d703013510,
0x000002d703013ba0, 0x000002d703012e80, 0x000002d703012160, 0x000002d703011ad0,
0x000002d703014230, 0x000002d703014f50, 0x000002d7030155e0, 0x000002d703015c70,
0x000002d7030127f0, 0x000002d703016300, 0x000002d703016990, 0x000002d703017020,
0x000002d7064c76a0, 0x000002d704d758c0, 0x000002d704d75f50, 0x000002d704d77300,
0x000002d704d75230, 0x000002d704d74ba0, 0x000002d704d73e80, 0x000002d704d76c70,
0x000002d704d77990
}

Java Threads: ( => current thread )
  0x000002d75dc1a000 JavaThread "main"                              [_thread_blocked, id=14344, stack(0x000000e02b700000,0x000000e02b800000) (1024K)]
  0x000002d77a35dc00 JavaThread "Reference Handler"          daemon [_thread_blocked, id=29140, stack(0x000000e02bf00000,0x000000e02c000000) (1024K)]
  0x000002d77a360670 JavaThread "Finalizer"                  daemon [_thread_blocked, id=18016, stack(0x000000e02c000000,0x000000e02c100000) (1024K)]
  0x000002d77a3770d0 JavaThread "Signal Dispatcher"          daemon [_thread_blocked, id=24864, stack(0x000000e02c100000,0x000000e02c200000) (1024K)]
  0x000002d77a377b30 JavaThread "Attach Listener"            daemon [_thread_blocked, id=30420, stack(0x000000e02c200000,0x000000e02c300000) (1024K)]
  0x000002d77a376080 JavaThread "Service Thread"             daemon [_thread_blocked, id=5940, stack(0x000000e02c300000,0x000000e02c400000) (1024K)]
  0x000002d77a382cd0 JavaThread "Monitor Deflation Thread"   daemon [_thread_blocked, id=25912, stack(0x000000e02c400000,0x000000e02c500000) (1024K)]
=>0x000002d77a3842a0 JavaThread "C2 CompilerThread0"         daemon [_thread_in_native, id=28516, stack(0x000000e02c500000,0x000000e02c600000) (1024K)]
  0x000002d77a384950 JavaThread "C1 CompilerThread0"         daemon [_thread_blocked, id=18320, stack(0x000000e02c600000,0x000000e02c700000) (1024K)]
  0x000002d77a459b50 JavaThread "Common-Cleaner"             daemon [_thread_blocked, id=27072, stack(0x000000e02c700000,0x000000e02c800000) (1024K)]
  0x000002d77a45bc20 JavaThread "Notification Thread"        daemon [_thread_blocked, id=29340, stack(0x000000e02c800000,0x000000e02c900000) (1024K)]
  0x000002d77a45c940 JavaThread "Daemon health stats"               [_thread_blocked, id=18032, stack(0x000000e02d000000,0x000000e02d100000) (1024K)]
  0x000002d77a45a1e0 JavaThread "Incoming local TCP Connector on port 62943"        [_thread_in_native, id=17504, stack(0x000000e02d100000,0x000000e02d200000) (1024K)]
  0x000002d77a45c2b0 JavaThread "Daemon periodic checks"            [_thread_blocked, id=32156, stack(0x000000e02d600000,0x000000e02d700000) (1024K)]
  0x000002d77a45af00 JavaThread "Daemon"                            [_thread_blocked, id=15212, stack(0x000000e02d700000,0x000000e02d800000) (1024K)]
  0x000002d77a45b590 JavaThread "Handler for socket connection from /127.0.0.1:62943 to /127.0.0.1:62944"        [_thread_in_native, id=31512, stack(0x000000e02d800000,0x000000e02d900000) (1024K)]
  0x000002d77a4594c0 JavaThread "Cancel handler"                    [_thread_blocked, id=6600, stack(0x000000e02d900000,0x000000e02da00000) (1024K)]
  0x000002d700513300 JavaThread "Daemon worker"                     [_thread_blocked, id=18396, stack(0x000000e02da00000,0x000000e02db00000) (1024K)]
  0x000002d700512c70 JavaThread "Asynchronous log dispatcher for DefaultDaemonConnection: socket connection from /127.0.0.1:62943 to /127.0.0.1:62944"        [_thread_blocked, id=17068, stack(0x000000e02db00000,0x000000e02dc00000) (1024K)]
  0x000002d7005153d0 JavaThread "Stdin handler"                     [_thread_blocked, id=6016, stack(0x000000e02dc00000,0x000000e02dd00000) (1024K)]
  0x000002d700514d40 JavaThread "Daemon client event forwarder"        [_thread_blocked, id=26232, stack(0x000000e02dd00000,0x000000e02de00000) (1024K)]
  0x000002d700516e10 JavaThread "Cache worker for journal cache (D:\.gradle\caches\journal-1)"        [_thread_blocked, id=32868, stack(0x000000e02e000000,0x000000e02e100000) (1024K)]
  0x000002d700514020 JavaThread "File lock request listener"        [_thread_in_native, id=31000, stack(0x000000e02e100000,0x000000e02e200000) (1024K)]
  0x000002d700513990 JavaThread "Cache worker for file hash cache (D:\.gradle\caches\8.10.2\fileHashes)"        [_thread_in_Java, id=22888, stack(0x000000e02ca00000,0x000000e02cb00000) (1024K)]
  0x000002d7005160f0 JavaThread "Cache worker for file hash cache (D:\Diploma\Final Project\FixMate\.gradle\8.10.2\fileHashes)"        [_thread_blocked, id=24444, stack(0x000000e02e300000,0x000000e02e400000) (1024K)]
  0x000002d7005174a0 JavaThread "Cache worker for Build Output Cleanup Cache (D:\Diploma\Final Project\FixMate\.gradle\buildOutputCleanup)"        [_thread_blocked, id=22028, stack(0x000000e02e400000,0x000000e02e500000) (1024K)]
  0x000002d700516780 JavaThread "File watcher server"        daemon [_thread_in_native, id=26116, stack(0x000000e02e500000,0x000000e02e600000) (1024K)]
  0x000002d7005146b0 JavaThread "File watcher consumer"      daemon [_thread_blocked, id=14584, stack(0x000000e02e600000,0x000000e02e700000) (1024K)]
  0x000002d70051a290 JavaThread "Cache worker for checksums cache (D:\Diploma\Final Project\FixMate\.gradle\8.10.2\checksums)"        [_thread_blocked, id=31232, stack(0x000000e02e700000,0x000000e02e800000) (1024K)]
  0x000002d7005181c0 JavaThread "Cache worker for file content cache (D:\.gradle\caches\8.10.2\fileContent)"        [_thread_blocked, id=6504, stack(0x000000e02e800000,0x000000e02e900000) (1024K)]
  0x000002d700518850 JavaThread "Cache worker for cache directory md-rule (D:\.gradle\caches\8.10.2\md-rule)"        [_thread_blocked, id=1876, stack(0x000000e02e900000,0x000000e02ea00000) (1024K)]
  0x000002d700518ee0 JavaThread "Cache worker for cache directory md-supplier (D:\.gradle\caches\8.10.2\md-supplier)"        [_thread_blocked, id=29096, stack(0x000000e02ea00000,0x000000e02eb00000) (1024K)]
  0x000002d70340f870 JavaThread "Unconstrained build operations"        [_thread_in_Java, id=13416, stack(0x000000e02eb00000,0x000000e02ec00000) (1024K)]
  0x000002d70340ff00 JavaThread "Unconstrained build operations Thread 2"        [_thread_blocked, id=16276, stack(0x000000e02ec00000,0x000000e02ed00000) (1024K)]
  0x000002d703410590 JavaThread "Unconstrained build operations Thread 3"        [_thread_blocked, id=23720, stack(0x000000e02ed00000,0x000000e02ee00000) (1024K)]
  0x000002d70340d110 JavaThread "Unconstrained build operations Thread 4"        [_thread_blocked, id=5452, stack(0x000000e02ee00000,0x000000e02ef00000) (1024K)]
  0x000002d703412660 JavaThread "Unconstrained build operations Thread 5"        [_thread_blocked, id=18616, stack(0x000000e02ef00000,0x000000e02f000000) (1024K)]
  0x000002d703411fd0 JavaThread "Unconstrained build operations Thread 6"        [_thread_blocked, id=18564, stack(0x000000e02f000000,0x000000e02f100000) (1024K)]
  0x000002d703411940 JavaThread "Unconstrained build operations Thread 7"        [_thread_in_native, id=11068, stack(0x000000e02f100000,0x000000e02f200000) (1024K)]
  0x000002d703410c20 JavaThread "Unconstrained build operations Thread 8"        [_thread_blocked, id=19928, stack(0x000000e02f200000,0x000000e02f300000) (1024K)]
  0x000002d7034112b0 JavaThread "Unconstrained build operations Thread 9"        [_thread_blocked, id=23160, stack(0x000000e02f300000,0x000000e02f400000) (1024K)]
  0x000002d704f16550 JavaThread "Unconstrained build operations Thread 10"        [_thread_blocked, id=18764, stack(0x000000e02f400000,0x000000e02f500000) (1024K)]
  0x000002d704f16be0 JavaThread "Unconstrained build operations Thread 11"        [_thread_blocked, id=24912, stack(0x000000e02f500000,0x000000e02f600000) (1024K)]
  0x000002d704f15830 JavaThread "Unconstrained build operations Thread 12"        [_thread_blocked, id=10220, stack(0x000000e02f600000,0x000000e02f700000) (1024K)]
  0x000002d704f15ec0 JavaThread "Unconstrained build operations Thread 13"        [_thread_blocked, id=16164, stack(0x000000e02f700000,0x000000e02f800000) (1024K)]
  0x000002d704f17270 JavaThread "Unconstrained build operations Thread 14"        [_thread_blocked, id=28272, stack(0x000000e02f800000,0x000000e02f900000) (1024K)]
  0x000002d704f17f90 JavaThread "Unconstrained build operations Thread 15"        [_thread_blocked, id=19168, stack(0x000000e02f900000,0x000000e02fa00000) (1024K)]
  0x000002d704f18620 JavaThread "Unconstrained build operations Thread 16"        [_thread_blocked, id=30344, stack(0x000000e02fa00000,0x000000e02fb00000) (1024K)]
  0x000002d704f151a0 JavaThread "Unconstrained build operations Thread 17"        [_thread_blocked, id=21156, stack(0x000000e02fb00000,0x000000e02fc00000) (1024K)]
  0x000002d704f199d0 JavaThread "Unconstrained build operations Thread 18"        [_thread_blocked, id=20752, stack(0x000000e02fc00000,0x000000e02fd00000) (1024K)]
  0x000002d704f1a6f0 JavaThread "Unconstrained build operations Thread 19"        [_thread_blocked, id=15588, stack(0x000000e02fd00000,0x000000e02fe00000) (1024K)]
  0x000002d704f18cb0 JavaThread "Unconstrained build operations Thread 20"        [_thread_blocked, id=23336, stack(0x000000e02fe00000,0x000000e02ff00000) (1024K)]
  0x000002d704f19340 JavaThread "Unconstrained build operations Thread 21"        [_thread_blocked, id=25152, stack(0x000000e02ff00000,0x000000e030000000) (1024K)]
  0x000002d704f1ad80 JavaThread "Unconstrained build operations Thread 22"        [_thread_blocked, id=19124, stack(0x000000e030000000,0x000000e030100000) (1024K)]
  0x000002d704f1a060 JavaThread "Unconstrained build operations Thread 23"        [_thread_blocked, id=22240, stack(0x000000e030100000,0x000000e030200000) (1024K)]
  0x000002d704f17900 JavaThread "Unconstrained build operations Thread 24"        [_thread_blocked, id=26256, stack(0x000000e030200000,0x000000e030300000) (1024K)]
  0x000002d704f1b410 JavaThread "Unconstrained build operations Thread 25"        [_thread_blocked, id=9096, stack(0x000000e030300000,0x000000e030400000) (1024K)]
  0x000002d704f1baa0 JavaThread "Unconstrained build operations Thread 26"        [_thread_blocked, id=22112, stack(0x000000e030400000,0x000000e030500000) (1024K)]
  0x000002d704f1c130 JavaThread "Unconstrained build operations Thread 27"        [_thread_blocked, id=21348, stack(0x000000e030500000,0x000000e030600000) (1024K)]
  0x000002d704f1c7c0 JavaThread "Unconstrained build operations Thread 28"        [_thread_blocked, id=24296, stack(0x000000e030600000,0x000000e030700000) (1024K)]
  0x000002d704edb2f0 JavaThread "Unconstrained build operations Thread 29"        [_thread_blocked, id=25768, stack(0x000000e030700000,0x000000e030800000) (1024K)]
  0x000002d704eda5d0 JavaThread "Unconstrained build operations Thread 30"        [_thread_blocked, id=4580, stack(0x000000e030800000,0x000000e030900000) (1024K)]
  0x000002d704edc6a0 JavaThread "Unconstrained build operations Thread 31"        [_thread_blocked, id=32812, stack(0x000000e030900000,0x000000e030a00000) (1024K)]
  0x000002d704edb980 JavaThread "Unconstrained build operations Thread 32"        [_thread_blocked, id=19732, stack(0x000000e030a00000,0x000000e030b00000) (1024K)]
  0x000002d704edc010 JavaThread "Unconstrained build operations Thread 33"        [_thread_blocked, id=7748, stack(0x000000e030b00000,0x000000e030c00000) (1024K)]
  0x000002d705f121f0 JavaThread "build event listener"              [_thread_blocked, id=29512, stack(0x000000e02e200000,0x000000e02e300000) (1024K)]
  0x000002d705f12f10 JavaThread "Memory manager"                    [_thread_blocked, id=18200, stack(0x000000e030c00000,0x000000e030d00000) (1024K)]
  0x000002d705f16a20 JavaThread "build event listener"              [_thread_blocked, id=18104, stack(0x000000e030d00000,0x000000e030e00000) (1024K)]
  0x000002d7056d5d80 JavaThread "C2 CompilerThread1"         daemon [_thread_in_native, id=28096, stack(0x000000e02c900000,0x000000e02ca00000) (1024K)]
  0x000002d7056db610 JavaThread "C2 CompilerThread2"         daemon [_thread_in_native, id=26748, stack(0x000000e030e00000,0x000000e030f00000) (1024K)]
  0x000002d702a7fe60 JavaThread "pool-3-thread-1"                   [_thread_blocked, id=23288, stack(0x000000e030f00000,0x000000e031000000) (1024K)]
  0x000002d702a7dd90 JavaThread "build event listener"              [_thread_blocked, id=21332, stack(0x000000e031000000,0x000000e031100000) (1024K)]
  0x000002d702a7e420 JavaThread "included builds"                   [_thread_blocked, id=5352, stack(0x000000e031100000,0x000000e031200000) (1024K)]
  0x000002d702a7d700 JavaThread "Execution worker"                  [_thread_blocked, id=20840, stack(0x000000e031200000,0x000000e031300000) (1024K)]
  0x000002d702a7eab0 JavaThread "Execution worker Thread 2"         [_thread_blocked, id=4784, stack(0x000000e031300000,0x000000e031400000) (1024K)]
  0x000002d702a7f140 JavaThread "Execution worker Thread 3"         [_thread_blocked, id=32568, stack(0x000000e031400000,0x000000e031500000) (1024K)]
  0x000002d702a7f7d0 JavaThread "Execution worker Thread 4"         [_thread_blocked, id=22524, stack(0x000000e031500000,0x000000e031600000) (1024K)]
  0x000002d705f14fe0 JavaThread "Execution worker Thread 5"         [_thread_blocked, id=27712, stack(0x000000e031600000,0x000000e031700000) (1024K)]
  0x000002d705f14950 JavaThread "Execution worker Thread 6"         [_thread_blocked, id=5052, stack(0x000000e031700000,0x000000e031800000) (1024K)]
  0x000002d77a6307d0 JavaThread "Execution worker Thread 7"         [_thread_blocked, id=23448, stack(0x000000e031800000,0x000000e031900000) (1024K)]
  0x000002d77a62ed90 JavaThread "Execution worker Thread 8"         [_thread_in_Java, id=11880, stack(0x000000e031900000,0x000000e031a00000) (1024K)]
  0x000002d702ef32d0 JavaThread "Execution worker Thread 9"         [_thread_blocked, id=28412, stack(0x000000e031a00000,0x000000e031b00000) (1024K)]
  0x000002d702ef1f20 JavaThread "Execution worker Thread 10"        [_thread_blocked, id=5572, stack(0x000000e031b00000,0x000000e031c00000) (1024K)]
  0x000002d702ef04e0 JavaThread "Execution worker Thread 11"        [_thread_blocked, id=4224, stack(0x000000e031c00000,0x000000e031d00000) (1024K)]
  0x000002d702eefe50 JavaThread "Cache worker for execution history cache (D:\Diploma\Final Project\FixMate\.gradle\8.10.2\executionHistory)"        [_thread_blocked, id=31700, stack(0x000000e031d00000,0x000000e031e00000) (1024K)]
  0x000002d702ef4680 JavaThread "Unconstrained build operations Thread 34"        [_thread_blocked, id=22048, stack(0x000000e031e00000,0x000000e031f00000) (1024K)]
  0x000002d702ef53a0 JavaThread "Unconstrained build operations Thread 35"        [_thread_blocked, id=15512, stack(0x000000e031f00000,0x000000e032000000) (1024K)]
  0x000002d702ef5a30 JavaThread "Unconstrained build operations Thread 36"        [_thread_blocked, id=9560, stack(0x000000e032000000,0x000000e032100000) (1024K)]
  0x000002d702ef25b0 JavaThread "Unconstrained build operations Thread 37"        [_thread_blocked, id=26692, stack(0x000000e032100000,0x000000e032200000) (1024K)]
  0x000002d702ef60c0 JavaThread "Unconstrained build operations Thread 38"        [_thread_blocked, id=5160, stack(0x000000e032200000,0x000000e032300000) (1024K)]
  0x000002d702ef2c40 JavaThread "Unconstrained build operations Thread 39"        [_thread_blocked, id=13032, stack(0x000000e032300000,0x000000e032400000) (1024K)]
  0x000002d702ef6de0 JavaThread "Unconstrained build operations Thread 40"        [_thread_blocked, id=28140, stack(0x000000e032400000,0x000000e032500000) (1024K)]
  0x000002d702ef6750 JavaThread "Unconstrained build operations Thread 41"        [_thread_blocked, id=29700, stack(0x000000e032500000,0x000000e032600000) (1024K)]
  0x000002d702ef7470 JavaThread "Unconstrained build operations Thread 42"        [_thread_blocked, id=24712, stack(0x000000e032600000,0x000000e032700000) (1024K)]
  0x000002d70340e4c0 JavaThread "Unconstrained build operations Thread 43"        [_thread_blocked, id=24384, stack(0x000000e032700000,0x000000e032800000) (1024K)]
  0x000002d7066cce50 JavaThread "Unconstrained build operations Thread 44"        [_thread_blocked, id=29896, stack(0x000000e032800000,0x000000e032900000) (1024K)]
  0x000002d7066cc7c0 JavaThread "Unconstrained build operations Thread 45"        [_thread_blocked, id=15296, stack(0x000000e032900000,0x000000e032a00000) (1024K)]
  0x000002d7066cc130 JavaThread "Unconstrained build operations Thread 46"        [_thread_blocked, id=7484, stack(0x000000e032a00000,0x000000e032b00000) (1024K)]
  0x000002d7066c99d0 JavaThread "Unconstrained build operations Thread 47"        [_thread_blocked, id=21204, stack(0x000000e032b00000,0x000000e032c00000) (1024K)]
  0x000002d7066cd4e0 JavaThread "Unconstrained build operations Thread 48"        [_thread_blocked, id=20960, stack(0x000000e032c00000,0x000000e032d00000) (1024K)]
  0x000002d7066ca6f0 JavaThread "Unconstrained build operations Thread 49"        [_thread_blocked, id=21592, stack(0x000000e032d00000,0x000000e032e00000) (1024K)]
  0x000002d7066cb410 JavaThread "Unconstrained build operations Thread 50"        [_thread_blocked, id=12868, stack(0x000000e032e00000,0x000000e032f00000) (1024K)]
  0x000002d7066cdb70 JavaThread "Unconstrained build operations Thread 51"        [_thread_blocked, id=17404, stack(0x000000e032f00000,0x000000e033000000) (1024K)]
  0x000002d7066ce200 JavaThread "Unconstrained build operations Thread 52"        [_thread_blocked, id=22336, stack(0x000000e033000000,0x000000e033100000) (1024K)]
  0x000002d7066cad80 JavaThread "Unconstrained build operations Thread 53"        [_thread_blocked, id=2964, stack(0x000000e033100000,0x000000e033200000) (1024K)]
  0x000002d7066d0ff0 JavaThread "Unconstrained build operations Thread 54"        [_thread_blocked, id=27844, stack(0x000000e033200000,0x000000e033300000) (1024K)]
  0x000002d7066ce890 JavaThread "Unconstrained build operations Thread 55"        [_thread_blocked, id=29172, stack(0x000000e033300000,0x000000e033400000) (1024K)]
  0x000002d7066cef20 JavaThread "Unconstrained build operations Thread 56"        [_thread_blocked, id=14476, stack(0x000000e033400000,0x000000e033500000) (1024K)]
  0x000002d7066cf5b0 JavaThread "Unconstrained build operations Thread 57"        [_thread_blocked, id=21476, stack(0x000000e033500000,0x000000e033600000) (1024K)]
  0x000002d7066cfc40 JavaThread "Unconstrained build operations Thread 58"        [_thread_blocked, id=29724, stack(0x000000e033600000,0x000000e033700000) (1024K)]
  0x000002d7066d02d0 JavaThread "Unconstrained build operations Thread 59"        [_thread_blocked, id=33168, stack(0x000000e033700000,0x000000e033800000) (1024K)]
  0x000002d7066d0960 JavaThread "Unconstrained build operations Thread 60"        [_thread_blocked, id=23548, stack(0x000000e033800000,0x000000e033900000) (1024K)]
  0x000002d702ef4d10 JavaThread "Unconstrained build operations Thread 61"        [_thread_blocked, id=30012, stack(0x000000e033900000,0x000000e033a00000) (1024K)]
  0x000002d702ef3ff0 JavaThread "Unconstrained build operations Thread 62"        [_thread_blocked, id=4640, stack(0x000000e033a00000,0x000000e033b00000) (1024K)]
  0x000002d702a7d070 JavaThread "Unconstrained build operations Thread 63"        [_thread_blocked, id=11924, stack(0x000000e033b00000,0x000000e033c00000) (1024K)]
  0x000002d7064c3500 JavaThread "Unconstrained build operations Thread 64"        [_thread_blocked, id=9720, stack(0x000000e033c00000,0x000000e033d00000) (1024K)]
  0x000002d7064c0da0 JavaThread "Unconstrained build operations Thread 65"        [_thread_blocked, id=7976, stack(0x000000e033d00000,0x000000e033e00000) (1024K)]
  0x000002d7064c0710 JavaThread "Unconstrained build operations Thread 66"        [_thread_blocked, id=11904, stack(0x000000e033e00000,0x000000e033f00000) (1024K)]
  0x000002d7064c2e70 JavaThread "Unconstrained build operations Thread 67"        [_thread_blocked, id=8256, stack(0x000000e033f00000,0x000000e034000000) (1024K)]
  0x000002d7064c1ac0 JavaThread "Unconstrained build operations Thread 68"        [_thread_blocked, id=25468, stack(0x000000e034000000,0x000000e034100000) (1024K)]
  0x000002d7064c3b90 JavaThread "Unconstrained build operations Thread 69"        [_thread_blocked, id=21776, stack(0x000000e034100000,0x000000e034200000) (1024K)]
  0x000002d7064c2150 JavaThread "Unconstrained build operations Thread 70"        [_thread_blocked, id=23848, stack(0x000000e034200000,0x000000e034300000) (1024K)]
  0x000002d7064c4220 JavaThread "Unconstrained build operations Thread 71"        [_thread_blocked, id=22644, stack(0x000000e034300000,0x000000e034400000) (1024K)]
  0x000002d7064c48b0 JavaThread "Unconstrained build operations Thread 72"        [_thread_blocked, id=18680, stack(0x000000e034400000,0x000000e034500000) (1024K)]
  0x000002d7064c1430 JavaThread "Unconstrained build operations Thread 73"        [_thread_blocked, id=8548, stack(0x000000e034500000,0x000000e034600000) (1024K)]
  0x000002d7064c4f40 JavaThread "Unconstrained build operations Thread 74"        [_thread_blocked, id=12696, stack(0x000000e034600000,0x000000e034700000) (1024K)]
  0x000002d7064c27e0 JavaThread "Unconstrained build operations Thread 75"        [_thread_blocked, id=4228, stack(0x000000e034700000,0x000000e034800000) (1024K)]
  0x000002d7064c55d0 JavaThread "Unconstrained build operations Thread 76"        [_thread_blocked, id=32488, stack(0x000000e034800000,0x000000e034900000) (1024K)]
  0x000002d7064c7010 JavaThread "Unconstrained build operations Thread 77"        [_thread_blocked, id=5968, stack(0x000000e034900000,0x000000e034a00000) (1024K)]
  0x000002d7064c62f0 JavaThread "Unconstrained build operations Thread 78"        [_thread_blocked, id=18980, stack(0x000000e034a00000,0x000000e034b00000) (1024K)]
  0x000002d7064c6980 JavaThread "Unconstrained build operations Thread 79"        [_thread_blocked, id=21060, stack(0x000000e034b00000,0x000000e034c00000) (1024K)]
  0x000002d7064c5c60 JavaThread "Unconstrained build operations Thread 80"        [_thread_blocked, id=31336, stack(0x000000e034c00000,0x000000e034d00000) (1024K)]
  0x000002d703007d50 JavaThread "WorkerExecutor Queue"              [_thread_blocked, id=31912, stack(0x000000e034d00000,0x000000e034e00000) (1024K)]
  0x000002d70300b1d0 JavaThread "Unconstrained build operations Thread 81"        [_thread_blocked, id=30672, stack(0x000000e034e00000,0x000000e034f00000) (1024K)]
  0x000002d70300a4b0 JavaThread "Unconstrained build operations Thread 82"        [_thread_blocked, id=23868, stack(0x000000e034f00000,0x000000e035000000) (1024K)]
  0x000002d70300b860 JavaThread "Unconstrained build operations Thread 83"        [_thread_blocked, id=19972, stack(0x000000e035000000,0x000000e035100000) (1024K)]
  0x000002d70300ab40 JavaThread "Unconstrained build operations Thread 84"        [_thread_blocked, id=9084, stack(0x000000e035100000,0x000000e035200000) (1024K)]
  0x000002d7030083e0 JavaThread "Unconstrained build operations Thread 85"        [_thread_blocked, id=30072, stack(0x000000e035200000,0x000000e035300000) (1024K)]
  0x000002d70300bef0 JavaThread "Unconstrained build operations Thread 86"        [_thread_blocked, id=26780, stack(0x000000e035300000,0x000000e035400000) (1024K)]
  0x000002d703008a70 JavaThread "Unconstrained build operations Thread 87"        [_thread_blocked, id=16708, stack(0x000000e035400000,0x000000e035500000) (1024K)]
  0x000002d70300cc10 JavaThread "Unconstrained build operations Thread 88"        [_thread_blocked, id=21148, stack(0x000000e035500000,0x000000e035600000) (1024K)]
  0x000002d703009790 JavaThread "Unconstrained build operations Thread 89"        [_thread_blocked, id=7136, stack(0x000000e035600000,0x000000e035700000) (1024K)]
  0x000002d70300fa00 JavaThread "Unconstrained build operations Thread 90"        [_thread_blocked, id=20588, stack(0x000000e035700000,0x000000e035800000) (1024K)]
  0x000002d703010720 JavaThread "Unconstrained build operations Thread 91"        [_thread_blocked, id=15304, stack(0x000000e035800000,0x000000e035900000) (1024K)]
  0x000002d703010090 JavaThread "Unconstrained build operations Thread 92"        [_thread_blocked, id=5032, stack(0x000000e035900000,0x000000e035a00000) (1024K)]
  0x000002d70300ece0 JavaThread "Unconstrained build operations Thread 93"        [_thread_blocked, id=11364, stack(0x000000e035a00000,0x000000e035b00000) (1024K)]
  0x000002d70300d2a0 JavaThread "Unconstrained build operations Thread 94"        [_thread_blocked, id=32588, stack(0x000000e035b00000,0x000000e035c00000) (1024K)]
  0x000002d703010db0 JavaThread "Unconstrained build operations Thread 95"        [_thread_blocked, id=24548, stack(0x000000e035c00000,0x000000e035d00000) (1024K)]
  0x000002d70300d930 JavaThread "Unconstrained build operations Thread 96"        [_thread_blocked, id=21984, stack(0x000000e035d00000,0x000000e035e00000) (1024K)]
  0x000002d703011440 JavaThread "Unconstrained build operations Thread 97"        [_thread_blocked, id=25536, stack(0x000000e035e00000,0x000000e035f00000) (1024K)]
  0x000002d7030148c0 JavaThread "Unconstrained build operations Thread 98"        [_thread_blocked, id=15024, stack(0x000000e035f00000,0x000000e036000000) (1024K)]
  0x000002d703013510 JavaThread "Unconstrained build operations Thread 99"        [_thread_blocked, id=20392, stack(0x000000e036000000,0x000000e036100000) (1024K)]
  0x000002d703013ba0 JavaThread "Unconstrained build operations Thread 100"        [_thread_blocked, id=7140, stack(0x000000e036100000,0x000000e036200000) (1024K)]
  0x000002d703012e80 JavaThread "Unconstrained build operations Thread 101"        [_thread_blocked, id=11640, stack(0x000000e036200000,0x000000e036300000) (1024K)]
  0x000002d703012160 JavaThread "Unconstrained build operations Thread 102"        [_thread_blocked, id=10424, stack(0x000000e036300000,0x000000e036400000) (1024K)]
  0x000002d703011ad0 JavaThread "Unconstrained build operations Thread 103"        [_thread_blocked, id=18800, stack(0x000000e036400000,0x000000e036500000) (1024K)]
  0x000002d703014230 JavaThread "Unconstrained build operations Thread 104"        [_thread_blocked, id=14472, stack(0x000000e036500000,0x000000e036600000) (1024K)]
  0x000002d703014f50 JavaThread "Unconstrained build operations Thread 105"        [_thread_blocked, id=13168, stack(0x000000e036600000,0x000000e036700000) (1024K)]
  0x000002d7030155e0 JavaThread "Unconstrained build operations Thread 106"        [_thread_blocked, id=18868, stack(0x000000e036700000,0x000000e036800000) (1024K)]
  0x000002d703015c70 JavaThread "Unconstrained build operations Thread 107"        [_thread_blocked, id=27160, stack(0x000000e036800000,0x000000e036900000) (1024K)]
  0x000002d7030127f0 JavaThread "Unconstrained build operations Thread 108"        [_thread_blocked, id=15944, stack(0x000000e036900000,0x000000e036a00000) (1024K)]
  0x000002d703016300 JavaThread "Unconstrained build operations Thread 109"        [_thread_blocked, id=32364, stack(0x000000e036a00000,0x000000e036b00000) (1024K)]
  0x000002d703016990 JavaThread "Unconstrained build operations Thread 110"        [_thread_blocked, id=16436, stack(0x000000e036b00000,0x000000e036c00000) (1024K)]
  0x000002d703017020 JavaThread "Unconstrained build operations Thread 111"        [_thread_blocked, id=13944, stack(0x000000e036c00000,0x000000e036d00000) (1024K)]
  0x000002d7064c76a0 JavaThread "Unconstrained build operations Thread 112"        [_thread_blocked, id=22704, stack(0x000000e036d00000,0x000000e036e00000) (1024K)]
  0x000002d704d758c0 JavaThread "Unconstrained build operations Thread 113"        [_thread_blocked, id=23324, stack(0x000000e036e00000,0x000000e036f00000) (1024K)]
  0x000002d704d75f50 JavaThread "Unconstrained build operations Thread 114"        [_thread_blocked, id=17076, stack(0x000000e036f00000,0x000000e037000000) (1024K)]
  0x000002d704d77300 JavaThread "Unconstrained build operations Thread 115"        [_thread_blocked, id=33632, stack(0x000000e037000000,0x000000e037100000) (1024K)]
  0x000002d704d75230 JavaThread "Unconstrained build operations Thread 116"        [_thread_blocked, id=15048, stack(0x000000e037100000,0x000000e037200000) (1024K)]
  0x000002d704d74ba0 JavaThread "Unconstrained build operations Thread 117"        [_thread_in_native, id=1248, stack(0x000000e037200000,0x000000e037300000) (1024K)]
  0x000002d704d73e80 JavaThread "Unconstrained build operations Thread 118"        [_thread_blocked, id=11900, stack(0x000000e037300000,0x000000e037400000) (1024K)]
  0x000002d704d76c70 JavaThread "Unconstrained build operations Thread 119"        [_thread_in_Java, id=10844, stack(0x000000e037400000,0x000000e037500000) (1024K)]
  0x000002d704d77990 JavaThread "Unconstrained build operations Thread 120"        [_thread_in_native, id=25752, stack(0x000000e037500000,0x000000e037600000) (1024K)]
Total: 173

Other Threads:
  0x000002d75dbf1110 VMThread "VM Thread"                           [id=31696, stack(0x000000e02be00000,0x000000e02bf00000) (1024K)]
  0x000002d77a1508a0 WatcherThread "VM Periodic Task Thread"        [id=27944, stack(0x000000e02bd00000,0x000000e02be00000) (1024K)]
  0x000002d75dbf0d70 WorkerThread "GC Thread#0"                     [id=19744, stack(0x000000e02b800000,0x000000e02b900000) (1024K)]
  0x000002d75dbf14b0 WorkerThread "GC Thread#1"                     [id=16996, stack(0x000000e02cb00000,0x000000e02cc00000) (1024K)]
  0x000002d75dbf0290 WorkerThread "GC Thread#2"                     [id=18848, stack(0x000000e02cc00000,0x000000e02cd00000) (1024K)]
  0x000002d75dbefb50 WorkerThread "GC Thread#3"                     [id=20060, stack(0x000000e02cd00000,0x000000e02ce00000) (1024K)]
  0x000002d77aaecfc0 WorkerThread "GC Thread#4"                     [id=22120, stack(0x000000e02ce00000,0x000000e02cf00000) (1024K)]
  0x000002d77aaef400 WorkerThread "GC Thread#5"                     [id=16424, stack(0x000000e02cf00000,0x000000e02d000000) (1024K)]
  0x000002d77aaed700 WorkerThread "GC Thread#6"                     [id=1256, stack(0x000000e02d200000,0x000000e02d300000) (1024K)]
  0x000002d77aaeecc0 WorkerThread "GC Thread#7"                     [id=10760, stack(0x000000e02d300000,0x000000e02d400000) (1024K)]
  0x000002d77aaed360 WorkerThread "GC Thread#8"                     [id=26340, stack(0x000000e02d400000,0x000000e02d500000) (1024K)]
  0x000002d77aaedaa0 WorkerThread "GC Thread#9"                     [id=352, stack(0x000000e02d500000,0x000000e02d600000) (1024K)]
  0x000002d75ff08840 ConcurrentGCThread "G1 Main Marker"            [id=16160, stack(0x000000e02b900000,0x000000e02ba00000) (1024K)]
  0x000002d75dbefef0 WorkerThread "G1 Conc#0"                       [id=14480, stack(0x000000e02ba00000,0x000000e02bb00000) (1024K)]
  0x000002d77aaecc20 WorkerThread "G1 Conc#1"                       [id=30124, stack(0x000000e02de00000,0x000000e02df00000) (1024K)]
  0x000002d77aaee580 WorkerThread "G1 Conc#2"                       [id=23732, stack(0x000000e02df00000,0x000000e02e000000) (1024K)]
  0x000002d75ff4ea80 ConcurrentGCThread "G1 Refine#0"               [id=19424, stack(0x000000e02bb00000,0x000000e02bc00000) (1024K)]
  0x000002d77a0235f0 ConcurrentGCThread "G1 Service"                [id=32740, stack(0x000000e02bc00000,0x000000e02bd00000) (1024K)]
Total: 18

Threads with active compile tasks:
C2 CompilerThread0    18089 15713       4       org.gradle.internal.snapshot.impl.DirectorySnapshotter$PathVisitor::doPostVisitDirectory (84 bytes)
C2 CompilerThread1    18089 15712       4       org.gradle.internal.snapshot.impl.DirectorySnapshotterStatistics$CollectingFileVisitor::postVisitDirectory (10 bytes)
C2 CompilerThread2    18089 15742   !   4       java.nio.file.Files::walkFileTree (297 bytes)
Total: 3

VM state: not at safepoint (normal execution)

VM Mutex/Monitor currently owned by a thread: None

Heap address: 0x0000000700000000, size: 4096 MB, Compressed Oops mode: Zero based, Oop shift amount: 3

CDS archive(s) not mapped
Compressed class space mapped at: 0x0000000800000000-0x0000000840000000, reserved size: 1073741824
Narrow klass base: 0x0000000800000000, Narrow klass shift: 0, Narrow klass range: 0x40000000

GC Precious Log:
 CardTable entry size: 512
 Card Set container configuration: InlinePtr #cards 4 size 8 Array Of Cards #cards 16 size 48 Howl #buckets 8 coarsen threshold 3686 Howl Bitmap #cards 512 size 80 coarsen threshold 460 Card regions per heap region 1 cards per card region 4096
 CPUs: 12 total, 12 available
 Memory: 16016M
 Large Page Support: Disabled
 NUMA Support: Disabled
 Compressed Oops: Enabled (Zero based)
 Heap Region Size: 2M
 Heap Min Capacity: 8M
 Heap Initial Capacity: 252M
 Heap Max Capacity: 4G
 Pre-touch: Disabled
 Parallel Workers: 10
 Concurrent Workers: 3
 Concurrent Refinement Workers: 10
 Periodic GC: Disabled

Heap:
 garbage-first heap   total 274432K, used 178731K [0x0000000700000000, 0x0000000800000000)
  region size 2048K, 30 young (61440K), 7 survivors (14336K)
 Metaspace       used 121294K, committed 123520K, reserved 1179648K
  class space    used 16304K, committed 17408K, reserved 1048576K

Heap Regions: E=young(eden), S=young(survivor), O=old, HS=humongous(starts), HC=humongous(continues), CS=collection set, F=free, TAMS=top-at-mark-start, PB=parsable bottom
|   0|0x0000000700000000, 0x0000000700200000, 0x0000000700200000|100%|HS|  |TAMS 0x0000000700000000| PB 0x0000000700000000| Complete 
|   1|0x0000000700200000, 0x0000000700400000, 0x0000000700400000|100%|HC|  |TAMS 0x0000000700200000| PB 0x0000000700200000| Complete 
|   2|0x0000000700400000, 0x0000000700600000, 0x0000000700600000|100%| O|  |TAMS 0x0000000700400000| PB 0x0000000700400000| Untracked 
|   3|0x0000000700600000, 0x0000000700800000, 0x0000000700800000|100%| O|  |TAMS 0x0000000700600000| PB 0x0000000700600000| Untracked 
|   4|0x0000000700800000, 0x0000000700a00000, 0x0000000700a00000|100%| O|  |TAMS 0x0000000700800000| PB 0x0000000700800000| Untracked 
|   5|0x0000000700a00000, 0x0000000700c00000, 0x0000000700c00000|100%| O|  |TAMS 0x0000000700a00000| PB 0x0000000700a00000| Untracked 
|   6|0x0000000700c00000, 0x0000000700e00000, 0x0000000700e00000|100%| O|  |TAMS 0x0000000700c00000| PB 0x0000000700c00000| Untracked 
|   7|0x0000000700e00000, 0x0000000701000000, 0x0000000701000000|100%| O|  |TAMS 0x0000000700e00000| PB 0x0000000700e00000| Untracked 
|   8|0x0000000701000000, 0x0000000701200000, 0x0000000701200000|100%| O|  |TAMS 0x0000000701000000| PB 0x0000000701000000| Untracked 
|   9|0x0000000701200000, 0x0000000701400000, 0x0000000701400000|100%| O|  |TAMS 0x0000000701200000| PB 0x0000000701200000| Untracked 
|  10|0x0000000701400000, 0x0000000701600000, 0x0000000701600000|100%| O|  |TAMS 0x0000000701400000| PB 0x0000000701400000| Untracked 
|  11|0x0000000701600000, 0x0000000701800000, 0x0000000701800000|100%| O|  |TAMS 0x0000000701600000| PB 0x0000000701600000| Untracked 
|  12|0x0000000701800000, 0x0000000701a00000, 0x0000000701a00000|100%| O|  |TAMS 0x0000000701800000| PB 0x0000000701800000| Untracked 
|  13|0x0000000701a00000, 0x0000000701c00000, 0x0000000701c00000|100%| O|  |TAMS 0x0000000701a00000| PB 0x0000000701a00000| Untracked 
|  14|0x0000000701c00000, 0x0000000701e00000, 0x0000000701e00000|100%| O|  |TAMS 0x0000000701c00000| PB 0x0000000701c00000| Untracked 
|  15|0x0000000701e00000, 0x0000000702000000, 0x0000000702000000|100%| O|  |TAMS 0x0000000701e00000| PB 0x0000000701e00000| Untracked 
|  16|0x0000000702000000, 0x0000000702200000, 0x0000000702200000|100%| O|  |TAMS 0x0000000702000000| PB 0x0000000702000000| Untracked 
|  17|0x0000000702200000, 0x0000000702400000, 0x0000000702400000|100%| O|  |TAMS 0x0000000702200000| PB 0x0000000702200000| Untracked 
|  18|0x0000000702400000, 0x0000000702600000, 0x0000000702600000|100%| O|  |TAMS 0x0000000702400000| PB 0x0000000702400000| Untracked 
|  19|0x0000000702600000, 0x0000000702800000, 0x0000000702800000|100%| O|  |TAMS 0x0000000702600000| PB 0x0000000702600000| Untracked 
|  20|0x0000000702800000, 0x0000000702a00000, 0x0000000702a00000|100%|HS|  |TAMS 0x0000000702800000| PB 0x0000000702800000| Complete 
|  21|0x0000000702a00000, 0x0000000702c00000, 0x0000000702c00000|100%|HS|  |TAMS 0x0000000702a00000| PB 0x0000000702a00000| Complete 
|  22|0x0000000702c00000, 0x0000000702e00000, 0x0000000702e00000|100%|HS|  |TAMS 0x0000000702c00000| PB 0x0000000702c00000| Complete 
|  23|0x0000000702e00000, 0x0000000703000000, 0x0000000703000000|100%|HC|  |TAMS 0x0000000702e00000| PB 0x0000000702e00000| Complete 
|  24|0x0000000703000000, 0x0000000703200000, 0x0000000703200000|100%| O|  |TAMS 0x0000000703000000| PB 0x0000000703000000| Untracked 
|  25|0x0000000703200000, 0x0000000703400000, 0x0000000703400000|100%| O|  |TAMS 0x0000000703200000| PB 0x0000000703200000| Untracked 
|  26|0x0000000703400000, 0x0000000703600000, 0x0000000703600000|100%| O|  |TAMS 0x0000000703400000| PB 0x0000000703400000| Untracked 
|  27|0x0000000703600000, 0x0000000703800000, 0x0000000703800000|100%| O|  |TAMS 0x0000000703600000| PB 0x0000000703600000| Untracked 
|  28|0x0000000703800000, 0x0000000703a00000, 0x0000000703a00000|100%|HS|  |TAMS 0x0000000703800000| PB 0x0000000703800000| Complete 
|  29|0x0000000703a00000, 0x0000000703c00000, 0x0000000703c00000|100%|HC|  |TAMS 0x0000000703a00000| PB 0x0000000703a00000| Complete 
|  30|0x0000000703c00000, 0x0000000703e00000, 0x0000000703e00000|100%| O|  |TAMS 0x0000000703c00000| PB 0x0000000703c00000| Untracked 
|  31|0x0000000703e00000, 0x0000000704000000, 0x0000000704000000|100%| O|  |TAMS 0x0000000703e00000| PB 0x0000000703e00000| Untracked 
|  32|0x0000000704000000, 0x0000000704200000, 0x0000000704200000|100%| O|  |TAMS 0x0000000704000000| PB 0x0000000704000000| Untracked 
|  33|0x0000000704200000, 0x0000000704400000, 0x0000000704400000|100%| O|  |TAMS 0x0000000704200000| PB 0x0000000704200000| Untracked 
|  34|0x0000000704400000, 0x0000000704600000, 0x0000000704600000|100%| O|  |TAMS 0x0000000704400000| PB 0x0000000704400000| Untracked 
|  35|0x0000000704600000, 0x0000000704800000, 0x0000000704800000|100%| O|  |TAMS 0x0000000704600000| PB 0x0000000704600000| Untracked 
|  36|0x0000000704800000, 0x0000000704800000, 0x0000000704a00000|  0%| F|  |TAMS 0x0000000704800000| PB 0x0000000704800000| Untracked 
|  37|0x0000000704a00000, 0x0000000704a00000, 0x0000000704c00000|  0%| F|  |TAMS 0x0000000704a00000| PB 0x0000000704a00000| Untracked 
|  38|0x0000000704c00000, 0x0000000704e00000, 0x0000000704e00000|100%| O|  |TAMS 0x0000000704c00000| PB 0x0000000704c00000| Untracked 
|  39|0x0000000704e00000, 0x0000000705000000, 0x0000000705000000|100%| O|  |TAMS 0x0000000704e00000| PB 0x0000000704e00000| Untracked 
|  40|0x0000000705000000, 0x0000000705200000, 0x0000000705200000|100%| O|  |TAMS 0x0000000705000000| PB 0x0000000705000000| Untracked 
|  41|0x0000000705200000, 0x0000000705400000, 0x0000000705400000|100%| O|  |TAMS 0x0000000705200000| PB 0x0000000705200000| Untracked 
|  42|0x0000000705400000, 0x0000000705600000, 0x0000000705600000|100%| O|  |TAMS 0x0000000705400000| PB 0x0000000705400000| Untracked 
|  43|0x0000000705600000, 0x0000000705800000, 0x0000000705800000|100%| O|  |TAMS 0x0000000705600000| PB 0x0000000705600000| Untracked 
|  44|0x0000000705800000, 0x0000000705a00000, 0x0000000705a00000|100%| O|  |TAMS 0x0000000705800000| PB 0x0000000705800000| Untracked 
|  45|0x0000000705a00000, 0x0000000705c00000, 0x0000000705c00000|100%| O|  |TAMS 0x0000000705a00000| PB 0x0000000705a00000| Untracked 
|  46|0x0000000705c00000, 0x0000000705e00000, 0x0000000705e00000|100%| O|  |TAMS 0x0000000705c00000| PB 0x0000000705c00000| Untracked 
|  47|0x0000000705e00000, 0x0000000706000000, 0x0000000706000000|100%| O|  |TAMS 0x0000000705e00000| PB 0x0000000705e00000| Untracked 
|  48|0x0000000706000000, 0x0000000706200000, 0x0000000706200000|100%| O|  |TAMS 0x0000000706000000| PB 0x0000000706000000| Untracked 
|  49|0x0000000706200000, 0x0000000706400000, 0x0000000706400000|100%| O|  |TAMS 0x0000000706200000| PB 0x0000000706200000| Untracked 
|  50|0x0000000706400000, 0x0000000706600000, 0x0000000706600000|100%| O|  |TAMS 0x0000000706400000| PB 0x0000000706400000| Untracked 
|  51|0x0000000706600000, 0x0000000706600000, 0x0000000706800000|  0%| F|  |TAMS 0x0000000706600000| PB 0x0000000706600000| Untracked 
|  52|0x0000000706800000, 0x0000000706a00000, 0x0000000706a00000|100%| O|  |TAMS 0x0000000706800000| PB 0x0000000706800000| Untracked 
|  53|0x0000000706a00000, 0x0000000706c00000, 0x0000000706c00000|100%| O|  |TAMS 0x0000000706a00000| PB 0x0000000706a00000| Untracked 
|  54|0x0000000706c00000, 0x0000000706e00000, 0x0000000706e00000|100%| O|  |TAMS 0x0000000706c00000| PB 0x0000000706c00000| Untracked 
|  55|0x0000000706e00000, 0x0000000707000000, 0x0000000707000000|100%| O|  |TAMS 0x0000000706e00000| PB 0x0000000706e00000| Untracked 
|  56|0x0000000707000000, 0x00000007071d7270, 0x0000000707200000| 92%| O|  |TAMS 0x0000000707000000| PB 0x0000000707000000| Untracked 
|  57|0x0000000707200000, 0x0000000707200000, 0x0000000707400000|  0%| F|  |TAMS 0x0000000707200000| PB 0x0000000707200000| Untracked 
|  58|0x0000000707400000, 0x0000000707400000, 0x0000000707600000|  0%| F|  |TAMS 0x0000000707400000| PB 0x0000000707400000| Untracked 
|  59|0x0000000707600000, 0x0000000707600000, 0x0000000707800000|  0%| F|  |TAMS 0x0000000707600000| PB 0x0000000707600000| Untracked 
|  60|0x0000000707800000, 0x00000007078b3ce0, 0x0000000707a00000| 35%| S|CS|TAMS 0x0000000707800000| PB 0x0000000707800000| Complete 
|  61|0x0000000707a00000, 0x0000000707c00000, 0x0000000707c00000|100%| S|CS|TAMS 0x0000000707a00000| PB 0x0000000707a00000| Complete 
|  62|0x0000000707c00000, 0x0000000707e00000, 0x0000000707e00000|100%| S|CS|TAMS 0x0000000707c00000| PB 0x0000000707c00000| Complete 
|  63|0x0000000707e00000, 0x0000000708000000, 0x0000000708000000|100%| S|CS|TAMS 0x0000000707e00000| PB 0x0000000707e00000| Complete 
|  64|0x0000000708000000, 0x0000000708200000, 0x0000000708200000|100%| S|CS|TAMS 0x0000000708000000| PB 0x0000000708000000| Complete 
|  65|0x0000000708200000, 0x0000000708200000, 0x0000000708400000|  0%| F|  |TAMS 0x0000000708200000| PB 0x0000000708200000| Untracked 
|  66|0x0000000708400000, 0x0000000708600000, 0x0000000708600000|100%| S|CS|TAMS 0x0000000708400000| PB 0x0000000708400000| Complete 
|  67|0x0000000708600000, 0x0000000708800000, 0x0000000708800000|100%| S|CS|TAMS 0x0000000708600000| PB 0x0000000708600000| Complete 
|  68|0x0000000708800000, 0x0000000708800000, 0x0000000708a00000|  0%| F|  |TAMS 0x0000000708800000| PB 0x0000000708800000| Untracked 
|  69|0x0000000708a00000, 0x0000000708a00000, 0x0000000708c00000|  0%| F|  |TAMS 0x0000000708a00000| PB 0x0000000708a00000| Untracked 
|  70|0x0000000708c00000, 0x0000000708c00000, 0x0000000708e00000|  0%| F|  |TAMS 0x0000000708c00000| PB 0x0000000708c00000| Untracked 
|  71|0x0000000708e00000, 0x0000000708e00000, 0x0000000709000000|  0%| F|  |TAMS 0x0000000708e00000| PB 0x0000000708e00000| Untracked 
|  72|0x0000000709000000, 0x0000000709000000, 0x0000000709200000|  0%| F|  |TAMS 0x0000000709000000| PB 0x0000000709000000| Untracked 
|  73|0x0000000709200000, 0x0000000709200000, 0x0000000709400000|  0%| F|  |TAMS 0x0000000709200000| PB 0x0000000709200000| Untracked 
|  74|0x0000000709400000, 0x0000000709400000, 0x0000000709600000|  0%| F|  |TAMS 0x0000000709400000| PB 0x0000000709400000| Untracked 
|  75|0x0000000709600000, 0x0000000709600000, 0x0000000709800000|  0%| F|  |TAMS 0x0000000709600000| PB 0x0000000709600000| Untracked 
|  76|0x0000000709800000, 0x0000000709800000, 0x0000000709a00000|  0%| F|  |TAMS 0x0000000709800000| PB 0x0000000709800000| Untracked 
|  77|0x0000000709a00000, 0x0000000709a00000, 0x0000000709c00000|  0%| F|  |TAMS 0x0000000709a00000| PB 0x0000000709a00000| Untracked 
|  78|0x0000000709c00000, 0x0000000709c00000, 0x0000000709e00000|  0%| F|  |TAMS 0x0000000709c00000| PB 0x0000000709c00000| Untracked 
|  79|0x0000000709e00000, 0x0000000709e00000, 0x000000070a000000|  0%| F|  |TAMS 0x0000000709e00000| PB 0x0000000709e00000| Untracked 
|  80|0x000000070a000000, 0x000000070a000000, 0x000000070a200000|  0%| F|  |TAMS 0x000000070a000000| PB 0x000000070a000000| Untracked 
|  81|0x000000070a200000, 0x000000070a200000, 0x000000070a400000|  0%| F|  |TAMS 0x000000070a200000| PB 0x000000070a200000| Untracked 
|  82|0x000000070a400000, 0x000000070a400000, 0x000000070a600000|  0%| F|  |TAMS 0x000000070a400000| PB 0x000000070a400000| Untracked 
|  83|0x000000070a600000, 0x000000070a600000, 0x000000070a800000|  0%| F|  |TAMS 0x000000070a600000| PB 0x000000070a600000| Untracked 
|  84|0x000000070a800000, 0x000000070a800000, 0x000000070aa00000|  0%| F|  |TAMS 0x000000070a800000| PB 0x000000070a800000| Untracked 
|  85|0x000000070aa00000, 0x000000070aa00000, 0x000000070ac00000|  0%| F|  |TAMS 0x000000070aa00000| PB 0x000000070aa00000| Untracked 
|  86|0x000000070ac00000, 0x000000070ac00000, 0x000000070ae00000|  0%| F|  |TAMS 0x000000070ac00000| PB 0x000000070ac00000| Untracked 
|  87|0x000000070ae00000, 0x000000070ae00000, 0x000000070b000000|  0%| F|  |TAMS 0x000000070ae00000| PB 0x000000070ae00000| Untracked 
|  88|0x000000070b000000, 0x000000070b000000, 0x000000070b200000|  0%| F|  |TAMS 0x000000070b000000| PB 0x000000070b000000| Untracked 
|  89|0x000000070b200000, 0x000000070b200000, 0x000000070b400000|  0%| F|  |TAMS 0x000000070b200000| PB 0x000000070b200000| Untracked 
|  90|0x000000070b400000, 0x000000070b400000, 0x000000070b600000|  0%| F|  |TAMS 0x000000070b400000| PB 0x000000070b400000| Untracked 
|  91|0x000000070b600000, 0x000000070b600000, 0x000000070b800000|  0%| F|  |TAMS 0x000000070b600000| PB 0x000000070b600000| Untracked 
|  92|0x000000070b800000, 0x000000070b800000, 0x000000070ba00000|  0%| F|  |TAMS 0x000000070b800000| PB 0x000000070b800000| Untracked 
|  93|0x000000070ba00000, 0x000000070ba00000, 0x000000070bc00000|  0%| F|  |TAMS 0x000000070ba00000| PB 0x000000070ba00000| Untracked 
|  94|0x000000070bc00000, 0x000000070bc00000, 0x000000070be00000|  0%| F|  |TAMS 0x000000070bc00000| PB 0x000000070bc00000| Untracked 
|  95|0x000000070be00000, 0x000000070be00000, 0x000000070c000000|  0%| F|  |TAMS 0x000000070be00000| PB 0x000000070be00000| Untracked 
|  96|0x000000070c000000, 0x000000070c000000, 0x000000070c200000|  0%| F|  |TAMS 0x000000070c000000| PB 0x000000070c000000| Untracked 
|  97|0x000000070c200000, 0x000000070c200000, 0x000000070c400000|  0%| F|  |TAMS 0x000000070c200000| PB 0x000000070c200000| Untracked 
|  98|0x000000070c400000, 0x000000070c400000, 0x000000070c600000|  0%| F|  |TAMS 0x000000070c400000| PB 0x000000070c400000| Untracked 
|  99|0x000000070c600000, 0x000000070c600000, 0x000000070c800000|  0%| F|  |TAMS 0x000000070c600000| PB 0x000000070c600000| Untracked 
| 100|0x000000070c800000, 0x000000070c800000, 0x000000070ca00000|  0%| F|  |TAMS 0x000000070c800000| PB 0x000000070c800000| Untracked 
| 101|0x000000070ca00000, 0x000000070ca00000, 0x000000070cc00000|  0%| F|  |TAMS 0x000000070ca00000| PB 0x000000070ca00000| Untracked 
| 102|0x000000070cc00000, 0x000000070cc00000, 0x000000070ce00000|  0%| F|  |TAMS 0x000000070cc00000| PB 0x000000070cc00000| Untracked 
| 103|0x000000070ce00000, 0x000000070ce00000, 0x000000070d000000|  0%| F|  |TAMS 0x000000070ce00000| PB 0x000000070ce00000| Untracked 
| 104|0x000000070d000000, 0x000000070d100bd8, 0x000000070d200000| 50%| E|  |TAMS 0x000000070d000000| PB 0x000000070d000000| Complete 
| 105|0x000000070d200000, 0x000000070d400000, 0x000000070d400000|100%| E|CS|TAMS 0x000000070d200000| PB 0x000000070d200000| Complete 
| 106|0x000000070d400000, 0x000000070d600000, 0x000000070d600000|100%| E|CS|TAMS 0x000000070d400000| PB 0x000000070d400000| Complete 
| 107|0x000000070d600000, 0x000000070d800000, 0x000000070d800000|100%| E|CS|TAMS 0x000000070d600000| PB 0x000000070d600000| Complete 
| 108|0x000000070d800000, 0x000000070da00000, 0x000000070da00000|100%| E|CS|TAMS 0x000000070d800000| PB 0x000000070d800000| Complete 
| 109|0x000000070da00000, 0x000000070dc00000, 0x000000070dc00000|100%| E|CS|TAMS 0x000000070da00000| PB 0x000000070da00000| Complete 
| 110|0x000000070dc00000, 0x000000070de00000, 0x000000070de00000|100%| E|CS|TAMS 0x000000070dc00000| PB 0x000000070dc00000| Complete 
| 111|0x000000070de00000, 0x000000070e000000, 0x000000070e000000|100%| E|CS|TAMS 0x000000070de00000| PB 0x000000070de00000| Complete 
| 112|0x000000070e000000, 0x000000070e200000, 0x000000070e200000|100%| E|CS|TAMS 0x000000070e000000| PB 0x000000070e000000| Complete 
| 113|0x000000070e200000, 0x000000070e400000, 0x000000070e400000|100%| E|  |TAMS 0x000000070e200000| PB 0x000000070e200000| Complete 
| 114|0x000000070e400000, 0x000000070e600000, 0x000000070e600000|100%| E|CS|TAMS 0x000000070e400000| PB 0x000000070e400000| Complete 
| 115|0x000000070e600000, 0x000000070e800000, 0x000000070e800000|100%| E|CS|TAMS 0x000000070e600000| PB 0x000000070e600000| Complete 
| 116|0x000000070e800000, 0x000000070ea00000, 0x000000070ea00000|100%| E|CS|TAMS 0x000000070e800000| PB 0x000000070e800000| Complete 
| 117|0x000000070ea00000, 0x000000070ec00000, 0x000000070ec00000|100%| E|CS|TAMS 0x000000070ea00000| PB 0x000000070ea00000| Complete 
| 118|0x000000070ec00000, 0x000000070ee00000, 0x000000070ee00000|100%| E|CS|TAMS 0x000000070ec00000| PB 0x000000070ec00000| Complete 
| 119|0x000000070ee00000, 0x000000070f000000, 0x000000070f000000|100%| E|CS|TAMS 0x000000070ee00000| PB 0x000000070ee00000| Complete 
| 120|0x000000070f000000, 0x000000070f200000, 0x000000070f200000|100%| E|CS|TAMS 0x000000070f000000| PB 0x000000070f000000| Complete 
| 121|0x000000070f200000, 0x000000070f400000, 0x000000070f400000|100%| E|CS|TAMS 0x000000070f200000| PB 0x000000070f200000| Complete 
| 122|0x000000070f400000, 0x000000070f600000, 0x000000070f600000|100%| E|CS|TAMS 0x000000070f400000| PB 0x000000070f400000| Complete 
| 123|0x000000070f600000, 0x000000070f800000, 0x000000070f800000|100%| E|CS|TAMS 0x000000070f600000| PB 0x000000070f600000| Complete 
| 124|0x000000070f800000, 0x000000070fa00000, 0x000000070fa00000|100%| E|CS|TAMS 0x000000070f800000| PB 0x000000070f800000| Complete 
| 125|0x000000070fa00000, 0x000000070fc00000, 0x000000070fc00000|100%| E|CS|TAMS 0x000000070fa00000| PB 0x000000070fa00000| Complete 
| 126|0x000000070fc00000, 0x000000070fe00000, 0x000000070fe00000|100%| E|CS|TAMS 0x000000070fc00000| PB 0x000000070fc00000| Complete 
|2041|0x00000007ff200000, 0x00000007ff400000, 0x00000007ff400000|100%| O|  |TAMS 0x00000007ff200000| PB 0x00000007ff200000| Untracked 
|2042|0x00000007ff400000, 0x00000007ff600000, 0x00000007ff600000|100%| O|  |TAMS 0x00000007ff400000| PB 0x00000007ff400000| Untracked 
|2043|0x00000007ff600000, 0x00000007ff800000, 0x00000007ff800000|100%| O|  |TAMS 0x00000007ff600000| PB 0x00000007ff600000| Untracked 
|2044|0x00000007ff800000, 0x00000007ffa00000, 0x00000007ffa00000|100%| O|  |TAMS 0x00000007ff800000| PB 0x00000007ff800000| Untracked 
|2045|0x00000007ffa00000, 0x00000007ffc00000, 0x00000007ffc00000|100%| E|CS|TAMS 0x00000007ffa00000| PB 0x00000007ffa00000| Complete 
|2046|0x00000007ffc00000, 0x00000007ffe00000, 0x00000007ffe00000|100%| O|  |TAMS 0x00000007ffc00000| PB 0x00000007ffc00000| Untracked 
|2047|0x00000007ffe00000, 0x0000000800000000, 0x0000000800000000|100%| O|  |TAMS 0x00000007ffe00000| PB 0x00000007ffe00000| Untracked 

Card table byte_map: [0x000002d772d20000,0x000002d773520000] _byte_map_base: 0x000002d76f520000

Marking Bits: (CMBitMap*) 0x000002d75fef7f60
 Bits: [0x000002d773520000, 0x000002d777520000)

Polling page: 0x000002d75e210000

Metaspace:

Usage:
  Non-class:    102.53 MB used.
      Class:     15.92 MB used.
       Both:    118.45 MB used.

Virtual space:
  Non-class space:      128.00 MB reserved,     103.62 MB ( 81%) committed,  2 nodes.
      Class space:        1.00 GB reserved,      17.00 MB (  2%) committed,  1 nodes.
             Both:        1.12 GB reserved,     120.62 MB ( 10%) committed. 

Chunk freelists:
   Non-Class:  8.41 MB
       Class:  14.90 MB
        Both:  23.31 MB

MaxMetaspaceSize: unlimited
CompressedClassSpaceSize: 1.00 GB
Initial GC threshold: 21.00 MB
Current GC threshold: 195.88 MB
CDS: off
 - commit_granule_bytes: 65536.
 - commit_granule_words: 8192.
 - virtual_space_node_default_size: 8388608.
 - enlarge_chunks_in_place: 1.
 - use_allocation_guard: 0.


Internal statistics:

num_allocs_failed_limit: 9.
num_arena_births: 4224.
num_arena_deaths: 0.
num_vsnodes_births: 3.
num_vsnodes_deaths: 0.
num_space_committed: 1929.
num_space_uncommitted: 0.
num_chunks_returned_to_freelist: 9.
num_chunks_taken_from_freelist: 9373.
num_chunk_merges: 9.
num_chunk_splits: 6134.
num_chunks_enlarged: 3863.
num_inconsistent_stats: 0.

CodeHeap 'non-profiled nmethods': size=120000Kb used=8938Kb max_used=8938Kb free=111062Kb
 bounds [0x000002d76aaa0000, 0x000002d76b360000, 0x000002d771fd0000]
CodeHeap 'profiled nmethods': size=120000Kb used=25947Kb max_used=25947Kb free=94052Kb
 bounds [0x000002d762fd0000, 0x000002d764930000, 0x000002d76a500000]
CodeHeap 'non-nmethods': size=5760Kb used=2129Kb max_used=2199Kb free=3630Kb
 bounds [0x000002d76a500000, 0x000002d76a770000, 0x000002d76aaa0000]
 total_blobs=14328 nmethods=13461 adapters=770
 compilation: enabled
              stopped_count=0, restarted_count=0
 full_count=0

Compilation events (20 events):
Event: 18.001 Thread 0x000002d77a384950 15756       3       org.gradle.api.internal.changedetection.state.CachingFileHasher::snapshot (122 bytes)
Event: 18.002 Thread 0x000002d77a384950 nmethod 15756 0x000002d764912790 code [0x000002d764912a20, 0x000002d7649136f8]
Event: 18.029 Thread 0x000002d77a384950 15757       3       org.gradle.internal.execution.steps.BeforeExecutionContext::getBeforeExecutionState (8 bytes)
Event: 18.029 Thread 0x000002d77a384950 nmethod 15757 0x000002d764913c90 code [0x000002d764913e40, 0x000002d764914180]
Event: 18.029 Thread 0x000002d77a384950 15758       1       org.gradle.internal.execution.steps.WorkspaceContext::shouldCaptureBeforeExecutionState (5 bytes)
Event: 18.029 Thread 0x000002d77a384950 nmethod 15758 0x000002d76b359c10 code [0x000002d76b359da0, 0x000002d76b359e70]
Event: 18.030 Thread 0x000002d77a384950 15759       3       java.io.ObjectOutputStream::flush (8 bytes)
Event: 18.030 Thread 0x000002d77a384950 nmethod 15759 0x000002d764914290 code [0x000002d764914460, 0x000002d7649146e8]
Event: 18.030 Thread 0x000002d77a384950 15760       1       org.gradle.internal.properties.InputBehavior::shouldSkipWhenEmpty (5 bytes)
Event: 18.030 Thread 0x000002d77a384950 nmethod 15760 0x000002d76b359f10 code [0x000002d76b35a0a0, 0x000002d76b35a170]
Event: 18.031 Thread 0x000002d77a384950 15761   !   3       org.gradle.internal.logging.sink.OutputEventTransformer::invokeListener (28 bytes)
Event: 18.031 Thread 0x000002d77a384950 nmethod 15761 0x000002d764914810 code [0x000002d7649149c0, 0x000002d764914ca0]
Event: 18.039 Thread 0x000002d77a384950 15762       3       com.android.build.gradle.internal.dependency.VariantDependencies$Companion$getComponentFilter$6::isSatisfiedBy (9 bytes)
Event: 18.039 Thread 0x000002d77a384950 nmethod 15762 0x000002d764914e10 code [0x000002d764914fe0, 0x000002d764915508]
Event: 18.039 Thread 0x000002d77a384950 15763       3       com.android.build.gradle.internal.dependency.VariantDependencies$Companion$getComponentFilter$6::isSatisfiedBy (20 bytes)
Event: 18.040 Thread 0x000002d77a384950 nmethod 15763 0x000002d764915610 code [0x000002d7649157c0, 0x000002d764915b80]
Event: 18.042 Thread 0x000002d77a384950 15764       1       org.gradle.execution.plan.edges.DependencyPredecessorsOnlyNodeSet::getDependencyPredecessors (5 bytes)
Event: 18.042 Thread 0x000002d77a384950 nmethod 15764 0x000002d76b35a210 code [0x000002d76b35a3a0, 0x000002d76b35a470]
Event: 18.042 Thread 0x000002d77a384950 15765       3       org.gradle.api.internal.tasks.properties.AbstractValidatingProperty::<init> (26 bytes)
Event: 18.043 Thread 0x000002d77a384950 nmethod 15765 0x000002d764915c10 code [0x000002d764915dc0, 0x000002d764916058]

GC Heap History (20 events):
Event: 13.151 GC heap before
{Heap before GC invocations=31 (full 0):
 garbage-first heap   total 167936K, used 148750K [0x0000000700000000, 0x0000000800000000)
  region size 2048K, 28 young (57344K), 4 survivors (8192K)
 Metaspace       used 108481K, committed 110656K, reserved 1179648K
  class space    used 14860K, committed 15936K, reserved 1048576K
}
Event: 13.157 GC heap after
{Heap after GC invocations=32 (full 0):
 garbage-first heap   total 167936K, used 101951K [0x0000000700000000, 0x0000000800000000)
  region size 2048K, 3 young (6144K), 3 survivors (6144K)
 Metaspace       used 108481K, committed 110656K, reserved 1179648K
  class space    used 14860K, committed 15936K, reserved 1048576K
}
Event: 13.778 GC heap before
{Heap before GC invocations=32 (full 0):
 garbage-first heap   total 167936K, used 149055K [0x0000000700000000, 0x0000000800000000)
  region size 2048K, 27 young (55296K), 3 survivors (6144K)
 Metaspace       used 112234K, committed 114368K, reserved 1179648K
  class space    used 15326K, committed 16384K, reserved 1048576K
}
Event: 13.785 GC heap after
{Heap after GC invocations=33 (full 0):
 garbage-first heap   total 167936K, used 105434K [0x0000000700000000, 0x0000000800000000)
  region size 2048K, 4 young (8192K), 4 survivors (8192K)
 Metaspace       used 112234K, committed 114368K, reserved 1179648K
  class space    used 15326K, committed 16384K, reserved 1048576K
}
Event: 14.298 GC heap before
{Heap before GC invocations=33 (full 0):
 garbage-first heap   total 167936K, used 144346K [0x0000000700000000, 0x0000000800000000)
  region size 2048K, 24 young (49152K), 4 survivors (8192K)
 Metaspace       used 115160K, committed 117312K, reserved 1179648K
  class space    used 15549K, committed 16640K, reserved 1048576K
}
Event: 14.305 GC heap after
{Heap after GC invocations=34 (full 0):
 garbage-first heap   total 167936K, used 110464K [0x0000000700000000, 0x0000000800000000)
  region size 2048K, 3 young (6144K), 3 survivors (6144K)
 Metaspace       used 115160K, committed 117312K, reserved 1179648K
  class space    used 15549K, committed 16640K, reserved 1048576K
}
Event: 14.834 GC heap before
{Heap before GC invocations=35 (full 0):
 garbage-first heap   total 188416K, used 145280K [0x0000000700000000, 0x0000000800000000)
  region size 2048K, 21 young (43008K), 3 survivors (6144K)
 Metaspace       used 117461K, committed 119680K, reserved 1179648K
  class space    used 15903K, committed 17024K, reserved 1048576K
}
Event: 14.842 GC heap after
{Heap after GC invocations=36 (full 0):
 garbage-first heap   total 188416K, used 116761K [0x0000000700000000, 0x0000000800000000)
  region size 2048K, 3 young (6144K), 3 survivors (6144K)
 Metaspace       used 117461K, committed 119680K, reserved 1179648K
  class space    used 15903K, committed 17024K, reserved 1048576K
}
Event: 15.216 GC heap before
{Heap before GC invocations=36 (full 0):
 garbage-first heap   total 188416K, used 167961K [0x0000000700000000, 0x0000000800000000)
  region size 2048K, 28 young (57344K), 3 survivors (6144K)
 Metaspace       used 117745K, committed 120000K, reserved 1179648K
  class space    used 15920K, committed 17088K, reserved 1048576K
}
Event: 15.226 GC heap after
{Heap after GC invocations=37 (full 0):
 garbage-first heap   total 227328K, used 121653K [0x0000000700000000, 0x0000000800000000)
  region size 2048K, 4 young (8192K), 4 survivors (8192K)
 Metaspace       used 117745K, committed 120000K, reserved 1179648K
  class space    used 15920K, committed 17088K, reserved 1048576K
}
Event: 15.492 GC heap before
{Heap before GC invocations=37 (full 0):
 garbage-first heap   total 227328K, used 201525K [0x0000000700000000, 0x0000000800000000)
  region size 2048K, 44 young (90112K), 4 survivors (8192K)
 Metaspace       used 117772K, committed 120064K, reserved 1179648K
  class space    used 15920K, committed 17088K, reserved 1048576K
}
Event: 15.498 GC heap after
{Heap after GC invocations=38 (full 0):
 garbage-first heap   total 227328K, used 124799K [0x0000000700000000, 0x0000000800000000)
  region size 2048K, 3 young (6144K), 3 survivors (6144K)
 Metaspace       used 117772K, committed 120064K, reserved 1179648K
  class space    used 15920K, committed 17088K, reserved 1048576K
}
Event: 15.890 GC heap before
{Heap before GC invocations=38 (full 0):
 garbage-first heap   total 227328K, used 202623K [0x0000000700000000, 0x0000000800000000)
  region size 2048K, 42 young (86016K), 3 survivors (6144K)
 Metaspace       used 117835K, committed 120128K, reserved 1179648K
  class space    used 15924K, committed 17088K, reserved 1048576K
}
Event: 15.896 GC heap after
{Heap after GC invocations=39 (full 0):
 garbage-first heap   total 227328K, used 127148K [0x0000000700000000, 0x0000000800000000)
  region size 2048K, 4 young (8192K), 4 survivors (8192K)
 Metaspace       used 117835K, committed 120128K, reserved 1179648K
  class space    used 15924K, committed 17088K, reserved 1048576K
}
Event: 16.275 GC heap before
{Heap before GC invocations=39 (full 0):
 garbage-first heap   total 227328K, used 200876K [0x0000000700000000, 0x0000000800000000)
  region size 2048K, 41 young (83968K), 4 survivors (8192K)
 Metaspace       used 118042K, committed 120320K, reserved 1179648K
  class space    used 15952K, committed 17088K, reserved 1048576K
}
Event: 16.282 GC heap after
{Heap after GC invocations=40 (full 0):
 garbage-first heap   total 227328K, used 130189K [0x0000000700000000, 0x0000000800000000)
  region size 2048K, 5 young (10240K), 5 survivors (10240K)
 Metaspace       used 118042K, committed 120320K, reserved 1179648K
  class space    used 15952K, committed 17088K, reserved 1048576K
}
Event: 17.295 GC heap before
{Heap before GC invocations=41 (full 0):
 garbage-first heap   total 227328K, used 197773K [0x0000000700000000, 0x0000000800000000)
  region size 2048K, 39 young (79872K), 5 survivors (10240K)
 Metaspace       used 120599K, committed 122752K, reserved 1179648K
  class space    used 16214K, committed 17280K, reserved 1048576K
}
Event: 17.302 GC heap after
{Heap after GC invocations=42 (full 0):
 garbage-first heap   total 274432K, used 132679K [0x0000000700000000, 0x0000000800000000)
  region size 2048K, 4 young (8192K), 4 survivors (8192K)
 Metaspace       used 120599K, committed 122752K, reserved 1179648K
  class space    used 16214K, committed 17280K, reserved 1048576K
}
Event: 17.932 GC heap before
{Heap before GC invocations=42 (full 0):
 garbage-first heap   total 274432K, used 247367K [0x0000000700000000, 0x0000000800000000)
  region size 2048K, 61 young (124928K), 4 survivors (8192K)
 Metaspace       used 121252K, committed 123456K, reserved 1179648K
  class space    used 16302K, committed 17408K, reserved 1048576K
}
Event: 17.944 GC heap after
{Heap after GC invocations=43 (full 0):
 garbage-first heap   total 274432K, used 135723K [0x0000000700000000, 0x0000000800000000)
  region size 2048K, 7 young (14336K), 7 survivors (14336K)
 Metaspace       used 121252K, committed 123456K, reserved 1179648K
  class space    used 16302K, committed 17408K, reserved 1048576K
}

Dll operation events (3 events):
Event: 0.006 Loaded shared library C:\Program Files\Android\Android Studio\jbr\bin\java.dll
Event: 0.011 Loaded shared library C:\Program Files\Android\Android Studio\jbr\bin\zip.dll
Event: 0.322 Loaded shared library C:\Program Files\Android\Android Studio\jbr\bin\verify.dll

Deoptimization events (20 events):
Event: 17.795 Thread 0x000002d7030155e0 Uncommon trap: trap_request=0xffffff45 fr.pc=0x000002d76b1f5d10 relative=0x0000000000000550
Event: 17.795 Thread 0x000002d7030155e0 Uncommon trap: reason=unstable_if action=reinterpret pc=0x000002d76b1f5d10 method=com.google.common.cache.LongAdder.add(J)V @ 95 c2
Event: 17.795 Thread 0x000002d7030155e0 DEOPT PACKING pc=0x000002d76b1f5d10 sp=0x000000e0367fc8a0
Event: 17.795 Thread 0x000002d7030155e0 DEOPT UNPACKING pc=0x000002d76a5546a2 sp=0x000000e0367fc660 mode 2
Event: 17.819 Thread 0x000002d704d75f50 Uncommon trap: trap_request=0xffffff45 fr.pc=0x000002d76b1fb278 relative=0x0000000000000db8
Event: 17.819 Thread 0x000002d704d75f50 Uncommon trap: reason=unstable_if action=reinterpret pc=0x000002d76b1fb278 method=com.google.common.cache.LongAdder.add(J)V @ 46 c2
Event: 17.819 Thread 0x000002d704d75f50 DEOPT PACKING pc=0x000002d76b1fb278 sp=0x000000e036ffca40
Event: 17.819 Thread 0x000002d704d75f50 DEOPT UNPACKING pc=0x000002d76a5546a2 sp=0x000000e036ffc888 mode 2
Event: 17.820 Thread 0x000002d7030155e0 Uncommon trap: trap_request=0xffffff45 fr.pc=0x000002d76af00598 relative=0x0000000000000338
Event: 17.820 Thread 0x000002d7030155e0 Uncommon trap: reason=unstable_if action=reinterpret pc=0x000002d76af00598 method=com.google.common.cache.LongAdder.add(J)V @ 72 c2
Event: 17.820 Thread 0x000002d7030155e0 DEOPT PACKING pc=0x000002d76af00598 sp=0x000000e0367fc750
Event: 17.820 Thread 0x000002d7030155e0 DEOPT UNPACKING pc=0x000002d76a5546a2 sp=0x000000e0367fc6b0 mode 2
Event: 18.032 Thread 0x000002d702eefe50 Uncommon trap: trap_request=0xffffff45 fr.pc=0x000002d76ab594fc relative=0x00000000000000dc
Event: 18.032 Thread 0x000002d702eefe50 Uncommon trap: reason=unstable_if action=reinterpret pc=0x000002d76ab594fc method=com.esotericsoftware.kryo.io.Input.readUtf8Length(I)I @ 46 c2
Event: 18.032 Thread 0x000002d702eefe50 DEOPT PACKING pc=0x000002d76ab594fc sp=0x000000e031dfe780
Event: 18.032 Thread 0x000002d702eefe50 DEOPT UNPACKING pc=0x000002d76a5546a2 sp=0x000000e031dfe710 mode 2
Event: 18.033 Thread 0x000002d702eefe50 Uncommon trap: trap_request=0xffffff45 fr.pc=0x000002d76b293a68 relative=0x00000000000002a8
Event: 18.033 Thread 0x000002d702eefe50 Uncommon trap: reason=unstable_if action=reinterpret pc=0x000002d76b293a68 method=com.esotericsoftware.kryo.io.Input.readUtf8_slow(II)V @ 57 c2
Event: 18.033 Thread 0x000002d702eefe50 DEOPT PACKING pc=0x000002d76b293a68 sp=0x000000e031dfe6d0
Event: 18.033 Thread 0x000002d702eefe50 DEOPT UNPACKING pc=0x000002d76a5546a2 sp=0x000000e031dfe690 mode 2

Classes loaded (20 events):
Event: 16.889 Loading class org/w3c/dom/ls/DOMImplementationLS
Event: 16.889 Loading class org/w3c/dom/ls/DOMImplementationLS done
Event: 16.889 Loading class com/sun/org/apache/xerces/internal/dom/CoreDOMImplementationImpl done
Event: 16.889 Loading class com/sun/org/apache/xerces/internal/dom/DOMImplementationImpl done
Event: 16.896 Loading class com/sun/org/apache/xerces/internal/dom/DeferredDOMImplementationImpl
Event: 16.897 Loading class com/sun/org/apache/xerces/internal/dom/DeferredDOMImplementationImpl done
Event: 17.009 Loading class java/util/TreeMap$DescendingSubMap
Event: 17.009 Loading class java/util/TreeMap$NavigableSubMap
Event: 17.010 Loading class java/util/TreeMap$NavigableSubMap done
Event: 17.010 Loading class java/util/TreeMap$DescendingSubMap done
Event: 17.010 Loading class java/util/TreeMap$DescendingSubMap$DescendingEntrySetView
Event: 17.010 Loading class java/util/TreeMap$NavigableSubMap$EntrySetView
Event: 17.010 Loading class java/util/TreeMap$NavigableSubMap$EntrySetView done
Event: 17.010 Loading class java/util/TreeMap$DescendingSubMap$DescendingEntrySetView done
Event: 17.011 Loading class java/util/TreeMap$NavigableSubMap$DescendingSubMapEntryIterator
Event: 17.011 Loading class java/util/TreeMap$NavigableSubMap$SubMapIterator
Event: 17.011 Loading class java/util/TreeMap$NavigableSubMap$SubMapIterator done
Event: 17.011 Loading class java/util/TreeMap$NavigableSubMap$DescendingSubMapEntryIterator done
Event: 17.026 Loading class com/sun/org/apache/xerces/internal/dom/DeepNodeListImpl
Event: 17.026 Loading class com/sun/org/apache/xerces/internal/dom/DeepNodeListImpl done

Classes unloaded (0 events):
No events

Classes redefined (0 events):
No events

Internal exceptions (20 events):
Event: 14.415 Thread 0x000002d705f121f0 Exception <a 'java/lang/NoSuchMethodError'{0x000000070e39ef58}: static Lcom/android/buildanalyzer/common/AndroidGradlePluginAttributionData$TaskInfo;.<clinit>()V> (0x000000070e39ef58) 
thrown [s\src\hotspot\share\prims\jni.cpp, line 1135]
Event: 14.416 Thread 0x000002d705f121f0 Exception <a 'java/lang/NoSuchMethodError'{0x000000070e3ba228}: static Lcom/android/buildanalyzer/common/AndroidGradlePluginAttributionData$TaskCategoryInfo;.<clinit>()V> (0x000000070e3ba228) 
thrown [s\src\hotspot\share\prims\jni.cpp, line 1135]
Event: 14.443 Thread 0x000002d705f16a20 Exception <a 'java/lang/NoSuchMethodError'{0x000000070a051b60}: static Lorg/jetbrains/kotlin/gradle/plugin/statistics/MetricContainer;.<clinit>()V> (0x000000070a051b60) 
thrown [s\src\hotspot\share\prims\jni.cpp, line 1135]
Event: 14.444 Thread 0x000002d702a7e420 Exception <a 'sun/nio/fs/WindowsException'{0x000000070a3bb498}> (0x000000070a3bb498) 
thrown [s\src\hotspot\share\prims\jni.cpp, line 535]
Event: 14.464 Thread 0x000002d700514d40 Exception <a 'java/lang/NoSuchMethodError'{0x000000070a1b7c58}: static Lorg/gradle/internal/build/event/types/DefaultTaskSkippedResult;.<clinit>()V> (0x000000070a1b7c58) 
thrown [s\src\hotspot\share\prims\jni.cpp, line 1135]
Event: 14.482 Thread 0x000002d702a7e420 Exception <a 'java/lang/IncompatibleClassChangeError'{0x0000000709e2ce70}: Found class java.lang.Object, but interface was expected> (0x0000000709e2ce70) 
thrown [s\src\hotspot\share\interpreter\linkResolver.cpp, line 851]
Event: 14.501 Thread 0x000002d702a7e420 Exception <a 'java/lang/NoSuchMethodError'{0x0000000709f30ab0}: 'int java.lang.invoke.DirectMethodHandle$Holder.invokeStaticInit(java.lang.Object, java.lang.Object, java.lang.Object, java.lang.Object, java.lang.Object)'> (0x0000000709f30ab0) 
thrown [s\src\hotspot\share\interpreter\linkResolver.cpp, line 784]
Event: 14.586 Thread 0x000002d702a7e420 Exception <a 'java/lang/NoSuchMethodError'{0x0000000709b630f8}: 'int java.lang.invoke.DirectMethodHandle$Holder.invokeSpecial(java.lang.Object, java.lang.Object, int)'> (0x0000000709b630f8) 
thrown [s\src\hotspot\share\interpreter\linkResolver.cpp, line 784]
Event: 16.419 Thread 0x000002d702ef32d0 Exception <a 'sun/nio/fs/WindowsException'{0x000000070bd09220}> (0x000000070bd09220) 
thrown [s\src\hotspot\share\prims\jni.cpp, line 535]
Event: 16.423 Thread 0x000002d702ef32d0 Exception <a 'sun/nio/fs/WindowsException'{0x000000070bd21338}> (0x000000070bd21338) 
thrown [s\src\hotspot\share\prims\jni.cpp, line 535]
Event: 16.424 Thread 0x000002d702ef32d0 Exception <a 'sun/nio/fs/WindowsException'{0x000000070bd225d0}> (0x000000070bd225d0) 
thrown [s\src\hotspot\share\prims\jni.cpp, line 535]
Event: 17.162 Thread 0x000002d702ef32d0 Exception <a 'sun/nio/fs/WindowsException'{0x000000070950c358}> (0x000000070950c358) 
thrown [s\src\hotspot\share\prims\jni.cpp, line 535]
Event: 17.163 Thread 0x000002d702ef32d0 Exception <a 'sun/nio/fs/WindowsException'{0x000000070950d718}> (0x000000070950d718) 
thrown [s\src\hotspot\share\prims\jni.cpp, line 535]
Event: 17.389 Thread 0x000002d702ef32d0 Exception <a 'sun/nio/fs/WindowsException'{0x000000070fb49af8}> (0x000000070fb49af8) 
thrown [s\src\hotspot\share\prims\jni.cpp, line 535]
Event: 17.390 Thread 0x000002d702ef32d0 Exception <a 'sun/nio/fs/WindowsException'{0x000000070fb4af10}> (0x000000070fb4af10) 
thrown [s\src\hotspot\share\prims\jni.cpp, line 535]
Event: 17.496 Thread 0x000002d77a62ed90 Exception <a 'sun/nio/fs/WindowsException'{0x000000070f3484c0}> (0x000000070f3484c0) 
thrown [s\src\hotspot\share\prims\jni.cpp, line 535]
Event: 17.507 Thread 0x000002d77a62ed90 Exception <a 'java/lang/NoSuchMethodError'{0x000000070f376710}: 'int java.lang.invoke.DirectMethodHandle$Holder.invokeSpecial(java.lang.Object, java.lang.Object, java.lang.Object, java.lang.Object, java.lang.Object)'> (0x000000070f376710) 
thrown [s\src\hotspot\share\interpreter\linkResolver.cpp, line 784]
Event: 17.670 Thread 0x000002d77a62ed90 Exception <a 'sun/nio/fs/WindowsException'{0x000000070d592950}> (0x000000070d592950) 
thrown [s\src\hotspot\share\prims\jni.cpp, line 535]
Event: 17.819 Thread 0x000002d704d75f50 Implicit null exception at 0x000002d76b1fa79e to 0x000002d76b1fb22c
Event: 17.820 Thread 0x000002d7030155e0 Implicit null exception at 0x000002d76af00388 to 0x000002d76af00584

ZGC Phase Switch (0 events):
No events

VM Operations (20 events):
Event: 16.420 Executing VM operation: G1PauseCleanup
Event: 16.422 Executing VM operation: G1PauseCleanup done
Event: 16.906 Executing VM operation: ICBufferFull
Event: 16.906 Executing VM operation: ICBufferFull done
Event: 17.128 Executing VM operation: HandshakeAllThreads (Deoptimize)
Event: 17.128 Executing VM operation: HandshakeAllThreads (Deoptimize) done
Event: 17.144 Executing VM operation: HandshakeAllThreads (Deoptimize)
Event: 17.145 Executing VM operation: HandshakeAllThreads (Deoptimize) done
Event: 17.147 Executing VM operation: HandshakeAllThreads (Deoptimize)
Event: 17.147 Executing VM operation: HandshakeAllThreads (Deoptimize) done
Event: 17.216 Executing VM operation: ICBufferFull
Event: 17.217 Executing VM operation: ICBufferFull done
Event: 17.295 Executing VM operation: G1CollectForAllocation (G1 Evacuation Pause)
Event: 17.302 Executing VM operation: G1CollectForAllocation (G1 Evacuation Pause) done
Event: 17.504 Executing VM operation: HandshakeAllThreads (Deoptimize)
Event: 17.504 Executing VM operation: HandshakeAllThreads (Deoptimize) done
Event: 17.651 Executing VM operation: ICBufferFull
Event: 17.651 Executing VM operation: ICBufferFull done
Event: 17.932 Executing VM operation: G1CollectForAllocation (G1 Evacuation Pause)
Event: 17.944 Executing VM operation: G1CollectForAllocation (G1 Evacuation Pause) done

Memory protections (0 events):
No events

Nmethod flushes (20 events):
Event: 16.376 Thread 0x000002d75dbf1110 flushing  nmethod 0x000002d763d9b010
Event: 16.376 Thread 0x000002d75dbf1110 flushing  nmethod 0x000002d763e59290
Event: 16.376 Thread 0x000002d75dbf1110 flushing  nmethod 0x000002d763ea0710
Event: 16.376 Thread 0x000002d75dbf1110 flushing  nmethod 0x000002d763ea1090
Event: 16.376 Thread 0x000002d75dbf1110 flushing  nmethod 0x000002d764096e10
Event: 16.376 Thread 0x000002d75dbf1110 flushing  nmethod 0x000002d764111110
Event: 16.376 Thread 0x000002d75dbf1110 flushing  nmethod 0x000002d76aafa690
Event: 16.376 Thread 0x000002d75dbf1110 flushing  nmethod 0x000002d76b0abd10
Event: 16.376 Thread 0x000002d75dbf1110 flushing  nmethod 0x000002d763148e90
Event: 16.376 Thread 0x000002d75dbf1110 flushing  nmethod 0x000002d7633d1c10
Event: 16.376 Thread 0x000002d75dbf1110 flushing  nmethod 0x000002d76377b190
Event: 16.376 Thread 0x000002d75dbf1110 flushing  nmethod 0x000002d7638cfb90
Event: 16.376 Thread 0x000002d75dbf1110 flushing  nmethod 0x000002d7639ebe10
Event: 16.376 Thread 0x000002d75dbf1110 flushing  nmethod 0x000002d7639ec210
Event: 16.376 Thread 0x000002d75dbf1110 flushing  nmethod 0x000002d7639ecf90
Event: 16.376 Thread 0x000002d75dbf1110 flushing  nmethod 0x000002d763a27290
Event: 16.376 Thread 0x000002d75dbf1110 flushing  nmethod 0x000002d763a52210
Event: 16.376 Thread 0x000002d75dbf1110 flushing  nmethod 0x000002d763f76910
Event: 16.376 Thread 0x000002d75dbf1110 flushing  nmethod 0x000002d7641bc490
Event: 16.376 Thread 0x000002d75dbf1110 flushing  nmethod 0x000002d764364d10

Events (20 events):
Event: 17.534 Thread 0x000002d77a62ed90 Thread added: 0x000002d70300d930
Event: 17.534 Thread 0x000002d77a62ed90 Thread added: 0x000002d703011440
Event: 17.535 Thread 0x000002d77a62ed90 Thread added: 0x000002d7030148c0
Event: 17.536 Thread 0x000002d77a62ed90 Thread added: 0x000002d703013510
Event: 17.537 Thread 0x000002d77a62ed90 Thread added: 0x000002d703013ba0
Event: 17.537 Thread 0x000002d77a62ed90 Thread added: 0x000002d703012e80
Event: 17.538 Thread 0x000002d77a62ed90 Thread added: 0x000002d703012160
Event: 17.682 Thread 0x000002d77a62ed90 Thread added: 0x000002d703011ad0
Event: 17.683 Thread 0x000002d77a62ed90 Thread added: 0x000002d703014230
Event: 17.736 Thread 0x000002d77a62ed90 Thread added: 0x000002d703014f50
Event: 17.744 Thread 0x000002d77a62ed90 Thread added: 0x000002d7030155e0
Event: 17.745 Thread 0x000002d77a62ed90 Thread added: 0x000002d703015c70
Event: 17.745 Thread 0x000002d77a62ed90 Thread added: 0x000002d7030127f0
Event: 17.746 Thread 0x000002d77a62ed90 Thread added: 0x000002d703016300
Event: 17.746 Thread 0x000002d77a62ed90 Thread added: 0x000002d703016990
Event: 17.746 Thread 0x000002d77a62ed90 Thread added: 0x000002d703017020
Event: 17.747 Thread 0x000002d77a62ed90 Thread added: 0x000002d7064c76a0
Event: 17.747 Thread 0x000002d77a62ed90 Thread added: 0x000002d704d758c0
Event: 17.748 Thread 0x000002d77a62ed90 Thread added: 0x000002d704d75f50
Event: 17.748 Thread 0x000002d77a62ed90 Thread added: 0x000002d704d77300


Dynamic libraries:
0x00007ff65e950000 - 0x00007ff65e95a000 	C:\Program Files\Android\Android Studio\jbr\bin\java.exe
0x00007ffc036c0000 - 0x00007ffc03927000 	C:\WINDOWS\SYSTEM32\ntdll.dll
0x00007ffc026c0000 - 0x00007ffc02789000 	C:\WINDOWS\System32\KERNEL32.DLL
0x00007ffc01060000 - 0x00007ffc0144f000 	C:\WINDOWS\System32\KERNELBASE.dll
0x00007ffc00f10000 - 0x00007ffc0105b000 	C:\WINDOWS\System32\ucrtbase.dll
0x00007ffbf70c0000 - 0x00007ffbf70d8000 	C:\Program Files\Android\Android Studio\jbr\bin\jli.dll
0x00007ffbfd240000 - 0x00007ffbfd25b000 	C:\Program Files\Android\Android Studio\jbr\bin\VCRUNTIME140.dll
0x00007ffc032e0000 - 0x00007ffc034a5000 	C:\WINDOWS\System32\USER32.dll
0x00007ffc008a0000 - 0x00007ffc008c7000 	C:\WINDOWS\System32\win32u.dll
0x00007ffbdd1f0000 - 0x00007ffbdd483000 	C:\WINDOWS\WinSxS\amd64_microsoft.windows.common-controls_6595b64144ccf1df_6.0.26100.7309_none_3e05feeae336a044\COMCTL32.dll
0x00007ffc034b0000 - 0x00007ffc034db000 	C:\WINDOWS\System32\GDI32.dll
0x00007ffc01d20000 - 0x00007ffc01dc9000 	C:\WINDOWS\System32\msvcrt.dll
0x00007ffc00bc0000 - 0x00007ffc00cec000 	C:\WINDOWS\System32\gdi32full.dll
0x00007ffc00e60000 - 0x00007ffc00f03000 	C:\WINDOWS\System32\msvcp_win.dll
0x00007ffc031e0000 - 0x00007ffc03211000 	C:\WINDOWS\System32\IMM32.DLL
0x00007ffbfd230000 - 0x00007ffbfd23c000 	C:\Program Files\Android\Android Studio\jbr\bin\vcruntime140_1.dll
0x00007ffb68dd0000 - 0x00007ffb68e5d000 	C:\Program Files\Android\Android Studio\jbr\bin\msvcp140.dll
0x00007ffafb800000 - 0x00007ffafc483000 	C:\Program Files\Android\Android Studio\jbr\bin\server\jvm.dll
0x00007ffc03220000 - 0x00007ffc032d4000 	C:\WINDOWS\System32\ADVAPI32.dll
0x00007ffc01f20000 - 0x00007ffc01fc6000 	C:\WINDOWS\System32\sechost.dll
0x00007ffc01c00000 - 0x00007ffc01d18000 	C:\WINDOWS\System32\RPCRT4.dll
0x00007ffc02970000 - 0x00007ffc029e4000 	C:\WINDOWS\System32\WS2_32.dll
0x00007ffbfae20000 - 0x00007ffbfae55000 	C:\WINDOWS\SYSTEM32\WINMM.dll
0x00007ffbf0de0000 - 0x00007ffbf0deb000 	C:\WINDOWS\SYSTEM32\VERSION.dll
0x00007ffc00670000 - 0x00007ffc006ce000 	C:\WINDOWS\SYSTEM32\POWRPROF.dll
0x00007ffc00650000 - 0x00007ffc00664000 	C:\WINDOWS\SYSTEM32\UMPDC.dll
0x00007ffbff580000 - 0x00007ffbff59b000 	C:\WINDOWS\SYSTEM32\kernel.appcore.dll
0x00007ffbf7980000 - 0x00007ffbf798a000 	C:\Program Files\Android\Android Studio\jbr\bin\jimage.dll
0x00007ffbfe100000 - 0x00007ffbfe342000 	C:\WINDOWS\SYSTEM32\DBGHELP.DLL
0x00007ffc015d0000 - 0x00007ffc01955000 	C:\WINDOWS\System32\combase.dll
0x00007ffc024c0000 - 0x00007ffc02596000 	C:\WINDOWS\System32\OLEAUT32.dll
0x00007ffbdddf0000 - 0x00007ffbdde2c000 	C:\WINDOWS\SYSTEM32\dbgcore.DLL
0x00007ffc008d0000 - 0x00007ffc00975000 	C:\WINDOWS\System32\bcryptPrimitives.dll
0x00007ffbf7920000 - 0x00007ffbf792e000 	C:\Program Files\Android\Android Studio\jbr\bin\instrument.dll
0x00007ffbe6b40000 - 0x00007ffbe6b60000 	C:\Program Files\Android\Android Studio\jbr\bin\java.dll
0x00007ffbc8d70000 - 0x00007ffbc8d88000 	C:\Program Files\Android\Android Studio\jbr\bin\zip.dll
0x00007ffc02a80000 - 0x00007ffc031d3000 	C:\WINDOWS\System32\SHELL32.dll
0x00007ffc00cf0000 - 0x00007ffc00e5a000 	C:\WINDOWS\System32\wintypes.dll
0x00007ffbfe3d0000 - 0x00007ffbfec2e000 	C:\WINDOWS\SYSTEM32\windows.storage.dll
0x00007ffc025a0000 - 0x00007ffc02695000 	C:\WINDOWS\System32\SHCORE.dll
0x00007ffc019f0000 - 0x00007ffc01a56000 	C:\WINDOWS\System32\shlwapi.dll
0x00007ffc00730000 - 0x00007ffc00759000 	C:\WINDOWS\SYSTEM32\profapi.dll
0x00007ffbed340000 - 0x00007ffbed350000 	C:\Program Files\Android\Android Studio\jbr\bin\net.dll
0x00007ffbfa8b0000 - 0x00007ffbfa9d8000 	C:\WINDOWS\SYSTEM32\WINHTTP.dll
0x00007ffbffad0000 - 0x00007ffbffb3b000 	C:\WINDOWS\system32\mswsock.dll
0x00007ffbc8c10000 - 0x00007ffbc8c26000 	C:\Program Files\Android\Android Studio\jbr\bin\nio.dll
0x00007ffbc8c00000 - 0x00007ffbc8c10000 	C:\Program Files\Android\Android Studio\jbr\bin\verify.dll
0x00007ffba27d0000 - 0x00007ffba27f7000 	D:\.gradle\native\c067742578af261105cb4f569cf0c3c89f3d7b1fecec35dd04571415982c5e48\windows-amd64\native-platform.dll
0x00007ffb65fd0000 - 0x00007ffb66114000 	D:\.gradle\native\100fb08df4bc3b14c8652ba06237920a3bd2aa13389f12d3474272988ae205f9\windows-amd64\native-platform-file-events.dll
0x00007ffbddf60000 - 0x00007ffbddf69000 	C:\Program Files\Android\Android Studio\jbr\bin\management.dll
0x00007ffbcd900000 - 0x00007ffbcd90b000 	C:\Program Files\Android\Android Studio\jbr\bin\management_ext.dll
0x00007ffc01b60000 - 0x00007ffc01b68000 	C:\WINDOWS\System32\PSAPI.DLL
0x00007ffbffec0000 - 0x00007ffbffedb000 	C:\WINDOWS\SYSTEM32\CRYPTSP.dll
0x00007ffbff4e0000 - 0x00007ffbff51a000 	C:\WINDOWS\system32\rsaenh.dll
0x00007ffbffb80000 - 0x00007ffbffbab000 	C:\WINDOWS\SYSTEM32\USERENV.dll
0x00007ffc00700000 - 0x00007ffc0072a000 	C:\WINDOWS\SYSTEM32\bcrypt.dll
0x00007ffbffd20000 - 0x00007ffbffd2c000 	C:\WINDOWS\SYSTEM32\CRYPTBASE.dll
0x00007ffbfef70000 - 0x00007ffbfefa4000 	C:\WINDOWS\SYSTEM32\IPHLPAPI.DLL
0x00007ffc019e0000 - 0x00007ffc019ea000 	C:\WINDOWS\System32\NSI.dll
0x00007ffbecdc0000 - 0x00007ffbecdc9000 	C:\Program Files\Android\Android Studio\jbr\bin\extnet.dll
0x00007ffbe5f20000 - 0x00007ffbe5f28000 	C:\WINDOWS\system32\wshunix.dll
0x00007ffbcd9e0000 - 0x00007ffbcd9f8000 	C:\WINDOWS\system32\napinsp.dll
0x00007ffbff000000 - 0x00007ffbff12c000 	C:\WINDOWS\SYSTEM32\DNSAPI.dll
0x00007ffbcd9c0000 - 0x00007ffbcd9d2000 	C:\WINDOWS\System32\winrnr.dll
0x00007ffbcd990000 - 0x00007ffbcd9b2000 	C:\WINDOWS\system32\nlansp_c.dll
0x00007ffbcd940000 - 0x00007ffbcd956000 	C:\WINDOWS\system32\wshbth.dll
0x00007ffbfa650000 - 0x00007ffbfa65b000 	C:\Windows\System32\rasadhlp.dll
0x00007ffbfabe0000 - 0x00007ffbfac66000 	C:\WINDOWS\System32\fwpuclnt.dll

dbghelp: loaded successfully - version: 4.0.5 - missing functions: none
symbol engine: initialized successfully - sym options: 0x614 - pdb path: .;C:\Program Files\Android\Android Studio\jbr\bin;C:\WINDOWS\SYSTEM32;C:\WINDOWS\WinSxS\amd64_microsoft.windows.common-controls_6595b64144ccf1df_6.0.26100.7309_none_3e05feeae336a044;C:\Program Files\Android\Android Studio\jbr\bin\server;D:\.gradle\native\c067742578af261105cb4f569cf0c3c89f3d7b1fecec35dd04571415982c5e48\windows-amd64;D:\.gradle\native\100fb08df4bc3b14c8652ba06237920a3bd2aa13389f12d3474272988ae205f9\windows-amd64

VM Arguments:
jvm_args: --add-opens=java.base/java.util=ALL-UNNAMED --add-opens=java.base/java.lang=ALL-UNNAMED --add-opens=java.base/java.lang.invoke=ALL-UNNAMED --add-opens=java.prefs/java.util.prefs=ALL-UNNAMED --add-exports=jdk.compiler/com.sun.tools.javac.api=ALL-UNNAMED --add-exports=jdk.compiler/com.sun.tools.javac.util=ALL-UNNAMED --add-opens=java.base/java.nio.charset=ALL-UNNAMED --add-opens=java.base/java.net=ALL-UNNAMED --add-opens=java.base/java.util.concurrent.atomic=ALL-UNNAMED -Xmx4096m -Dfile.encoding=UTF-8 -Duser.country=US -Duser.language=en -Duser.variant -javaagent:D:\.gradle\wrapper\dists\gradle-8.10.2-bin\a04bxjujx95o3nb99gddekhwo\gradle-8.10.2\lib\agents\gradle-instrumentation-agent-8.10.2.jar 
java_command: org.gradle.launcher.daemon.bootstrap.GradleDaemon 8.10.2
java_class_path (initial): D:\.gradle\wrapper\dists\gradle-8.10.2-bin\a04bxjujx95o3nb99gddekhwo\gradle-8.10.2\lib\gradle-daemon-main-8.10.2.jar
Launcher Type: SUN_STANDARD

[Global flags]
     intx CICompilerCount                          = 4                                         {product} {ergonomic}
     uint ConcGCThreads                            = 3                                         {product} {ergonomic}
     uint G1ConcRefinementThreads                  = 10                                        {product} {ergonomic}
   size_t G1HeapRegionSize                         = 2097152                                   {product} {ergonomic}
    uintx GCDrainStackTargetSize                   = 64                                        {product} {ergonomic}
   size_t InitialHeapSize                          = 264241152                                 {product} {ergonomic}
   size_t MarkStackSize                            = 4194304                                   {product} {ergonomic}
   size_t MaxHeapSize                              = 4294967296                                {product} {command line}
   size_t MaxNewSize                               = 2575302656                                {product} {ergonomic}
   size_t MinHeapDeltaBytes                        = 2097152                                   {product} {ergonomic}
   size_t MinHeapSize                              = 8388608                                   {product} {ergonomic}
    uintx NonNMethodCodeHeapSize                   = 5839372                                {pd product} {ergonomic}
    uintx NonProfiledCodeHeapSize                  = 122909434                              {pd product} {ergonomic}
    uintx ProfiledCodeHeapSize                     = 122909434                              {pd product} {ergonomic}
    uintx ReservedCodeCacheSize                    = 251658240                              {pd product} {ergonomic}
     bool SegmentedCodeCache                       = true                                      {product} {ergonomic}
   size_t SoftMaxHeapSize                          = 4294967296                             {manageable} {ergonomic}
     bool UseCompressedOops                        = true                           {product lp64_product} {ergonomic}
     bool UseG1GC                                  = true                                      {product} {ergonomic}
     bool UseLargePagesIndividualAllocation        = false                                  {pd product} {ergonomic}

Logging:
Log output configuration:
 #0: stdout all=warning uptime,level,tags foldmultilines=false
 #1: stderr all=off uptime,level,tags foldmultilines=false

Environment Variables:
JAVA_HOME=C:\Program Files\Java\jdk-21
PATH=C:\oracle\dbhomeFree\bin;C:\app\HP\product\23ai\dbhomeFree\bin;C:\Program Files\Common Files\Oracle\Java\javapath;C:\Program Files (x86)\Common Files\Oracle\Java\java8path;C:\Program Files (x86)\Common Files\Oracle\Java\javapath;C:\WINDOWS\system32;C:\WINDOWS;C:\WINDOWS\System32\Wbem;C:\WINDOWS\System32\WindowsPowerShell\v1.0\;C:\WINDOWS\System32\OpenSSH\;C:\Program Files (x86)\Microsoft SQL Server\160\Tools\Binn\;C:\Program Files\Microsoft SQL Server\160\Tools\Binn\;C:\Program Files\Microsoft SQL Server\Client SDK\ODBC\170\Tools\Binn\;C:\Program Files\Microsoft SQL Server\160\DTS\Binn\;C:\Program Files (x86)\Microsoft SQL Server\160\DTS\Binn\;C:\Program Files\Azure Data Studio\bin;C:\Program Files\Java\jdk-21\bin;C:\Program Files\Microsoft SQL Server\150\Tools\Binn\;C:\Program Files\nodejs;C:\ProgramData\chocolatey\bin;C:\Program Files\nodejs\;C:\sqlite;C:\Program Files\Git\cmd;C:\Program Files\TortoiseGit\bin;C:\Program Files\dotnet\;C:\Users\HP\AppData\Local\Programs\Python\Python313\Scripts\;C:\Users\HP\AppData\Local\Programs\Python\Python313\;C:\Users\HP\AppData\Local\Programs\Python\Launcher\;C:\Users\HP\AppData\Local\Microsoft\WindowsApps;C:\Program Files\Azure Data Studio\bin;C:\Program Files\JetBrains\IntelliJ IDEA Community Edition 2023.2.5\bin;C:\Users\HP\AppData\Local\Programs\Microsoft VS Code\bin;C:\Program Files\JetBrains\IntelliJ IDEA 2024.3.1.1\bin;C:\Users\HP\.dotnet\tools;C:\Users\HP\AppData\Roaming\npm;C:\Users\HP\AppData\Local\Programs\mongosh\;D:\software\flutter_windows_3.38.0-stable (1)\flutter\bin;D:\software\flutter_3.38.0\flutter\bin;D:\software\flutter_windows_3.35.7-stable\flutter\bin;C:\Users\HP\.dotnet\tools
USERNAME=HP
OS=Windows_NT
PROCESSOR_IDENTIFIER=Intel64 Family 6 Model 154 Stepping 4, GenuineIntel
TMP=C:\Users\HP\AppData\Local\Temp
TEMP=C:\Users\HP\AppData\Local\Temp




Periodic native trim disabled

JNI global refs:
JNI global refs: 29, weak refs: 7

JNI global refs memory usage: 835, weak refs: 833

Process memory usage:
Resident Set Size: 622640K (3% of 16400712K total physical memory with 1521364K free physical memory)

OOME stack traces (most recent first):
Classloader memory used:
Loader org.gradle.internal.classloader.VisitableURLClassLoader                         : 42031K
Loader org.gradle.internal.classloader.VisitableURLClassLoader$InstrumentingVisitableURLClassLoader: 35856K
Loader bootstrap                                                                       : 29856K
Loader org.gradle.initialization.MixInLegacyTypesClassLoader                           : 11991K
Loader jdk.internal.loader.ClassLoaders$PlatformClassLoader                            : 507K
Loader org.gradle.internal.classloader.VisitableURLClassLoader                         : 447K
Loader jdk.internal.reflect.DelegatingClassLoader                                      : 368K
Loader jdk.internal.loader.ClassLoaders$AppClassLoader                                 : 234K

Classes loaded by more than one classloader:
Class Program                                                                         : loaded 5 times (x 68B)
Class Build_gradle                                                                    : loaded 3 times (x 126B)
Class Build_gradle$1                                                                  : loaded 3 times (x 70B)
Class com.google.common.collect.RegularImmutableMap$KeySet                            : loaded 2 times (x 146B)
Class org.gradle.internal.classloader.FilteringClassLoader                            : loaded 2 times (x 101B)
Class com.google.common.io.FileWriteMode                                              : loaded 2 times (x 75B)
Class [Lcom.google.common.base.AbstractIterator$State;                                : loaded 2 times (x 65B)
Class com.google.common.base.CharMatcher$IsEither                                     : loaded 2 times (x 107B)
Class org.gradle.internal.classloader.ClassLoaderHierarchy                            : loaded 2 times (x 66B)
Class com.google.common.collect.AbstractMapBasedMultimap$WrappedCollection            : loaded 2 times (x 120B)
Class com.google.common.collect.ImmutableEnumSet                                      : loaded 2 times (x 142B)
Class com.google.common.util.concurrent.ExecutionError                                : loaded 2 times (x 78B)
Class com.google.common.collect.ImmutableList$1                                       : loaded 2 times (x 93B)
Class org.gradle.api.internal.classpath.ManifestUtil                                  : loaded 2 times (x 67B)
Class com.google.common.collect.RegularImmutableMap                                   : loaded 2 times (x 117B)
Class com.google.common.collect.ImmutableMap$MapViewOfValuesAsSingletonSets           : loaded 2 times (x 121B)
Class [Lorg.objectweb.asm.Symbol;                                                     : loaded 2 times (x 65B)
Class org.objectweb.asm.ClassVisitor                                                  : loaded 2 times (x 84B)
Class com.google.common.collect.UnmodifiableListIterator                              : loaded 2 times (x 91B)
Class com.google.common.base.Platform$JdkPatternCompiler                              : loaded 2 times (x 71B)
Class org.objectweb.asm.MethodTooLargeException                                       : loaded 2 times (x 79B)
Class [Lcom.google.common.cache.CacheBuilder$OneWeigher;                              : loaded 2 times (x 65B)
Class com.google.common.base.Suppliers                                                : loaded 2 times (x 67B)
Class org.gradle.internal.classloader.DefaultClassLoaderFactory                       : loaded 2 times (x 78B)
Class com.google.common.base.CharMatcher$None                                         : loaded 2 times (x 108B)
Class org.gradle.internal.classloader.ClassLoaderVisitor                              : loaded 2 times (x 72B)
Class [Lcom.google.common.collect.ImmutableMapEntry;                                  : loaded 2 times (x 65B)
Class org.gradle.api.internal.classpath.EffectiveClassPath                            : loaded 2 times (x 86B)
Class com.google.common.collect.ImmutableRangeSet                                     : loaded 2 times (x 111B)
Class com.google.common.collect.ImmutableEnumMap                                      : loaded 2 times (x 121B)
Class com.google.common.collect.ListMultimap                                          : loaded 2 times (x 66B)
Class com.google.common.collect.Sets$1                                                : loaded 2 times (x 135B)
Class org.objectweb.asm.AnnotationVisitor                                             : loaded 2 times (x 74B)
Class com.google.common.base.Splitter                                                 : loaded 2 times (x 68B)
Class org.gradle.api.internal.DefaultClassPathProvider                                : loaded 2 times (x 72B)
Class com.google.common.collect.Maps$ViewCachingAbstractMap                           : loaded 2 times (x 121B)
Class com.google.common.collect.Sets$2                                                : loaded 2 times (x 135B)
Class [Lorg.gradle.api.internal.ClassPathProvider;                                    : loaded 2 times (x 65B)
Class org.gradle.api.internal.ClassPathProvider                                       : loaded 2 times (x 66B)
Class [Lorg.objectweb.asm.AnnotationVisitor;                                          : loaded 2 times (x 65B)
Class com.google.common.collect.Sets$3                                                : loaded 2 times (x 135B)
Class com.google.common.util.concurrent.AbstractFuture$SafeAtomicHelper               : loaded 2 times (x 75B)
Class com.google.common.cache.LocalCache$LocalLoadingCache                            : loaded 2 times (x 130B)
Class com.google.common.base.AbstractIterator$State                                   : loaded 2 times (x 75B)
Class org.gradle.internal.service.UnknownServiceException                             : loaded 2 times (x 79B)
Class com.google.common.collect.Sets$4                                                : loaded 2 times (x 135B)
Class org.objectweb.asm.ModuleVisitor                                                 : loaded 2 times (x 77B)
Class com.google.common.cache.LocalCache$Strength$1                                   : loaded 2 times (x 77B)
Class com.google.common.util.concurrent.SettableFuture                                : loaded 2 times (x 110B)
Class com.google.common.cache.LocalCache$Strength$2                                   : loaded 2 times (x 77B)
Class com.google.common.cache.LocalCache$Strength$3                                   : loaded 2 times (x 77B)
Class com.google.common.collect.MapDifference                                         : loaded 2 times (x 66B)
Class com.google.common.base.Splitter$1                                               : loaded 2 times (x 73B)
Class org.objectweb.asm.FieldWriter                                                   : loaded 2 times (x 74B)
Class com.google.common.cache.CacheBuilder$NullListener                               : loaded 2 times (x 78B)
Class org.gradle.internal.classpath.TransformedClassPath                              : loaded 2 times (x 92B)
Class org.gradle.internal.classloader.InstrumentingClassLoader                        : loaded 2 times (x 66B)
Class com.google.common.collect.ImmutableListMultimap                                 : loaded 2 times (x 172B)
Class com.google.common.collect.ImmutableRangeSet$AsSet                               : loaded 2 times (x 295B)
Class com.google.common.cache.CacheLoader$FunctionToCacheLoader                       : loaded 2 times (x 71B)
Class com.google.common.collect.Iterators$ArrayItr                                    : loaded 2 times (x 93B)
Class com.google.common.collect.ImmutableCollection$Builder                           : loaded 2 times (x 72B)
Class com.google.common.collect.EmptyImmutableListMultimap                            : loaded 2 times (x 172B)
Class com.google.common.collect.BaseImmutableMultimap                                 : loaded 2 times (x 119B)
Class com.google.common.base.Joiner                                                   : loaded 2 times (x 75B)
Class com.google.common.base.MoreObjects                                              : loaded 2 times (x 67B)
Class [Lorg.objectweb.asm.Type;                                                       : loaded 2 times (x 65B)
Class com.google.common.collect.Platform                                              : loaded 2 times (x 67B)
Class com.google.common.collect.UnmodifiableIterator                                  : loaded 2 times (x 76B)
Class org.gradle.internal.service.ServiceLocator                                      : loaded 2 times (x 66B)
Class com.google.common.base.Ascii                                                    : loaded 2 times (x 67B)
Class com.google.common.collect.SingletonImmutableBiMap                               : loaded 2 times (x 139B)
Class com.google.common.cache.LocalCache$1                                            : loaded 2 times (x 85B)
Class com.google.common.collect.AbstractMapEntry                                      : loaded 2 times (x 77B)
Class com.google.common.collect.Sets$ImprovedAbstractSet                              : loaded 2 times (x 131B)
Class com.google.common.collect.ImmutableList$Builder                                 : loaded 2 times (x 73B)
Class com.google.common.cache.LocalCache$2                                            : loaded 2 times (x 138B)
Class com.google.common.collect.AbstractMultimap                                      : loaded 2 times (x 119B)
Class com.google.common.collect.ImmutableRangeSet$1                                   : loaded 2 times (x 205B)
Class com.google.common.util.concurrent.AbstractFuture$UnsafeAtomicHelper$1           : loaded 2 times (x 72B)
Class com.google.common.collect.RegularImmutableAsList                                : loaded 2 times (x 212B)
Class com.google.common.base.Optional                                                 : loaded 2 times (x 76B)
Class com.google.common.collect.Range                                                 : loaded 2 times (x 83B)
Class com.google.common.util.concurrent.AbstractFuture$Trusted                        : loaded 2 times (x 66B)
Class com.google.common.collect.Iterators                                             : loaded 2 times (x 67B)
Class com.google.common.base.CharMatcher$RangesMatcher                                : loaded 2 times (x 108B)
Class com.google.common.io.ByteSink$AsCharSink                                        : loaded 2 times (x 76B)
Class com.google.common.util.concurrent.UncheckedExecutionException                   : loaded 2 times (x 78B)
Class com.google.common.collect.Lists$StringAsImmutableList                           : loaded 2 times (x 203B)
Class org.gradle.kotlin.dsl.VersionCatalogAccessorsKt                                 : loaded 2 times (x 67B)
Class com.google.common.collect.ImmutableSortedSetFauxverideShim                      : loaded 2 times (x 143B)
Class com.google.common.base.CharMatcher$JavaLetterOrDigit                            : loaded 2 times (x 107B)
Class org.gradle.internal.InternalTransformer                                         : loaded 2 times (x 66B)
Class com.google.common.collect.AbstractMapBasedMultimap$KeySet$1                     : loaded 2 times (x 78B)
Class org.objectweb.asm.ClassWriter                                                   : loaded 2 times (x 102B)
Class com.google.common.cache.CacheLoader$UnsupportedLoadingOperationException        : loaded 2 times (x 78B)
Class com.google.common.base.CharMatcher$And                                          : loaded 2 times (x 108B)
Class org.gradle.internal.classloader.ClasspathUtil$1                                 : loaded 2 times (x 72B)
Class com.google.common.base.Objects                                                  : loaded 2 times (x 67B)
Class org.objectweb.asm.FieldVisitor                                                  : loaded 2 times (x 73B)
Class com.google.common.collect.IndexedImmutableSet                                   : loaded 2 times (x 146B)
Class com.google.common.collect.ImmutableMap$1                                        : loaded 2 times (x 77B)
Class com.google.common.collect.BiMap                                                 : loaded 2 times (x 66B)
Class org.gradle.api.internal.classpath.DefaultModuleRegistry$DefaultModule           : loaded 2 times (x 82B)
Class com.google.common.primitives.Ints                                               : loaded 2 times (x 67B)
Class com.google.common.collect.AbstractIterator                                      : loaded 2 times (x 78B)
Class com.google.common.math.MathPreconditions                                        : loaded 2 times (x 67B)
Class com.google.common.collect.Multiset                                              : loaded 2 times (x 66B)
Class com.google.common.collect.ArrayListMultimapGwtSerializationDependencies         : loaded 2 times (x 168B)
Class com.google.common.collect.ObjectArrays                                          : loaded 2 times (x 67B)
Class com.google.common.base.PairwiseEquivalence                                      : loaded 2 times (x 79B)
Class com.google.common.collect.ImmutableMapEntrySet                                  : loaded 2 times (x 147B)
Class org.gradle.api.internal.classpath.Module                                        : loaded 2 times (x 66B)
Class com.google.common.cache.Weigher                                                 : loaded 2 times (x 66B)
Class org.gradle.api.internal.classpath.UnknownModuleException                        : loaded 2 times (x 78B)
Class com.google.common.base.Stopwatch                                                : loaded 2 times (x 68B)
Class com.google.common.cache.LocalCache$Strength                                     : loaded 2 times (x 77B)
Class com.google.common.cache.Cache                                                   : loaded 2 times (x 66B)
Class com.google.common.io.Files$2                                                    : loaded 2 times (x 72B)
Class com.google.common.io.AppendableWriter                                           : loaded 2 times (x 96B)
Class com.google.common.util.concurrent.AbstractFuture$Cancellation                   : loaded 2 times (x 68B)
Class com.google.common.collect.ImmutableMap$Builder                                  : loaded 2 times (x 78B)
Class com.google.common.base.NullnessCasts                                            : loaded 2 times (x 67B)
Class com.google.common.base.Present                                                  : loaded 2 times (x 77B)
Class com.google.common.cache.RemovalListener                                         : loaded 2 times (x 66B)
Class org.gradle.api.internal.DefaultClassPathRegistry                                : loaded 2 times (x 72B)
Class com.google.common.collect.ImmutableMultimap$Keys                                : loaded 2 times (x 162B)
Class com.google.common.primitives.IntsMethodsForWeb                                  : loaded 2 times (x 67B)
Class com.google.common.collect.Multimap                                              : loaded 2 times (x 66B)
Class org.gradle.api.internal.ClassPathRegistry                                       : loaded 2 times (x 66B)
Class org.gradle.internal.classpath.DefaultClassPath$ImmutableUniqueList              : loaded 2 times (x 195B)
Class com.google.common.base.ExtraObjectsMethodsForWeb                                : loaded 2 times (x 67B)
Class com.google.common.base.Equivalence$Identity                                     : loaded 2 times (x 78B)
Class com.google.common.io.ByteSink                                                   : loaded 2 times (x 72B)
Class com.google.common.cache.CacheBuilder                                            : loaded 2 times (x 68B)
Class com.google.common.collect.SingletonImmutableList                                : loaded 2 times (x 203B)
Class Settings_gradle$1                                                               : loaded 2 times (x 70B)
Class org.gradle.internal.classpath.ClassPath                                         : loaded 2 times (x 66B)
Class org.gradle.api.UncheckedIOException                                             : loaded 2 times (x 78B)
Class com.google.common.io.Files$FileByteSource                                       : loaded 2 times (x 81B)
Class com.google.common.collect.ImmutableList$ReverseImmutableList                    : loaded 2 times (x 204B)
Class com.google.common.base.JdkPattern                                               : loaded 2 times (x 71B)
Class com.google.common.io.CharStreams$NullWriter                                     : loaded 2 times (x 95B)
Class org.objectweb.asm.SymbolTable$Entry                                             : loaded 2 times (x 70B)
Class com.google.common.util.concurrent.AbstractFuture$AtomicHelper                   : loaded 2 times (x 74B)
Class org.objectweb.asm.Edge                                                          : loaded 2 times (x 68B)
Class com.google.common.base.Suppliers$SupplierOfInstance                             : loaded 2 times (x 75B)
Class com.google.common.collect.Iterators$1                                           : loaded 2 times (x 77B)
Class com.google.common.cache.LocalCache$ComputingValueReference                      : loaded 2 times (x 92B)
Class com.google.common.collect.SingletonImmutableSet                                 : loaded 2 times (x 142B)
Class com.google.common.collect.ImmutableMap$IteratorBasedImmutableMap                : loaded 2 times (x 121B)
Class com.google.common.cache.LocalCache$Segment                                      : loaded 2 times (x 150B)
Class com.google.common.collect.SortedIterable                                        : loaded 2 times (x 66B)
Class [Lorg.objectweb.asm.SymbolTable$Entry;                                          : loaded 2 times (x 65B)
Class com.google.common.cache.CacheLoader                                             : loaded 2 times (x 70B)
Class com.google.common.collect.Iterators$4                                           : loaded 2 times (x 78B)
Class com.google.common.collect.ImmutableBiMap                                        : loaded 2 times (x 139B)
Class com.google.common.collect.AbstractListMultimap                                  : loaded 2 times (x 168B)
Class org.gradle.internal.installation.GradleInstallation$1                           : loaded 2 times (x 71B)
Class org.gradle.api.internal.classpath.ModuleRegistry                                : loaded 2 times (x 66B)
Class com.google.common.util.concurrent.internal.InternalFutureFailureAccess          : loaded 2 times (x 68B)
Class com.google.common.collect.Iterators$5                                           : loaded 2 times (x 78B)
Class com.google.common.collect.ImmutableSet$JdkBackedSetBuilderImpl                  : loaded 2 times (x 72B)
Class com.google.common.base.Splitter$SplittingIterator                               : loaded 2 times (x 80B)
Class com.google.common.io.Closer$SuppressingSuppressor                               : loaded 2 times (x 71B)
Class com.google.common.collect.ImmutableMultimap$Values                              : loaded 2 times (x 122B)
Class com.google.common.util.concurrent.AbstractFuture$UnsafeAtomicHelper             : loaded 2 times (x 74B)
Class com.google.common.cache.LocalCache$LocalManualCache$1                           : loaded 2 times (x 71B)
Class com.google.common.base.CharMatcher$ForPredicate                                 : loaded 2 times (x 108B)
Class com.google.common.collect.ImmutableCollection                                   : loaded 2 times (x 121B)
Class com.google.common.base.CharMatcher$AnyOf                                        : loaded 2 times (x 108B)
Class org.gradle.api.internal.classpath.DefaultModuleRegistry                         : loaded 2 times (x 82B)
Class com.google.common.util.concurrent.ListenableFuture                              : loaded 2 times (x 66B)
Class com.google.common.cache.ReferenceEntry                                          : loaded 2 times (x 66B)
Class com.google.common.collect.ImmutableSet$CachingAsList                            : loaded 2 times (x 143B)
Class com.google.common.base.Converter                                                : loaded 2 times (x 86B)
Class com.google.common.collect.Lists                                                 : loaded 2 times (x 67B)
Class com.google.common.base.CharMatcher$Any                                          : loaded 2 times (x 108B)
Class com.google.common.util.concurrent.AbstractFuture                                : loaded 2 times (x 102B)
Class com.google.common.base.FunctionalEquivalence                                    : loaded 2 times (x 79B)
Class com.google.common.collect.Iterators$9                                           : loaded 2 times (x 77B)
Class com.google.common.collect.AbstractMapBasedMultimap                              : loaded 2 times (x 135B)
Class com.google.common.collect.ImmutableAsList                                       : loaded 2 times (x 205B)
Class com.google.common.io.CharStreams                                                : loaded 2 times (x 67B)
Class com.google.common.collect.ImmutableMultiset                                     : loaded 2 times (x 159B)
Class org.objectweb.asm.RecordComponentVisitor                                        : loaded 2 times (x 73B)
Class com.google.common.cache.CacheLoader$SupplierToCacheLoader                       : loaded 2 times (x 71B)
Class com.google.common.collect.Maps$EntryTransformer                                 : loaded 2 times (x 66B)
Class org.gradle.internal.service.ServiceLookupException                              : loaded 2 times (x 78B)
Class com.google.common.collect.ImmutableSortedSet                                    : loaded 2 times (x 295B)
Class [Lcom.google.common.cache.LocalCache$EntryFactory;                              : loaded 2 times (x 65B)
Class com.google.common.base.CharMatcher$JavaLetter                                   : loaded 2 times (x 107B)
Class org.gradle.internal.classloader.ClassLoaderFactory                              : loaded 2 times (x 66B)
Class com.google.common.cache.LocalCache$LocalManualCache                             : loaded 2 times (x 95B)
Class com.google.common.base.CharMatcher$IsNot                                        : loaded 2 times (x 107B)
Class com.google.common.base.CommonPattern                                            : loaded 2 times (x 70B)
Class org.gradle.internal.service.CachingServiceLocator                               : loaded 2 times (x 78B)
Class com.google.common.collect.AbstractMapBasedMultimap$KeySet                       : loaded 2 times (x 133B)
Class com.google.common.collect.RegularImmutableSortedSet                             : loaded 2 times (x 295B)
Class com.google.common.math.IntMath                                                  : loaded 2 times (x 67B)
Class com.google.common.collect.Iterators$10                                          : loaded 2 times (x 77B)
Class com.google.common.collect.ImmutableMapEntry                                     : loaded 2 times (x 81B)
Class com.google.common.base.CharMatcher$JavaDigit                                    : loaded 2 times (x 107B)
Class com.google.common.collect.ImmutableMultimap                                     : loaded 2 times (x 143B)
Class com.google.common.base.Equivalence                                              : loaded 2 times (x 78B)
Class com.google.common.collect.ImmutableMapEntry$NonTerminalImmutableMapEntry        : loaded 2 times (x 81B)
Class com.google.common.base.Function                                                 : loaded 2 times (x 66B)
Class com.google.common.collect.IndexedImmutableSet$1                                 : loaded 2 times (x 208B)
Class com.google.common.cache.CacheBuilder$OneWeigher                                 : loaded 2 times (x 78B)
Class com.google.common.collect.RegularImmutableList                                  : loaded 2 times (x 208B)
Class com.google.common.collect.ImmutableBiMapFauxverideShim                          : loaded 2 times (x 116B)
Class org.gradle.internal.classloader.ClasspathUtil                                   : loaded 2 times (x 67B)
Class com.google.common.base.Charsets                                                 : loaded 2 times (x 67B)
Class com.google.common.util.concurrent.Uninterruptibles                              : loaded 2 times (x 67B)
Class com.google.common.collect.Maps                                                  : loaded 2 times (x 67B)
Class com.google.common.base.CharMatcher$JavaUpperCase                                : loaded 2 times (x 107B)
Class org.gradle.api.specs.Spec                                                       : loaded 2 times (x 66B)
Class [Lcom.google.common.collect.ImmutableEntry;                                     : loaded 2 times (x 65B)
Class com.google.common.cache.LocalCache$LoadingValueReference                        : loaded 2 times (x 92B)
Class com.google.common.collect.AbstractIndexedListIterator                           : loaded 2 times (x 92B)
Class com.google.common.io.LineReader$1                                               : loaded 2 times (x 71B)
Class com.google.common.collect.CollectSpliterators                                   : loaded 2 times (x 67B)
Class com.google.common.collect.AbstractMapBasedMultimap$AsMap                        : loaded 2 times (x 124B)
Class com.google.common.base.Platform                                                 : loaded 2 times (x 67B)
Class com.google.common.collect.AbstractMapBasedMultimap$WrappedList                  : loaded 2 times (x 201B)
Class [Lorg.objectweb.asm.AnnotationWriter;                                           : loaded 2 times (x 65B)
Class com.google.common.primitives.Ints$IntConverter                                  : loaded 2 times (x 86B)
Class com.google.common.collect.Maps$8                                                : loaded 2 times (x 78B)
Class com.google.common.collect.ImmutableRangeSet$Builder                             : loaded 2 times (x 73B)
Class com.google.common.collect.Sets$SetView                                          : loaded 2 times (x 134B)
Class com.google.common.cache.LocalCache$StrongValueReference                         : loaded 2 times (x 86B)
Class com.google.common.util.concurrent.AbstractFuture$SynchronizedHelper             : loaded 2 times (x 74B)
Class com.google.common.base.CharMatcher$Invisible                                    : loaded 2 times (x 108B)
Class com.google.common.graph.SuccessorsFunction                                      : loaded 2 times (x 66B)
Class org.objectweb.asm.Type                                                          : loaded 2 times (x 68B)
Class org.gradle.internal.classloader.VisitableURLClassLoader$InstrumentingVisitableURLClassLoader: loaded 2 times (x 119B)
Class com.google.common.io.Files$FileByteSink                                         : loaded 2 times (x 73B)
Class org.objectweb.asm.ByteVector                                                    : loaded 2 times (x 75B)
Class [Lcom.google.common.cache.CacheBuilder$NullListener;                            : loaded 2 times (x 65B)
Class com.google.common.math.IntMath$1                                                : loaded 2 times (x 67B)
Class org.gradle.internal.classloader.VisitableURLClassLoader$Spec                    : loaded 2 times (x 70B)
Class org.gradle.internal.classpath.DefaultClassPath                                  : loaded 2 times (x 86B)
Class org.objectweb.asm.Symbol                                                        : loaded 2 times (x 69B)
Class com.google.common.base.AbstractIterator                                         : loaded 2 times (x 76B)
Class com.google.common.io.Closer                                                     : loaded 2 times (x 74B)
Class com.google.common.io.Java8Compatibility                                         : loaded 2 times (x 67B)
Class com.google.common.collect.RegularImmutableMap$Values                            : loaded 2 times (x 203B)
Class com.google.common.collect.ImmutableSet                                          : loaded 2 times (x 141B)
Class com.google.common.base.CharMatcher$Ascii                                        : loaded 2 times (x 108B)
Class com.google.common.base.CharMatcher$BitSetMatcher                                : loaded 2 times (x 108B)
Class org.gradle.internal.classloader.ClassLoaderSpec                                 : loaded 2 times (x 67B)
Class org.objectweb.asm.AnnotationWriter                                              : loaded 2 times (x 75B)
Class com.google.common.cache.CacheStats                                              : loaded 2 times (x 67B)
Class com.google.common.io.Closer$Suppressor                                          : loaded 2 times (x 66B)
Class com.google.common.io.LineProcessor                                              : loaded 2 times (x 66B)
Class com.google.common.collect.ImmutableMultisetGwtSerializationDependencies         : loaded 2 times (x 121B)
Class org.objectweb.asm.RecordComponentWriter                                         : loaded 2 times (x 74B)
Class com.google.common.util.concurrent.AbstractFuture$Listener                       : loaded 2 times (x 68B)
Class com.google.common.base.CharMatcher$Or                                           : loaded 2 times (x 108B)
Class Settings_gradle$1$1                                                             : loaded 2 times (x 70B)
Class org.objectweb.asm.Attribute                                                     : loaded 2 times (x 73B)
Class com.google.common.base.Supplier                                                 : loaded 2 times (x 66B)
Class org.gradle.internal.classloader.VisitableURLClassLoader                         : loaded 2 times (x 113B)
Class com.google.common.util.concurrent.AbstractFuture$Waiter                         : loaded 2 times (x 68B)
Class Settings_gradle                                                                 : loaded 2 times (x 124B)
Class org.gradle.internal.Cast                                                        : loaded 2 times (x 67B)
Class org.gradle.api.Action                                                           : loaded 2 times (x 66B)
Class com.google.common.base.Strings                                                  : loaded 2 times (x 67B)
Class com.google.common.collect.Sets                                                  : loaded 2 times (x 67B)
Class org.objectweb.asm.Handler                                                       : loaded 2 times (x 68B)
Class com.google.common.base.Ticker                                                   : loaded 2 times (x 68B)
Class com.google.common.base.CharMatcher$FastMatcher                                  : loaded 2 times (x 107B)
Class [Lcom.google.common.cache.LocalCache$Segment;                                   : loaded 2 times (x 65B)
Class [Lcom.google.common.cache.LocalCache$Strength;                                  : loaded 2 times (x 65B)
Class com.google.common.cache.CacheBuilder$1                                          : loaded 2 times (x 81B)
Class com.google.common.collect.ImmutableMap                                          : loaded 2 times (x 116B)
Class com.google.common.base.Predicate                                                : loaded 2 times (x 66B)
Class org.gradle.internal.classpath.DefaultClassPath$ImmutableUniqueList$Builder      : loaded 2 times (x 71B)
Class com.google.common.collect.AbstractRangeSet                                      : loaded 2 times (x 110B)
Class com.google.common.cache.LocalCache                                              : loaded 2 times (x 183B)
Class com.google.common.cache.CacheBuilder$2                                          : loaded 2 times (x 68B)
Class com.google.common.base.CharMatcher$NegatedFastMatcher                           : loaded 2 times (x 109B)
Class [Lcom.google.common.collect.AbstractMapEntry;                                   : loaded 2 times (x 65B)
Class com.google.common.collect.ImmutableEntry                                        : loaded 2 times (x 78B)
Class com.google.common.collect.ArrayListMultimap                                     : loaded 2 times (x 168B)
Class com.google.common.base.AbstractIterator$1                                       : loaded 2 times (x 67B)
Class com.google.common.base.CharMatcher$Digit                                        : loaded 2 times (x 108B)
Class org.gradle.api.GradleException                                                  : loaded 2 times (x 78B)
Class com.google.common.base.Suppliers$MemoizingSupplier                              : loaded 2 times (x 75B)
Class com.google.common.collect.CollectPreconditions                                  : loaded 2 times (x 67B)
Class com.google.common.base.CharMatcher$JavaIsoControl                               : loaded 2 times (x 108B)
Class [Lcom.google.common.io.FileWriteMode;                                           : loaded 2 times (x 65B)
Class com.google.common.collect.SortedMapDifference                                   : loaded 2 times (x 66B)
Class com.google.common.base.CharMatcher$JavaLowerCase                                : loaded 2 times (x 107B)
Class com.google.common.io.Files                                                      : loaded 2 times (x 67B)
Class com.google.common.cache.LocalCache$EntryFactory                                 : loaded 2 times (x 79B)
Class com.google.common.cache.LocalCache$AbstractReferenceEntry                       : loaded 2 times (x 103B)
Class com.google.common.base.Splitter$1$1                                             : loaded 2 times (x 82B)
Class com.google.common.base.CharMatcher$Whitespace                                   : loaded 2 times (x 108B)
Class org.gradle.internal.IoActions                                                   : loaded 2 times (x 67B)
Class com.google.common.collect.ImmutableRangeSet$ComplementRanges                    : loaded 2 times (x 203B)
Class org.objectweb.asm.SymbolTable                                                   : loaded 2 times (x 68B)
Class com.google.common.cache.CacheLoader$InvalidCacheLoadException                   : loaded 2 times (x 78B)
Class com.google.common.collect.ImmutableSet$RegularSetBuilderImpl                    : loaded 2 times (x 73B)
Class com.google.common.base.CharMatcher$SingleWidth                                  : loaded 2 times (x 108B)
Class org.gradle.internal.classloader.SystemClassLoaderSpec                           : loaded 2 times (x 67B)
Class com.google.common.cache.LocalCache$StrongEntry                                  : loaded 2 times (x 104B)
Class com.google.common.util.concurrent.AbstractFuture$TrustedFuture                  : loaded 2 times (x 110B)
Class com.google.common.cache.LoadingCache                                            : loaded 2 times (x 66B)
Class com.google.common.base.Suppliers$NonSerializableMemoizingSupplier               : loaded 2 times (x 75B)
Class org.objectweb.asm.MethodWriter                                                  : loaded 2 times (x 102B)
Class [Lcom.google.common.cache.Weigher;                                              : loaded 2 times (x 65B)
Class com.google.common.collect.RegularImmutableMap$BucketOverflowException           : loaded 2 times (x 78B)
Class com.google.common.collect.ImmutableMultimap$1                                   : loaded 2 times (x 78B)
Class com.google.common.collect.AbstractMapBasedMultimap$RandomAccessWrappedList      : loaded 2 times (x 201B)
Class com.google.common.collect.ImmutableMultimap$2                                   : loaded 2 times (x 77B)
Class com.google.common.collect.RegularImmutableBiMap                                 : loaded 2 times (x 144B)
Class com.google.common.cache.LocalCache$ValueReference                               : loaded 2 times (x 66B)
Class com.google.common.base.CharMatcher$Is                                           : loaded 2 times (x 107B)
Class com.google.common.base.CharMatcher$Negated                                      : loaded 2 times (x 109B)
Class com.google.common.base.PatternCompiler                                          : loaded 2 times (x 66B)
Class com.google.common.util.concurrent.AbstractFuture$Failure                        : loaded 2 times (x 68B)
Class com.google.common.base.Equivalence$Equals                                       : loaded 2 times (x 78B)
Class com.google.common.collect.Hashing                                               : loaded 2 times (x 67B)
Class com.google.common.base.Preconditions                                            : loaded 2 times (x 67B)
Class com.google.common.io.CharSink                                                   : loaded 2 times (x 75B)
Class com.google.common.base.Joiner$1                                                 : loaded 2 times (x 76B)
Class org.objectweb.asm.Label                                                         : loaded 2 times (x 69B)
Class org.objectweb.asm.CurrentFrame                                                  : loaded 2 times (x 69B)
Class org.objectweb.asm.ClassTooLargeException                                        : loaded 2 times (x 79B)
Class com.google.common.collect.PeekingIterator                                       : loaded 2 times (x 66B)
Class com.google.common.base.CharMatcher                                              : loaded 2 times (x 107B)
Class com.google.common.collect.Maps$IteratorBasedAbstractMap                         : loaded 2 times (x 121B)
Class com.google.common.collect.RangeGwtSerializationDependencies                     : loaded 2 times (x 67B)
Class com.google.common.base.Joiner$2                                                 : loaded 2 times (x 75B)
Class org.objectweb.asm.Frame                                                         : loaded 2 times (x 69B)
Class org.objectweb.asm.MethodVisitor                                                 : loaded 2 times (x 101B)
Class com.google.common.cache.LocalCache$EntryFactory$1                               : loaded 2 times (x 79B)
Class [Lcom.google.common.cache.RemovalListener;                                      : loaded 2 times (x 65B)
Class com.google.common.base.CharMatcher$1                                            : loaded 2 times (x 109B)
Class com.google.common.base.CharMatcher$NamedFastMatcher                             : loaded 2 times (x 108B)
Class com.google.common.collect.RangeSet                                              : loaded 2 times (x 66B)
Class com.google.common.cache.LocalCache$EntryFactory$2                               : loaded 2 times (x 79B)
Class org.gradle.api.internal.classpath.GlobalCacheRootsProvider                      : loaded 2 times (x 66B)
Class com.google.common.collect.CollectCollectors                                     : loaded 2 times (x 67B)
Class org.objectweb.asm.ModuleWriter                                                  : loaded 2 times (x 78B)
Class com.google.common.cache.LocalCache$EntryFactory$3                               : loaded 2 times (x 79B)
Class com.google.common.base.Ticker$1                                                 : loaded 2 times (x 68B)
Class com.google.common.collect.ImmutableMapEntrySet$RegularEntrySet                  : loaded 2 times (x 147B)
Class com.google.common.collect.Maps$BiMapConverter                                   : loaded 2 times (x 86B)
Class com.google.common.collect.CollectSpliterators$1                                 : loaded 2 times (x 86B)
Class com.google.common.cache.LocalCache$EntryFactory$4                               : loaded 2 times (x 79B)
Class com.google.common.collect.ImmutableSet$Builder                                  : loaded 2 times (x 81B)
Class com.google.common.base.CharMatcher$InRange                                      : loaded 2 times (x 107B)
Class com.google.common.cache.LocalCache$EntryFactory$5                               : loaded 2 times (x 79B)
Class com.google.common.io.LineReader                                                 : loaded 2 times (x 68B)
Class com.google.common.cache.LocalCache$EntryFactory$6                               : loaded 2 times (x 79B)
Class org.gradle.internal.installation.CurrentGradleInstallationLocator               : loaded 2 times (x 67B)
Class com.google.common.collect.ImmutableMultimap$Builder                             : loaded 2 times (x 79B)
Class com.google.common.collect.Maps$KeySet                                           : loaded 2 times (x 133B)
Class com.google.common.cache.LocalCache$EntryFactory$7                               : loaded 2 times (x 79B)
Class com.google.common.collect.ImmutableSet$EmptySetBuilderImpl                      : loaded 2 times (x 72B)
Class com.google.common.collect.ImmutableList                                         : loaded 2 times (x 202B)
Class org.gradle.internal.service.DefaultServiceLocator                               : loaded 2 times (x 79B)
Class com.google.common.collect.ImmutableMultimap$EntryCollection                     : loaded 2 times (x 123B)
Class com.google.common.collect.Maps$EntrySet                                         : loaded 2 times (x 132B)
Class com.google.common.cache.LocalCache$EntryFactory$8                               : loaded 2 times (x 79B)
Class com.google.common.collect.ImmutableSet$SetBuilderImpl                           : loaded 2 times (x 72B)
Class org.gradle.internal.installation.CurrentGradleInstallation                      : loaded 2 times (x 69B)
Class com.google.common.cache.CacheLoader$1                                           : loaded 2 times (x 71B)
Class com.google.common.collect.ForwardingObject                                      : loaded 2 times (x 68B)
Class com.google.common.collect.ImmutableList$SubList                                 : loaded 2 times (x 204B)
Class org.gradle.util.internal.GUtil                                                  : loaded 2 times (x 67B)
Class com.google.common.io.ByteSource                                                 : loaded 2 times (x 80B)
Class com.google.common.util.concurrent.AbstractFuture$SetFuture                      : loaded 2 times (x 71B)
Class com.google.common.cache.AbstractCache$StatsCounter                              : loaded 2 times (x 66B)
Class com.google.common.io.LineBuffer                                                 : loaded 2 times (x 71B)
Class com.google.common.collect.Iterators$MergingIterator                             : loaded 2 times (x 77B)
Class com.google.common.collect.RegularImmutableSet                                   : loaded 2 times (x 144B)
Class org.gradle.internal.installation.GradleInstallation                             : loaded 2 times (x 71B)
Class com.google.common.collect.Iterables                                             : loaded 2 times (x 67B)
Class com.google.common.base.Splitter$Strategy                                        : loaded 2 times (x 66B)

---------------  S Y S T E M  ---------------

OS:
 Windows 11 , 64 bit Build 26100 (10.0.26100.7309)
OS uptime: 3 days 11:03 hours
Hyper-V role detected

CPU: total 12 (initial active 12) (6 cores per cpu, 2 threads per core) family 6 model 154 stepping 4 microcode 0x437, cx8, cmov, fxsr, ht, mmx, 3dnowpref, sse, sse2, sse3, ssse3, sse4.1, sse4.2, popcnt, lzcnt, tsc, tscinvbit, avx, avx2, aes, erms, clmul, bmi1, bmi2, adx, sha, fma, vzeroupper, clflush, clflushopt, clwb, hv, serialize, rdtscp, rdpid, fsrm, f16c, cet_ibt, cet_ss
Processor Information for all 12 processors :
  Max Mhz: 1300, Current Mhz: 1300, Mhz Limit: 1300

Memory: 4k page, system-wide physical 16016M (1483M free)
TotalPageFile size 26230M (AvailPageFile size 12M)
current process WorkingSet (physical memory assigned to process): 612M, peak: 613M
current process commit charge ("private bytes"): 651M, peak: 653M

vm_info: OpenJDK 64-Bit Server VM (21.0.4+-12508038-b607.1) for windows-amd64 JRE (21.0.4+-12508038-b607.1), built on 2024-10-16T17:23:34Z by "builder" with MS VC++ 16.10 / 16.11 (VS2019)

END.
