#
# There is insufficient memory for the Java Runtime Environment to continue.
# Native memory allocation (mmap) failed to map 34603008 bytes. Error detail: G1 virtual space
# Possible reasons:
#   The system is out of physical RAM or swap space
#   This process is running with CompressedOops enabled, and the Java Heap may be blocking the growth of the native heap
# Possible solutions:
#   Reduce memory load on the system
#   Increase physical memory or swap space
#   Check if swap backing store is full
#   Decrease Java heap size (-Xmx/-Xms)
#   Decrease number of Java threads
#   Decrease Java thread stack sizes (-Xss)
#   Set larger code cache with -XX:ReservedCodeCacheSize=
#   JVM is running with Unscaled Compressed Oops mode in which the Java heap is
#     placed in the first 4GB address space. The Java Heap base address is the
#     maximum limit for the native heap growth. Please use -XX:HeapBaseMinAddress
#     to set the Java Heap base and to place the Java Heap above 4GB virtual address.
# This output file may be truncated or incomplete.
#
#  Out of Memory Error (os_windows.cpp:3828), pid=15068, tid=1828
#
# JRE version: OpenJDK Runtime Environment (21.0.4) (build 21.0.4+-12508038-b607.1)
# Java VM: OpenJDK 64-Bit Server VM (21.0.4+-12508038-b607.1, mixed mode, tiered, compressed oops, compressed class ptrs, g1 gc, windows-amd64)
# No core dump will be written. Minidumps are not enabled by default on client versions of Windows
#

---------------  S U M M A R Y ------------

Command Line: -XX:MaxMetaspaceSize=256m -Xss512k --add-opens=java.base/java.util=ALL-UNNAMED --add-opens=java.base/java.lang=ALL-UNNAMED --add-opens=java.base/java.lang.invoke=ALL-UNNAMED --add-opens=java.prefs/java.util.prefs=ALL-UNNAMED --add-exports=jdk.compiler/com.sun.tools.javac.api=ALL-UNNAMED --add-exports=jdk.compiler/com.sun.tools.javac.util=ALL-UNNAMED --add-opens=java.base/java.nio.charset=ALL-UNNAMED --add-opens=java.base/java.net=ALL-UNNAMED --add-opens=java.base/java.util.concurrent.atomic=ALL-UNNAMED -Xmx1024m -Dfile.encoding=UTF-8 -Duser.country=US -Duser.language=en -Duser.variant -javaagent:D:\.gradle\wrapper\dists\gradle-8.10.2-bin\a04bxjujx95o3nb99gddekhwo\gradle-8.10.2\lib\agents\gradle-instrumentation-agent-8.10.2.jar org.gradle.launcher.daemon.bootstrap.GradleDaemon 8.10.2

Host: 12th Gen Intel(R) Core(TM) i5-1235U, 12 cores, 15G,  Windows 11 , 64 bit Build 26100 (10.0.26100.7309)
Time: Mon Dec 15 13:23:53 2025 Sri Lanka Standard Time elapsed time: 11.468281 seconds (0d 0h 0m 11s)

---------------  T H R E A D  ---------------

Current thread (0x000002b67ee40730):  VMThread "VM Thread"          [id=1828, stack(0x000000e7f3880000,0x000000e7f3980000) (1024K)]

Stack: [0x000000e7f3880000,0x000000e7f3980000]
Native frames: (J=compiled Java code, j=interpreted, Vv=VM code, C=native code)
V  [jvm.dll+0x6ce539]
V  [jvm.dll+0x85bf03]
V  [jvm.dll+0x85e45e]
V  [jvm.dll+0x85eb43]
V  [jvm.dll+0x27dd06]
V  [jvm.dll+0x6cada5]
V  [jvm.dll+0x6bf27a]
V  [jvm.dll+0x3541fb]
V  [jvm.dll+0x35be36]
V  [jvm.dll+0x3adbc6]
V  [jvm.dll+0x3ade98]
V  [jvm.dll+0x32691c]
V  [jvm.dll+0x329326]
V  [jvm.dll+0x33325d]
V  [jvm.dll+0x36a865]
V  [jvm.dll+0x8648c8]
V  [jvm.dll+0x865c44]
V  [jvm.dll+0x866180]
V  [jvm.dll+0x866413]
V  [jvm.dll+0x804418]
V  [jvm.dll+0x6cce0d]
C  [ucrtbase.dll+0x37b0]
C  [KERNEL32.DLL+0x2e8d7]
C  [ntdll.dll+0x8c53c]

VM_Operation (0x000000e7f347f5c0): G1PauseRemark, mode: safepoint, requested by thread 0x000002b67f061fd0


---------------  P R O C E S S  ---------------

Threads class SMR info:
_java_thread_list=0x000002b61d18f9b0, length=45, elements={
0x000002b67ee5a4d0, 0x000002b61795de70, 0x000002b617960ce0, 0x000002b617963fc0,
0x000002b617964a20, 0x000002b61796d540, 0x000002b61796dfa0, 0x000002b617986d50,
0x000002b6179877f0, 0x000002b617ae8810, 0x000002b61c12eb20, 0x000002b61c08ec10,
0x000002b61cf5bd00, 0x000002b61de22040, 0x000002b61dc905d0, 0x000002b61dd8a040,
0x000002b61dd98390, 0x000002b61dd93e00, 0x000002b61dd923c0, 0x000002b61dd92a50,
0x000002b61dd930e0, 0x000002b61dd94490, 0x000002b61dd93770, 0x000002b61dd94b20,
0x000002b61dd951b0, 0x000002b61e1e3050, 0x000002b61e1e29c0, 0x000002b61e1e1ca0,
0x000002b61e1e1610, 0x000002b61e1e36e0, 0x000002b61e1e3d70, 0x000002b61e1e5120,
0x000002b61e1e57b0, 0x000002b6222b9890, 0x000002b6222b9f20, 0x000002b6222bbff0,
0x000002b6222be750, 0x000002b6240dc790, 0x000002b6240de1d0, 0x000002b623dc5850,
0x000002b6222bf470, 0x000002b6222bc680, 0x000002b622655e00, 0x000002b622659910,
0x000002b62265b350
}

Java Threads: ( => current thread )
  0x000002b67ee5a4d0 JavaThread "main"                              [_thread_blocked, id=3476, stack(0x000000e7f3200000,0x000000e7f3280000) (512K)]
  0x000002b61795de70 JavaThread "Reference Handler"          daemon [_thread_blocked, id=23312, stack(0x000000e7f3980000,0x000000e7f3a00000) (512K)]
  0x000002b617960ce0 JavaThread "Finalizer"                  daemon [_thread_blocked, id=24556, stack(0x000000e7f3a00000,0x000000e7f3a80000) (512K)]
  0x000002b617963fc0 JavaThread "Signal Dispatcher"          daemon [_thread_blocked, id=8724, stack(0x000000e7f3a80000,0x000000e7f3b00000) (512K)]
  0x000002b617964a20 JavaThread "Attach Listener"            daemon [_thread_blocked, id=24124, stack(0x000000e7f3b00000,0x000000e7f3b80000) (512K)]
  0x000002b61796d540 JavaThread "Service Thread"             daemon [_thread_blocked, id=25940, stack(0x000000e7f3b80000,0x000000e7f3c00000) (512K)]
  0x000002b61796dfa0 JavaThread "Monitor Deflation Thread"   daemon [_thread_blocked, id=25780, stack(0x000000e7f3c00000,0x000000e7f3c80000) (512K)]
  0x000002b617986d50 JavaThread "C2 CompilerThread0"         daemon [_thread_blocked, id=25360, stack(0x000000e7f3c80000,0x000000e7f3d80000) (1024K)]
  0x000002b6179877f0 JavaThread "C1 CompilerThread0"         daemon [_thread_blocked, id=4640, stack(0x000000e7f3d80000,0x000000e7f3e80000) (1024K)]
  0x000002b617ae8810 JavaThread "Common-Cleaner"             daemon [_thread_blocked, id=21776, stack(0x000000e7f3e80000,0x000000e7f3f00000) (512K)]
  0x000002b61c12eb20 JavaThread "Notification Thread"        daemon [_thread_blocked, id=22404, stack(0x000000e7f3f00000,0x000000e7f3f80000) (512K)]
  0x000002b61c08ec10 JavaThread "C2 CompilerThread1"         daemon [_thread_blocked, id=7496, stack(0x000000e7f3f80000,0x000000e7f4080000) (1024K)]
  0x000002b61cf5bd00 JavaThread "Daemon health stats"               [_thread_blocked, id=29752, stack(0x000000e7f4680000,0x000000e7f4700000) (512K)]
  0x000002b61de22040 JavaThread "Incoming local TCP Connector on port 52423"        [_thread_in_native, id=22168, stack(0x000000e7f4a00000,0x000000e7f4a80000) (512K)]
  0x000002b61dc905d0 JavaThread "Daemon periodic checks"            [_thread_blocked, id=18492, stack(0x000000e7f4a80000,0x000000e7f4b00000) (512K)]
  0x000002b61dd8a040 JavaThread "Daemon"                            [_thread_blocked, id=22636, stack(0x000000e7f4b00000,0x000000e7f4b80000) (512K)]
  0x000002b61dd98390 JavaThread "Handler for socket connection from /127.0.0.1:52423 to /127.0.0.1:52424"        [_thread_in_native, id=22872, stack(0x000000e7f4b80000,0x000000e7f4c00000) (512K)]
  0x000002b61dd93e00 JavaThread "Cancel handler"                    [_thread_blocked, id=2412, stack(0x000000e7f4c00000,0x000000e7f4c80000) (512K)]
  0x000002b61dd923c0 JavaThread "Daemon worker"                     [_thread_blocked, id=7696, stack(0x000000e7f4c80000,0x000000e7f4d00000) (512K)]
  0x000002b61dd92a50 JavaThread "Asynchronous log dispatcher for DefaultDaemonConnection: socket connection from /127.0.0.1:52423 to /127.0.0.1:52424"        [_thread_blocked, id=20892, stack(0x000000e7f4d00000,0x000000e7f4d80000) (512K)]
  0x000002b61dd930e0 JavaThread "Stdin handler"                     [_thread_blocked, id=26796, stack(0x000000e7f4d80000,0x000000e7f4e00000) (512K)]
  0x000002b61dd94490 JavaThread "Daemon client event forwarder"        [_thread_blocked, id=18848, stack(0x000000e7f4e00000,0x000000e7f4e80000) (512K)]
  0x000002b61dd93770 JavaThread "Cache worker for journal cache (D:\.gradle\caches\journal-1)"        [_thread_blocked, id=7480, stack(0x000000e7f5180000,0x000000e7f5200000) (512K)]
  0x000002b61dd94b20 JavaThread "File lock request listener"        [_thread_in_native, id=16064, stack(0x000000e7f5200000,0x000000e7f5280000) (512K)]
  0x000002b61dd951b0 JavaThread "Cache worker for file hash cache (D:\.gradle\caches\8.10.2\fileHashes)"        [_thread_blocked, id=31652, stack(0x000000e7f5280000,0x000000e7f5300000) (512K)]
  0x000002b61e1e3050 JavaThread "Cache worker for file hash cache (D:\Diploma\Final Project\FixMate\.gradle\8.10.2\fileHashes)"        [_thread_blocked, id=28692, stack(0x000000e7f5300000,0x000000e7f5380000) (512K)]
  0x000002b61e1e29c0 JavaThread "Cache worker for Build Output Cleanup Cache (D:\Diploma\Final Project\FixMate\.gradle\buildOutputCleanup)"        [_thread_blocked, id=17560, stack(0x000000e7f5380000,0x000000e7f5400000) (512K)]
  0x000002b61e1e1ca0 JavaThread "File watcher server"        daemon [_thread_blocked, id=22936, stack(0x000000e7f5400000,0x000000e7f5480000) (512K)]
  0x000002b61e1e1610 JavaThread "File watcher consumer"      daemon [_thread_blocked, id=9256, stack(0x000000e7f5480000,0x000000e7f5500000) (512K)]
  0x000002b61e1e36e0 JavaThread "Cache worker for checksums cache (D:\Diploma\Final Project\FixMate\.gradle\8.10.2\checksums)"        [_thread_blocked, id=24544, stack(0x000000e7f5500000,0x000000e7f5580000) (512K)]
  0x000002b61e1e3d70 JavaThread "Cache worker for file content cache (D:\.gradle\caches\8.10.2\fileContent)"        [_thread_blocked, id=22204, stack(0x000000e7f5580000,0x000000e7f5600000) (512K)]
  0x000002b61e1e5120 JavaThread "Cache worker for cache directory md-rule (D:\.gradle\caches\8.10.2\md-rule)"        [_thread_blocked, id=24644, stack(0x000000e7f5600000,0x000000e7f5680000) (512K)]
  0x000002b61e1e57b0 JavaThread "Cache worker for cache directory md-supplier (D:\.gradle\caches\8.10.2\md-supplier)"        [_thread_blocked, id=28884, stack(0x000000e7f5680000,0x000000e7f5700000) (512K)]
  0x000002b6222b9890 JavaThread "Unconstrained build operations"        [_thread_blocked, id=29136, stack(0x000000e7f5700000,0x000000e7f5780000) (512K)]
  0x000002b6222b9f20 JavaThread "Unconstrained build operations Thread 2"        [_thread_blocked, id=26232, stack(0x000000e7f5780000,0x000000e7f5800000) (512K)]
  0x000002b6222bbff0 JavaThread "Unconstrained build operations Thread 3"        [_thread_blocked, id=16096, stack(0x000000e7f5800000,0x000000e7f5880000) (512K)]
  0x000002b6222be750 JavaThread "build event listener"              [_thread_blocked, id=6892, stack(0x000000e7f5880000,0x000000e7f5900000) (512K)]
  0x000002b6240dc790 JavaThread "Memory manager"                    [_thread_blocked, id=14424, stack(0x000000e7f4080000,0x000000e7f4100000) (512K)]
  0x000002b6240de1d0 JavaThread "build event listener"              [_thread_blocked, id=19116, stack(0x000000e7f4100000,0x000000e7f4180000) (512K)]
  0x000002b623dc5850 JavaThread "C2 CompilerThread2"         daemon [_thread_blocked, id=31016, stack(0x000000e7f5900000,0x000000e7f5a00000) (1024K)]
  0x000002b6222bf470 JavaThread "pool-3-thread-1"                   [_thread_blocked, id=23012, stack(0x000000e7f5a00000,0x000000e7f5a80000) (512K)]
  0x000002b6222bc680 JavaThread "build event listener"              [_thread_blocked, id=31136, stack(0x000000e7f5a80000,0x000000e7f5b00000) (512K)]
  0x000002b622655e00 JavaThread "included builds"                   [_thread_blocked, id=22108, stack(0x000000e7f5b00000,0x000000e7f5b80000) (512K)]
  0x000002b622659910 JavaThread "Cache worker for execution history cache (D:\Diploma\Final Project\FixMate\.gradle\8.10.2\executionHistory)"        [_thread_blocked, id=23480, stack(0x000000e7f5b80000,0x000000e7f5c00000) (512K)]
  0x000002b62265b350 JavaThread "Unconstrained build operations Thread 4"        [_thread_blocked, id=9420, stack(0x000000e7f5c00000,0x000000e7f5c80000) (512K)]
Total: 45

Other Threads:
=>0x000002b67ee40730 VMThread "VM Thread"                           [id=1828, stack(0x000000e7f3880000,0x000000e7f3980000) (1024K)]
  0x000002b617752d30 WatcherThread "VM Periodic Task Thread"        [id=17828, stack(0x000000e7f3780000,0x000000e7f3880000) (1024K)]
  0x000002b67ee41950 WorkerThread "GC Thread#0"                     [id=12876, stack(0x000000e7f3280000,0x000000e7f3380000) (1024K)]
  0x000002b67ee40ad0 WorkerThread "GC Thread#1"                     [id=18892, stack(0x000000e7f4180000,0x000000e7f4280000) (1024K)]
  0x000002b67ee40e70 WorkerThread "GC Thread#2"                     [id=18424, stack(0x000000e7f4280000,0x000000e7f4380000) (1024K)]
  0x000002b67ee415b0 WorkerThread "GC Thread#3"                     [id=17468, stack(0x000000e7f4380000,0x000000e7f4480000) (1024K)]
  0x000002b67ee41210 WorkerThread "GC Thread#4"                     [id=33248, stack(0x000000e7f4480000,0x000000e7f4580000) (1024K)]
  0x000002b61c3fe500 WorkerThread "GC Thread#5"                     [id=12704, stack(0x000000e7f4580000,0x000000e7f4680000) (1024K)]
  0x000002b61c3fec40 WorkerThread "GC Thread#6"                     [id=3080, stack(0x000000e7f4700000,0x000000e7f4800000) (1024K)]
  0x000002b61c3fefe0 WorkerThread "GC Thread#7"                     [id=20864, stack(0x000000e7f4800000,0x000000e7f4900000) (1024K)]
  0x000002b61c3fda20 WorkerThread "GC Thread#8"                     [id=7628, stack(0x000000e7f4900000,0x000000e7f4a00000) (1024K)]
  0x000002b61c400940 WorkerThread "GC Thread#9"                     [id=18352, stack(0x000000e7f4e80000,0x000000e7f4f80000) (1024K)]
  0x000002b67f061fd0 ConcurrentGCThread "G1 Main Marker"            [id=15320, stack(0x000000e7f3380000,0x000000e7f3480000) (1024K)]
  0x000002b67ee40390 WorkerThread "G1 Conc#0"                       [id=32416, stack(0x000000e7f3480000,0x000000e7f3580000) (1024K)]
  0x000002b61c3fddc0 WorkerThread "G1 Conc#1"                       [id=11904, stack(0x000000e7f4f80000,0x000000e7f5080000) (1024K)]
  0x000002b61c400200 WorkerThread "G1 Conc#2"                       [id=2608, stack(0x000000e7f5080000,0x000000e7f5180000) (1024K)]
  0x000002b617613a80 ConcurrentGCThread "G1 Refine#0"               [id=17188, stack(0x000000e7f3580000,0x000000e7f3680000) (1024K)]
  0x000002b6176152b0 ConcurrentGCThread "G1 Service"                [id=16748, stack(0x000000e7f3680000,0x000000e7f3780000) (1024K)]
Total: 18

Threads with active compile tasks:
C2 CompilerThread2    11478 13728   !   4       java.util.concurrent.FutureTask::run (123 bytes)
Total: 1

VM state: at safepoint (normal execution)

VM Mutex/Monitor currently owned by a thread:  ([mutex/lock_event])
[0x00007ffafc3a72f8] Threads_lock - owner thread: 0x000002b67ee40730
[0x00007ffafc3a73f8] Heap_lock - owner thread: 0x000002b67f061fd0

Heap address: 0x00000000c0000000, size: 1024 MB, Compressed Oops mode: 32-bit

CDS archive(s) not mapped
Compressed class space mapped at: 0x0000000100000000-0x000000010d000000, reserved size: 218103808
Narrow klass base: 0x0000000000000000, Narrow klass shift: 3, Narrow klass range: 0x10d000000

GC Precious Log:
 CardTable entry size: 512
 Card Set container configuration: InlinePtr #cards 5 size 8 Array Of Cards #cards 12 size 40 Howl #buckets 4 coarsen threshold 1843 Howl Bitmap #cards 512 size 80 coarsen threshold 460 Card regions per heap region 1 cards per card region 2048
 CPUs: 12 total, 12 available
 Memory: 16016M
 Large Page Support: Disabled
 NUMA Support: Disabled
 Compressed Oops: Enabled (32-bit)
 Heap Region Size: 1M
 Heap Min Capacity: 8M
 Heap Initial Capacity: 252M
 Heap Max Capacity: 1G
 Pre-touch: Disabled
 Parallel Workers: 10
 Concurrent Workers: 3
 Concurrent Refinement Workers: 10
 Periodic GC: Disabled

Heap:
 garbage-first heap   total 175104K, used 127366K [0x00000000c0000000, 0x0000000100000000)
  region size 1024K, 10 young (10240K), 6 survivors (6144K)
 Metaspace       used 117520K, committed 119680K, reserved 344064K
  class space    used 15857K, committed 16960K, reserved 212992K

Heap Regions: E=young(eden), S=young(survivor), O=old, HS=humongous(starts), HC=humongous(continues), CS=collection set, F=free, TAMS=top-at-mark-start, PB=parsable bottom
|   0|0x00000000c0000000, 0x00000000c0100000, 0x00000000c0100000|100%| O|  |TAMS 0x00000000c0100000| PB 0x00000000c0100000| Untracked 
|   1|0x00000000c0100000, 0x00000000c0200000, 0x00000000c0200000|100%| O|  |TAMS 0x00000000c0200000| PB 0x00000000c0200000| Untracked 
|   2|0x00000000c0200000, 0x00000000c0300000, 0x00000000c0300000|100%| O|  |TAMS 0x00000000c0300000| PB 0x00000000c0300000| Untracked 
|   3|0x00000000c0300000, 0x00000000c0400000, 0x00000000c0400000|100%|HS|  |TAMS 0x00000000c0400000| PB 0x00000000c0300000| Complete 
|   4|0x00000000c0400000, 0x00000000c0500000, 0x00000000c0500000|100%|HC|  |TAMS 0x00000000c0500000| PB 0x00000000c0400000| Complete 
|   5|0x00000000c0500000, 0x00000000c0600000, 0x00000000c0600000|100%|HC|  |TAMS 0x00000000c0600000| PB 0x00000000c0500000| Complete 
|   6|0x00000000c0600000, 0x00000000c0700000, 0x00000000c0700000|100%|HC|  |TAMS 0x00000000c0700000| PB 0x00000000c0600000| Complete 
|   7|0x00000000c0700000, 0x00000000c0800000, 0x00000000c0800000|100%| O|  |TAMS 0x00000000c0800000| PB 0x00000000c0800000| Untracked 
|   8|0x00000000c0800000, 0x00000000c0900000, 0x00000000c0900000|100%| O|  |TAMS 0x00000000c0900000| PB 0x00000000c0900000| Untracked 
|   9|0x00000000c0900000, 0x00000000c0a00000, 0x00000000c0a00000|100%|HS|  |TAMS 0x00000000c0a00000| PB 0x00000000c0900000| Complete 
|  10|0x00000000c0a00000, 0x00000000c0b00000, 0x00000000c0b00000|100%| O|  |TAMS 0x00000000c0b00000| PB 0x00000000c0b00000| Untracked 
|  11|0x00000000c0b00000, 0x00000000c0c00000, 0x00000000c0c00000|100%| O|  |TAMS 0x00000000c0c00000| PB 0x00000000c0c00000| Untracked 
|  12|0x00000000c0c00000, 0x00000000c0d00000, 0x00000000c0d00000|100%| O|  |TAMS 0x00000000c0d00000| PB 0x00000000c0d00000| Untracked 
|  13|0x00000000c0d00000, 0x00000000c0e00000, 0x00000000c0e00000|100%| O|  |TAMS 0x00000000c0e00000| PB 0x00000000c0e00000| Untracked 
|  14|0x00000000c0e00000, 0x00000000c0f00000, 0x00000000c0f00000|100%| O|  |TAMS 0x00000000c0f00000| PB 0x00000000c0f00000| Untracked 
|  15|0x00000000c0f00000, 0x00000000c1000000, 0x00000000c1000000|100%| O|  |TAMS 0x00000000c1000000| PB 0x00000000c1000000| Untracked 
|  16|0x00000000c1000000, 0x00000000c1100000, 0x00000000c1100000|100%| O|  |TAMS 0x00000000c1100000| PB 0x00000000c1100000| Untracked 
|  17|0x00000000c1100000, 0x00000000c1200000, 0x00000000c1200000|100%| O|  |TAMS 0x00000000c1200000| PB 0x00000000c1200000| Untracked 
|  18|0x00000000c1200000, 0x00000000c1300000, 0x00000000c1300000|100%| O|  |TAMS 0x00000000c1300000| PB 0x00000000c1300000| Untracked 
|  19|0x00000000c1300000, 0x00000000c1400000, 0x00000000c1400000|100%| O|  |TAMS 0x00000000c1400000| PB 0x00000000c1400000| Untracked 
|  20|0x00000000c1400000, 0x00000000c1500000, 0x00000000c1500000|100%| O|  |TAMS 0x00000000c1500000| PB 0x00000000c1500000| Untracked 
|  21|0x00000000c1500000, 0x00000000c1600000, 0x00000000c1600000|100%| O|  |TAMS 0x00000000c1600000| PB 0x00000000c1600000| Updating 
|  22|0x00000000c1600000, 0x00000000c1700000, 0x00000000c1700000|100%| O|  |TAMS 0x00000000c1700000| PB 0x00000000c1700000| Untracked 
|  23|0x00000000c1700000, 0x00000000c1800000, 0x00000000c1800000|100%| O|  |TAMS 0x00000000c1800000| PB 0x00000000c1800000| Untracked 
|  24|0x00000000c1800000, 0x00000000c1900000, 0x00000000c1900000|100%| O|  |TAMS 0x00000000c1900000| PB 0x00000000c1900000| Updating 
|  25|0x00000000c1900000, 0x00000000c1a00000, 0x00000000c1a00000|100%| O|  |TAMS 0x00000000c1a00000| PB 0x00000000c1a00000| Untracked 
|  26|0x00000000c1a00000, 0x00000000c1b00000, 0x00000000c1b00000|100%| O|  |TAMS 0x00000000c1b00000| PB 0x00000000c1b00000| Updating 
|  27|0x00000000c1b00000, 0x00000000c1c00000, 0x00000000c1c00000|100%| O|  |TAMS 0x00000000c1c00000| PB 0x00000000c1c00000| Untracked 
|  28|0x00000000c1c00000, 0x00000000c1d00000, 0x00000000c1d00000|100%| O|  |TAMS 0x00000000c1d00000| PB 0x00000000c1d00000| Untracked 
|  29|0x00000000c1d00000, 0x00000000c1e00000, 0x00000000c1e00000|100%| O|  |TAMS 0x00000000c1e00000| PB 0x00000000c1e00000| Updating 
|  30|0x00000000c1e00000, 0x00000000c1f00000, 0x00000000c1f00000|100%| O|  |TAMS 0x00000000c1f00000| PB 0x00000000c1f00000| Untracked 
|  31|0x00000000c1f00000, 0x00000000c2000000, 0x00000000c2000000|100%| O|  |TAMS 0x00000000c2000000| PB 0x00000000c2000000| Untracked 
|  32|0x00000000c2000000, 0x00000000c2100000, 0x00000000c2100000|100%| O|  |TAMS 0x00000000c2100000| PB 0x00000000c2100000| Updating 
|  33|0x00000000c2100000, 0x00000000c2200000, 0x00000000c2200000|100%| O|  |TAMS 0x00000000c2200000| PB 0x00000000c2200000| Updating 
|  34|0x00000000c2200000, 0x00000000c2300000, 0x00000000c2300000|100%| O|  |TAMS 0x00000000c2300000| PB 0x00000000c2300000| Untracked 
|  35|0x00000000c2300000, 0x00000000c2400000, 0x00000000c2400000|100%| O|  |TAMS 0x00000000c2400000| PB 0x00000000c2400000| Untracked 
|  36|0x00000000c2400000, 0x00000000c2500000, 0x00000000c2500000|100%| O|  |TAMS 0x00000000c2500000| PB 0x00000000c2500000| Untracked 
|  37|0x00000000c2500000, 0x00000000c2600000, 0x00000000c2600000|100%| O|  |TAMS 0x00000000c2600000| PB 0x00000000c2600000| Untracked 
|  38|0x00000000c2600000, 0x00000000c2700000, 0x00000000c2700000|100%| O|  |TAMS 0x00000000c2700000| PB 0x00000000c2700000| Updating 
|  39|0x00000000c2700000, 0x00000000c2800000, 0x00000000c2800000|100%| O|  |TAMS 0x00000000c2800000| PB 0x00000000c2800000| Updating 
|  40|0x00000000c2800000, 0x00000000c2900000, 0x00000000c2900000|100%| O|  |TAMS 0x00000000c2900000| PB 0x00000000c2900000| Untracked 
|  41|0x00000000c2900000, 0x00000000c2a00000, 0x00000000c2a00000|100%| O|  |TAMS 0x00000000c2a00000| PB 0x00000000c2a00000| Untracked 
|  42|0x00000000c2a00000, 0x00000000c2b00000, 0x00000000c2b00000|100%| O|  |TAMS 0x00000000c2b00000| PB 0x00000000c2b00000| Untracked 
|  43|0x00000000c2b00000, 0x00000000c2c00000, 0x00000000c2c00000|100%| O|  |TAMS 0x00000000c2c00000| PB 0x00000000c2c00000| Untracked 
|  44|0x00000000c2c00000, 0x00000000c2d00000, 0x00000000c2d00000|100%| O|  |TAMS 0x00000000c2d00000| PB 0x00000000c2d00000| Untracked 
|  45|0x00000000c2d00000, 0x00000000c2e00000, 0x00000000c2e00000|100%|HS|  |TAMS 0x00000000c2e00000| PB 0x00000000c2d00000| Complete 
|  46|0x00000000c2e00000, 0x00000000c2f00000, 0x00000000c2f00000|100%|HS|  |TAMS 0x00000000c2f00000| PB 0x00000000c2e00000| Complete 
|  47|0x00000000c2f00000, 0x00000000c3000000, 0x00000000c3000000|100%|HS|  |TAMS 0x00000000c3000000| PB 0x00000000c2f00000| Complete 
|  48|0x00000000c3000000, 0x00000000c3100000, 0x00000000c3100000|100%|HC|  |TAMS 0x00000000c3100000| PB 0x00000000c3000000| Complete 
|  49|0x00000000c3100000, 0x00000000c3200000, 0x00000000c3200000|100%|HS|  |TAMS 0x00000000c3200000| PB 0x00000000c3100000| Complete 
|  50|0x00000000c3200000, 0x00000000c3300000, 0x00000000c3300000|100%|HC|  |TAMS 0x00000000c3300000| PB 0x00000000c3200000| Complete 
|  51|0x00000000c3300000, 0x00000000c3400000, 0x00000000c3400000|100%|HS|  |TAMS 0x00000000c3400000| PB 0x00000000c3300000| Complete 
|  52|0x00000000c3400000, 0x00000000c3500000, 0x00000000c3500000|100%|HS|  |TAMS 0x00000000c3500000| PB 0x00000000c3400000| Complete 
|  53|0x00000000c3500000, 0x00000000c3600000, 0x00000000c3600000|100%|HS|  |TAMS 0x00000000c3600000| PB 0x00000000c3500000| Complete 
|  54|0x00000000c3600000, 0x00000000c3700000, 0x00000000c3700000|100%| O|  |TAMS 0x00000000c3700000| PB 0x00000000c3700000| Untracked 
|  55|0x00000000c3700000, 0x00000000c3800000, 0x00000000c3800000|100%| O|  |TAMS 0x00000000c3700000| PB 0x00000000c3700000| Untracked 
|  56|0x00000000c3800000, 0x00000000c3900000, 0x00000000c3900000|100%| O|  |TAMS 0x00000000c3900000| PB 0x00000000c3900000| Updating 
|  57|0x00000000c3900000, 0x00000000c3a00000, 0x00000000c3a00000|100%|HS|  |TAMS 0x00000000c3a00000| PB 0x00000000c3900000| Complete 
|  58|0x00000000c3a00000, 0x00000000c3b00000, 0x00000000c3b00000|100%|HC|  |TAMS 0x00000000c3b00000| PB 0x00000000c3a00000| Complete 
|  59|0x00000000c3b00000, 0x00000000c3c00000, 0x00000000c3c00000|100%|HC|  |TAMS 0x00000000c3c00000| PB 0x00000000c3b00000| Complete 
|  60|0x00000000c3c00000, 0x00000000c3d00000, 0x00000000c3d00000|100%|HS|  |TAMS 0x00000000c3d00000| PB 0x00000000c3c00000| Complete 
|  61|0x00000000c3d00000, 0x00000000c3e00000, 0x00000000c3e00000|100%| O|  |TAMS 0x00000000c3d00000| PB 0x00000000c3d00000| Untracked 
|  62|0x00000000c3e00000, 0x00000000c3f00000, 0x00000000c3f00000|100%| O|  |TAMS 0x00000000c3f00000| PB 0x00000000c3f00000| Updating 
|  63|0x00000000c3f00000, 0x00000000c4000000, 0x00000000c4000000|100%| O|  |TAMS 0x00000000c4000000| PB 0x00000000c4000000| Untracked 
|  64|0x00000000c4000000, 0x00000000c4100000, 0x00000000c4100000|100%| O|  |TAMS 0x00000000c4100000| PB 0x00000000c4100000| Untracked 
|  65|0x00000000c4100000, 0x00000000c4200000, 0x00000000c4200000|100%| O|  |TAMS 0x00000000c4200000| PB 0x00000000c4200000| Updating 
|  66|0x00000000c4200000, 0x00000000c4300000, 0x00000000c4300000|100%| O|  |TAMS 0x00000000c4300000| PB 0x00000000c4300000| Untracked 
|  67|0x00000000c4300000, 0x00000000c4400000, 0x00000000c4400000|100%| O|  |TAMS 0x00000000c4400000| PB 0x00000000c4400000| Untracked 
|  68|0x00000000c4400000, 0x00000000c4500000, 0x00000000c4500000|100%| O|  |TAMS 0x00000000c4500000| PB 0x00000000c4500000| Untracked 
|  69|0x00000000c4500000, 0x00000000c4600000, 0x00000000c4600000|100%| O|  |TAMS 0x00000000c4600000| PB 0x00000000c4600000| Untracked 
|  70|0x00000000c4600000, 0x00000000c4700000, 0x00000000c4700000|100%| O|  |TAMS 0x00000000c4700000| PB 0x00000000c4700000| Updating 
|  71|0x00000000c4700000, 0x00000000c4800000, 0x00000000c4800000|100%|HS|  |TAMS 0x00000000c4800000| PB 0x00000000c4700000| Complete 
|  72|0x00000000c4800000, 0x00000000c4900000, 0x00000000c4900000|100%| O|  |TAMS 0x00000000c4900000| PB 0x00000000c4900000| Untracked 
|  73|0x00000000c4900000, 0x00000000c4a00000, 0x00000000c4a00000|100%|HS|  |TAMS 0x00000000c4a00000| PB 0x00000000c4900000| Complete 
|  74|0x00000000c4a00000, 0x00000000c4b00000, 0x00000000c4b00000|100%|HC|  |TAMS 0x00000000c4b00000| PB 0x00000000c4a00000| Complete 
|  75|0x00000000c4b00000, 0x00000000c4c00000, 0x00000000c4c00000|100%|HC|  |TAMS 0x00000000c4c00000| PB 0x00000000c4b00000| Complete 
|  76|0x00000000c4c00000, 0x00000000c4d00000, 0x00000000c4d00000|100%| O|  |TAMS 0x00000000c4d00000| PB 0x00000000c4d00000| Untracked 
|  77|0x00000000c4d00000, 0x00000000c4e00000, 0x00000000c4e00000|100%| O|  |TAMS 0x00000000c4e00000| PB 0x00000000c4e00000| Untracked 
|  78|0x00000000c4e00000, 0x00000000c4f00000, 0x00000000c4f00000|100%| O|  |TAMS 0x00000000c4f00000| PB 0x00000000c4f00000| Untracked 
|  79|0x00000000c4f00000, 0x00000000c5000000, 0x00000000c5000000|100%| O|  |TAMS 0x00000000c5000000| PB 0x00000000c5000000| Untracked 
|  80|0x00000000c5000000, 0x00000000c5100000, 0x00000000c5100000|100%| O|  |TAMS 0x00000000c5100000| PB 0x00000000c5100000| Untracked 
|  81|0x00000000c5100000, 0x00000000c5200000, 0x00000000c5200000|100%| O|  |TAMS 0x00000000c5200000| PB 0x00000000c5200000| Untracked 
|  82|0x00000000c5200000, 0x00000000c5300000, 0x00000000c5300000|100%| O|  |TAMS 0x00000000c5300000| PB 0x00000000c5300000| Updating 
|  83|0x00000000c5300000, 0x00000000c5400000, 0x00000000c5400000|100%| O|  |TAMS 0x00000000c5400000| PB 0x00000000c5400000| Updating 
|  84|0x00000000c5400000, 0x00000000c5500000, 0x00000000c5500000|100%| O|  |TAMS 0x00000000c5500000| PB 0x00000000c5500000| Updating 
|  85|0x00000000c5500000, 0x00000000c5600000, 0x00000000c5600000|100%| O|  |TAMS 0x00000000c5600000| PB 0x00000000c5600000| Updating 
|  86|0x00000000c5600000, 0x00000000c5700000, 0x00000000c5700000|100%| O|  |TAMS 0x00000000c5700000| PB 0x00000000c5700000| Updating 
|  87|0x00000000c5700000, 0x00000000c5800000, 0x00000000c5800000|100%| O|  |TAMS 0x00000000c5800000| PB 0x00000000c5800000| Updating 
|  88|0x00000000c5800000, 0x00000000c5900000, 0x00000000c5900000|100%| O|  |TAMS 0x00000000c5900000| PB 0x00000000c5900000| Untracked 
|  89|0x00000000c5900000, 0x00000000c5a00000, 0x00000000c5a00000|100%| O|  |TAMS 0x00000000c5a00000| PB 0x00000000c5a00000| Updating 
|  90|0x00000000c5a00000, 0x00000000c5b00000, 0x00000000c5b00000|100%| O|  |TAMS 0x00000000c5b00000| PB 0x00000000c5b00000| Updating 
|  91|0x00000000c5b00000, 0x00000000c5c00000, 0x00000000c5c00000|100%| O|  |TAMS 0x00000000c5c00000| PB 0x00000000c5c00000| Untracked 
|  92|0x00000000c5c00000, 0x00000000c5d00000, 0x00000000c5d00000|100%| O|  |TAMS 0x00000000c5d00000| PB 0x00000000c5d00000| Untracked 
|  93|0x00000000c5d00000, 0x00000000c5e00000, 0x00000000c5e00000|100%| O|  |TAMS 0x00000000c5d00000| PB 0x00000000c5d00000| Untracked 
|  94|0x00000000c5e00000, 0x00000000c5f00000, 0x00000000c5f00000|100%| O|  |TAMS 0x00000000c5f00000| PB 0x00000000c5f00000| Untracked 
|  95|0x00000000c5f00000, 0x00000000c6000000, 0x00000000c6000000|100%| O|  |TAMS 0x00000000c6000000| PB 0x00000000c6000000| Untracked 
|  96|0x00000000c6000000, 0x00000000c6100000, 0x00000000c6100000|100%| O|  |TAMS 0x00000000c6100000| PB 0x00000000c6100000| Untracked 
|  97|0x00000000c6100000, 0x00000000c6200000, 0x00000000c6200000|100%| O|  |TAMS 0x00000000c6200000| PB 0x00000000c6200000| Untracked 
|  98|0x00000000c6200000, 0x00000000c6300000, 0x00000000c6300000|100%| O|  |TAMS 0x00000000c6300000| PB 0x00000000c6300000| Untracked 
|  99|0x00000000c6300000, 0x00000000c6400000, 0x00000000c6400000|100%| O|  |TAMS 0x00000000c6400000| PB 0x00000000c6400000| Untracked 
| 100|0x00000000c6400000, 0x00000000c6500000, 0x00000000c6500000|100%| O|  |TAMS 0x00000000c6500000| PB 0x00000000c6500000| Untracked 
| 101|0x00000000c6500000, 0x00000000c6600000, 0x00000000c6600000|100%| O|  |TAMS 0x00000000c6600000| PB 0x00000000c6600000| Untracked 
| 102|0x00000000c6600000, 0x00000000c6700000, 0x00000000c6700000|100%| O|  |TAMS 0x00000000c6700000| PB 0x00000000c6700000| Untracked 
| 103|0x00000000c6700000, 0x00000000c6800000, 0x00000000c6800000|100%| O|  |TAMS 0x00000000c6800000| PB 0x00000000c6800000| Updating 
| 104|0x00000000c6800000, 0x00000000c6900000, 0x00000000c6900000|100%| O|  |TAMS 0x00000000c6900000| PB 0x00000000c6900000| Updating 
| 105|0x00000000c6900000, 0x00000000c6a00000, 0x00000000c6a00000|100%| O|  |TAMS 0x00000000c6a00000| PB 0x00000000c6a00000| Untracked 
| 106|0x00000000c6a00000, 0x00000000c6b00000, 0x00000000c6b00000|100%| O|  |TAMS 0x00000000c6b00000| PB 0x00000000c6b00000| Untracked 
| 107|0x00000000c6b00000, 0x00000000c6c00000, 0x00000000c6c00000|100%| O|  |TAMS 0x00000000c6c00000| PB 0x00000000c6c00000| Updating 
| 108|0x00000000c6c00000, 0x00000000c6c00000, 0x00000000c6d00000|  0%| F|  |TAMS 0x00000000c6c00000| PB 0x00000000c6c00000| Untracked 
| 109|0x00000000c6d00000, 0x00000000c6d00000, 0x00000000c6e00000|  0%| F|  |TAMS 0x00000000c6d00000| PB 0x00000000c6d00000| Untracked 
| 110|0x00000000c6e00000, 0x00000000c6e00000, 0x00000000c6f00000|  0%| F|  |TAMS 0x00000000c6e00000| PB 0x00000000c6e00000| Untracked 
| 111|0x00000000c6f00000, 0x00000000c6f00000, 0x00000000c7000000|  0%| F|  |TAMS 0x00000000c6f00000| PB 0x00000000c6f00000| Untracked 
| 112|0x00000000c7000000, 0x00000000c7000000, 0x00000000c7100000|  0%| F|  |TAMS 0x00000000c7000000| PB 0x00000000c7000000| Untracked 
| 113|0x00000000c7100000, 0x00000000c7100000, 0x00000000c7200000|  0%| F|  |TAMS 0x00000000c7100000| PB 0x00000000c7100000| Untracked 
| 114|0x00000000c7200000, 0x00000000c7200000, 0x00000000c7300000|  0%| F|  |TAMS 0x00000000c7200000| PB 0x00000000c7200000| Untracked 
| 115|0x00000000c7300000, 0x00000000c7400000, 0x00000000c7400000|100%| O|  |TAMS 0x00000000c7300000| PB 0x00000000c7300000| Untracked 
| 116|0x00000000c7400000, 0x00000000c7500000, 0x00000000c7500000|100%| O|  |TAMS 0x00000000c7400000| PB 0x00000000c7400000| Untracked 
| 117|0x00000000c7500000, 0x00000000c7600000, 0x00000000c7600000|100%| O|  |TAMS 0x00000000c7500000| PB 0x00000000c7500000| Untracked 
| 118|0x00000000c7600000, 0x00000000c7700000, 0x00000000c7700000|100%| O|  |TAMS 0x00000000c7600000| PB 0x00000000c7600000| Untracked 
| 119|0x00000000c7700000, 0x00000000c7761800, 0x00000000c7800000| 38%| O|  |TAMS 0x00000000c7700000| PB 0x00000000c7700000| Updating 
| 120|0x00000000c7800000, 0x00000000c7800000, 0x00000000c7900000|  0%| F|  |TAMS 0x00000000c7800000| PB 0x00000000c7800000| Untracked 
| 121|0x00000000c7900000, 0x00000000c7900000, 0x00000000c7a00000|  0%| F|  |TAMS 0x00000000c7900000| PB 0x00000000c7900000| Untracked 
| 122|0x00000000c7a00000, 0x00000000c7a00000, 0x00000000c7b00000|  0%| F|  |TAMS 0x00000000c7a00000| PB 0x00000000c7a00000| Untracked 
| 123|0x00000000c7b00000, 0x00000000c7c00000, 0x00000000c7c00000|100%| S|CS|TAMS 0x00000000c7b00000| PB 0x00000000c7b00000| Complete 
| 124|0x00000000c7c00000, 0x00000000c7d00000, 0x00000000c7d00000|100%| S|CS|TAMS 0x00000000c7c00000| PB 0x00000000c7c00000| Complete 
| 125|0x00000000c7d00000, 0x00000000c7e00000, 0x00000000c7e00000|100%| S|CS|TAMS 0x00000000c7d00000| PB 0x00000000c7d00000| Complete 
| 126|0x00000000c7e00000, 0x00000000c7f00000, 0x00000000c7f00000|100%| S|CS|TAMS 0x00000000c7e00000| PB 0x00000000c7e00000| Complete 
| 127|0x00000000c7f00000, 0x00000000c8000000, 0x00000000c8000000|100%| S|CS|TAMS 0x00000000c7f00000| PB 0x00000000c7f00000| Complete 
| 128|0x00000000c8000000, 0x00000000c8100000, 0x00000000c8100000|100%| S|CS|TAMS 0x00000000c8000000| PB 0x00000000c8000000| Complete 
| 129|0x00000000c8100000, 0x00000000c8100000, 0x00000000c8200000|  0%| F|  |TAMS 0x00000000c8100000| PB 0x00000000c8100000| Untracked 
| 130|0x00000000c8200000, 0x00000000c8200000, 0x00000000c8300000|  0%| F|  |TAMS 0x00000000c8200000| PB 0x00000000c8200000| Untracked 
| 131|0x00000000c8300000, 0x00000000c8300000, 0x00000000c8400000|  0%| F|  |TAMS 0x00000000c8300000| PB 0x00000000c8300000| Untracked 
| 132|0x00000000c8400000, 0x00000000c8400000, 0x00000000c8500000|  0%| F|  |TAMS 0x00000000c8400000| PB 0x00000000c8400000| Untracked 
| 133|0x00000000c8500000, 0x00000000c8500000, 0x00000000c8600000|  0%| F|  |TAMS 0x00000000c8500000| PB 0x00000000c8500000| Untracked 
| 134|0x00000000c8600000, 0x00000000c8600000, 0x00000000c8700000|  0%| F|  |TAMS 0x00000000c8600000| PB 0x00000000c8600000| Untracked 
| 135|0x00000000c8700000, 0x00000000c8700000, 0x00000000c8800000|  0%| F|  |TAMS 0x00000000c8700000| PB 0x00000000c8700000| Untracked 
| 136|0x00000000c8800000, 0x00000000c8800000, 0x00000000c8900000|  0%| F|  |TAMS 0x00000000c8800000| PB 0x00000000c8800000| Untracked 
| 137|0x00000000c8900000, 0x00000000c8900000, 0x00000000c8a00000|  0%| F|  |TAMS 0x00000000c8900000| PB 0x00000000c8900000| Untracked 
| 138|0x00000000c8a00000, 0x00000000c8a00000, 0x00000000c8b00000|  0%| F|  |TAMS 0x00000000c8a00000| PB 0x00000000c8a00000| Untracked 
| 139|0x00000000c8b00000, 0x00000000c8b00000, 0x00000000c8c00000|  0%| F|  |TAMS 0x00000000c8b00000| PB 0x00000000c8b00000| Untracked 
| 140|0x00000000c8c00000, 0x00000000c8c00000, 0x00000000c8d00000|  0%| F|  |TAMS 0x00000000c8c00000| PB 0x00000000c8c00000| Untracked 
| 141|0x00000000c8d00000, 0x00000000c8d00000, 0x00000000c8e00000|  0%| F|  |TAMS 0x00000000c8d00000| PB 0x00000000c8d00000| Untracked 
| 142|0x00000000c8e00000, 0x00000000c8e00000, 0x00000000c8f00000|  0%| F|  |TAMS 0x00000000c8e00000| PB 0x00000000c8e00000| Untracked 
| 143|0x00000000c8f00000, 0x00000000c8f00000, 0x00000000c9000000|  0%| F|  |TAMS 0x00000000c8f00000| PB 0x00000000c8f00000| Untracked 
| 144|0x00000000c9000000, 0x00000000c9000000, 0x00000000c9100000|  0%| F|  |TAMS 0x00000000c9000000| PB 0x00000000c9000000| Untracked 
| 145|0x00000000c9100000, 0x00000000c9100000, 0x00000000c9200000|  0%| F|  |TAMS 0x00000000c9100000| PB 0x00000000c9100000| Untracked 
| 146|0x00000000c9200000, 0x00000000c9200000, 0x00000000c9300000|  0%| F|  |TAMS 0x00000000c9200000| PB 0x00000000c9200000| Untracked 
| 147|0x00000000c9300000, 0x00000000c9300000, 0x00000000c9400000|  0%| F|  |TAMS 0x00000000c9300000| PB 0x00000000c9300000| Untracked 
| 148|0x00000000c9400000, 0x00000000c9400000, 0x00000000c9500000|  0%| F|  |TAMS 0x00000000c9400000| PB 0x00000000c9400000| Untracked 
| 149|0x00000000c9500000, 0x00000000c9500000, 0x00000000c9600000|  0%| F|  |TAMS 0x00000000c9500000| PB 0x00000000c9500000| Untracked 
| 150|0x00000000c9600000, 0x00000000c9600000, 0x00000000c9700000|  0%| F|  |TAMS 0x00000000c9600000| PB 0x00000000c9600000| Untracked 
| 151|0x00000000c9700000, 0x00000000c9700000, 0x00000000c9800000|  0%| F|  |TAMS 0x00000000c9700000| PB 0x00000000c9700000| Untracked 
| 152|0x00000000c9800000, 0x00000000c9800000, 0x00000000c9900000|  0%| F|  |TAMS 0x00000000c9800000| PB 0x00000000c9800000| Untracked 
| 153|0x00000000c9900000, 0x00000000c9900000, 0x00000000c9a00000|  0%| F|  |TAMS 0x00000000c9900000| PB 0x00000000c9900000| Untracked 
| 154|0x00000000c9a00000, 0x00000000c9a00000, 0x00000000c9b00000|  0%| F|  |TAMS 0x00000000c9a00000| PB 0x00000000c9a00000| Untracked 
| 223|0x00000000cdf00000, 0x00000000cdf00000, 0x00000000ce000000|  0%| F|  |TAMS 0x00000000cdf00000| PB 0x00000000cdf00000| Untracked 
| 224|0x00000000ce000000, 0x00000000ce000000, 0x00000000ce100000|  0%| F|  |TAMS 0x00000000ce000000| PB 0x00000000ce000000| Untracked 
| 225|0x00000000ce100000, 0x00000000ce100000, 0x00000000ce200000|  0%| F|  |TAMS 0x00000000ce100000| PB 0x00000000ce100000| Untracked 
| 226|0x00000000ce200000, 0x00000000ce200000, 0x00000000ce300000|  0%| F|  |TAMS 0x00000000ce200000| PB 0x00000000ce200000| Untracked 
| 227|0x00000000ce300000, 0x00000000ce300000, 0x00000000ce400000|  0%| F|  |TAMS 0x00000000ce300000| PB 0x00000000ce300000| Untracked 
| 228|0x00000000ce400000, 0x00000000ce400000, 0x00000000ce500000|  0%| F|  |TAMS 0x00000000ce400000| PB 0x00000000ce400000| Untracked 
| 229|0x00000000ce500000, 0x00000000ce500000, 0x00000000ce600000|  0%| F|  |TAMS 0x00000000ce500000| PB 0x00000000ce500000| Untracked 
| 230|0x00000000ce600000, 0x00000000ce600000, 0x00000000ce700000|  0%| F|  |TAMS 0x00000000ce600000| PB 0x00000000ce600000| Untracked 
| 231|0x00000000ce700000, 0x00000000ce700000, 0x00000000ce800000|  0%| F|  |TAMS 0x00000000ce700000| PB 0x00000000ce700000| Untracked 
| 251|0x00000000cfb00000, 0x00000000cfc00000, 0x00000000cfc00000|100%| E|  |TAMS 0x00000000cfb00000| PB 0x00000000cfb00000| Complete 
|1018|0x00000000ffa00000, 0x00000000ffb00000, 0x00000000ffb00000|100%| O|  |TAMS 0x00000000ffa76ab8| PB 0x00000000ffa76ab8| Updating 
|1019|0x00000000ffb00000, 0x00000000ffc00000, 0x00000000ffc00000|100%| O|  |TAMS 0x00000000ffc00000| PB 0x00000000ffc00000| Untracked 
|1020|0x00000000ffc00000, 0x00000000ffd00000, 0x00000000ffd00000|100%| E|CS|TAMS 0x00000000ffc00000| PB 0x00000000ffc00000| Complete 
|1021|0x00000000ffd00000, 0x00000000ffe00000, 0x00000000ffe00000|100%| E|CS|TAMS 0x00000000ffd00000| PB 0x00000000ffd00000| Complete 
|1022|0x00000000ffe00000, 0x00000000fff00000, 0x00000000fff00000|100%| E|CS|TAMS 0x00000000ffe00000| PB 0x00000000ffe00000| Complete 
|1023|0x00000000fff00000, 0x0000000100000000, 0x0000000100000000|100%| O|  |TAMS 0x0000000100000000| PB 0x0000000100000000| Updating 

Card table byte_map: [0x000002b6138b0000,0x000002b613ab0000] _byte_map_base: 0x000002b6132b0000

Marking Bits: (CMBitMap*) 0x000002b67f0596f0
 Bits: [0x000002b613ab0000, 0x000002b614ab0000)

Polling page: 0x000002b67f0e0000

Metaspace:

Usage:
  Non-class:     99.28 MB used.
      Class:     15.49 MB used.
       Both:    114.77 MB used.

Virtual space:
  Non-class space:      128.00 MB reserved,     100.31 MB ( 78%) committed,  2 nodes.
      Class space:      208.00 MB reserved,      16.56 MB (  8%) committed,  1 nodes.
             Both:      336.00 MB reserved,     116.88 MB ( 35%) committed. 

Chunk freelists:
   Non-Class:  10.88 MB
       Class:  15.34 MB
        Both:  26.23 MB

MaxMetaspaceSize: 256.00 MB
CompressedClassSpaceSize: 208.00 MB
Initial GC threshold: 21.00 MB
Current GC threshold: 185.00 MB
CDS: off
 - commit_granule_bytes: 65536.
 - commit_granule_words: 8192.
 - virtual_space_node_default_size: 8388608.
 - enlarge_chunks_in_place: 1.
 - use_allocation_guard: 0.


Internal statistics:

num_allocs_failed_limit: 9.
num_arena_births: 4132.
num_arena_deaths: 0.
num_vsnodes_births: 3.
num_vsnodes_deaths: 0.
num_space_committed: 1869.
num_space_uncommitted: 0.
num_chunks_returned_to_freelist: 9.
num_chunks_taken_from_freelist: 9126.
num_chunk_merges: 9.
num_chunk_splits: 5963.
num_chunks_enlarged: 3765.
num_inconsistent_stats: 0.

CodeHeap 'non-profiled nmethods': size=120000Kb used=7619Kb max_used=7804Kb free=112381Kb
 bounds [0x000002b60bf60000, 0x000002b60c700000, 0x000002b613490000]
CodeHeap 'profiled nmethods': size=120000Kb used=21407Kb max_used=22193Kb free=98592Kb
 bounds [0x000002b604490000, 0x000002b605a40000, 0x000002b60b9c0000]
CodeHeap 'non-nmethods': size=5760Kb used=2142Kb max_used=2173Kb free=3617Kb
 bounds [0x000002b60b9c0000, 0x000002b60bc30000, 0x000002b60bf60000]
 total_blobs=12433 nmethods=11575 adapters=760
 compilation: enabled
              stopped_count=0, restarted_count=0
 full_count=0

Compilation events (20 events):
Event: 11.394 Thread 0x000002b61c08ec10 nmethod 13738 0x000002b60c6f5a10 code [0x000002b60c6f5c60, 0x000002b60c6f6a50]
Event: 11.394 Thread 0x000002b61c08ec10 13740       4       org.gradle.cache.internal.btree.BTreePersistentIndexedCache$DataBlock::getValue (47 bytes)
Event: 11.398 Thread 0x000002b61c08ec10 nmethod 13740 0x000002b60c6f7110 code [0x000002b60c6f72e0, 0x000002b60c6f7c28]
Event: 11.398 Thread 0x000002b61c08ec10 13741       4       com.google.common.collect.MapMakerInternalMap$WeakKeyDummyValueEntry$Helper::setValue (17 bytes)
Event: 11.399 Thread 0x000002b61c08ec10 nmethod 13741 0x000002b60c6f7f90 code [0x000002b60c6f8120, 0x000002b60c6f82a0]
Event: 11.401 Thread 0x000002b617986d50 nmethod 13739 0x000002b60c6f8410 code [0x000002b60c6f8660, 0x000002b60c6f93a8]
Event: 11.404 Thread 0x000002b61c08ec10 13742       4       org.gradle.cache.internal.CrossProcessSynchronizingIndexedCache::getIfPresent (17 bytes)
Event: 11.405 Thread 0x000002b617986d50 13743   !   4       org.gradle.cache.internal.LockOnDemandCrossProcessCacheAccess::withFileLock (24 bytes)
Event: 11.425 Thread 0x000002b617986d50 nmethod 13743 0x000002b60c6f9a10 code [0x000002b60c6f9d60, 0x000002b60c6faf70]
Event: 11.425 Thread 0x000002b617986d50 13744       4       org.gradle.cache.internal.CrossProcessSynchronizingIndexedCache$$Lambda/0x00000001006ac000::get (12 bytes)
Event: 11.425 Thread 0x000002b61c08ec10 nmethod 13742 0x000002b60c6fbd10 code [0x000002b60c6fc060, 0x000002b60c6fd288]
Event: 11.425 Thread 0x000002b61c08ec10 13745       4       org.gradle.internal.file.FileHierarchySet$PrefixFileSet::contains (10 bytes)
Event: 11.426 Thread 0x000002b61c08ec10 nmethod 13745 0x000002b60c6fe490 code [0x000002b60c6fe620, 0x000002b60c6fe6f8]
Event: 11.429 Thread 0x000002b617986d50 nmethod 13744 0x000002b60c6fe810 code [0x000002b60c6fea00, 0x000002b60c6fed68]
Event: 11.434 Thread 0x000002b6179877f0 13746       3       org.gradle.internal.execution.steps.ExecuteWorkBuildOperationFiringStep::lambda$execute$0 (78 bytes)
Event: 11.435 Thread 0x000002b6179877f0 nmethod 13746 0x000002b605a37f10 code [0x000002b605a381e0, 0x000002b605a39530]
Event: 11.435 Thread 0x000002b6179877f0 13747       3       org.gradle.api.internal.artifacts.transform.AbstractTransformExecution::visitOutputs (78 bytes)
Event: 11.436 Thread 0x000002b6179877f0 nmethod 13747 0x000002b605a39b10 code [0x000002b605a39dc0, 0x000002b605a3adc0]
Event: 11.436 Thread 0x000002b6179877f0 13748   !   3       java.nio.file.Files::readAllLines (76 bytes)
Event: 11.437 Thread 0x000002b6179877f0 nmethod 13748 0x000002b605a3b390 code [0x000002b605a3b600, 0x000002b605a3c0c0]

GC Heap History (20 events):
Event: 7.901 GC heap before
{Heap before GC invocations=30 (full 0):
 garbage-first heap   total 138240K, used 124934K [0x00000000c0000000, 0x0000000100000000)
  region size 1024K, 40 young (40960K), 4 survivors (4096K)
 Metaspace       used 91297K, committed 93248K, reserved 344064K
  class space    used 12170K, committed 13184K, reserved 212992K
}
Event: 7.905 GC heap after
{Heap after GC invocations=31 (full 0):
 garbage-first heap   total 138240K, used 91983K [0x00000000c0000000, 0x0000000100000000)
  region size 1024K, 5 young (5120K), 5 survivors (5120K)
 Metaspace       used 91297K, committed 93248K, reserved 344064K
  class space    used 12170K, committed 13184K, reserved 212992K
}
Event: 8.099 GC heap before
{Heap before GC invocations=32 (full 0):
 garbage-first heap   total 153600K, used 124751K [0x00000000c0000000, 0x0000000100000000)
  region size 1024K, 37 young (37888K), 5 survivors (5120K)
 Metaspace       used 93897K, committed 95872K, reserved 344064K
  class space    used 12527K, committed 13568K, reserved 212992K
}
Event: 8.102 GC heap after
{Heap after GC invocations=33 (full 0):
 garbage-first heap   total 153600K, used 93899K [0x00000000c0000000, 0x0000000100000000)
  region size 1024K, 2 young (2048K), 2 survivors (2048K)
 Metaspace       used 93897K, committed 95872K, reserved 344064K
  class space    used 12527K, committed 13568K, reserved 212992K
}
Event: 8.397 GC heap before
{Heap before GC invocations=33 (full 0):
 garbage-first heap   total 153600K, used 142027K [0x00000000c0000000, 0x0000000100000000)
  region size 1024K, 49 young (50176K), 2 survivors (2048K)
 Metaspace       used 97877K, committed 99840K, reserved 344064K
  class space    used 13128K, committed 14144K, reserved 212992K
}
Event: 8.401 GC heap after
{Heap after GC invocations=34 (full 0):
 garbage-first heap   total 153600K, used 94071K [0x00000000c0000000, 0x0000000100000000)
  region size 1024K, 3 young (3072K), 3 survivors (3072K)
 Metaspace       used 97877K, committed 99840K, reserved 344064K
  class space    used 13128K, committed 14144K, reserved 212992K
}
Event: 8.740 GC heap before
{Heap before GC invocations=34 (full 0):
 garbage-first heap   total 153600K, used 141175K [0x00000000c0000000, 0x0000000100000000)
  region size 1024K, 49 young (50176K), 3 survivors (3072K)
 Metaspace       used 101643K, committed 103680K, reserved 344064K
  class space    used 13754K, committed 14784K, reserved 212992K
}
Event: 8.744 GC heap after
{Heap after GC invocations=35 (full 0):
 garbage-first heap   total 153600K, used 96409K [0x00000000c0000000, 0x0000000100000000)
  region size 1024K, 5 young (5120K), 5 survivors (5120K)
 Metaspace       used 101643K, committed 103680K, reserved 344064K
  class space    used 13754K, committed 14784K, reserved 212992K
}
Event: 9.069 GC heap before
{Heap before GC invocations=36 (full 0):
 garbage-first heap   total 162816K, used 138393K [0x00000000c0000000, 0x0000000100000000)
  region size 1024K, 46 young (47104K), 5 survivors (5120K)
 Metaspace       used 103979K, committed 106048K, reserved 344064K
  class space    used 14156K, committed 15232K, reserved 212992K
}
Event: 9.073 GC heap after
{Heap after GC invocations=37 (full 0):
 garbage-first heap   total 162816K, used 98957K [0x00000000c0000000, 0x0000000100000000)
  region size 1024K, 5 young (5120K), 5 survivors (5120K)
 Metaspace       used 103979K, committed 106048K, reserved 344064K
  class space    used 14156K, committed 15232K, reserved 212992K
}
Event: 9.558 GC heap before
{Heap before GC invocations=37 (full 0):
 garbage-first heap   total 162816K, used 148109K [0x00000000c0000000, 0x0000000100000000)
  region size 1024K, 53 young (54272K), 5 survivors (5120K)
 Metaspace       used 107610K, committed 109696K, reserved 344064K
  class space    used 14663K, committed 15744K, reserved 212992K
}
Event: 9.563 GC heap after
{Heap after GC invocations=38 (full 0):
 garbage-first heap   total 162816K, used 100437K [0x00000000c0000000, 0x0000000100000000)
  region size 1024K, 6 young (6144K), 6 survivors (6144K)
 Metaspace       used 107610K, committed 109696K, reserved 344064K
  class space    used 14663K, committed 15744K, reserved 212992K
}
Event: 10.044 GC heap before
{Heap before GC invocations=38 (full 0):
 garbage-first heap   total 162816K, used 146517K [0x00000000c0000000, 0x0000000100000000)
  region size 1024K, 51 young (52224K), 6 survivors (6144K)
 Metaspace       used 111434K, committed 113600K, reserved 344064K
  class space    used 15172K, committed 16256K, reserved 212992K
}
Event: 10.049 GC heap after
{Heap after GC invocations=39 (full 0):
 garbage-first heap   total 162816K, used 104127K [0x00000000c0000000, 0x0000000100000000)
  region size 1024K, 6 young (6144K), 6 survivors (6144K)
 Metaspace       used 111434K, committed 113600K, reserved 344064K
  class space    used 15172K, committed 16256K, reserved 212992K
}
Event: 10.541 GC heap before
{Heap before GC invocations=40 (full 0):
 garbage-first heap   total 174080K, used 151231K [0x00000000c0000000, 0x0000000100000000)
  region size 1024K, 48 young (49152K), 6 survivors (6144K)
 Metaspace       used 114606K, committed 116736K, reserved 344064K
  class space    used 15446K, committed 16576K, reserved 212992K
}
Event: 10.547 GC heap after
{Heap after GC invocations=41 (full 0):
 garbage-first heap   total 174080K, used 110105K [0x00000000c0000000, 0x0000000100000000)
  region size 1024K, 6 young (6144K), 6 survivors (6144K)
 Metaspace       used 114606K, committed 116736K, reserved 344064K
  class space    used 15446K, committed 16576K, reserved 212992K
}
Event: 11.135 GC heap before
{Heap before GC invocations=41 (full 0):
 garbage-first heap   total 174080K, used 157209K [0x00000000c0000000, 0x0000000100000000)
  region size 1024K, 53 young (54272K), 6 survivors (6144K)
 Metaspace       used 117301K, committed 119488K, reserved 344064K
  class space    used 15847K, committed 16960K, reserved 212992K
}
Event: 11.142 GC heap after
{Heap after GC invocations=42 (full 0):
 garbage-first heap   total 175104K, used 117210K [0x00000000c0000000, 0x0000000100000000)
  region size 1024K, 7 young (7168K), 7 survivors (7168K)
 Metaspace       used 117301K, committed 119488K, reserved 344064K
  class space    used 15847K, committed 16960K, reserved 212992K
}
Event: 11.408 GC heap before
{Heap before GC invocations=42 (full 0):
 garbage-first heap   total 175104K, used 157146K [0x00000000c0000000, 0x0000000100000000)
  region size 1024K, 46 young (47104K), 7 survivors (7168K)
 Metaspace       used 117520K, committed 119680K, reserved 344064K
  class space    used 15857K, committed 16960K, reserved 212992K
}
Event: 11.414 GC heap after
{Heap after GC invocations=43 (full 0):
 garbage-first heap   total 175104K, used 124294K [0x00000000c0000000, 0x0000000100000000)
  region size 1024K, 6 young (6144K), 6 survivors (6144K)
 Metaspace       used 117520K, committed 119680K, reserved 344064K
  class space    used 15857K, committed 16960K, reserved 212992K
}

Dll operation events (3 events):
Event: 0.007 Loaded shared library C:\Program Files\Android\Android Studio\jbr\bin\java.dll
Event: 0.011 Loaded shared library C:\Program Files\Android\Android Studio\jbr\bin\zip.dll
Event: 0.271 Loaded shared library C:\Program Files\Android\Android Studio\jbr\bin\verify.dll

Deoptimization events (20 events):
Event: 11.285 Thread 0x000002b622655e00 Uncommon trap: trap_request=0xffffff45 fr.pc=0x000002b60c35ae58 relative=0x0000000000000398
Event: 11.285 Thread 0x000002b622655e00 Uncommon trap: reason=unstable_if action=reinterpret pc=0x000002b60c35ae58 method=java.lang.StringLatin1.compareToCI([B[B)I @ 68 c2
Event: 11.285 Thread 0x000002b622655e00 DEOPT PACKING pc=0x000002b60c35ae58 sp=0x000000e7f5b787f0
Event: 11.285 Thread 0x000002b622655e00 DEOPT UNPACKING pc=0x000002b60ba146a2 sp=0x000000e7f5b786e0 mode 2
Event: 11.285 Thread 0x000002b622655e00 Uncommon trap: trap_request=0xffffff45 fr.pc=0x000002b60bfde060 relative=0x0000000000000320
Event: 11.285 Thread 0x000002b622655e00 Uncommon trap: reason=unstable_if action=reinterpret pc=0x000002b60bfde060 method=java.lang.StringLatin1.compareToCI([B[B)I @ 68 c2
Event: 11.285 Thread 0x000002b622655e00 DEOPT PACKING pc=0x000002b60bfde060 sp=0x000000e7f5b78750
Event: 11.285 Thread 0x000002b622655e00 DEOPT UNPACKING pc=0x000002b60ba146a2 sp=0x000000e7f5b786d8 mode 2
Event: 11.292 Thread 0x000002b622655e00 Uncommon trap: trap_request=0xffffff45 fr.pc=0x000002b60bf8d750 relative=0x00000000000002b0
Event: 11.292 Thread 0x000002b622655e00 Uncommon trap: reason=unstable_if action=reinterpret pc=0x000002b60bf8d750 method=java.lang.StringLatin1.compareToCI([B[B)I @ 31 c2
Event: 11.292 Thread 0x000002b622655e00 DEOPT PACKING pc=0x000002b60bf8d750 sp=0x000000e7f5b78730
Event: 11.293 Thread 0x000002b622655e00 DEOPT UNPACKING pc=0x000002b60ba146a2 sp=0x000000e7f5b786d8 mode 2
Event: 11.302 Thread 0x000002b622655e00 Uncommon trap: trap_request=0xffffffd6 fr.pc=0x000002b60c6dcb8c relative=0x000000000000082c
Event: 11.302 Thread 0x000002b622655e00 Uncommon trap: reason=array_check action=maybe_recompile pc=0x000002b60c6dcb8c method=java.util.TimSort.reverseRange([Ljava/lang/Object;II)V @ 27 c2
Event: 11.302 Thread 0x000002b622655e00 DEOPT PACKING pc=0x000002b60c6dcb8c sp=0x000000e7f5b79760
Event: 11.302 Thread 0x000002b622655e00 DEOPT UNPACKING pc=0x000002b60ba146a2 sp=0x000000e7f5b79690 mode 2
Event: 11.303 Thread 0x000002b622655e00 Uncommon trap: trap_request=0xffffffd6 fr.pc=0x000002b60c6dcb8c relative=0x000000000000082c
Event: 11.303 Thread 0x000002b622655e00 Uncommon trap: reason=array_check action=maybe_recompile pc=0x000002b60c6dcb8c method=java.util.TimSort.reverseRange([Ljava/lang/Object;II)V @ 27 c2
Event: 11.303 Thread 0x000002b622655e00 DEOPT PACKING pc=0x000002b60c6dcb8c sp=0x000000e7f5b79a20
Event: 11.303 Thread 0x000002b622655e00 DEOPT UNPACKING pc=0x000002b60ba146a2 sp=0x000000e7f5b79950 mode 2

Classes loaded (20 events):
Event: 10.674 Loading class java/time/Instant$1
Event: 10.674 Loading class java/time/Instant$1 done
Event: 10.690 Loading class java/util/stream/ReferencePipeline$4
Event: 10.690 Loading class java/util/stream/ReferencePipeline$4 done
Event: 10.690 Loading class java/util/stream/ReduceOps$6
Event: 10.691 Loading class java/util/stream/ReduceOps$6 done
Event: 10.691 Loading class java/util/stream/ReduceOps$5ReducingSink
Event: 10.691 Loading class java/util/stream/ReduceOps$5ReducingSink done
Event: 10.691 Loading class java/util/stream/ReferencePipeline$4$1
Event: 10.691 Loading class java/util/stream/ReferencePipeline$4$1 done
Event: 10.760 Loading class java/io/CharArrayWriter
Event: 10.760 Loading class java/io/CharArrayWriter done
Event: 10.764 Loading class java/io/SequenceInputStream
Event: 10.764 Loading class java/io/SequenceInputStream done
Event: 10.772 Loading class java/util/function/IntUnaryOperator
Event: 10.772 Loading class java/util/function/IntUnaryOperator done
Event: 11.020 Loading class java/util/concurrent/LinkedBlockingDeque$Itr
Event: 11.020 Loading class java/util/concurrent/LinkedBlockingDeque$AbstractItr
Event: 11.020 Loading class java/util/concurrent/LinkedBlockingDeque$AbstractItr done
Event: 11.020 Loading class java/util/concurrent/LinkedBlockingDeque$Itr done

Classes unloaded (0 events):
No events

Classes redefined (0 events):
No events

Internal exceptions (20 events):
Event: 10.550 Thread 0x000002b61dd923c0 Exception <a 'java/lang/NoSuchMethodError'{0x00000000ffe2e4e0}: 'void java.lang.invoke.DirectMethodHandle$Holder.invokeSpecial(java.lang.Object, java.lang.Object, java.lang.Object, java.lang.Object, int, java.lang.Object, java.lang.Object)'> (0x00000000ffe2e4e0) 
thrown [s\src\hotspot\share\interpreter\linkResolver.cpp, line 784]
Event: 10.607 Thread 0x000002b622655e00 Exception <a 'java/lang/NoSuchMethodError'{0x00000000ce6312f8}: 'java.lang.Object java.lang.invoke.DirectMethodHandle$Holder.newInvokeSpecial(java.lang.Object, java.lang.Object, int, java.lang.Object, java.lang.Object)'> (0x00000000ce6312f8) 
thrown [s\src\hotspot\share\interpreter\linkResolver.cpp, line 784]
Event: 10.630 Thread 0x000002b622655e00 Exception <a 'java/lang/NoSuchMethodError'{0x00000000ce4c6420}: 'java.lang.Object java.lang.invoke.DirectMethodHandle$Holder.invokeVirtual(java.lang.Object, java.lang.Object, java.lang.Object, java.lang.Object, java.lang.Object, java.lang.Object, java.lang.Object, java.lang.Object, java.lang.Object, java.lang.Object, java.lang.Object, java.lang.Object, java.lang.Object, java.lang.Object, java.lang.Object, java.lang.Object, java.lang.Object, java.lang.Object, java.lang.Object)'> (0x00000000ce4c6420) 
thrown
Event: 10.635 Thread 0x000002b61dd94490 Exception <a 'java/lang/NoSuchMethodError'{0x00000000ce39b0f0}: static Lorg/gradle/internal/build/event/types/DefaultTaskStartedProgressEvent;.<clinit>()V> (0x00000000ce39b0f0) 
thrown [s\src\hotspot\share\prims\jni.cpp, line 1135]
Event: 10.635 Thread 0x000002b61dd94490 Exception <a 'java/lang/NoSuchMethodError'{0x00000000ce3d6840}: static Lorg/gradle/internal/build/event/types/DefaultTaskDescriptor;.<clinit>()V> (0x00000000ce3d6840) 
thrown [s\src\hotspot\share\prims\jni.cpp, line 1135]
Event: 10.637 Thread 0x000002b61dd94490 Exception <a 'java/lang/NoSuchMethodError'{0x00000000ce216ff8}: static Lorg/gradle/internal/build/event/types/DefaultTaskFinishedProgressEvent;.<clinit>()V> (0x00000000ce216ff8) 
thrown [s\src\hotspot\share\prims\jni.cpp, line 1135]
Event: 10.638 Thread 0x000002b61dd94490 Exception <a 'java/lang/NoSuchMethodError'{0x00000000ce24ffc8}: static Lorg/gradle/internal/build/event/types/DefaultTaskSuccessResult;.<clinit>()V> (0x00000000ce24ffc8) 
thrown [s\src\hotspot\share\prims\jni.cpp, line 1135]
Event: 10.638 Thread 0x000002b61dd94490 Exception <a 'java/lang/NoSuchMethodError'{0x00000000ce251720}: static Lorg/gradle/internal/build/event/types/AbstractTaskResult;.<clinit>()V> (0x00000000ce251720) 
thrown [s\src\hotspot\share\prims\jni.cpp, line 1135]
Event: 10.649 Thread 0x000002b6222be750 Exception <a 'java/lang/NoSuchMethodError'{0x00000000ce20c090}: static Lcom/android/buildanalyzer/common/AndroidGradlePluginAttributionData$BuildInfo;.<clinit>()V> (0x00000000ce20c090) 
thrown [s\src\hotspot\share\prims\jni.cpp, line 1135]
Event: 10.649 Thread 0x000002b6240de1d0 Exception <a 'java/lang/NoSuchMethodError'{0x00000000ce3fbb20}: static Ljava/lang/Object;.<clinit>()V> (0x00000000ce3fbb20) 
thrown [s\src\hotspot\share\prims\jni.cpp, line 1135]
Event: 10.650 Thread 0x000002b6222be750 Exception <a 'java/lang/NoSuchMethodError'{0x00000000ce1cad48}: static Lcom/android/buildanalyzer/common/AndroidGradlePluginAttributionData$JavaInfo;.<clinit>()V> (0x00000000ce1cad48) 
thrown [s\src\hotspot\share\prims\jni.cpp, line 1135]
Event: 10.653 Thread 0x000002b6222be750 Exception <a 'java/lang/NoSuchMethodError'{0x00000000ce055380}: static [Ljava/lang/String;.<clinit>()V> (0x00000000ce055380) 
thrown [s\src\hotspot\share\prims\jni.cpp, line 1135]
Event: 10.654 Thread 0x000002b6222be750 Exception <a 'java/lang/NoSuchMethodError'{0x00000000ce086140}: static Lcom/android/buildanalyzer/common/AndroidGradlePluginAttributionData$TaskInfo;.<clinit>()V> (0x00000000ce086140) 
thrown [s\src\hotspot\share\prims\jni.cpp, line 1135]
Event: 10.655 Thread 0x000002b6222be750 Exception <a 'java/lang/NoSuchMethodError'{0x00000000ce0c38a0}: static Lcom/android/buildanalyzer/common/AndroidGradlePluginAttributionData$TaskCategoryInfo;.<clinit>()V> (0x00000000ce0c38a0) 
thrown [s\src\hotspot\share\prims\jni.cpp, line 1135]
Event: 10.669 Thread 0x000002b6240de1d0 Exception <a 'java/lang/NoSuchMethodError'{0x00000000c9af26b0}: static Lorg/jetbrains/kotlin/gradle/plugin/statistics/MetricContainer;.<clinit>()V> (0x00000000c9af26b0) 
thrown [s\src\hotspot\share\prims\jni.cpp, line 1135]
Event: 10.669 Thread 0x000002b622655e00 Exception <a 'sun/nio/fs/WindowsException'{0x00000000c9a41350}> (0x00000000c9a41350) 
thrown [s\src\hotspot\share\prims\jni.cpp, line 535]
Event: 10.683 Thread 0x000002b61dd94490 Exception <a 'java/lang/NoSuchMethodError'{0x00000000c98b4600}: static Lorg/gradle/internal/build/event/types/DefaultTaskSkippedResult;.<clinit>()V> (0x00000000c98b4600) 
thrown [s\src\hotspot\share\prims\jni.cpp, line 1135]
Event: 10.696 Thread 0x000002b622655e00 Exception <a 'java/lang/IncompatibleClassChangeError'{0x00000000c98e3d00}: Found class java.lang.Object, but interface was expected> (0x00000000c98e3d00) 
thrown [s\src\hotspot\share\interpreter\linkResolver.cpp, line 851]
Event: 10.705 Thread 0x000002b622655e00 Exception <a 'java/lang/NoSuchMethodError'{0x00000000c963e1c8}: 'int java.lang.invoke.DirectMethodHandle$Holder.invokeStaticInit(java.lang.Object, java.lang.Object, java.lang.Object, java.lang.Object, java.lang.Object)'> (0x00000000c963e1c8) 
thrown [s\src\hotspot\share\interpreter\linkResolver.cpp, line 784]
Event: 10.773 Thread 0x000002b622655e00 Exception <a 'java/lang/NoSuchMethodError'{0x00000000c9260560}: 'int java.lang.invoke.DirectMethodHandle$Holder.invokeSpecial(java.lang.Object, java.lang.Object, int)'> (0x00000000c9260560) 
thrown [s\src\hotspot\share\interpreter\linkResolver.cpp, line 784]

ZGC Phase Switch (0 events):
No events

VM Operations (20 events):
Event: 10.677 Executing VM operation: HandshakeAllThreads (Deoptimize) done
Event: 10.713 Executing VM operation: HandshakeAllThreads (Deoptimize)
Event: 10.713 Executing VM operation: HandshakeAllThreads (Deoptimize) done
Event: 10.813 Executing VM operation: HandshakeAllThreads (Deoptimize)
Event: 10.813 Executing VM operation: HandshakeAllThreads (Deoptimize) done
Event: 10.827 Executing VM operation: ICBufferFull
Event: 10.828 Executing VM operation: ICBufferFull done
Event: 11.015 Executing VM operation: ICBufferFull
Event: 11.016 Executing VM operation: ICBufferFull done
Event: 11.032 Executing VM operation: HandshakeAllThreads (Deoptimize)
Event: 11.032 Executing VM operation: HandshakeAllThreads (Deoptimize) done
Event: 11.037 Executing VM operation: HandshakeAllThreads (Deoptimize)
Event: 11.037 Executing VM operation: HandshakeAllThreads (Deoptimize) done
Event: 11.135 Executing VM operation: G1CollectForAllocation (G1 Evacuation Pause)
Event: 11.143 Executing VM operation: G1CollectForAllocation (G1 Evacuation Pause) done
Event: 11.253 Executing VM operation: ICBufferFull
Event: 11.253 Executing VM operation: ICBufferFull done
Event: 11.408 Executing VM operation: G1CollectForAllocation (G1 Evacuation Pause)
Event: 11.415 Executing VM operation: G1CollectForAllocation (G1 Evacuation Pause) done
Event: 11.458 Executing VM operation: G1PauseRemark

Memory protections (0 events):
No events

Nmethod flushes (20 events):
Event: 11.461 Thread 0x000002b67ee40730 flushing  nmethod 0x000002b60463ba10
Event: 11.461 Thread 0x000002b67ee40730 flushing  nmethod 0x000002b604740b90
Event: 11.461 Thread 0x000002b67ee40730 flushing  nmethod 0x000002b604822210
Event: 11.461 Thread 0x000002b67ee40730 flushing  nmethod 0x000002b604822690
Event: 11.461 Thread 0x000002b67ee40730 flushing  nmethod 0x000002b604822f90
Event: 11.461 Thread 0x000002b67ee40730 flushing  nmethod 0x000002b604875410
Event: 11.461 Thread 0x000002b67ee40730 flushing  nmethod 0x000002b604875790
Event: 11.461 Thread 0x000002b67ee40730 flushing  nmethod 0x000002b604947a10
Event: 11.461 Thread 0x000002b67ee40730 flushing  nmethod 0x000002b6049e5c90
Event: 11.461 Thread 0x000002b67ee40730 flushing  nmethod 0x000002b604a3d110
Event: 11.461 Thread 0x000002b67ee40730 flushing  nmethod 0x000002b604b24a10
Event: 11.461 Thread 0x000002b67ee40730 flushing  nmethod 0x000002b604be5990
Event: 11.461 Thread 0x000002b67ee40730 flushing  nmethod 0x000002b604c3be90
Event: 11.461 Thread 0x000002b67ee40730 flushing  nmethod 0x000002b604cadf90
Event: 11.461 Thread 0x000002b67ee40730 flushing  nmethod 0x000002b604e91390
Event: 11.461 Thread 0x000002b67ee40730 flushing  nmethod 0x000002b605201e90
Event: 11.461 Thread 0x000002b67ee40730 flushing  nmethod 0x000002b60532ea10
Event: 11.461 Thread 0x000002b67ee40730 flushing  nmethod 0x000002b6054a1410
Event: 11.461 Thread 0x000002b67ee40730 flushing  nmethod 0x000002b605504c90
Event: 11.461 Thread 0x000002b67ee40730 flushing  nmethod 0x000002b60550aa90

Events (20 events):
Event: 1.913 Thread 0x000002b61dd923c0 Thread added: 0x000002b61e1e29c0
Event: 2.012 Thread 0x000002b61dd923c0 Thread added: 0x000002b61e1e1ca0
Event: 2.015 Thread 0x000002b61dd923c0 Thread added: 0x000002b61e1e1610
Event: 2.147 Thread 0x000002b61dd923c0 Thread added: 0x000002b61e1e36e0
Event: 2.163 Thread 0x000002b61dd923c0 Thread added: 0x000002b61e1e3d70
Event: 2.239 Thread 0x000002b61dd923c0 Thread added: 0x000002b61e1e5120
Event: 2.296 Thread 0x000002b61dd923c0 Thread added: 0x000002b61e1e57b0
Event: 4.407 Thread 0x000002b61dd923c0 Thread added: 0x000002b6222b9890
Event: 4.464 Thread 0x000002b61dd923c0 Thread added: 0x000002b6222b9f20
Event: 4.820 Thread 0x000002b61dd923c0 Thread added: 0x000002b6222bbff0
Event: 6.191 Thread 0x000002b61dd923c0 Thread added: 0x000002b6222be750
Event: 6.215 Thread 0x000002b61c01b650 Thread exited: 0x000002b61c01b650
Event: 6.469 Thread 0x000002b61dd923c0 Thread added: 0x000002b6240dc790
Event: 7.284 Thread 0x000002b61dd923c0 Thread added: 0x000002b6240de1d0
Event: 8.226 Thread 0x000002b6179877f0 Thread added: 0x000002b623dc5850
Event: 10.541 Thread 0x000002b61dd923c0 Thread added: 0x000002b6222bf470
Event: 10.547 Thread 0x000002b61dd923c0 Thread added: 0x000002b6222bc680
Event: 10.604 Thread 0x000002b61dd923c0 Thread added: 0x000002b622655e00
Event: 10.620 Thread 0x000002b622655e00 Thread added: 0x000002b622659910
Event: 11.262 Thread 0x000002b622655e00 Thread added: 0x000002b62265b350


Dynamic libraries:
0x00007ff65e950000 - 0x00007ff65e95a000 	C:\Program Files\Android\Android Studio\jbr\bin\java.exe
0x00007ffc036c0000 - 0x00007ffc03927000 	C:\WINDOWS\SYSTEM32\ntdll.dll
0x00007ffc026c0000 - 0x00007ffc02789000 	C:\WINDOWS\System32\KERNEL32.DLL
0x00007ffc01060000 - 0x00007ffc0144f000 	C:\WINDOWS\System32\KERNELBASE.dll
0x00007ffc00f10000 - 0x00007ffc0105b000 	C:\WINDOWS\System32\ucrtbase.dll
0x00007ffbfd240000 - 0x00007ffbfd25b000 	C:\Program Files\Android\Android Studio\jbr\bin\VCRUNTIME140.dll
0x00007ffbf70c0000 - 0x00007ffbf70d8000 	C:\Program Files\Android\Android Studio\jbr\bin\jli.dll
0x00007ffc032e0000 - 0x00007ffc034a5000 	C:\WINDOWS\System32\USER32.dll
0x00007ffc008a0000 - 0x00007ffc008c7000 	C:\WINDOWS\System32\win32u.dll
0x00007ffbdd1f0000 - 0x00007ffbdd483000 	C:\WINDOWS\WinSxS\amd64_microsoft.windows.common-controls_6595b64144ccf1df_6.0.26100.7309_none_3e05feeae336a044\COMCTL32.dll
0x00007ffc034b0000 - 0x00007ffc034db000 	C:\WINDOWS\System32\GDI32.dll
0x00007ffc01d20000 - 0x00007ffc01dc9000 	C:\WINDOWS\System32\msvcrt.dll
0x00007ffc00bc0000 - 0x00007ffc00cec000 	C:\WINDOWS\System32\gdi32full.dll
0x00007ffc00e60000 - 0x00007ffc00f03000 	C:\WINDOWS\System32\msvcp_win.dll
0x00007ffc031e0000 - 0x00007ffc03211000 	C:\WINDOWS\System32\IMM32.DLL
0x00007ffbfd230000 - 0x00007ffbfd23c000 	C:\Program Files\Android\Android Studio\jbr\bin\vcruntime140_1.dll
0x00007ffba2550000 - 0x00007ffba25dd000 	C:\Program Files\Android\Android Studio\jbr\bin\msvcp140.dll
0x00007ffafb800000 - 0x00007ffafc483000 	C:\Program Files\Android\Android Studio\jbr\bin\server\jvm.dll
0x00007ffc03220000 - 0x00007ffc032d4000 	C:\WINDOWS\System32\ADVAPI32.dll
0x00007ffc01f20000 - 0x00007ffc01fc6000 	C:\WINDOWS\System32\sechost.dll
0x00007ffc01c00000 - 0x00007ffc01d18000 	C:\WINDOWS\System32\RPCRT4.dll
0x00007ffc02970000 - 0x00007ffc029e4000 	C:\WINDOWS\System32\WS2_32.dll
0x00007ffbfae20000 - 0x00007ffbfae55000 	C:\WINDOWS\SYSTEM32\WINMM.dll
0x00007ffc00670000 - 0x00007ffc006ce000 	C:\WINDOWS\SYSTEM32\POWRPROF.dll
0x00007ffbf0de0000 - 0x00007ffbf0deb000 	C:\WINDOWS\SYSTEM32\VERSION.dll
0x00007ffc00650000 - 0x00007ffc00664000 	C:\WINDOWS\SYSTEM32\UMPDC.dll
0x00007ffbff580000 - 0x00007ffbff59b000 	C:\WINDOWS\SYSTEM32\kernel.appcore.dll
0x00007ffbf7980000 - 0x00007ffbf798a000 	C:\Program Files\Android\Android Studio\jbr\bin\jimage.dll
0x00007ffbfe100000 - 0x00007ffbfe342000 	C:\WINDOWS\SYSTEM32\DBGHELP.DLL
0x00007ffc015d0000 - 0x00007ffc01955000 	C:\WINDOWS\System32\combase.dll
0x00007ffc024c0000 - 0x00007ffc02596000 	C:\WINDOWS\System32\OLEAUT32.dll
0x00007ffbdddf0000 - 0x00007ffbdde2c000 	C:\WINDOWS\SYSTEM32\dbgcore.DLL
0x00007ffc008d0000 - 0x00007ffc00975000 	C:\WINDOWS\System32\bcryptPrimitives.dll
0x00007ffbf70b0000 - 0x00007ffbf70be000 	C:\Program Files\Android\Android Studio\jbr\bin\instrument.dll
0x00007ffbe6b40000 - 0x00007ffbe6b60000 	C:\Program Files\Android\Android Studio\jbr\bin\java.dll
0x00007ffbc8d70000 - 0x00007ffbc8d88000 	C:\Program Files\Android\Android Studio\jbr\bin\zip.dll
0x00007ffc02a80000 - 0x00007ffc031d3000 	C:\WINDOWS\System32\SHELL32.dll
0x00007ffc00cf0000 - 0x00007ffc00e5a000 	C:\WINDOWS\System32\wintypes.dll
0x00007ffbfe3d0000 - 0x00007ffbfec2e000 	C:\WINDOWS\SYSTEM32\windows.storage.dll
0x00007ffc025a0000 - 0x00007ffc02695000 	C:\WINDOWS\System32\SHCORE.dll
0x00007ffc019f0000 - 0x00007ffc01a56000 	C:\WINDOWS\System32\shlwapi.dll
0x00007ffc00730000 - 0x00007ffc00759000 	C:\WINDOWS\SYSTEM32\profapi.dll
0x00007ffbed340000 - 0x00007ffbed350000 	C:\Program Files\Android\Android Studio\jbr\bin\net.dll
0x00007ffbfa8b0000 - 0x00007ffbfa9d8000 	C:\WINDOWS\SYSTEM32\WINHTTP.dll
0x00007ffbffad0000 - 0x00007ffbffb3b000 	C:\WINDOWS\system32\mswsock.dll
0x00007ffbc8c10000 - 0x00007ffbc8c26000 	C:\Program Files\Android\Android Studio\jbr\bin\nio.dll
0x00007ffbc8c00000 - 0x00007ffbc8c10000 	C:\Program Files\Android\Android Studio\jbr\bin\verify.dll
0x00007ffba27d0000 - 0x00007ffba27f7000 	D:\.gradle\native\c067742578af261105cb4f569cf0c3c89f3d7b1fecec35dd04571415982c5e48\windows-amd64\native-platform.dll
0x00007ffb65fd0000 - 0x00007ffb66114000 	D:\.gradle\native\100fb08df4bc3b14c8652ba06237920a3bd2aa13389f12d3474272988ae205f9\windows-amd64\native-platform-file-events.dll
0x00007ffbddf60000 - 0x00007ffbddf69000 	C:\Program Files\Android\Android Studio\jbr\bin\management.dll
0x00007ffbcd900000 - 0x00007ffbcd90b000 	C:\Program Files\Android\Android Studio\jbr\bin\management_ext.dll
0x00007ffc01b60000 - 0x00007ffc01b68000 	C:\WINDOWS\System32\PSAPI.DLL
0x00007ffbffec0000 - 0x00007ffbffedb000 	C:\WINDOWS\SYSTEM32\CRYPTSP.dll
0x00007ffbff4e0000 - 0x00007ffbff51a000 	C:\WINDOWS\system32\rsaenh.dll
0x00007ffbffb80000 - 0x00007ffbffbab000 	C:\WINDOWS\SYSTEM32\USERENV.dll
0x00007ffc00700000 - 0x00007ffc0072a000 	C:\WINDOWS\SYSTEM32\bcrypt.dll
0x00007ffbffd20000 - 0x00007ffbffd2c000 	C:\WINDOWS\SYSTEM32\CRYPTBASE.dll
0x00007ffbfef70000 - 0x00007ffbfefa4000 	C:\WINDOWS\SYSTEM32\IPHLPAPI.DLL
0x00007ffc019e0000 - 0x00007ffc019ea000 	C:\WINDOWS\System32\NSI.dll
0x00007ffbecdc0000 - 0x00007ffbecdc9000 	C:\Program Files\Android\Android Studio\jbr\bin\extnet.dll
0x00007ffbe5f20000 - 0x00007ffbe5f28000 	C:\WINDOWS\system32\wshunix.dll
0x00007ffbcd9e0000 - 0x00007ffbcd9f8000 	C:\WINDOWS\system32\napinsp.dll
0x00007ffbff000000 - 0x00007ffbff12c000 	C:\WINDOWS\SYSTEM32\DNSAPI.dll
0x00007ffbcd9c0000 - 0x00007ffbcd9d2000 	C:\WINDOWS\System32\winrnr.dll
0x00007ffbcd990000 - 0x00007ffbcd9b2000 	C:\WINDOWS\system32\nlansp_c.dll
0x00007ffbcd940000 - 0x00007ffbcd956000 	C:\WINDOWS\system32\wshbth.dll
0x00007ffbfa650000 - 0x00007ffbfa65b000 	C:\Windows\System32\rasadhlp.dll
0x00007ffbfabe0000 - 0x00007ffbfac66000 	C:\WINDOWS\System32\fwpuclnt.dll

dbghelp: loaded successfully - version: 4.0.5 - missing functions: none
symbol engine: initialized successfully - sym options: 0x614 - pdb path: .;C:\Program Files\Android\Android Studio\jbr\bin;C:\WINDOWS\SYSTEM32;C:\WINDOWS\WinSxS\amd64_microsoft.windows.common-controls_6595b64144ccf1df_6.0.26100.7309_none_3e05feeae336a044;C:\Program Files\Android\Android Studio\jbr\bin\server;D:\.gradle\native\c067742578af261105cb4f569cf0c3c89f3d7b1fecec35dd04571415982c5e48\windows-amd64;D:\.gradle\native\100fb08df4bc3b14c8652ba06237920a3bd2aa13389f12d3474272988ae205f9\windows-amd64

VM Arguments:
jvm_args: -XX:MaxMetaspaceSize=256m -Xss512k --add-opens=java.base/java.util=ALL-UNNAMED --add-opens=java.base/java.lang=ALL-UNNAMED --add-opens=java.base/java.lang.invoke=ALL-UNNAMED --add-opens=java.prefs/java.util.prefs=ALL-UNNAMED --add-exports=jdk.compiler/com.sun.tools.javac.api=ALL-UNNAMED --add-exports=jdk.compiler/com.sun.tools.javac.util=ALL-UNNAMED --add-opens=java.base/java.nio.charset=ALL-UNNAMED --add-opens=java.base/java.net=ALL-UNNAMED --add-opens=java.base/java.util.concurrent.atomic=ALL-UNNAMED -Xmx1024m -Dfile.encoding=UTF-8 -Duser.country=US -Duser.language=en -Duser.variant -javaagent:D:\.gradle\wrapper\dists\gradle-8.10.2-bin\a04bxjujx95o3nb99gddekhwo\gradle-8.10.2\lib\agents\gradle-instrumentation-agent-8.10.2.jar 
java_command: org.gradle.launcher.daemon.bootstrap.GradleDaemon 8.10.2
java_class_path (initial): D:\.gradle\wrapper\dists\gradle-8.10.2-bin\a04bxjujx95o3nb99gddekhwo\gradle-8.10.2\lib\gradle-daemon-main-8.10.2.jar
Launcher Type: SUN_STANDARD

[Global flags]
     intx CICompilerCount                          = 4                                         {product} {ergonomic}
   size_t CompressedClassSpaceSize                 = 218103808                                 {product} {ergonomic}
     uint ConcGCThreads                            = 3                                         {product} {ergonomic}
     uint G1ConcRefinementThreads                  = 10                                        {product} {ergonomic}
   size_t G1HeapRegionSize                         = 1048576                                   {product} {ergonomic}
    uintx GCDrainStackTargetSize                   = 64                                        {product} {ergonomic}
   size_t InitialHeapSize                          = 264241152                                 {product} {ergonomic}
   size_t MarkStackSize                            = 4194304                                   {product} {ergonomic}
   size_t MaxHeapSize                              = 1073741824                                {product} {command line}
   size_t MaxMetaspaceSize                         = 268435456                                 {product} {command line}
   size_t MaxNewSize                               = 643825664                                 {product} {ergonomic}
   size_t MinHeapDeltaBytes                        = 1048576                                   {product} {ergonomic}
   size_t MinHeapSize                              = 8388608                                   {product} {ergonomic}
    uintx NonNMethodCodeHeapSize                   = 5839372                                {pd product} {ergonomic}
    uintx NonProfiledCodeHeapSize                  = 122909434                              {pd product} {ergonomic}
    uintx ProfiledCodeHeapSize                     = 122909434                              {pd product} {ergonomic}
    uintx ReservedCodeCacheSize                    = 251658240                              {pd product} {ergonomic}
     bool SegmentedCodeCache                       = true                                      {product} {ergonomic}
   size_t SoftMaxHeapSize                          = 1073741824                             {manageable} {ergonomic}
     intx ThreadStackSize                          = 512                                    {pd product} {command line}
     bool UseCompressedOops                        = true                           {product lp64_product} {ergonomic}
     bool UseG1GC                                  = true                                      {product} {ergonomic}
     bool UseLargePagesIndividualAllocation        = false                                  {pd product} {ergonomic}

Logging:
Log output configuration:
 #0: stdout all=warning uptime,level,tags foldmultilines=false
 #1: stderr all=off uptime,level,tags foldmultilines=false

Environment Variables:
JAVA_HOME=C:\Program Files\Java\jdk-21
PATH=C:\oracle\dbhomeFree\bin;C:\app\HP\product\23ai\dbhomeFree\bin;C:\Program Files\Common Files\Oracle\Java\javapath;C:\Program Files (x86)\Common Files\Oracle\Java\java8path;C:\Program Files (x86)\Common Files\Oracle\Java\javapath;C:\WINDOWS\system32;C:\WINDOWS;C:\WINDOWS\System32\Wbem;C:\WINDOWS\System32\WindowsPowerShell\v1.0\;C:\WINDOWS\System32\OpenSSH\;C:\Program Files (x86)\Microsoft SQL Server\160\Tools\Binn\;C:\Program Files\Microsoft SQL Server\160\Tools\Binn\;C:\Program Files\Microsoft SQL Server\Client SDK\ODBC\170\Tools\Binn\;C:\Program Files\Microsoft SQL Server\160\DTS\Binn\;C:\Program Files (x86)\Microsoft SQL Server\160\DTS\Binn\;C:\Program Files\Azure Data Studio\bin;C:\Program Files\Java\jdk-21\bin;C:\Program Files\Microsoft SQL Server\150\Tools\Binn\;C:\Program Files\nodejs;C:\ProgramData\chocolatey\bin;C:\Program Files\nodejs\;C:\sqlite;C:\Program Files\Git\cmd;C:\Program Files\TortoiseGit\bin;C:\Program Files\dotnet\;C:\Users\HP\AppData\Local\Programs\Python\Python313\Scripts\;C:\Users\HP\AppData\Local\Programs\Python\Python313\;C:\Users\HP\AppData\Local\Programs\Python\Launcher\;C:\Users\HP\AppData\Local\Microsoft\WindowsApps;C:\Program Files\Azure Data Studio\bin;C:\Program Files\JetBrains\IntelliJ IDEA Community Edition 2023.2.5\bin;C:\Users\HP\AppData\Local\Programs\Microsoft VS Code\bin;C:\Program Files\JetBrains\IntelliJ IDEA 2024.3.1.1\bin;C:\Users\HP\.dotnet\tools;C:\Users\HP\AppData\Roaming\npm;C:\Users\HP\AppData\Local\Programs\mongosh\;D:\software\flutter_windows_3.38.0-stable (1)\flutter\bin;D:\software\flutter_3.38.0\flutter\bin;D:\software\flutter_windows_3.35.7-stable\flutter\bin;C:\Users\HP\.dotnet\tools
USERNAME=HP
OS=Windows_NT
PROCESSOR_IDENTIFIER=Intel64 Family 6 Model 154 Stepping 4, GenuineIntel
TMP=C:\Users\HP\AppData\Local\Temp
TEMP=C:\Users\HP\AppData\Local\Temp




Periodic native trim disabled

JNI global refs:
JNI global refs: 28, weak refs: 0

JNI global refs memory usage: 835, weak refs: 833

Process memory usage:
Resident Set Size: 501724K (3% of 16400712K total physical memory with 2130432K free physical memory)

OOME stack traces (most recent first):
Classloader memory used:
Loader org.gradle.internal.classloader.VisitableURLClassLoader                         : 41190K
Loader org.gradle.internal.classloader.VisitableURLClassLoader$InstrumentingVisitableURLClassLoader: 34171K
Loader bootstrap                                                                       : 28821K
Loader org.gradle.initialization.MixInLegacyTypesClassLoader                           : 11802K
Loader jdk.internal.loader.ClassLoaders$PlatformClassLoader                            : 509K
Loader org.gradle.internal.classloader.VisitableURLClassLoader                         : 446K
Loader jdk.internal.reflect.DelegatingClassLoader                                      : 346K
Loader jdk.internal.loader.ClassLoaders$AppClassLoader                                 : 232K

Classes loaded by more than one classloader:
Class Program                                                                         : loaded 5 times (x 68B)
Class Build_gradle                                                                    : loaded 3 times (x 126B)
Class Build_gradle$1                                                                  : loaded 3 times (x 70B)
Class org.gradle.internal.classloader.FilteringClassLoader                            : loaded 2 times (x 101B)
Class [Lcom.google.common.base.AbstractIterator$State;                                : loaded 2 times (x 65B)
Class com.google.common.base.CharMatcher$IsEither                                     : loaded 2 times (x 107B)
Class org.gradle.internal.classloader.ClassLoaderHierarchy                            : loaded 2 times (x 66B)
Class com.google.common.collect.ImmutableEnumSet                                      : loaded 2 times (x 142B)
Class com.google.common.util.concurrent.ExecutionError                                : loaded 2 times (x 78B)
Class com.google.common.collect.ImmutableList$1                                       : loaded 2 times (x 93B)
Class org.gradle.api.internal.classpath.ManifestUtil                                  : loaded 2 times (x 67B)
Class com.google.common.collect.RegularImmutableMap                                   : loaded 2 times (x 117B)
Class com.google.common.collect.ImmutableMap$MapViewOfValuesAsSingletonSets           : loaded 2 times (x 121B)
Class [Lorg.objectweb.asm.Symbol;                                                     : loaded 2 times (x 65B)
Class org.objectweb.asm.ClassVisitor                                                  : loaded 2 times (x 84B)
Class com.google.common.collect.UnmodifiableListIterator                              : loaded 2 times (x 91B)
Class com.google.common.base.Platform$JdkPatternCompiler                              : loaded 2 times (x 71B)
Class org.objectweb.asm.MethodTooLargeException                                       : loaded 2 times (x 79B)
Class [Lcom.google.common.cache.CacheBuilder$OneWeigher;                              : loaded 2 times (x 65B)
Class com.google.common.base.Suppliers                                                : loaded 2 times (x 67B)
Class org.gradle.internal.classloader.DefaultClassLoaderFactory                       : loaded 2 times (x 78B)
Class com.google.common.base.CharMatcher$None                                         : loaded 2 times (x 108B)
Class org.gradle.internal.classloader.ClassLoaderVisitor                              : loaded 2 times (x 72B)
Class [Lcom.google.common.collect.ImmutableMapEntry;                                  : loaded 2 times (x 65B)
Class org.gradle.api.internal.classpath.EffectiveClassPath                            : loaded 2 times (x 86B)
Class com.google.common.collect.ImmutableRangeSet                                     : loaded 2 times (x 111B)
Class com.google.common.collect.ImmutableEnumMap                                      : loaded 2 times (x 121B)
Class com.google.common.collect.ListMultimap                                          : loaded 2 times (x 66B)
Class com.google.common.collect.Sets$1                                                : loaded 2 times (x 135B)
Class org.objectweb.asm.AnnotationVisitor                                             : loaded 2 times (x 74B)
Class com.google.common.base.Splitter                                                 : loaded 2 times (x 68B)
Class org.gradle.api.internal.DefaultClassPathProvider                                : loaded 2 times (x 72B)
Class com.google.common.collect.Sets$2                                                : loaded 2 times (x 135B)
Class [Lorg.gradle.api.internal.ClassPathProvider;                                    : loaded 2 times (x 65B)
Class org.gradle.api.internal.ClassPathProvider                                       : loaded 2 times (x 66B)
Class [Lorg.objectweb.asm.AnnotationVisitor;                                          : loaded 2 times (x 65B)
Class com.google.common.collect.Sets$3                                                : loaded 2 times (x 135B)
Class com.google.common.util.concurrent.AbstractFuture$SafeAtomicHelper               : loaded 2 times (x 75B)
Class com.google.common.cache.LocalCache$LocalLoadingCache                            : loaded 2 times (x 130B)
Class com.google.common.base.AbstractIterator$State                                   : loaded 2 times (x 75B)
Class org.gradle.internal.service.UnknownServiceException                             : loaded 2 times (x 79B)
Class com.google.common.collect.Sets$4                                                : loaded 2 times (x 135B)
Class org.objectweb.asm.ModuleVisitor                                                 : loaded 2 times (x 77B)
Class com.google.common.cache.LocalCache$Strength$1                                   : loaded 2 times (x 77B)
Class com.google.common.util.concurrent.SettableFuture                                : loaded 2 times (x 110B)
Class com.google.common.cache.LocalCache$Strength$2                                   : loaded 2 times (x 77B)
Class com.google.common.cache.LocalCache$Strength$3                                   : loaded 2 times (x 77B)
Class com.google.common.collect.MapDifference                                         : loaded 2 times (x 66B)
Class com.google.common.base.Splitter$1                                               : loaded 2 times (x 73B)
Class org.objectweb.asm.FieldWriter                                                   : loaded 2 times (x 74B)
Class com.google.common.cache.CacheBuilder$NullListener                               : loaded 2 times (x 78B)
Class org.gradle.internal.classpath.TransformedClassPath                              : loaded 2 times (x 92B)
Class org.gradle.internal.classloader.InstrumentingClassLoader                        : loaded 2 times (x 66B)
Class com.google.common.collect.ImmutableRangeSet$AsSet                               : loaded 2 times (x 295B)
Class com.google.common.cache.CacheLoader$FunctionToCacheLoader                       : loaded 2 times (x 71B)
Class com.google.common.collect.Iterators$ArrayItr                                    : loaded 2 times (x 93B)
Class com.google.common.collect.ImmutableCollection$Builder                           : loaded 2 times (x 72B)
Class com.google.common.base.Joiner                                                   : loaded 2 times (x 75B)
Class com.google.common.base.MoreObjects                                              : loaded 2 times (x 67B)
Class [Lorg.objectweb.asm.Type;                                                       : loaded 2 times (x 65B)
Class com.google.common.collect.Platform                                              : loaded 2 times (x 67B)
Class com.google.common.collect.UnmodifiableIterator                                  : loaded 2 times (x 76B)
Class org.gradle.internal.service.ServiceLocator                                      : loaded 2 times (x 66B)
Class com.google.common.base.Ascii                                                    : loaded 2 times (x 67B)
Class com.google.common.collect.SingletonImmutableBiMap                               : loaded 2 times (x 139B)
Class com.google.common.cache.LocalCache$1                                            : loaded 2 times (x 85B)
Class com.google.common.collect.AbstractMapEntry                                      : loaded 2 times (x 77B)
Class com.google.common.collect.Sets$ImprovedAbstractSet                              : loaded 2 times (x 131B)
Class com.google.common.collect.ImmutableList$Builder                                 : loaded 2 times (x 73B)
Class com.google.common.cache.LocalCache$2                                            : loaded 2 times (x 138B)
Class com.google.common.collect.AbstractMultimap                                      : loaded 2 times (x 119B)
Class com.google.common.collect.ImmutableRangeSet$1                                   : loaded 2 times (x 205B)
Class com.google.common.util.concurrent.AbstractFuture$UnsafeAtomicHelper$1           : loaded 2 times (x 72B)
Class com.google.common.collect.RegularImmutableAsList                                : loaded 2 times (x 212B)
Class com.google.common.collect.Range                                                 : loaded 2 times (x 83B)
Class com.google.common.util.concurrent.AbstractFuture$Trusted                        : loaded 2 times (x 66B)
Class com.google.common.collect.Iterators                                             : loaded 2 times (x 67B)
Class com.google.common.base.CharMatcher$RangesMatcher                                : loaded 2 times (x 108B)
Class com.google.common.util.concurrent.UncheckedExecutionException                   : loaded 2 times (x 78B)
Class com.google.common.collect.Lists$StringAsImmutableList                           : loaded 2 times (x 203B)
Class org.gradle.kotlin.dsl.VersionCatalogAccessorsKt                                 : loaded 2 times (x 67B)
Class com.google.common.collect.ImmutableSortedSetFauxverideShim                      : loaded 2 times (x 143B)
Class com.google.common.base.CharMatcher$JavaLetterOrDigit                            : loaded 2 times (x 107B)
Class org.gradle.internal.InternalTransformer                                         : loaded 2 times (x 66B)
Class com.google.common.collect.AbstractMapBasedMultimap$KeySet$1                     : loaded 2 times (x 78B)
Class org.objectweb.asm.ClassWriter                                                   : loaded 2 times (x 102B)
Class com.google.common.cache.CacheLoader$UnsupportedLoadingOperationException        : loaded 2 times (x 78B)
Class com.google.common.base.CharMatcher$And                                          : loaded 2 times (x 108B)
Class org.gradle.internal.classloader.ClasspathUtil$1                                 : loaded 2 times (x 72B)
Class com.google.common.base.Objects                                                  : loaded 2 times (x 67B)
Class org.objectweb.asm.FieldVisitor                                                  : loaded 2 times (x 73B)
Class com.google.common.collect.IndexedImmutableSet                                   : loaded 2 times (x 146B)
Class com.google.common.collect.ImmutableMap$1                                        : loaded 2 times (x 77B)
Class com.google.common.collect.BiMap                                                 : loaded 2 times (x 66B)
Class org.gradle.api.internal.classpath.DefaultModuleRegistry$DefaultModule           : loaded 2 times (x 82B)
Class com.google.common.primitives.Ints                                               : loaded 2 times (x 67B)
Class com.google.common.collect.AbstractIterator                                      : loaded 2 times (x 78B)
Class com.google.common.math.MathPreconditions                                        : loaded 2 times (x 67B)
Class com.google.common.collect.Multiset                                              : loaded 2 times (x 66B)
Class com.google.common.collect.RegularImmutableMap$KeySet                            : loaded 2 times (x 146B)
Class com.google.common.collect.ObjectArrays                                          : loaded 2 times (x 67B)
Class com.google.common.collect.AbstractIndexedListIterator                           : loaded 2 times (x 92B)
Class com.google.common.collect.ImmutableMapEntrySet                                  : loaded 2 times (x 147B)
Class org.gradle.api.internal.classpath.Module                                        : loaded 2 times (x 66B)
Class com.google.common.cache.Weigher                                                 : loaded 2 times (x 66B)
Class org.gradle.api.internal.classpath.UnknownModuleException                        : loaded 2 times (x 78B)
Class com.google.common.base.Stopwatch                                                : loaded 2 times (x 68B)
Class com.google.common.cache.LocalCache$Strength                                     : loaded 2 times (x 77B)
Class com.google.common.cache.Cache                                                   : loaded 2 times (x 66B)
Class com.google.common.util.concurrent.AbstractFuture$Cancellation                   : loaded 2 times (x 68B)
Class com.google.common.collect.ImmutableMap$Builder                                  : loaded 2 times (x 78B)
Class com.google.common.base.NullnessCasts                                            : loaded 2 times (x 67B)
Class com.google.common.cache.RemovalListener                                         : loaded 2 times (x 66B)
Class org.gradle.api.internal.DefaultClassPathRegistry                                : loaded 2 times (x 72B)
Class com.google.common.primitives.IntsMethodsForWeb                                  : loaded 2 times (x 67B)
Class com.google.common.collect.Multimap                                              : loaded 2 times (x 66B)
Class org.gradle.api.internal.ClassPathRegistry                                       : loaded 2 times (x 66B)
Class org.gradle.internal.classpath.DefaultClassPath$ImmutableUniqueList              : loaded 2 times (x 195B)
Class com.google.common.base.ExtraObjectsMethodsForWeb                                : loaded 2 times (x 67B)
Class com.google.common.base.Equivalence$Identity                                     : loaded 2 times (x 78B)
Class com.google.common.cache.CacheBuilder                                            : loaded 2 times (x 68B)
Class com.google.common.collect.SingletonImmutableList                                : loaded 2 times (x 203B)
Class Settings_gradle$1                                                               : loaded 2 times (x 70B)
Class org.gradle.internal.classpath.ClassPath                                         : loaded 2 times (x 66B)
Class org.gradle.api.UncheckedIOException                                             : loaded 2 times (x 78B)
Class com.google.common.collect.ImmutableList$ReverseImmutableList                    : loaded 2 times (x 204B)
Class com.google.common.base.JdkPattern                                               : loaded 2 times (x 71B)
Class org.objectweb.asm.SymbolTable$Entry                                             : loaded 2 times (x 70B)
Class com.google.common.util.concurrent.AbstractFuture$AtomicHelper                   : loaded 2 times (x 74B)
Class org.objectweb.asm.Edge                                                          : loaded 2 times (x 68B)
Class com.google.common.base.Suppliers$SupplierOfInstance                             : loaded 2 times (x 75B)
Class com.google.common.collect.Iterators$1                                           : loaded 2 times (x 77B)
Class com.google.common.cache.LocalCache$ComputingValueReference                      : loaded 2 times (x 92B)
Class com.google.common.collect.SingletonImmutableSet                                 : loaded 2 times (x 142B)
Class com.google.common.collect.ImmutableMap$IteratorBasedImmutableMap                : loaded 2 times (x 121B)
Class com.google.common.cache.LocalCache$Segment                                      : loaded 2 times (x 150B)
Class com.google.common.collect.SortedIterable                                        : loaded 2 times (x 66B)
Class [Lorg.objectweb.asm.SymbolTable$Entry;                                          : loaded 2 times (x 65B)
Class com.google.common.cache.CacheLoader                                             : loaded 2 times (x 70B)
Class com.google.common.collect.Iterators$4                                           : loaded 2 times (x 78B)
Class com.google.common.collect.ImmutableBiMap                                        : loaded 2 times (x 139B)
Class com.google.common.collect.AbstractListMultimap                                  : loaded 2 times (x 168B)
Class org.gradle.internal.installation.GradleInstallation$1                           : loaded 2 times (x 71B)
Class org.gradle.api.internal.classpath.ModuleRegistry                                : loaded 2 times (x 66B)
Class com.google.common.util.concurrent.internal.InternalFutureFailureAccess          : loaded 2 times (x 68B)
Class com.google.common.collect.Iterators$5                                           : loaded 2 times (x 78B)
Class com.google.common.collect.ImmutableSet$JdkBackedSetBuilderImpl                  : loaded 2 times (x 72B)
Class com.google.common.base.Splitter$SplittingIterator                               : loaded 2 times (x 80B)
Class com.google.common.util.concurrent.AbstractFuture$UnsafeAtomicHelper             : loaded 2 times (x 74B)
Class com.google.common.cache.LocalCache$LocalManualCache$1                           : loaded 2 times (x 71B)
Class com.google.common.base.CharMatcher$ForPredicate                                 : loaded 2 times (x 108B)
Class com.google.common.collect.ImmutableCollection                                   : loaded 2 times (x 121B)
Class com.google.common.base.CharMatcher$AnyOf                                        : loaded 2 times (x 108B)
Class org.gradle.api.internal.classpath.DefaultModuleRegistry                         : loaded 2 times (x 82B)
Class com.google.common.util.concurrent.ListenableFuture                              : loaded 2 times (x 66B)
Class com.google.common.cache.ReferenceEntry                                          : loaded 2 times (x 66B)
Class com.google.common.collect.ImmutableSet$CachingAsList                            : loaded 2 times (x 143B)
Class com.google.common.base.Converter                                                : loaded 2 times (x 86B)
Class com.google.common.collect.Lists                                                 : loaded 2 times (x 67B)
Class com.google.common.base.CharMatcher$Any                                          : loaded 2 times (x 108B)
Class com.google.common.util.concurrent.AbstractFuture                                : loaded 2 times (x 102B)
Class com.google.common.base.FunctionalEquivalence                                    : loaded 2 times (x 79B)
Class com.google.common.collect.Iterators$9                                           : loaded 2 times (x 77B)
Class com.google.common.collect.AbstractMapBasedMultimap                              : loaded 2 times (x 135B)
Class com.google.common.collect.ImmutableAsList                                       : loaded 2 times (x 205B)
Class org.objectweb.asm.RecordComponentVisitor                                        : loaded 2 times (x 73B)
Class com.google.common.cache.CacheLoader$SupplierToCacheLoader                       : loaded 2 times (x 71B)
Class com.google.common.collect.Maps$EntryTransformer                                 : loaded 2 times (x 66B)
Class org.gradle.internal.service.ServiceLookupException                              : loaded 2 times (x 78B)
Class com.google.common.collect.ImmutableSortedSet                                    : loaded 2 times (x 295B)
Class [Lcom.google.common.cache.LocalCache$EntryFactory;                              : loaded 2 times (x 65B)
Class com.google.common.base.CharMatcher$JavaLetter                                   : loaded 2 times (x 107B)
Class org.gradle.internal.classloader.ClassLoaderFactory                              : loaded 2 times (x 66B)
Class com.google.common.cache.LocalCache$LocalManualCache                             : loaded 2 times (x 95B)
Class com.google.common.base.CharMatcher$IsNot                                        : loaded 2 times (x 107B)
Class com.google.common.base.CommonPattern                                            : loaded 2 times (x 70B)
Class org.gradle.internal.service.CachingServiceLocator                               : loaded 2 times (x 78B)
Class com.google.common.collect.AbstractMapBasedMultimap$KeySet                       : loaded 2 times (x 133B)
Class com.google.common.collect.RegularImmutableSortedSet                             : loaded 2 times (x 295B)
Class com.google.common.math.IntMath                                                  : loaded 2 times (x 67B)
Class com.google.common.collect.Iterators$10                                          : loaded 2 times (x 77B)
Class com.google.common.collect.ImmutableMapEntry                                     : loaded 2 times (x 81B)
Class com.google.common.base.CharMatcher$JavaDigit                                    : loaded 2 times (x 107B)
Class com.google.common.base.Equivalence                                              : loaded 2 times (x 78B)
Class com.google.common.collect.ImmutableMapEntry$NonTerminalImmutableMapEntry        : loaded 2 times (x 81B)
Class com.google.common.base.Function                                                 : loaded 2 times (x 66B)
Class com.google.common.collect.IndexedImmutableSet$1                                 : loaded 2 times (x 208B)
Class com.google.common.cache.CacheBuilder$OneWeigher                                 : loaded 2 times (x 78B)
Class com.google.common.collect.RegularImmutableList                                  : loaded 2 times (x 208B)
Class com.google.common.collect.ImmutableBiMapFauxverideShim                          : loaded 2 times (x 116B)
Class org.gradle.internal.classloader.ClasspathUtil                                   : loaded 2 times (x 67B)
Class com.google.common.base.Charsets                                                 : loaded 2 times (x 67B)
Class com.google.common.util.concurrent.Uninterruptibles                              : loaded 2 times (x 67B)
Class com.google.common.collect.Maps                                                  : loaded 2 times (x 67B)
Class com.google.common.base.CharMatcher$JavaUpperCase                                : loaded 2 times (x 107B)
Class org.gradle.api.specs.Spec                                                       : loaded 2 times (x 66B)
Class [Lcom.google.common.collect.ImmutableEntry;                                     : loaded 2 times (x 65B)
Class com.google.common.cache.LocalCache$LoadingValueReference                        : loaded 2 times (x 92B)
Class com.google.common.collect.ArrayListMultimapGwtSerializationDependencies         : loaded 2 times (x 168B)
Class com.google.common.base.Platform                                                 : loaded 2 times (x 67B)
Class [Lorg.objectweb.asm.AnnotationWriter;                                           : loaded 2 times (x 65B)
Class com.google.common.primitives.Ints$IntConverter                                  : loaded 2 times (x 86B)
Class com.google.common.collect.Maps$8                                                : loaded 2 times (x 78B)
Class com.google.common.collect.ImmutableRangeSet$Builder                             : loaded 2 times (x 73B)
Class com.google.common.collect.Sets$SetView                                          : loaded 2 times (x 134B)
Class com.google.common.cache.LocalCache$StrongValueReference                         : loaded 2 times (x 86B)
Class com.google.common.util.concurrent.AbstractFuture$SynchronizedHelper             : loaded 2 times (x 74B)
Class com.google.common.base.CharMatcher$Invisible                                    : loaded 2 times (x 108B)
Class org.objectweb.asm.Type                                                          : loaded 2 times (x 68B)
Class org.gradle.internal.classloader.VisitableURLClassLoader$InstrumentingVisitableURLClassLoader: loaded 2 times (x 119B)
Class org.objectweb.asm.ByteVector                                                    : loaded 2 times (x 75B)
Class [Lcom.google.common.cache.CacheBuilder$NullListener;                            : loaded 2 times (x 65B)
Class com.google.common.math.IntMath$1                                                : loaded 2 times (x 67B)
Class org.gradle.internal.classloader.VisitableURLClassLoader$Spec                    : loaded 2 times (x 70B)
Class org.gradle.internal.classpath.DefaultClassPath                                  : loaded 2 times (x 86B)
Class org.objectweb.asm.Symbol                                                        : loaded 2 times (x 69B)
Class com.google.common.base.AbstractIterator                                         : loaded 2 times (x 76B)
Class com.google.common.collect.RegularImmutableMap$Values                            : loaded 2 times (x 203B)
Class com.google.common.collect.ImmutableSet                                          : loaded 2 times (x 141B)
Class com.google.common.base.CharMatcher$BitSetMatcher                                : loaded 2 times (x 108B)
Class com.google.common.base.CharMatcher$Ascii                                        : loaded 2 times (x 108B)
Class org.gradle.internal.classloader.ClassLoaderSpec                                 : loaded 2 times (x 67B)
Class org.objectweb.asm.AnnotationWriter                                              : loaded 2 times (x 75B)
Class com.google.common.cache.CacheStats                                              : loaded 2 times (x 67B)
Class org.objectweb.asm.RecordComponentWriter                                         : loaded 2 times (x 74B)
Class com.google.common.util.concurrent.AbstractFuture$Listener                       : loaded 2 times (x 68B)
Class com.google.common.base.CharMatcher$Or                                           : loaded 2 times (x 108B)
Class Settings_gradle$1$1                                                             : loaded 2 times (x 70B)
Class org.objectweb.asm.Attribute                                                     : loaded 2 times (x 73B)
Class com.google.common.base.Supplier                                                 : loaded 2 times (x 66B)
Class org.gradle.internal.classloader.VisitableURLClassLoader                         : loaded 2 times (x 113B)
Class com.google.common.util.concurrent.AbstractFuture$Waiter                         : loaded 2 times (x 68B)
Class Settings_gradle                                                                 : loaded 2 times (x 124B)
Class org.gradle.internal.Cast                                                        : loaded 2 times (x 67B)
Class org.gradle.api.Action                                                           : loaded 2 times (x 66B)
Class com.google.common.base.Strings                                                  : loaded 2 times (x 67B)
Class com.google.common.collect.Sets                                                  : loaded 2 times (x 67B)
Class org.objectweb.asm.Handler                                                       : loaded 2 times (x 68B)
Class com.google.common.base.Ticker                                                   : loaded 2 times (x 68B)
Class com.google.common.base.CharMatcher$FastMatcher                                  : loaded 2 times (x 107B)
Class [Lcom.google.common.cache.LocalCache$Segment;                                   : loaded 2 times (x 65B)
Class [Lcom.google.common.cache.LocalCache$Strength;                                  : loaded 2 times (x 65B)
Class com.google.common.cache.CacheBuilder$1                                          : loaded 2 times (x 81B)
Class com.google.common.collect.ImmutableMap                                          : loaded 2 times (x 116B)
Class com.google.common.base.Predicate                                                : loaded 2 times (x 66B)
Class org.gradle.internal.classpath.DefaultClassPath$ImmutableUniqueList$Builder      : loaded 2 times (x 71B)
Class com.google.common.collect.AbstractRangeSet                                      : loaded 2 times (x 110B)
Class com.google.common.cache.LocalCache                                              : loaded 2 times (x 183B)
Class com.google.common.cache.CacheBuilder$2                                          : loaded 2 times (x 68B)
Class com.google.common.base.CharMatcher$NegatedFastMatcher                           : loaded 2 times (x 109B)
Class [Lcom.google.common.collect.AbstractMapEntry;                                   : loaded 2 times (x 65B)
Class com.google.common.collect.ImmutableEntry                                        : loaded 2 times (x 78B)
Class com.google.common.collect.ArrayListMultimap                                     : loaded 2 times (x 168B)
Class com.google.common.base.AbstractIterator$1                                       : loaded 2 times (x 67B)
Class com.google.common.base.CharMatcher$Digit                                        : loaded 2 times (x 108B)
Class org.gradle.api.GradleException                                                  : loaded 2 times (x 78B)
Class com.google.common.collect.CollectPreconditions                                  : loaded 2 times (x 67B)
Class com.google.common.base.CharMatcher$JavaIsoControl                               : loaded 2 times (x 108B)
Class com.google.common.collect.SortedMapDifference                                   : loaded 2 times (x 66B)
Class com.google.common.base.CharMatcher$JavaLowerCase                                : loaded 2 times (x 107B)
Class com.google.common.cache.LocalCache$EntryFactory                                 : loaded 2 times (x 79B)
Class com.google.common.cache.LocalCache$AbstractReferenceEntry                       : loaded 2 times (x 103B)
Class com.google.common.base.Splitter$1$1                                             : loaded 2 times (x 82B)
Class com.google.common.base.CharMatcher$Whitespace                                   : loaded 2 times (x 108B)
Class org.gradle.internal.IoActions                                                   : loaded 2 times (x 67B)
Class com.google.common.collect.ImmutableRangeSet$ComplementRanges                    : loaded 2 times (x 203B)
Class org.objectweb.asm.SymbolTable                                                   : loaded 2 times (x 68B)
Class com.google.common.cache.CacheLoader$InvalidCacheLoadException                   : loaded 2 times (x 78B)
Class com.google.common.collect.ImmutableSet$RegularSetBuilderImpl                    : loaded 2 times (x 73B)
Class com.google.common.base.CharMatcher$SingleWidth                                  : loaded 2 times (x 108B)
Class org.gradle.internal.classloader.SystemClassLoaderSpec                           : loaded 2 times (x 67B)
Class com.google.common.cache.LocalCache$StrongEntry                                  : loaded 2 times (x 104B)
Class com.google.common.util.concurrent.AbstractFuture$TrustedFuture                  : loaded 2 times (x 110B)
Class com.google.common.cache.LoadingCache                                            : loaded 2 times (x 66B)
Class org.objectweb.asm.MethodWriter                                                  : loaded 2 times (x 102B)
Class [Lcom.google.common.cache.Weigher;                                              : loaded 2 times (x 65B)
Class com.google.common.collect.RegularImmutableMap$BucketOverflowException           : loaded 2 times (x 78B)
Class com.google.common.collect.RegularImmutableBiMap                                 : loaded 2 times (x 144B)
Class com.google.common.cache.LocalCache$ValueReference                               : loaded 2 times (x 66B)
Class com.google.common.base.CharMatcher$Negated                                      : loaded 2 times (x 109B)
Class com.google.common.base.CharMatcher$Is                                           : loaded 2 times (x 107B)
Class com.google.common.base.PatternCompiler                                          : loaded 2 times (x 66B)
Class com.google.common.util.concurrent.AbstractFuture$Failure                        : loaded 2 times (x 68B)
Class com.google.common.base.Equivalence$Equals                                       : loaded 2 times (x 78B)
Class com.google.common.collect.Hashing                                               : loaded 2 times (x 67B)
Class com.google.common.base.Preconditions                                            : loaded 2 times (x 67B)
Class com.google.common.base.Joiner$1                                                 : loaded 2 times (x 76B)
Class org.objectweb.asm.Label                                                         : loaded 2 times (x 69B)
Class org.objectweb.asm.CurrentFrame                                                  : loaded 2 times (x 69B)
Class org.objectweb.asm.ClassTooLargeException                                        : loaded 2 times (x 79B)
Class com.google.common.collect.PeekingIterator                                       : loaded 2 times (x 66B)
Class com.google.common.base.CharMatcher                                              : loaded 2 times (x 107B)
Class com.google.common.collect.RangeGwtSerializationDependencies                     : loaded 2 times (x 67B)
Class com.google.common.base.Joiner$2                                                 : loaded 2 times (x 75B)
Class org.objectweb.asm.Frame                                                         : loaded 2 times (x 69B)
Class org.objectweb.asm.MethodVisitor                                                 : loaded 2 times (x 101B)
Class com.google.common.cache.LocalCache$EntryFactory$1                               : loaded 2 times (x 79B)
Class [Lcom.google.common.cache.RemovalListener;                                      : loaded 2 times (x 65B)
Class com.google.common.base.CharMatcher$1                                            : loaded 2 times (x 109B)
Class com.google.common.base.CharMatcher$NamedFastMatcher                             : loaded 2 times (x 108B)
Class com.google.common.collect.RangeSet                                              : loaded 2 times (x 66B)
Class com.google.common.cache.LocalCache$EntryFactory$2                               : loaded 2 times (x 79B)
Class org.gradle.api.internal.classpath.GlobalCacheRootsProvider                      : loaded 2 times (x 66B)
Class com.google.common.collect.CollectCollectors                                     : loaded 2 times (x 67B)
Class org.objectweb.asm.ModuleWriter                                                  : loaded 2 times (x 78B)
Class com.google.common.cache.LocalCache$EntryFactory$3                               : loaded 2 times (x 79B)
Class com.google.common.base.Ticker$1                                                 : loaded 2 times (x 68B)
Class com.google.common.collect.ImmutableMapEntrySet$RegularEntrySet                  : loaded 2 times (x 147B)
Class com.google.common.collect.Maps$BiMapConverter                                   : loaded 2 times (x 86B)
Class com.google.common.cache.LocalCache$EntryFactory$4                               : loaded 2 times (x 79B)
Class com.google.common.collect.ImmutableSet$Builder                                  : loaded 2 times (x 81B)
Class com.google.common.base.CharMatcher$InRange                                      : loaded 2 times (x 107B)
Class com.google.common.cache.LocalCache$EntryFactory$5                               : loaded 2 times (x 79B)
Class com.google.common.base.PairwiseEquivalence                                      : loaded 2 times (x 79B)
Class com.google.common.cache.LocalCache$EntryFactory$6                               : loaded 2 times (x 79B)
Class org.gradle.internal.installation.CurrentGradleInstallationLocator               : loaded 2 times (x 67B)
Class com.google.common.collect.Maps$KeySet                                           : loaded 2 times (x 133B)
Class com.google.common.cache.LocalCache$EntryFactory$7                               : loaded 2 times (x 79B)
Class com.google.common.collect.ImmutableSet$EmptySetBuilderImpl                      : loaded 2 times (x 72B)
Class com.google.common.collect.ImmutableList                                         : loaded 2 times (x 202B)
Class org.gradle.internal.service.DefaultServiceLocator                               : loaded 2 times (x 79B)
Class com.google.common.cache.LocalCache$EntryFactory$8                               : loaded 2 times (x 79B)
Class com.google.common.collect.ImmutableSet$SetBuilderImpl                           : loaded 2 times (x 72B)
Class org.gradle.internal.installation.CurrentGradleInstallation                      : loaded 2 times (x 69B)
Class com.google.common.cache.CacheLoader$1                                           : loaded 2 times (x 71B)
Class com.google.common.collect.ImmutableList$SubList                                 : loaded 2 times (x 204B)
Class org.gradle.util.internal.GUtil                                                  : loaded 2 times (x 67B)
Class com.google.common.util.concurrent.AbstractFuture$SetFuture                      : loaded 2 times (x 71B)
Class com.google.common.cache.AbstractCache$StatsCounter                              : loaded 2 times (x 66B)
Class com.google.common.collect.Iterators$MergingIterator                             : loaded 2 times (x 77B)
Class com.google.common.collect.RegularImmutableSet                                   : loaded 2 times (x 144B)
Class org.gradle.internal.installation.GradleInstallation                             : loaded 2 times (x 71B)
Class com.google.common.collect.Iterables                                             : loaded 2 times (x 67B)
Class com.google.common.base.Splitter$Strategy                                        : loaded 2 times (x 66B)

---------------  S Y S T E M  ---------------

OS:
 Windows 11 , 64 bit Build 26100 (10.0.26100.7309)
OS uptime: 3 days 11:12 hours
Hyper-V role detected

CPU: total 12 (initial active 12) (6 cores per cpu, 2 threads per core) family 6 model 154 stepping 4 microcode 0x437, cx8, cmov, fxsr, ht, mmx, 3dnowpref, sse, sse2, sse3, ssse3, sse4.1, sse4.2, popcnt, lzcnt, tsc, tscinvbit, avx, avx2, aes, erms, clmul, bmi1, bmi2, adx, sha, fma, vzeroupper, clflush, clflushopt, clwb, hv, serialize, rdtscp, rdpid, fsrm, f16c, cet_ibt, cet_ss
Processor Information for all 12 processors :
  Max Mhz: 1300, Current Mhz: 1300, Mhz Limit: 1300

Memory: 4k page, system-wide physical 16016M (2080M free)
TotalPageFile size 26260M (AvailPageFile size 26M)
current process WorkingSet (physical memory assigned to process): 489M, peak: 494M
current process commit charge ("private bytes"): 525M, peak: 559M

vm_info: OpenJDK 64-Bit Server VM (21.0.4+-12508038-b607.1) for windows-amd64 JRE (21.0.4+-12508038-b607.1), built on 2024-10-16T17:23:34Z by "builder" with MS VC++ 16.10 / 16.11 (VS2019)

END.
