#
# There is insufficient memory for the Java Runtime Environment to continue.
# Native memory allocation (mmap) failed to map 13631488 bytes. Error detail: G1 virtual space
# Possible reasons:
#   The system is out of physical RAM or swap space
#   This process is running with CompressedOops enabled, and the Java Heap may be blocking the growth of the native heap
# Possible solutions:
#   Reduce memory load on the system
#   Increase physical memory or swap space
#   Check if swap backing store is full
#   Decrease Java heap size (-Xmx/-Xms)
#   Decrease number of Java threads
#   Decrease Java thread stack sizes (-Xss)
#   Set larger code cache with -XX:ReservedCodeCacheSize=
#   JVM is running with Unscaled Compressed Oops mode in which the Java heap is
#     placed in the first 4GB address space. The Java Heap base address is the
#     maximum limit for the native heap growth. Please use -XX:HeapBaseMinAddress
#     to set the Java Heap base and to place the Java Heap above 4GB virtual address.
# This output file may be truncated or incomplete.
#
#  Out of Memory Error (os_windows.cpp:3828), pid=32064, tid=25444
#
# JRE version: OpenJDK Runtime Environment (21.0.4) (build 21.0.4+-12508038-b607.1)
# Java VM: OpenJDK 64-Bit Server VM (21.0.4+-12508038-b607.1, mixed mode, tiered, compressed oops, compressed class ptrs, g1 gc, windows-amd64)
# No core dump will be written. Minidumps are not enabled by default on client versions of Windows
#

---------------  S U M M A R Y ------------

Command Line: -XX:MaxMetaspaceSize=256m -Xss512k --add-opens=java.base/java.util=ALL-UNNAMED --add-opens=java.base/java.lang=ALL-UNNAMED --add-opens=java.base/java.lang.invoke=ALL-UNNAMED --add-opens=java.prefs/java.util.prefs=ALL-UNNAMED --add-exports=jdk.compiler/com.sun.tools.javac.api=ALL-UNNAMED --add-exports=jdk.compiler/com.sun.tools.javac.util=ALL-UNNAMED --add-opens=java.base/java.nio.charset=ALL-UNNAMED --add-opens=java.base/java.net=ALL-UNNAMED --add-opens=java.base/java.util.concurrent.atomic=ALL-UNNAMED -Xmx1024m -Dfile.encoding=UTF-8 -Duser.country=US -Duser.language=en -Duser.variant -javaagent:D:\.gradle\wrapper\dists\gradle-8.10.2-bin\a04bxjujx95o3nb99gddekhwo\gradle-8.10.2\lib\agents\gradle-instrumentation-agent-8.10.2.jar org.gradle.launcher.daemon.bootstrap.GradleDaemon 8.10.2

Host: 12th Gen Intel(R) Core(TM) i5-1235U, 12 cores, 15G,  Windows 11 , 64 bit Build 26100 (10.0.26100.7309)
Time: Mon Dec 15 13:23:20 2025 Sri Lanka Standard Time elapsed time: 11.696133 seconds (0d 0h 0m 11s)

---------------  T H R E A D  ---------------

Current thread (0x0000021040453f10):  VMThread "VM Thread"          [id=25444, stack(0x000000eb6b280000,0x000000eb6b380000) (1024K)]

Stack: [0x000000eb6b280000,0x000000eb6b380000]
Native frames: (J=compiled Java code, j=interpreted, Vv=VM code, C=native code)
V  [jvm.dll+0x6ce539]
V  [jvm.dll+0x85bf03]
V  [jvm.dll+0x85e45e]
V  [jvm.dll+0x85eb43]
V  [jvm.dll+0x27dd06]
V  [jvm.dll+0x6cada5]
V  [jvm.dll+0x6bf27a]
V  [jvm.dll+0x3541fb]
V  [jvm.dll+0x35be36]
V  [jvm.dll+0x3adbc6]
V  [jvm.dll+0x3ade98]
V  [jvm.dll+0x32691c]
V  [jvm.dll+0x329326]
V  [jvm.dll+0x33325d]
V  [jvm.dll+0x36a865]
V  [jvm.dll+0x8648c8]
V  [jvm.dll+0x865c44]
V  [jvm.dll+0x866180]
V  [jvm.dll+0x866413]
V  [jvm.dll+0x804418]
V  [jvm.dll+0x6cce0d]
C  [ucrtbase.dll+0x37b0]
C  [KERNEL32.DLL+0x2e8d7]
C  [ntdll.dll+0x8c53c]

VM_Operation (0x000000eb6ae7f6e0): G1PauseRemark, mode: safepoint, requested by thread 0x0000021029c09f10


---------------  P R O C E S S  ---------------

Threads class SMR info:
_java_thread_list=0x00000210485a4670, length=45, elements={
0x00000210278b9420, 0x00000210404f9620, 0x00000210404fc6a0, 0x00000210404fede0,
0x00000210404ff840, 0x00000210405002a0, 0x00000210404e30f0, 0x00000210404e3e80,
0x00000210404e50c0, 0x0000021040584e90, 0x00000210450632e0, 0x0000021045162630,
0x000002104618f450, 0x00000210466c7670, 0x0000021046cfa190, 0x0000021046a98bc0,
0x0000021046a9a7b0, 0x0000021046baa300, 0x0000021046d24730, 0x0000021046d22cf0,
0x0000021046d24dc0, 0x0000021046d22660, 0x0000021046d23a10, 0x0000021046d23380,
0x0000021046d25450, 0x0000021046d21fd0, 0x0000021047630b90, 0x0000021047631220,
0x00000210476318b0, 0x000002104762fe70, 0x000002104762f7e0, 0x00000210476325d0,
0x0000021047630500, 0x00000210476353c0, 0x0000021047631f40, 0x0000021047636770,
0x0000021047636e00, 0x0000021045f71060, 0x0000021045f75f20, 0x0000021048e894d0,
0x00000210474293c0, 0x00000210474286a0, 0x000002104742e280, 0x000002104742e910,
0x000002104742a770
}

Java Threads: ( => current thread )
  0x00000210278b9420 JavaThread "main"                              [_thread_blocked, id=27916, stack(0x000000eb6ac00000,0x000000eb6ac80000) (512K)]
  0x00000210404f9620 JavaThread "Reference Handler"          daemon [_thread_blocked, id=6028, stack(0x000000eb6b380000,0x000000eb6b400000) (512K)]
  0x00000210404fc6a0 JavaThread "Finalizer"                  daemon [_thread_blocked, id=19112, stack(0x000000eb6b400000,0x000000eb6b480000) (512K)]
  0x00000210404fede0 JavaThread "Signal Dispatcher"          daemon [_thread_blocked, id=30112, stack(0x000000eb6b480000,0x000000eb6b500000) (512K)]
  0x00000210404ff840 JavaThread "Attach Listener"            daemon [_thread_blocked, id=12908, stack(0x000000eb6b500000,0x000000eb6b580000) (512K)]
  0x00000210405002a0 JavaThread "Service Thread"             daemon [_thread_blocked, id=21672, stack(0x000000eb6b580000,0x000000eb6b600000) (512K)]
  0x00000210404e30f0 JavaThread "Monitor Deflation Thread"   daemon [_thread_blocked, id=21256, stack(0x000000eb6b600000,0x000000eb6b680000) (512K)]
  0x00000210404e3e80 JavaThread "C2 CompilerThread0"         daemon [_thread_blocked, id=13356, stack(0x000000eb6b680000,0x000000eb6b780000) (1024K)]
  0x00000210404e50c0 JavaThread "C1 CompilerThread0"         daemon [_thread_blocked, id=6684, stack(0x000000eb6b780000,0x000000eb6b880000) (1024K)]
  0x0000021040584e90 JavaThread "Common-Cleaner"             daemon [_thread_blocked, id=20096, stack(0x000000eb6b880000,0x000000eb6b900000) (512K)]
  0x00000210450632e0 JavaThread "Notification Thread"        daemon [_thread_blocked, id=25744, stack(0x000000eb6b900000,0x000000eb6b980000) (512K)]
  0x0000021045162630 JavaThread "C2 CompilerThread1"         daemon [_thread_blocked, id=11228, stack(0x000000eb6b980000,0x000000eb6ba80000) (1024K)]
  0x000002104618f450 JavaThread "Daemon health stats"               [_thread_blocked, id=16516, stack(0x000000eb6c280000,0x000000eb6c300000) (512K)]
  0x00000210466c7670 JavaThread "Incoming local TCP Connector on port 65486"        [_thread_in_native, id=412, stack(0x000000eb6c300000,0x000000eb6c380000) (512K)]
  0x0000021046cfa190 JavaThread "Daemon periodic checks"            [_thread_blocked, id=17676, stack(0x000000eb6c380000,0x000000eb6c400000) (512K)]
  0x0000021046a98bc0 JavaThread "Daemon"                            [_thread_blocked, id=5528, stack(0x000000eb6c400000,0x000000eb6c480000) (512K)]
  0x0000021046a9a7b0 JavaThread "Handler for socket connection from /127.0.0.1:65486 to /127.0.0.1:65487"        [_thread_in_native, id=30392, stack(0x000000eb6c480000,0x000000eb6c500000) (512K)]
  0x0000021046baa300 JavaThread "Cancel handler"                    [_thread_blocked, id=19544, stack(0x000000eb6c500000,0x000000eb6c580000) (512K)]
  0x0000021046d24730 JavaThread "Daemon worker"                     [_thread_blocked, id=30488, stack(0x000000eb6c580000,0x000000eb6c600000) (512K)]
  0x0000021046d22cf0 JavaThread "Asynchronous log dispatcher for DefaultDaemonConnection: socket connection from /127.0.0.1:65486 to /127.0.0.1:65487"        [_thread_blocked, id=1960, stack(0x000000eb6c600000,0x000000eb6c680000) (512K)]
  0x0000021046d24dc0 JavaThread "Stdin handler"                     [_thread_blocked, id=17428, stack(0x000000eb6c680000,0x000000eb6c700000) (512K)]
  0x0000021046d22660 JavaThread "Daemon client event forwarder"        [_thread_blocked, id=11780, stack(0x000000eb6c700000,0x000000eb6c780000) (512K)]
  0x0000021046d23a10 JavaThread "Cache worker for journal cache (D:\.gradle\caches\journal-1)"        [_thread_blocked, id=13348, stack(0x000000eb6cb80000,0x000000eb6cc00000) (512K)]
  0x0000021046d23380 JavaThread "File lock request listener"        [_thread_in_native, id=22476, stack(0x000000eb6cc00000,0x000000eb6cc80000) (512K)]
  0x0000021046d25450 JavaThread "Cache worker for file hash cache (D:\.gradle\caches\8.10.2\fileHashes)"        [_thread_blocked, id=31224, stack(0x000000eb6cc80000,0x000000eb6cd00000) (512K)]
  0x0000021046d21fd0 JavaThread "Cache worker for file hash cache (D:\Diploma\Final Project\FixMate\.gradle\8.10.2\fileHashes)"        [_thread_blocked, id=18672, stack(0x000000eb6cd00000,0x000000eb6cd80000) (512K)]
  0x0000021047630b90 JavaThread "Cache worker for Build Output Cleanup Cache (D:\Diploma\Final Project\FixMate\.gradle\buildOutputCleanup)"        [_thread_blocked, id=33348, stack(0x000000eb6cd80000,0x000000eb6ce00000) (512K)]
  0x0000021047631220 JavaThread "File watcher server"        daemon [_thread_blocked, id=29000, stack(0x000000eb6ce00000,0x000000eb6ce80000) (512K)]
  0x00000210476318b0 JavaThread "File watcher consumer"      daemon [_thread_blocked, id=1976, stack(0x000000eb6ce80000,0x000000eb6cf00000) (512K)]
  0x000002104762fe70 JavaThread "Cache worker for checksums cache (D:\Diploma\Final Project\FixMate\.gradle\8.10.2\checksums)"        [_thread_blocked, id=27000, stack(0x000000eb6cf00000,0x000000eb6cf80000) (512K)]
  0x000002104762f7e0 JavaThread "Cache worker for file content cache (D:\.gradle\caches\8.10.2\fileContent)"        [_thread_blocked, id=7264, stack(0x000000eb6cf80000,0x000000eb6d000000) (512K)]
  0x00000210476325d0 JavaThread "Cache worker for cache directory md-rule (D:\.gradle\caches\8.10.2\md-rule)"        [_thread_blocked, id=16076, stack(0x000000eb6d000000,0x000000eb6d080000) (512K)]
  0x0000021047630500 JavaThread "Cache worker for cache directory md-supplier (D:\.gradle\caches\8.10.2\md-supplier)"        [_thread_blocked, id=16088, stack(0x000000eb6d080000,0x000000eb6d100000) (512K)]
  0x00000210476353c0 JavaThread "Unconstrained build operations"        [_thread_blocked, id=23536, stack(0x000000eb6d100000,0x000000eb6d180000) (512K)]
  0x0000021047631f40 JavaThread "Unconstrained build operations Thread 2"        [_thread_blocked, id=15352, stack(0x000000eb6d180000,0x000000eb6d200000) (512K)]
  0x0000021047636770 JavaThread "Unconstrained build operations Thread 3"        [_thread_blocked, id=13572, stack(0x000000eb6d200000,0x000000eb6d280000) (512K)]
  0x0000021047636e00 JavaThread "build event listener"              [_thread_blocked, id=11692, stack(0x000000eb6ba80000,0x000000eb6bb00000) (512K)]
  0x0000021045f71060 JavaThread "Memory manager"                    [_thread_blocked, id=6132, stack(0x000000eb6bb00000,0x000000eb6bb80000) (512K)]
  0x0000021045f75f20 JavaThread "build event listener"              [_thread_blocked, id=26416, stack(0x000000eb6d280000,0x000000eb6d300000) (512K)]
  0x0000021048e894d0 JavaThread "C2 CompilerThread2"         daemon [_thread_blocked, id=31324, stack(0x000000eb6d300000,0x000000eb6d400000) (1024K)]
  0x00000210474293c0 JavaThread "pool-3-thread-1"                   [_thread_blocked, id=24416, stack(0x000000eb6d400000,0x000000eb6d480000) (512K)]
  0x00000210474286a0 JavaThread "build event listener"              [_thread_blocked, id=10764, stack(0x000000eb6d480000,0x000000eb6d500000) (512K)]
  0x000002104742e280 JavaThread "included builds"                   [_thread_blocked, id=32680, stack(0x000000eb6d500000,0x000000eb6d580000) (512K)]
  0x000002104742e910 JavaThread "Cache worker for execution history cache (D:\Diploma\Final Project\FixMate\.gradle\8.10.2\executionHistory)"        [_thread_blocked, id=27744, stack(0x000000eb6d580000,0x000000eb6d600000) (512K)]
  0x000002104742a770 JavaThread "Unconstrained build operations Thread 4"        [_thread_blocked, id=17480, stack(0x000000eb6d600000,0x000000eb6d680000) (512K)]
Total: 45

Other Threads:
=>0x0000021040453f10 VMThread "VM Thread"                           [id=25444, stack(0x000000eb6b280000,0x000000eb6b380000) (1024K)]
  0x00000210402c40a0 WatcherThread "VM Periodic Task Thread"        [id=29700, stack(0x000000eb6b180000,0x000000eb6b280000) (1024K)]
  0x0000021029c05030 WorkerThread "GC Thread#0"                     [id=27992, stack(0x000000eb6ac80000,0x000000eb6ad80000) (1024K)]
  0x000002104539c240 WorkerThread "GC Thread#1"                     [id=32216, stack(0x000000eb6bb80000,0x000000eb6bc80000) (1024K)]
  0x000002104550a850 WorkerThread "GC Thread#2"                     [id=13580, stack(0x000000eb6bc80000,0x000000eb6bd80000) (1024K)]
  0x000002104550abf0 WorkerThread "GC Thread#3"                     [id=12852, stack(0x000000eb6bd80000,0x000000eb6be80000) (1024K)]
  0x00000210458ba1c0 WorkerThread "GC Thread#4"                     [id=21976, stack(0x000000eb6be80000,0x000000eb6bf80000) (1024K)]
  0x00000210458ba560 WorkerThread "GC Thread#5"                     [id=19404, stack(0x000000eb6bf80000,0x000000eb6c080000) (1024K)]
  0x0000021045b47100 WorkerThread "GC Thread#6"                     [id=22812, stack(0x000000eb6c080000,0x000000eb6c180000) (1024K)]
  0x0000021045b474a0 WorkerThread "GC Thread#7"                     [id=26368, stack(0x000000eb6c180000,0x000000eb6c280000) (1024K)]
  0x0000021045b47f80 WorkerThread "GC Thread#8"                     [id=26224, stack(0x000000eb6c780000,0x000000eb6c880000) (1024K)]
  0x0000021045b47840 WorkerThread "GC Thread#9"                     [id=31160, stack(0x000000eb6c880000,0x000000eb6c980000) (1024K)]
  0x0000021029c09f10 ConcurrentGCThread "G1 Main Marker"            [id=13420, stack(0x000000eb6ad80000,0x000000eb6ae80000) (1024K)]
  0x0000021029c0a920 WorkerThread "G1 Conc#0"                       [id=12848, stack(0x000000eb6ae80000,0x000000eb6af80000) (1024K)]
  0x0000021045b47be0 WorkerThread "G1 Conc#1"                       [id=30952, stack(0x000000eb6c980000,0x000000eb6ca80000) (1024K)]
  0x0000021045b48320 WorkerThread "G1 Conc#2"                       [id=8632, stack(0x000000eb6ca80000,0x000000eb6cb80000) (1024K)]
  0x000002104019bef0 ConcurrentGCThread "G1 Refine#0"               [id=29660, stack(0x000000eb6af80000,0x000000eb6b080000) (1024K)]
  0x000002104019d720 ConcurrentGCThread "G1 Service"                [id=6504, stack(0x000000eb6b080000,0x000000eb6b180000) (1024K)]
Total: 18

Threads with active compile tasks:
Total: 0

VM state: at safepoint (normal execution)

VM Mutex/Monitor currently owned by a thread:  ([mutex/lock_event])
[0x00007ffafc3a72f8] Threads_lock - owner thread: 0x0000021040453f10
[0x00007ffafc3a73f8] Heap_lock - owner thread: 0x0000021029c09f10

Heap address: 0x00000000c0000000, size: 1024 MB, Compressed Oops mode: 32-bit

CDS archive(s) not mapped
Compressed class space mapped at: 0x0000000100000000-0x000000010d000000, reserved size: 218103808
Narrow klass base: 0x0000000000000000, Narrow klass shift: 3, Narrow klass range: 0x10d000000

GC Precious Log:
 CardTable entry size: 512
 Card Set container configuration: InlinePtr #cards 5 size 8 Array Of Cards #cards 12 size 40 Howl #buckets 4 coarsen threshold 1843 Howl Bitmap #cards 512 size 80 coarsen threshold 460 Card regions per heap region 1 cards per card region 2048
 CPUs: 12 total, 12 available
 Memory: 16016M
 Large Page Support: Disabled
 NUMA Support: Disabled
 Compressed Oops: Enabled (32-bit)
 Heap Region Size: 1M
 Heap Min Capacity: 8M
 Heap Initial Capacity: 252M
 Heap Max Capacity: 1G
 Pre-touch: Disabled
 Parallel Workers: 10
 Concurrent Workers: 3
 Concurrent Refinement Workers: 10
 Periodic GC: Disabled

Heap:
 garbage-first heap   total 193536K, used 126552K [0x00000000c0000000, 0x0000000100000000)
  region size 1024K, 8 young (8192K), 4 survivors (4096K)
 Metaspace       used 117592K, committed 119808K, reserved 344064K
  class space    used 15873K, committed 17024K, reserved 212992K

Heap Regions: E=young(eden), S=young(survivor), O=old, HS=humongous(starts), HC=humongous(continues), CS=collection set, F=free, TAMS=top-at-mark-start, PB=parsable bottom
|   0|0x00000000c0000000, 0x00000000c0100000, 0x00000000c0100000|100%|HS|  |TAMS 0x00000000c0100000| PB 0x00000000c0000000| Complete 
|   1|0x00000000c0100000, 0x00000000c0200000, 0x00000000c0200000|100%|HC|  |TAMS 0x00000000c0200000| PB 0x00000000c0100000| Complete 
|   2|0x00000000c0200000, 0x00000000c0300000, 0x00000000c0300000|100%|HC|  |TAMS 0x00000000c0300000| PB 0x00000000c0200000| Complete 
|   3|0x00000000c0300000, 0x00000000c0400000, 0x00000000c0400000|100%|HC|  |TAMS 0x00000000c0400000| PB 0x00000000c0300000| Complete 
|   4|0x00000000c0400000, 0x00000000c0500000, 0x00000000c0500000|100%| O|  |TAMS 0x00000000c0500000| PB 0x00000000c0500000| Untracked 
|   5|0x00000000c0500000, 0x00000000c0600000, 0x00000000c0600000|100%| O|  |TAMS 0x00000000c0600000| PB 0x00000000c0600000| Untracked 
|   6|0x00000000c0600000, 0x00000000c0700000, 0x00000000c0700000|100%| O|  |TAMS 0x00000000c0700000| PB 0x00000000c0700000| Untracked 
|   7|0x00000000c0700000, 0x00000000c0800000, 0x00000000c0800000|100%| O|  |TAMS 0x00000000c0800000| PB 0x00000000c0800000| Untracked 
|   8|0x00000000c0800000, 0x00000000c0900000, 0x00000000c0900000|100%| O|  |TAMS 0x00000000c0900000| PB 0x00000000c0900000| Untracked 
|   9|0x00000000c0900000, 0x00000000c0a00000, 0x00000000c0a00000|100%| O|  |TAMS 0x00000000c0a00000| PB 0x00000000c0a00000| Untracked 
|  10|0x00000000c0a00000, 0x00000000c0b00000, 0x00000000c0b00000|100%|HS|  |TAMS 0x00000000c0b00000| PB 0x00000000c0a00000| Complete 
|  11|0x00000000c0b00000, 0x00000000c0c00000, 0x00000000c0c00000|100%| O|  |TAMS 0x00000000c0c00000| PB 0x00000000c0c00000| Untracked 
|  12|0x00000000c0c00000, 0x00000000c0d00000, 0x00000000c0d00000|100%| O|  |TAMS 0x00000000c0d00000| PB 0x00000000c0d00000| Untracked 
|  13|0x00000000c0d00000, 0x00000000c0e00000, 0x00000000c0e00000|100%| O|  |TAMS 0x00000000c0e00000| PB 0x00000000c0e00000| Untracked 
|  14|0x00000000c0e00000, 0x00000000c0f00000, 0x00000000c0f00000|100%| O|  |TAMS 0x00000000c0f00000| PB 0x00000000c0f00000| Untracked 
|  15|0x00000000c0f00000, 0x00000000c1000000, 0x00000000c1000000|100%| O|  |TAMS 0x00000000c1000000| PB 0x00000000c1000000| Untracked 
|  16|0x00000000c1000000, 0x00000000c1100000, 0x00000000c1100000|100%| O|  |TAMS 0x00000000c1100000| PB 0x00000000c1100000| Untracked 
|  17|0x00000000c1100000, 0x00000000c1200000, 0x00000000c1200000|100%| O|  |TAMS 0x00000000c1200000| PB 0x00000000c1200000| Untracked 
|  18|0x00000000c1200000, 0x00000000c1300000, 0x00000000c1300000|100%| O|  |TAMS 0x00000000c1300000| PB 0x00000000c1300000| Untracked 
|  19|0x00000000c1300000, 0x00000000c1400000, 0x00000000c1400000|100%| O|  |TAMS 0x00000000c1400000| PB 0x00000000c1400000| Updating 
|  20|0x00000000c1400000, 0x00000000c1500000, 0x00000000c1500000|100%| O|  |TAMS 0x00000000c1500000| PB 0x00000000c1500000| Untracked 
|  21|0x00000000c1500000, 0x00000000c1600000, 0x00000000c1600000|100%| O|  |TAMS 0x00000000c1600000| PB 0x00000000c1600000| Untracked 
|  22|0x00000000c1600000, 0x00000000c1700000, 0x00000000c1700000|100%| O|  |TAMS 0x00000000c1700000| PB 0x00000000c1700000| Untracked 
|  23|0x00000000c1700000, 0x00000000c1800000, 0x00000000c1800000|100%| O|  |TAMS 0x00000000c1800000| PB 0x00000000c1800000| Updating 
|  24|0x00000000c1800000, 0x00000000c1900000, 0x00000000c1900000|100%| O|  |TAMS 0x00000000c1900000| PB 0x00000000c1900000| Untracked 
|  25|0x00000000c1900000, 0x00000000c1a00000, 0x00000000c1a00000|100%| O|  |TAMS 0x00000000c1a00000| PB 0x00000000c1a00000| Untracked 
|  26|0x00000000c1a00000, 0x00000000c1b00000, 0x00000000c1b00000|100%| O|  |TAMS 0x00000000c1b00000| PB 0x00000000c1b00000| Untracked 
|  27|0x00000000c1b00000, 0x00000000c1c00000, 0x00000000c1c00000|100%| O|  |TAMS 0x00000000c1c00000| PB 0x00000000c1c00000| Untracked 
|  28|0x00000000c1c00000, 0x00000000c1d00000, 0x00000000c1d00000|100%| O|  |TAMS 0x00000000c1d00000| PB 0x00000000c1d00000| Updating 
|  29|0x00000000c1d00000, 0x00000000c1e00000, 0x00000000c1e00000|100%| O|  |TAMS 0x00000000c1e00000| PB 0x00000000c1e00000| Untracked 
|  30|0x00000000c1e00000, 0x00000000c1f00000, 0x00000000c1f00000|100%| O|  |TAMS 0x00000000c1f00000| PB 0x00000000c1f00000| Updating 
|  31|0x00000000c1f00000, 0x00000000c2000000, 0x00000000c2000000|100%| O|  |TAMS 0x00000000c2000000| PB 0x00000000c2000000| Updating 
|  32|0x00000000c2000000, 0x00000000c2100000, 0x00000000c2100000|100%| O|  |TAMS 0x00000000c2100000| PB 0x00000000c2100000| Untracked 
|  33|0x00000000c2100000, 0x00000000c2200000, 0x00000000c2200000|100%| O|  |TAMS 0x00000000c2200000| PB 0x00000000c2200000| Untracked 
|  34|0x00000000c2200000, 0x00000000c2300000, 0x00000000c2300000|100%| O|  |TAMS 0x00000000c2300000| PB 0x00000000c2300000| Untracked 
|  35|0x00000000c2300000, 0x00000000c2400000, 0x00000000c2400000|100%| O|  |TAMS 0x00000000c2400000| PB 0x00000000c2400000| Untracked 
|  36|0x00000000c2400000, 0x00000000c2500000, 0x00000000c2500000|100%| O|  |TAMS 0x00000000c2500000| PB 0x00000000c2500000| Untracked 
|  37|0x00000000c2500000, 0x00000000c2600000, 0x00000000c2600000|100%| O|  |TAMS 0x00000000c2600000| PB 0x00000000c2600000| Untracked 
|  38|0x00000000c2600000, 0x00000000c2700000, 0x00000000c2700000|100%| O|  |TAMS 0x00000000c2700000| PB 0x00000000c2700000| Updating 
|  39|0x00000000c2700000, 0x00000000c2800000, 0x00000000c2800000|100%| O|  |TAMS 0x00000000c2800000| PB 0x00000000c2800000| Untracked 
|  40|0x00000000c2800000, 0x00000000c2900000, 0x00000000c2900000|100%| O|  |TAMS 0x00000000c2900000| PB 0x00000000c2900000| Updating 
|  41|0x00000000c2900000, 0x00000000c2a00000, 0x00000000c2a00000|100%|HS|  |TAMS 0x00000000c2a00000| PB 0x00000000c2900000| Complete 
|  42|0x00000000c2a00000, 0x00000000c2b00000, 0x00000000c2b00000|100%|HS|  |TAMS 0x00000000c2b00000| PB 0x00000000c2a00000| Complete 
|  43|0x00000000c2b00000, 0x00000000c2c00000, 0x00000000c2c00000|100%| O|  |TAMS 0x00000000c2c00000| PB 0x00000000c2c00000| Untracked 
|  44|0x00000000c2c00000, 0x00000000c2d00000, 0x00000000c2d00000|100%| O|  |TAMS 0x00000000c2d00000| PB 0x00000000c2d00000| Untracked 
|  45|0x00000000c2d00000, 0x00000000c2e00000, 0x00000000c2e00000|100%| O|  |TAMS 0x00000000c2e00000| PB 0x00000000c2e00000| Untracked 
|  46|0x00000000c2e00000, 0x00000000c2f00000, 0x00000000c2f00000|100%| O|  |TAMS 0x00000000c2f00000| PB 0x00000000c2f00000| Untracked 
|  47|0x00000000c2f00000, 0x00000000c3000000, 0x00000000c3000000|100%| O|  |TAMS 0x00000000c3000000| PB 0x00000000c3000000| Untracked 
|  48|0x00000000c3000000, 0x00000000c3100000, 0x00000000c3100000|100%|HS|  |TAMS 0x00000000c3100000| PB 0x00000000c3000000| Complete 
|  49|0x00000000c3100000, 0x00000000c3200000, 0x00000000c3200000|100%|HC|  |TAMS 0x00000000c3200000| PB 0x00000000c3100000| Complete 
|  50|0x00000000c3200000, 0x00000000c3300000, 0x00000000c3300000|100%|HS|  |TAMS 0x00000000c3300000| PB 0x00000000c3200000| Complete 
|  51|0x00000000c3300000, 0x00000000c3400000, 0x00000000c3400000|100%|HC|  |TAMS 0x00000000c3400000| PB 0x00000000c3300000| Complete 
|  52|0x00000000c3400000, 0x00000000c3500000, 0x00000000c3500000|100%|HS|  |TAMS 0x00000000c3500000| PB 0x00000000c3400000| Complete 
|  53|0x00000000c3500000, 0x00000000c3600000, 0x00000000c3600000|100%|HS|  |TAMS 0x00000000c3600000| PB 0x00000000c3500000| Complete 
|  54|0x00000000c3600000, 0x00000000c3700000, 0x00000000c3700000|100%|HC|  |TAMS 0x00000000c3700000| PB 0x00000000c3600000| Complete 
|  55|0x00000000c3700000, 0x00000000c3800000, 0x00000000c3800000|100%|HC|  |TAMS 0x00000000c3800000| PB 0x00000000c3700000| Complete 
|  56|0x00000000c3800000, 0x00000000c3900000, 0x00000000c3900000|100%| O|  |TAMS 0x00000000c3900000| PB 0x00000000c3900000| Updating 
|  57|0x00000000c3900000, 0x00000000c3a00000, 0x00000000c3a00000|100%| O|  |TAMS 0x00000000c3a00000| PB 0x00000000c3a00000| Untracked 
|  58|0x00000000c3a00000, 0x00000000c3b00000, 0x00000000c3b00000|100%| O|  |TAMS 0x00000000c3b00000| PB 0x00000000c3b00000| Untracked 
|  59|0x00000000c3b00000, 0x00000000c3c00000, 0x00000000c3c00000|100%| O|  |TAMS 0x00000000c3c00000| PB 0x00000000c3c00000| Untracked 
|  60|0x00000000c3c00000, 0x00000000c3d00000, 0x00000000c3d00000|100%| O|  |TAMS 0x00000000c3d00000| PB 0x00000000c3d00000| Updating 
|  61|0x00000000c3d00000, 0x00000000c3e00000, 0x00000000c3e00000|100%|HS|  |TAMS 0x00000000c3e00000| PB 0x00000000c3d00000| Complete 
|  62|0x00000000c3e00000, 0x00000000c3f00000, 0x00000000c3f00000|100%| O|  |TAMS 0x00000000c3f00000| PB 0x00000000c3f00000| Untracked 
|  63|0x00000000c3f00000, 0x00000000c4000000, 0x00000000c4000000|100%|HS|  |TAMS 0x00000000c4000000| PB 0x00000000c3f00000| Complete 
|  64|0x00000000c4000000, 0x00000000c4100000, 0x00000000c4100000|100%|HS|  |TAMS 0x00000000c4100000| PB 0x00000000c4000000| Complete 
|  65|0x00000000c4100000, 0x00000000c4200000, 0x00000000c4200000|100%| O|  |TAMS 0x00000000c4200000| PB 0x00000000c4200000| Untracked 
|  66|0x00000000c4200000, 0x00000000c4300000, 0x00000000c4300000|100%| O|  |TAMS 0x00000000c4300000| PB 0x00000000c4300000| Untracked 
|  67|0x00000000c4300000, 0x00000000c4400000, 0x00000000c4400000|100%| O|  |TAMS 0x00000000c4400000| PB 0x00000000c4400000| Untracked 
|  68|0x00000000c4400000, 0x00000000c4500000, 0x00000000c4500000|100%|HS|  |TAMS 0x00000000c4500000| PB 0x00000000c4400000| Complete 
|  69|0x00000000c4500000, 0x00000000c4600000, 0x00000000c4600000|100%| O|  |TAMS 0x00000000c4600000| PB 0x00000000c4600000| Untracked 
|  70|0x00000000c4600000, 0x00000000c4700000, 0x00000000c4700000|100%| O|  |TAMS 0x00000000c4700000| PB 0x00000000c4700000| Untracked 
|  71|0x00000000c4700000, 0x00000000c4800000, 0x00000000c4800000|100%|HS|  |TAMS 0x00000000c4800000| PB 0x00000000c4700000| Complete 
|  72|0x00000000c4800000, 0x00000000c4900000, 0x00000000c4900000|100%|HC|  |TAMS 0x00000000c4900000| PB 0x00000000c4800000| Complete 
|  73|0x00000000c4900000, 0x00000000c4a00000, 0x00000000c4a00000|100%|HC|  |TAMS 0x00000000c4a00000| PB 0x00000000c4900000| Complete 
|  74|0x00000000c4a00000, 0x00000000c4b00000, 0x00000000c4b00000|100%| O|  |TAMS 0x00000000c4b00000| PB 0x00000000c4b00000| Updating 
|  75|0x00000000c4b00000, 0x00000000c4c00000, 0x00000000c4c00000|100%| O|  |TAMS 0x00000000c4c00000| PB 0x00000000c4c00000| Updating 
|  76|0x00000000c4c00000, 0x00000000c4d00000, 0x00000000c4d00000|100%| O|  |TAMS 0x00000000c4d00000| PB 0x00000000c4d00000| Updating 
|  77|0x00000000c4d00000, 0x00000000c4e00000, 0x00000000c4e00000|100%| O|  |TAMS 0x00000000c4e00000| PB 0x00000000c4e00000| Updating 
|  78|0x00000000c4e00000, 0x00000000c4f00000, 0x00000000c4f00000|100%| O|  |TAMS 0x00000000c4f00000| PB 0x00000000c4f00000| Untracked 
|  79|0x00000000c4f00000, 0x00000000c5000000, 0x00000000c5000000|100%| O|  |TAMS 0x00000000c4f00000| PB 0x00000000c4f00000| Untracked 
|  80|0x00000000c5000000, 0x00000000c5100000, 0x00000000c5100000|100%| O|  |TAMS 0x00000000c5100000| PB 0x00000000c5100000| Untracked 
|  81|0x00000000c5100000, 0x00000000c5200000, 0x00000000c5200000|100%| O|  |TAMS 0x00000000c5200000| PB 0x00000000c5200000| Untracked 
|  82|0x00000000c5200000, 0x00000000c5300000, 0x00000000c5300000|100%| O|  |TAMS 0x00000000c5300000| PB 0x00000000c5300000| Untracked 
|  83|0x00000000c5300000, 0x00000000c5400000, 0x00000000c5400000|100%| O|  |TAMS 0x00000000c5400000| PB 0x00000000c5400000| Untracked 
|  84|0x00000000c5400000, 0x00000000c5500000, 0x00000000c5500000|100%| O|  |TAMS 0x00000000c5500000| PB 0x00000000c5500000| Untracked 
|  85|0x00000000c5500000, 0x00000000c5600000, 0x00000000c5600000|100%| O|  |TAMS 0x00000000c5600000| PB 0x00000000c5600000| Untracked 
|  86|0x00000000c5600000, 0x00000000c5700000, 0x00000000c5700000|100%| O|  |TAMS 0x00000000c5700000| PB 0x00000000c5700000| Untracked 
|  87|0x00000000c5700000, 0x00000000c5800000, 0x00000000c5800000|100%| O|  |TAMS 0x00000000c5800000| PB 0x00000000c5800000| Untracked 
|  88|0x00000000c5800000, 0x00000000c5900000, 0x00000000c5900000|100%| O|  |TAMS 0x00000000c5800000| PB 0x00000000c5800000| Untracked 
|  89|0x00000000c5900000, 0x00000000c5a00000, 0x00000000c5a00000|100%| O|  |TAMS 0x00000000c5a00000| PB 0x00000000c5a00000| Untracked 
|  90|0x00000000c5a00000, 0x00000000c5b00000, 0x00000000c5b00000|100%| O|  |TAMS 0x00000000c5b00000| PB 0x00000000c5b00000| Untracked 
|  91|0x00000000c5b00000, 0x00000000c5c00000, 0x00000000c5c00000|100%| O|  |TAMS 0x00000000c5c00000| PB 0x00000000c5c00000| Untracked 
|  92|0x00000000c5c00000, 0x00000000c5d00000, 0x00000000c5d00000|100%| O|  |TAMS 0x00000000c5d00000| PB 0x00000000c5d00000| Untracked 
|  93|0x00000000c5d00000, 0x00000000c5e00000, 0x00000000c5e00000|100%| O|  |TAMS 0x00000000c5d00000| PB 0x00000000c5d00000| Untracked 
|  94|0x00000000c5e00000, 0x00000000c5f00000, 0x00000000c5f00000|100%| O|  |TAMS 0x00000000c5f00000| PB 0x00000000c5f00000| Updating 
|  95|0x00000000c5f00000, 0x00000000c6000000, 0x00000000c6000000|100%| O|  |TAMS 0x00000000c6000000| PB 0x00000000c6000000| Untracked 
|  96|0x00000000c6000000, 0x00000000c6100000, 0x00000000c6100000|100%| O|  |TAMS 0x00000000c6100000| PB 0x00000000c6100000| Updating 
|  97|0x00000000c6100000, 0x00000000c6200000, 0x00000000c6200000|100%| O|  |TAMS 0x00000000c6200000| PB 0x00000000c6200000| Untracked 
|  98|0x00000000c6200000, 0x00000000c6300000, 0x00000000c6300000|100%| O|  |TAMS 0x00000000c6300000| PB 0x00000000c6300000| Untracked 
|  99|0x00000000c6300000, 0x00000000c6400000, 0x00000000c6400000|100%| O|  |TAMS 0x00000000c6400000| PB 0x00000000c6400000| Untracked 
| 100|0x00000000c6400000, 0x00000000c6500000, 0x00000000c6500000|100%| O|  |TAMS 0x00000000c6500000| PB 0x00000000c6500000| Untracked 
| 101|0x00000000c6500000, 0x00000000c6600000, 0x00000000c6600000|100%| O|  |TAMS 0x00000000c6600000| PB 0x00000000c6600000| Untracked 
| 102|0x00000000c6600000, 0x00000000c6700000, 0x00000000c6700000|100%| O|  |TAMS 0x00000000c6700000| PB 0x00000000c6700000| Untracked 
| 103|0x00000000c6700000, 0x00000000c6800000, 0x00000000c6800000|100%| O|  |TAMS 0x00000000c6800000| PB 0x00000000c6800000| Untracked 
| 104|0x00000000c6800000, 0x00000000c6900000, 0x00000000c6900000|100%| O|  |TAMS 0x00000000c6900000| PB 0x00000000c6900000| Untracked 
| 105|0x00000000c6900000, 0x00000000c6a00000, 0x00000000c6a00000|100%| O|  |TAMS 0x00000000c6a00000| PB 0x00000000c6a00000| Untracked 
| 106|0x00000000c6a00000, 0x00000000c6b00000, 0x00000000c6b00000|100%| O|  |TAMS 0x00000000c6b00000| PB 0x00000000c6b00000| Untracked 
| 107|0x00000000c6b00000, 0x00000000c6c00000, 0x00000000c6c00000|100%| O|  |TAMS 0x00000000c6c00000| PB 0x00000000c6c00000| Updating 
| 108|0x00000000c6c00000, 0x00000000c6d00000, 0x00000000c6d00000|100%| O|  |TAMS 0x00000000c6d00000| PB 0x00000000c6d00000| Updating 
| 109|0x00000000c6d00000, 0x00000000c6e00000, 0x00000000c6e00000|100%| O|  |TAMS 0x00000000c6e00000| PB 0x00000000c6e00000| Updating 
| 110|0x00000000c6e00000, 0x00000000c6f00000, 0x00000000c6f00000|100%| O|  |TAMS 0x00000000c6e53700| PB 0x00000000c6e53700| Updating 
| 111|0x00000000c6f00000, 0x00000000c7000000, 0x00000000c7000000|100%| O|  |TAMS 0x00000000c6f00000| PB 0x00000000c6f00000| Untracked 
| 112|0x00000000c7000000, 0x00000000c70960c8, 0x00000000c7100000| 58%| O|  |TAMS 0x00000000c7000000| PB 0x00000000c7000000| Updating 
| 113|0x00000000c7100000, 0x00000000c7100000, 0x00000000c7200000|  0%| F|  |TAMS 0x00000000c7100000| PB 0x00000000c7100000| Untracked 
| 114|0x00000000c7200000, 0x00000000c7200000, 0x00000000c7300000|  0%| F|  |TAMS 0x00000000c7200000| PB 0x00000000c7200000| Untracked 
| 115|0x00000000c7300000, 0x00000000c7300000, 0x00000000c7400000|  0%| F|  |TAMS 0x00000000c7300000| PB 0x00000000c7300000| Untracked 
| 116|0x00000000c7400000, 0x00000000c7400000, 0x00000000c7500000|  0%| F|  |TAMS 0x00000000c7400000| PB 0x00000000c7400000| Untracked 
| 117|0x00000000c7500000, 0x00000000c7500000, 0x00000000c7600000|  0%| F|  |TAMS 0x00000000c7500000| PB 0x00000000c7500000| Untracked 
| 118|0x00000000c7600000, 0x00000000c7600000, 0x00000000c7700000|  0%| F|  |TAMS 0x00000000c7600000| PB 0x00000000c7600000| Untracked 
| 119|0x00000000c7700000, 0x00000000c7700000, 0x00000000c7800000|  0%| F|  |TAMS 0x00000000c7700000| PB 0x00000000c7700000| Untracked 
| 120|0x00000000c7800000, 0x00000000c7800000, 0x00000000c7900000|  0%| F|  |TAMS 0x00000000c7800000| PB 0x00000000c7800000| Untracked 
| 121|0x00000000c7900000, 0x00000000c7900000, 0x00000000c7a00000|  0%| F|  |TAMS 0x00000000c7900000| PB 0x00000000c7900000| Untracked 
| 122|0x00000000c7a00000, 0x00000000c7a00000, 0x00000000c7b00000|  0%| F|  |TAMS 0x00000000c7a00000| PB 0x00000000c7a00000| Untracked 
| 123|0x00000000c7b00000, 0x00000000c7b00000, 0x00000000c7c00000|  0%| F|  |TAMS 0x00000000c7b00000| PB 0x00000000c7b00000| Untracked 
| 124|0x00000000c7c00000, 0x00000000c7c00000, 0x00000000c7d00000|  0%| F|  |TAMS 0x00000000c7c00000| PB 0x00000000c7c00000| Untracked 
| 125|0x00000000c7d00000, 0x00000000c7d00000, 0x00000000c7e00000|  0%| F|  |TAMS 0x00000000c7d00000| PB 0x00000000c7d00000| Untracked 
| 126|0x00000000c7e00000, 0x00000000c7e00000, 0x00000000c7f00000|  0%| F|  |TAMS 0x00000000c7e00000| PB 0x00000000c7e00000| Untracked 
| 127|0x00000000c7f00000, 0x00000000c7f00000, 0x00000000c8000000|  0%| F|  |TAMS 0x00000000c7f00000| PB 0x00000000c7f00000| Untracked 
| 128|0x00000000c8000000, 0x00000000c8000000, 0x00000000c8100000|  0%| F|  |TAMS 0x00000000c8000000| PB 0x00000000c8000000| Untracked 
| 129|0x00000000c8100000, 0x00000000c8100000, 0x00000000c8200000|  0%| F|  |TAMS 0x00000000c8100000| PB 0x00000000c8100000| Untracked 
| 130|0x00000000c8200000, 0x00000000c8300000, 0x00000000c8300000|100%| S|CS|TAMS 0x00000000c8200000| PB 0x00000000c8200000| Complete 
| 131|0x00000000c8300000, 0x00000000c8400000, 0x00000000c8400000|100%| S|CS|TAMS 0x00000000c8300000| PB 0x00000000c8300000| Complete 
| 132|0x00000000c8400000, 0x00000000c8500000, 0x00000000c8500000|100%| S|CS|TAMS 0x00000000c8400000| PB 0x00000000c8400000| Complete 
| 133|0x00000000c8500000, 0x00000000c8600000, 0x00000000c8600000|100%| S|CS|TAMS 0x00000000c8500000| PB 0x00000000c8500000| Complete 
| 134|0x00000000c8600000, 0x00000000c8600000, 0x00000000c8700000|  0%| F|  |TAMS 0x00000000c8600000| PB 0x00000000c8600000| Untracked 
| 135|0x00000000c8700000, 0x00000000c8700000, 0x00000000c8800000|  0%| F|  |TAMS 0x00000000c8700000| PB 0x00000000c8700000| Untracked 
| 136|0x00000000c8800000, 0x00000000c8800000, 0x00000000c8900000|  0%| F|  |TAMS 0x00000000c8800000| PB 0x00000000c8800000| Untracked 
| 137|0x00000000c8900000, 0x00000000c8900000, 0x00000000c8a00000|  0%| F|  |TAMS 0x00000000c8900000| PB 0x00000000c8900000| Untracked 
| 138|0x00000000c8a00000, 0x00000000c8a00000, 0x00000000c8b00000|  0%| F|  |TAMS 0x00000000c8a00000| PB 0x00000000c8a00000| Untracked 
| 139|0x00000000c8b00000, 0x00000000c8b00000, 0x00000000c8c00000|  0%| F|  |TAMS 0x00000000c8b00000| PB 0x00000000c8b00000| Untracked 
| 140|0x00000000c8c00000, 0x00000000c8c00000, 0x00000000c8d00000|  0%| F|  |TAMS 0x00000000c8c00000| PB 0x00000000c8c00000| Untracked 
| 141|0x00000000c8d00000, 0x00000000c8d00000, 0x00000000c8e00000|  0%| F|  |TAMS 0x00000000c8d00000| PB 0x00000000c8d00000| Untracked 
| 142|0x00000000c8e00000, 0x00000000c8e00000, 0x00000000c8f00000|  0%| F|  |TAMS 0x00000000c8e00000| PB 0x00000000c8e00000| Untracked 
| 143|0x00000000c8f00000, 0x00000000c8f00000, 0x00000000c9000000|  0%| F|  |TAMS 0x00000000c8f00000| PB 0x00000000c8f00000| Untracked 
| 144|0x00000000c9000000, 0x00000000c9000000, 0x00000000c9100000|  0%| F|  |TAMS 0x00000000c9000000| PB 0x00000000c9000000| Untracked 
| 145|0x00000000c9100000, 0x00000000c9100000, 0x00000000c9200000|  0%| F|  |TAMS 0x00000000c9100000| PB 0x00000000c9100000| Untracked 
| 146|0x00000000c9200000, 0x00000000c9200000, 0x00000000c9300000|  0%| F|  |TAMS 0x00000000c9200000| PB 0x00000000c9200000| Untracked 
| 147|0x00000000c9300000, 0x00000000c9300000, 0x00000000c9400000|  0%| F|  |TAMS 0x00000000c9300000| PB 0x00000000c9300000| Untracked 
| 148|0x00000000c9400000, 0x00000000c9400000, 0x00000000c9500000|  0%| F|  |TAMS 0x00000000c9400000| PB 0x00000000c9400000| Untracked 
| 149|0x00000000c9500000, 0x00000000c9500000, 0x00000000c9600000|  0%| F|  |TAMS 0x00000000c9500000| PB 0x00000000c9500000| Untracked 
| 150|0x00000000c9600000, 0x00000000c9600000, 0x00000000c9700000|  0%| F|  |TAMS 0x00000000c9600000| PB 0x00000000c9600000| Untracked 
| 151|0x00000000c9700000, 0x00000000c9700000, 0x00000000c9800000|  0%| F|  |TAMS 0x00000000c9700000| PB 0x00000000c9700000| Untracked 
| 152|0x00000000c9800000, 0x00000000c9800000, 0x00000000c9900000|  0%| F|  |TAMS 0x00000000c9800000| PB 0x00000000c9800000| Untracked 
| 153|0x00000000c9900000, 0x00000000c9900000, 0x00000000c9a00000|  0%| F|  |TAMS 0x00000000c9900000| PB 0x00000000c9900000| Untracked 
| 154|0x00000000c9a00000, 0x00000000c9a00000, 0x00000000c9b00000|  0%| F|  |TAMS 0x00000000c9a00000| PB 0x00000000c9a00000| Untracked 
| 155|0x00000000c9b00000, 0x00000000c9b00000, 0x00000000c9c00000|  0%| F|  |TAMS 0x00000000c9b00000| PB 0x00000000c9b00000| Untracked 
| 156|0x00000000c9c00000, 0x00000000c9c00000, 0x00000000c9d00000|  0%| F|  |TAMS 0x00000000c9c00000| PB 0x00000000c9c00000| Untracked 
| 157|0x00000000c9d00000, 0x00000000c9d00000, 0x00000000c9e00000|  0%| F|  |TAMS 0x00000000c9d00000| PB 0x00000000c9d00000| Untracked 
| 158|0x00000000c9e00000, 0x00000000c9e00000, 0x00000000c9f00000|  0%| F|  |TAMS 0x00000000c9e00000| PB 0x00000000c9e00000| Untracked 
| 159|0x00000000c9f00000, 0x00000000c9f00000, 0x00000000ca000000|  0%| F|  |TAMS 0x00000000c9f00000| PB 0x00000000c9f00000| Untracked 
| 160|0x00000000ca000000, 0x00000000ca000000, 0x00000000ca100000|  0%| F|  |TAMS 0x00000000ca000000| PB 0x00000000ca000000| Untracked 
| 161|0x00000000ca100000, 0x00000000ca100000, 0x00000000ca200000|  0%| F|  |TAMS 0x00000000ca100000| PB 0x00000000ca100000| Untracked 
| 162|0x00000000ca200000, 0x00000000ca200000, 0x00000000ca300000|  0%| F|  |TAMS 0x00000000ca200000| PB 0x00000000ca200000| Untracked 
| 163|0x00000000ca300000, 0x00000000ca300000, 0x00000000ca400000|  0%| F|  |TAMS 0x00000000ca300000| PB 0x00000000ca300000| Untracked 
| 164|0x00000000ca400000, 0x00000000ca400000, 0x00000000ca500000|  0%| F|  |TAMS 0x00000000ca400000| PB 0x00000000ca400000| Untracked 
| 165|0x00000000ca500000, 0x00000000ca500000, 0x00000000ca600000|  0%| F|  |TAMS 0x00000000ca500000| PB 0x00000000ca500000| Untracked 
| 166|0x00000000ca600000, 0x00000000ca600000, 0x00000000ca700000|  0%| F|  |TAMS 0x00000000ca600000| PB 0x00000000ca600000| Untracked 
| 167|0x00000000ca700000, 0x00000000ca700000, 0x00000000ca800000|  0%| F|  |TAMS 0x00000000ca700000| PB 0x00000000ca700000| Untracked 
| 168|0x00000000ca800000, 0x00000000ca800000, 0x00000000ca900000|  0%| F|  |TAMS 0x00000000ca800000| PB 0x00000000ca800000| Untracked 
| 169|0x00000000ca900000, 0x00000000ca900000, 0x00000000caa00000|  0%| F|  |TAMS 0x00000000ca900000| PB 0x00000000ca900000| Untracked 
| 221|0x00000000cdd00000, 0x00000000cdd00000, 0x00000000cde00000|  0%| F|  |TAMS 0x00000000cdd00000| PB 0x00000000cdd00000| Untracked 
| 222|0x00000000cde00000, 0x00000000cde00000, 0x00000000cdf00000|  0%| F|  |TAMS 0x00000000cde00000| PB 0x00000000cde00000| Untracked 
| 223|0x00000000cdf00000, 0x00000000cdf00000, 0x00000000ce000000|  0%| F|  |TAMS 0x00000000cdf00000| PB 0x00000000cdf00000| Untracked 
| 224|0x00000000ce000000, 0x00000000ce000000, 0x00000000ce100000|  0%| F|  |TAMS 0x00000000ce000000| PB 0x00000000ce000000| Untracked 
| 225|0x00000000ce100000, 0x00000000ce100000, 0x00000000ce200000|  0%| F|  |TAMS 0x00000000ce100000| PB 0x00000000ce100000| Untracked 
| 226|0x00000000ce200000, 0x00000000ce200000, 0x00000000ce300000|  0%| F|  |TAMS 0x00000000ce200000| PB 0x00000000ce200000| Untracked 
| 227|0x00000000ce300000, 0x00000000ce300000, 0x00000000ce400000|  0%| F|  |TAMS 0x00000000ce300000| PB 0x00000000ce300000| Untracked 
| 228|0x00000000ce400000, 0x00000000ce400000, 0x00000000ce500000|  0%| F|  |TAMS 0x00000000ce400000| PB 0x00000000ce400000| Untracked 
| 229|0x00000000ce500000, 0x00000000ce500000, 0x00000000ce600000|  0%| F|  |TAMS 0x00000000ce500000| PB 0x00000000ce500000| Untracked 
| 251|0x00000000cfb00000, 0x00000000cfb00000, 0x00000000cfc00000|  0%| F|  |TAMS 0x00000000cfb00000| PB 0x00000000cfb00000| Untracked 
|1015|0x00000000ff700000, 0x00000000ff800000, 0x00000000ff800000|100%| O|  |TAMS 0x00000000ff800000| PB 0x00000000ff800000| Updating 
|1016|0x00000000ff800000, 0x00000000ff900000, 0x00000000ff900000|100%| O|  |TAMS 0x00000000ff900000| PB 0x00000000ff900000| Updating 
|1017|0x00000000ff900000, 0x00000000ff900000, 0x00000000ffa00000|  0%| F|  |TAMS 0x00000000ff900000| PB 0x00000000ff900000| Untracked 
|1018|0x00000000ffa00000, 0x00000000ffaf05d8, 0x00000000ffb00000| 93%| E|  |TAMS 0x00000000ffa00000| PB 0x00000000ffa00000| Complete 
|1019|0x00000000ffb00000, 0x00000000ffc00000, 0x00000000ffc00000|100%| E|CS|TAMS 0x00000000ffb00000| PB 0x00000000ffb00000| Complete 
|1020|0x00000000ffc00000, 0x00000000ffd00000, 0x00000000ffd00000|100%| O|  |TAMS 0x00000000ffd00000| PB 0x00000000ffd00000| Updating 
|1021|0x00000000ffd00000, 0x00000000ffe00000, 0x00000000ffe00000|100%| E|CS|TAMS 0x00000000ffd00000| PB 0x00000000ffd00000| Complete 
|1022|0x00000000ffe00000, 0x00000000fff00000, 0x00000000fff00000|100%| E|CS|TAMS 0x00000000ffe00000| PB 0x00000000ffe00000| Complete 
|1023|0x00000000fff00000, 0x0000000100000000, 0x0000000100000000|100%| O|  |TAMS 0x0000000100000000| PB 0x0000000100000000| Updating 

Card table byte_map: [0x000002103c420000,0x000002103c620000] _byte_map_base: 0x000002103be20000

Marking Bits: (CMBitMap*) 0x0000021029c05640
 Bits: [0x000002103c620000, 0x000002103d620000)

Polling page: 0x0000021027ad0000

Metaspace:

Usage:
  Non-class:     99.33 MB used.
      Class:     15.50 MB used.
       Both:    114.84 MB used.

Virtual space:
  Non-class space:      128.00 MB reserved,     100.38 MB ( 78%) committed,  2 nodes.
      Class space:      208.00 MB reserved,      16.62 MB (  8%) committed,  1 nodes.
             Both:      336.00 MB reserved,     117.00 MB ( 35%) committed. 

Chunk freelists:
   Non-Class:  10.85 MB
       Class:  15.31 MB
        Both:  26.16 MB

MaxMetaspaceSize: 256.00 MB
CompressedClassSpaceSize: 208.00 MB
Initial GC threshold: 21.00 MB
Current GC threshold: 190.12 MB
CDS: off
 - commit_granule_bytes: 65536.
 - commit_granule_words: 8192.
 - virtual_space_node_default_size: 8388608.
 - enlarge_chunks_in_place: 1.
 - use_allocation_guard: 0.


Internal statistics:

num_allocs_failed_limit: 9.
num_arena_births: 4206.
num_arena_deaths: 0.
num_vsnodes_births: 3.
num_vsnodes_deaths: 0.
num_space_committed: 1871.
num_space_uncommitted: 0.
num_chunks_returned_to_freelist: 9.
num_chunks_taken_from_freelist: 9111.
num_chunk_merges: 9.
num_chunk_splits: 5992.
num_chunks_enlarged: 3859.
num_inconsistent_stats: 0.

CodeHeap 'non-profiled nmethods': size=120000Kb used=7988Kb max_used=8142Kb free=112012Kb
 bounds [0x00000210347a0000, 0x0000021034fa0000, 0x000002103bcd0000]
CodeHeap 'profiled nmethods': size=120000Kb used=21132Kb max_used=22033Kb free=98867Kb
 bounds [0x000002102ccd0000, 0x000002102e260000, 0x0000021034200000]
CodeHeap 'non-nmethods': size=5760Kb used=2113Kb max_used=2184Kb free=3646Kb
 bounds [0x0000021034200000, 0x0000021034470000, 0x00000210347a0000]
 total_blobs=12444 nmethods=11587 adapters=760
 compilation: enabled
              stopped_count=0, restarted_count=0
 full_count=0

Compilation events (20 events):
Event: 11.632 Thread 0x0000021048e894d0 nmethod 13853 0x0000021034f87e90 code [0x0000021034f88140, 0x0000021034f88df8]
Event: 11.644 Thread 0x00000210404e50c0 13857   !   3       java.lang.String::replace (258 bytes)
Event: 11.646 Thread 0x00000210404e50c0 nmethod 13857 0x000002102e24fe10 code [0x000002102e2502e0, 0x000002102e2525b0]
Event: 11.647 Thread 0x0000021045162630 13858       4       java.util.ArrayList$ArrayListSpliterator::forEachRemaining (127 bytes)
Event: 11.653 Thread 0x0000021045162630 nmethod 13858 0x0000021034f89990 code [0x0000021034f89b40, 0x0000021034f89e68]
Event: 11.654 Thread 0x00000210404e3e80 nmethod 13851 0x0000021034f8a110 code [0x0000021034f8a660, 0x0000021034f8d200]
Event: 11.656 Thread 0x00000210404e50c0 13859       3       org.gradle.internal.snapshot.AbstractListChildMap::stream (10 bytes)
Event: 11.656 Thread 0x00000210404e50c0 nmethod 13859 0x000002102e253510 code [0x000002102e2536c0, 0x000002102e253890]
Event: 11.659 Thread 0x0000021048e894d0 13860       4       com.google.common.collect.ImmutableMap$Builder::build (5 bytes)
Event: 11.663 Thread 0x0000021048e894d0 nmethod 13860 0x0000021034f8f990 code [0x0000021034f8fb60, 0x0000021034f90048]
Event: 11.666 Thread 0x0000021045162630 13861       4       com.google.common.cache.LocalCache$Segment::setValue (82 bytes)
Event: 11.669 Thread 0x0000021048e894d0 13862       4       java.util.Comparator$$Lambda/0x00000001006c1a28::compare (14 bytes)
Event: 11.673 Thread 0x00000210404e3e80 13863       4       org.gradle.internal.snapshot.FileSystemLocationSnapshot$$Lambda/0x00000001006beb58::compare (12 bytes)
Event: 11.676 Thread 0x0000021048e894d0 nmethod 13862 0x0000021034f90410 code [0x0000021034f90600, 0x0000021034f90e30]
Event: 11.678 Thread 0x0000021045162630 nmethod 13861 0x0000021034f91510 code [0x0000021034f91760, 0x0000021034f92308]
Event: 11.680 Thread 0x00000210404e3e80 nmethod 13863 0x0000021034f92b90 code [0x0000021034f92d60, 0x0000021034f933d8]
Event: 11.684 Thread 0x00000210404e50c0 13864       3       java.nio.file.Path::resolve (21 bytes)
Event: 11.684 Thread 0x00000210404e50c0 nmethod 13864 0x000002102e253990 code [0x000002102e253b60, 0x000002102e253f50]
Event: 11.684 Thread 0x00000210404e50c0 13865       3       org.gradle.internal.snapshot.PathUtil::computeCombinedCompare (20 bytes)
Event: 11.684 Thread 0x00000210404e50c0 nmethod 13865 0x000002102e254090 code [0x000002102e254240, 0x000002102e254430]

GC Heap History (20 events):
Event: 8.148 GC heap before
{Heap before GC invocations=29 (full 0):
 garbage-first heap   total 153600K, used 136567K [0x00000000c0000000, 0x0000000100000000)
  region size 1024K, 52 young (53248K), 8 survivors (8192K)
 Metaspace       used 93907K, committed 95872K, reserved 344064K
  class space    used 12526K, committed 13568K, reserved 212992K
}
Event: 8.153 GC heap after
{Heap after GC invocations=30 (full 0):
 garbage-first heap   total 153600K, used 94376K [0x00000000c0000000, 0x0000000100000000)
  region size 1024K, 4 young (4096K), 4 survivors (4096K)
 Metaspace       used 93907K, committed 95872K, reserved 344064K
  class space    used 12526K, committed 13568K, reserved 212992K
}
Event: 8.435 GC heap before
{Heap before GC invocations=31 (full 0):
 garbage-first heap   total 158720K, used 139432K [0x00000000c0000000, 0x0000000100000000)
  region size 1024K, 48 young (49152K), 4 survivors (4096K)
 Metaspace       used 97488K, committed 99456K, reserved 344064K
  class space    used 13074K, committed 14080K, reserved 212992K
}
Event: 8.438 GC heap after
{Heap after GC invocations=32 (full 0):
 garbage-first heap   total 158720K, used 95911K [0x00000000c0000000, 0x0000000100000000)
  region size 1024K, 2 young (2048K), 2 survivors (2048K)
 Metaspace       used 97488K, committed 99456K, reserved 344064K
  class space    used 13074K, committed 14080K, reserved 212992K
}
Event: 8.868 GC heap before
{Heap before GC invocations=32 (full 0):
 garbage-first heap   total 158720K, used 145063K [0x00000000c0000000, 0x0000000100000000)
  region size 1024K, 50 young (51200K), 2 survivors (2048K)
 Metaspace       used 101455K, committed 103552K, reserved 344064K
  class space    used 13730K, committed 14784K, reserved 212992K
}
Event: 8.872 GC heap after
{Heap after GC invocations=33 (full 0):
 garbage-first heap   total 158720K, used 96652K [0x00000000c0000000, 0x0000000100000000)
  region size 1024K, 4 young (4096K), 4 survivors (4096K)
 Metaspace       used 101455K, committed 103552K, reserved 344064K
  class space    used 13730K, committed 14784K, reserved 212992K
}
Event: 9.223 GC heap before
{Heap before GC invocations=33 (full 0):
 garbage-first heap   total 158720K, used 144780K [0x00000000c0000000, 0x0000000100000000)
  region size 1024K, 51 young (52224K), 4 survivors (4096K)
 Metaspace       used 104395K, committed 106496K, reserved 344064K
  class space    used 14188K, committed 15232K, reserved 212992K
}
Event: 9.227 GC heap after
{Heap after GC invocations=34 (full 0):
 garbage-first heap   total 158720K, used 99765K [0x00000000c0000000, 0x0000000100000000)
  region size 1024K, 7 young (7168K), 7 survivors (7168K)
 Metaspace       used 104395K, committed 106496K, reserved 344064K
  class space    used 14188K, committed 15232K, reserved 212992K
}
Event: 9.617 GC heap before
{Heap before GC invocations=35 (full 0):
 garbage-first heap   total 167936K, used 141749K [0x00000000c0000000, 0x0000000100000000)
  region size 1024K, 48 young (49152K), 7 survivors (7168K)
 Metaspace       used 107268K, committed 109376K, reserved 344064K
  class space    used 14623K, committed 15680K, reserved 212992K
}
Event: 9.622 GC heap after
{Heap after GC invocations=36 (full 0):
 garbage-first heap   total 167936K, used 102025K [0x00000000c0000000, 0x0000000100000000)
  region size 1024K, 6 young (6144K), 6 survivors (6144K)
 Metaspace       used 107268K, committed 109376K, reserved 344064K
  class space    used 14623K, committed 15680K, reserved 212992K
}
Event: 10.048 GC heap before
{Heap before GC invocations=36 (full 0):
 garbage-first heap   total 167936K, used 151177K [0x00000000c0000000, 0x0000000100000000)
  region size 1024K, 54 young (55296K), 6 survivors (6144K)
 Metaspace       used 111423K, committed 113600K, reserved 344064K
  class space    used 15178K, committed 16256K, reserved 212992K
}
Event: 10.054 GC heap after
{Heap after GC invocations=37 (full 0):
 garbage-first heap   total 167936K, used 104472K [0x00000000c0000000, 0x0000000100000000)
  region size 1024K, 6 young (6144K), 6 survivors (6144K)
 Metaspace       used 111423K, committed 113600K, reserved 344064K
  class space    used 15178K, committed 16256K, reserved 212992K
}
Event: 10.384 GC heap before
{Heap before GC invocations=37 (full 0):
 garbage-first heap   total 167936K, used 144408K [0x00000000c0000000, 0x0000000100000000)
  region size 1024K, 47 young (48128K), 6 survivors (6144K)
 Metaspace       used 113763K, committed 115840K, reserved 344064K
  class space    used 15433K, committed 16512K, reserved 212992K
}
Event: 10.390 GC heap after
{Heap after GC invocations=38 (full 0):
 garbage-first heap   total 167936K, used 110266K [0x00000000c0000000, 0x0000000100000000)
  region size 1024K, 7 young (7168K), 7 survivors (7168K)
 Metaspace       used 113763K, committed 115840K, reserved 344064K
  class space    used 15433K, committed 16512K, reserved 212992K
}
Event: 10.884 GC heap before
{Heap before GC invocations=39 (full 0):
 garbage-first heap   total 193536K, used 154298K [0x00000000c0000000, 0x0000000100000000)
  region size 1024K, 46 young (47104K), 7 survivors (7168K)
 Metaspace       used 117232K, committed 119424K, reserved 344064K
  class space    used 15846K, committed 16960K, reserved 212992K
}
Event: 10.892 GC heap after
{Heap after GC invocations=40 (full 0):
 garbage-first heap   total 193536K, used 116213K [0x00000000c0000000, 0x0000000100000000)
  region size 1024K, 6 young (6144K), 6 survivors (6144K)
 Metaspace       used 117232K, committed 119424K, reserved 344064K
  class space    used 15846K, committed 16960K, reserved 212992K
}
Event: 11.380 GC heap before
{Heap before GC invocations=40 (full 0):
 garbage-first heap   total 193536K, used 175605K [0x00000000c0000000, 0x0000000100000000)
  region size 1024K, 64 young (65536K), 6 survivors (6144K)
 Metaspace       used 117568K, committed 119808K, reserved 344064K
  class space    used 15870K, committed 17024K, reserved 212992K
}
Event: 11.386 GC heap after
{Heap after GC invocations=41 (full 0):
 garbage-first heap   total 193536K, used 121614K [0x00000000c0000000, 0x0000000100000000)
  region size 1024K, 8 young (8192K), 8 survivors (8192K)
 Metaspace       used 117568K, committed 119808K, reserved 344064K
  class space    used 15870K, committed 17024K, reserved 212992K
}
Event: 11.648 GC heap before
{Heap before GC invocations=41 (full 0):
 garbage-first heap   total 193536K, used 173838K [0x00000000c0000000, 0x0000000100000000)
  region size 1024K, 59 young (60416K), 8 survivors (8192K)
 Metaspace       used 117590K, committed 119808K, reserved 344064K
  class space    used 15873K, committed 17024K, reserved 212992K
}
Event: 11.651 GC heap after
{Heap after GC invocations=42 (full 0):
 garbage-first heap   total 193536K, used 123480K [0x00000000c0000000, 0x0000000100000000)
  region size 1024K, 4 young (4096K), 4 survivors (4096K)
 Metaspace       used 117590K, committed 119808K, reserved 344064K
  class space    used 15873K, committed 17024K, reserved 212992K
}

Dll operation events (3 events):
Event: 0.007 Loaded shared library C:\Program Files\Android\Android Studio\jbr\bin\java.dll
Event: 0.011 Loaded shared library C:\Program Files\Android\Android Studio\jbr\bin\zip.dll
Event: 0.294 Loaded shared library C:\Program Files\Android\Android Studio\jbr\bin\verify.dll

Deoptimization events (20 events):
Event: 11.261 Thread 0x000002104742e280 DEOPT PACKING pc=0x0000021034f3018c sp=0x000000eb6d579330
Event: 11.261 Thread 0x000002104742e280 DEOPT UNPACKING pc=0x00000210342546a2 sp=0x000000eb6d5791c8 mode 2
Event: 11.262 Thread 0x000002104742e280 Uncommon trap: trap_request=0xffffffd6 fr.pc=0x0000021034f3018c relative=0x00000000000011ec
Event: 11.262 Thread 0x000002104742e280 Uncommon trap: reason=array_check action=maybe_recompile pc=0x0000021034f3018c method=java.util.TimSort.reverseRange([Ljava/lang/Object;II)V @ 27 c2
Event: 11.262 Thread 0x000002104742e280 DEOPT PACKING pc=0x0000021034f3018c sp=0x000000eb6d5795f0
Event: 11.262 Thread 0x000002104742e280 DEOPT UNPACKING pc=0x00000210342546a2 sp=0x000000eb6d579488 mode 2
Event: 11.441 Thread 0x000002104742e280 DEOPT PACKING pc=0x000002102ce10c3a sp=0x000000eb6d578310
Event: 11.441 Thread 0x000002104742e280 DEOPT UNPACKING pc=0x0000021034254e42 sp=0x000000eb6d577988 mode 0
Event: 11.488 Thread 0x000002104742e280 DEOPT PACKING pc=0x000002102ce10c3a sp=0x000000eb6d578310
Event: 11.488 Thread 0x000002104742e280 DEOPT UNPACKING pc=0x0000021034254e42 sp=0x000000eb6d577988 mode 0
Event: 11.488 Thread 0x000002104742e280 Uncommon trap: trap_request=0xffffffbe fr.pc=0x0000021034e27100 relative=0x0000000000002ec0
Event: 11.488 Thread 0x000002104742e280 Uncommon trap: reason=profile_predicate action=maybe_recompile pc=0x0000021034e27100 method=com.google.common.collect.MapMakerInternalMap$Segment.expand()V @ 56 c2
Event: 11.488 Thread 0x000002104742e280 DEOPT PACKING pc=0x0000021034e27100 sp=0x000000eb6d5784e0
Event: 11.488 Thread 0x000002104742e280 DEOPT UNPACKING pc=0x00000210342546a2 sp=0x000000eb6d578498 mode 2
Event: 11.488 Thread 0x000002104742e280 Uncommon trap: trap_request=0xffffffbe fr.pc=0x0000021034e27100 relative=0x0000000000002ec0
Event: 11.488 Thread 0x000002104742e280 Uncommon trap: reason=profile_predicate action=maybe_recompile pc=0x0000021034e27100 method=com.google.common.collect.MapMakerInternalMap$Segment.expand()V @ 56 c2
Event: 11.488 Thread 0x000002104742e280 DEOPT PACKING pc=0x0000021034e27100 sp=0x000000eb6d5784e0
Event: 11.488 Thread 0x000002104742e280 DEOPT UNPACKING pc=0x00000210342546a2 sp=0x000000eb6d578498 mode 2
Event: 11.495 Thread 0x000002104742e280 DEOPT PACKING pc=0x000002102ce10c3a sp=0x000000eb6d5784f0
Event: 11.495 Thread 0x000002104742e280 DEOPT UNPACKING pc=0x0000021034254e42 sp=0x000000eb6d577b68 mode 0

Classes loaded (20 events):
Event: 10.561 Loading class java/time/Instant$1
Event: 10.561 Loading class java/time/Instant$1 done
Event: 10.579 Loading class java/util/stream/ReferencePipeline$4
Event: 10.579 Loading class java/util/stream/ReferencePipeline$4 done
Event: 10.579 Loading class java/util/stream/ReduceOps$6
Event: 10.579 Loading class java/util/stream/ReduceOps$6 done
Event: 10.579 Loading class java/util/stream/ReduceOps$5ReducingSink
Event: 10.580 Loading class java/util/stream/ReduceOps$5ReducingSink done
Event: 10.580 Loading class java/util/stream/ReferencePipeline$4$1
Event: 10.580 Loading class java/util/stream/ReferencePipeline$4$1 done
Event: 10.652 Loading class java/io/CharArrayWriter
Event: 10.652 Loading class java/io/CharArrayWriter done
Event: 10.657 Loading class java/io/SequenceInputStream
Event: 10.657 Loading class java/io/SequenceInputStream done
Event: 10.667 Loading class java/util/function/IntUnaryOperator
Event: 10.667 Loading class java/util/function/IntUnaryOperator done
Event: 11.031 Loading class java/util/concurrent/LinkedBlockingDeque$Itr
Event: 11.032 Loading class java/util/concurrent/LinkedBlockingDeque$AbstractItr
Event: 11.032 Loading class java/util/concurrent/LinkedBlockingDeque$AbstractItr done
Event: 11.032 Loading class java/util/concurrent/LinkedBlockingDeque$Itr done

Classes unloaded (0 events):
No events

Classes redefined (0 events):
No events

Internal exceptions (20 events):
Event: 10.483 Thread 0x0000021046d24730 Implicit null exception at 0x0000021034e37987 to 0x0000021034e37f20
Event: 10.490 Thread 0x000002104742e280 Exception <a 'java/lang/NoSuchMethodError'{0x00000000ce5b2028}: 'java.lang.Object java.lang.invoke.DirectMethodHandle$Holder.newInvokeSpecial(java.lang.Object, java.lang.Object, int, java.lang.Object, java.lang.Object)'> (0x00000000ce5b2028) 
thrown [s\src\hotspot\share\interpreter\linkResolver.cpp, line 784]
Event: 10.513 Thread 0x000002104742e280 Exception <a 'java/lang/NoSuchMethodError'{0x00000000ce25d098}: 'java.lang.Object java.lang.invoke.DirectMethodHandle$Holder.invokeVirtual(java.lang.Object, java.lang.Object, java.lang.Object, java.lang.Object, java.lang.Object, java.lang.Object, java.lang.Object, java.lang.Object, java.lang.Object, java.lang.Object, java.lang.Object, java.lang.Object, java.lang.Object, java.lang.Object, java.lang.Object, java.lang.Object, java.lang.Object, java.lang.Object, java.lang.Object)'> (0x00000000ce25d098) 
thrown
Event: 10.517 Thread 0x0000021046d22660 Exception <a 'java/lang/NoSuchMethodError'{0x00000000ce158cb8}: static Lorg/gradle/internal/build/event/types/DefaultTaskStartedProgressEvent;.<clinit>()V> (0x00000000ce158cb8) 
thrown [s\src\hotspot\share\prims\jni.cpp, line 1135]
Event: 10.518 Thread 0x0000021046d22660 Exception <a 'java/lang/NoSuchMethodError'{0x00000000ce164ca8}: static Lorg/gradle/internal/build/event/types/DefaultTaskDescriptor;.<clinit>()V> (0x00000000ce164ca8) 
thrown [s\src\hotspot\share\prims\jni.cpp, line 1135]
Event: 10.520 Thread 0x0000021046d22660 Exception <a 'java/lang/NoSuchMethodError'{0x00000000ce1b1f20}: static Lorg/gradle/internal/build/event/types/DefaultTaskFinishedProgressEvent;.<clinit>()V> (0x00000000ce1b1f20) 
thrown [s\src\hotspot\share\prims\jni.cpp, line 1135]
Event: 10.522 Thread 0x0000021046d22660 Exception <a 'java/lang/NoSuchMethodError'{0x00000000ce008f00}: static Lorg/gradle/internal/build/event/types/DefaultTaskSuccessResult;.<clinit>()V> (0x00000000ce008f00) 
thrown [s\src\hotspot\share\prims\jni.cpp, line 1135]
Event: 10.522 Thread 0x0000021046d22660 Exception <a 'java/lang/NoSuchMethodError'{0x00000000ce00a718}: static Lorg/gradle/internal/build/event/types/AbstractTaskResult;.<clinit>()V> (0x00000000ce00a718) 
thrown [s\src\hotspot\share\prims\jni.cpp, line 1135]
Event: 10.533 Thread 0x0000021047636e00 Exception <a 'java/lang/NoSuchMethodError'{0x00000000cdf19e10}: static Lcom/android/buildanalyzer/common/AndroidGradlePluginAttributionData$BuildInfo;.<clinit>()V> (0x00000000cdf19e10) 
thrown [s\src\hotspot\share\prims\jni.cpp, line 1135]
Event: 10.533 Thread 0x0000021045f75f20 Exception <a 'java/lang/NoSuchMethodError'{0x00000000cdf11338}: static Ljava/lang/Object;.<clinit>()V> (0x00000000cdf11338) 
thrown [s\src\hotspot\share\prims\jni.cpp, line 1135]
Event: 10.534 Thread 0x0000021047636e00 Exception <a 'java/lang/NoSuchMethodError'{0x00000000cdf52a30}: static Lcom/android/buildanalyzer/common/AndroidGradlePluginAttributionData$JavaInfo;.<clinit>()V> (0x00000000cdf52a30) 
thrown [s\src\hotspot\share\prims\jni.cpp, line 1135]
Event: 10.538 Thread 0x0000021047636e00 Exception <a 'java/lang/NoSuchMethodError'{0x00000000cdfe6428}: static [Ljava/lang/String;.<clinit>()V> (0x00000000cdfe6428) 
thrown [s\src\hotspot\share\prims\jni.cpp, line 1135]
Event: 10.540 Thread 0x0000021047636e00 Exception <a 'java/lang/NoSuchMethodError'{0x00000000cde32f28}: static Lcom/android/buildanalyzer/common/AndroidGradlePluginAttributionData$TaskInfo;.<clinit>()V> (0x00000000cde32f28) 
thrown [s\src\hotspot\share\prims\jni.cpp, line 1135]
Event: 10.541 Thread 0x0000021047636e00 Exception <a 'java/lang/NoSuchMethodError'{0x00000000cdea7e00}: static Lcom/android/buildanalyzer/common/AndroidGradlePluginAttributionData$TaskCategoryInfo;.<clinit>()V> (0x00000000cdea7e00) 
thrown [s\src\hotspot\share\prims\jni.cpp, line 1135]
Event: 10.556 Thread 0x000002104742e280 Exception <a 'sun/nio/fs/WindowsException'{0x00000000cddf71f8}> (0x00000000cddf71f8) 
thrown [s\src\hotspot\share\prims\jni.cpp, line 535]
Event: 10.556 Thread 0x0000021045f75f20 Exception <a 'java/lang/NoSuchMethodError'{0x00000000ca979800}: static Lorg/jetbrains/kotlin/gradle/plugin/statistics/MetricContainer;.<clinit>()V> (0x00000000ca979800) 
thrown [s\src\hotspot\share\prims\jni.cpp, line 1135]
Event: 10.571 Thread 0x0000021046d22660 Exception <a 'java/lang/NoSuchMethodError'{0x00000000ca75b2a8}: static Lorg/gradle/internal/build/event/types/DefaultTaskSkippedResult;.<clinit>()V> (0x00000000ca75b2a8) 
thrown [s\src\hotspot\share\prims\jni.cpp, line 1135]
Event: 10.589 Thread 0x000002104742e280 Exception <a 'java/lang/IncompatibleClassChangeError'{0x00000000ca7ac5d8}: Found class java.lang.Object, but interface was expected> (0x00000000ca7ac5d8) 
thrown [s\src\hotspot\share\interpreter\linkResolver.cpp, line 851]
Event: 10.599 Thread 0x000002104742e280 Exception <a 'java/lang/NoSuchMethodError'{0x00000000ca6be240}: 'int java.lang.invoke.DirectMethodHandle$Holder.invokeStaticInit(java.lang.Object, java.lang.Object, java.lang.Object, java.lang.Object, java.lang.Object)'> (0x00000000ca6be240) 
thrown [s\src\hotspot\share\interpreter\linkResolver.cpp, line 784]
Event: 10.667 Thread 0x000002104742e280 Exception <a 'java/lang/NoSuchMethodError'{0x00000000ca2f0328}: 'int java.lang.invoke.DirectMethodHandle$Holder.invokeSpecial(java.lang.Object, java.lang.Object, int)'> (0x00000000ca2f0328) 
thrown [s\src\hotspot\share\interpreter\linkResolver.cpp, line 784]

ZGC Phase Switch (0 events):
No events

VM Operations (20 events):
Event: 10.606 Executing VM operation: HandshakeAllThreads (Deoptimize) done
Event: 10.696 Executing VM operation: HandshakeAllThreads (Deoptimize)
Event: 10.696 Executing VM operation: HandshakeAllThreads (Deoptimize) done
Event: 10.703 Executing VM operation: ICBufferFull
Event: 10.703 Executing VM operation: ICBufferFull done
Event: 10.884 Executing VM operation: G1CollectForAllocation (G1 Evacuation Pause)
Event: 10.892 Executing VM operation: G1CollectForAllocation (G1 Evacuation Pause) done
Event: 11.041 Executing VM operation: HandshakeAllThreads (Deoptimize)
Event: 11.041 Executing VM operation: HandshakeAllThreads (Deoptimize) done
Event: 11.043 Executing VM operation: HandshakeAllThreads (Deoptimize)
Event: 11.043 Executing VM operation: HandshakeAllThreads (Deoptimize) done
Event: 11.077 Executing VM operation: ICBufferFull
Event: 11.077 Executing VM operation: ICBufferFull done
Event: 11.138 Executing VM operation: ICBufferFull
Event: 11.138 Executing VM operation: ICBufferFull done
Event: 11.379 Executing VM operation: G1CollectForAllocation (G1 Evacuation Pause)
Event: 11.386 Executing VM operation: G1CollectForAllocation (G1 Evacuation Pause) done
Event: 11.648 Executing VM operation: G1CollectForAllocation (G1 Evacuation Pause)
Event: 11.651 Executing VM operation: G1CollectForAllocation (G1 Evacuation Pause) done
Event: 11.691 Executing VM operation: G1PauseRemark

Memory protections (0 events):
No events

Nmethod flushes (20 events):
Event: 11.694 Thread 0x0000021040453f10 flushing  nmethod 0x000002102cef5690
Event: 11.694 Thread 0x0000021040453f10 flushing  nmethod 0x000002102cef9390
Event: 11.694 Thread 0x0000021040453f10 flushing  nmethod 0x000002102cef9710
Event: 11.694 Thread 0x0000021040453f10 flushing  nmethod 0x000002102cf30710
Event: 11.694 Thread 0x0000021040453f10 flushing  nmethod 0x000002102d160410
Event: 11.694 Thread 0x0000021040453f10 flushing  nmethod 0x000002102d160f10
Event: 11.694 Thread 0x0000021040453f10 flushing  nmethod 0x000002102d1db510
Event: 11.694 Thread 0x0000021040453f10 flushing  nmethod 0x000002102d29f810
Event: 11.694 Thread 0x0000021040453f10 flushing  nmethod 0x000002102d442210
Event: 11.694 Thread 0x0000021040453f10 flushing  nmethod 0x000002102d4d1890
Event: 11.694 Thread 0x0000021040453f10 flushing  nmethod 0x000002102d4d6410
Event: 11.694 Thread 0x0000021040453f10 flushing  nmethod 0x000002102d4d6b90
Event: 11.694 Thread 0x0000021040453f10 flushing  nmethod 0x000002102d519c90
Event: 11.694 Thread 0x0000021040453f10 flushing  nmethod 0x000002102d51bd90
Event: 11.694 Thread 0x0000021040453f10 flushing  nmethod 0x000002102d63ad90
Event: 11.694 Thread 0x0000021040453f10 flushing  nmethod 0x000002102d6b8f90
Event: 11.694 Thread 0x0000021040453f10 flushing  nmethod 0x000002102dcc8e90
Event: 11.694 Thread 0x0000021040453f10 flushing  nmethod 0x000002102dd79610
Event: 11.694 Thread 0x0000021040453f10 flushing  nmethod 0x000002102dff4b90
Event: 11.694 Thread 0x0000021040453f10 flushing  nmethod 0x000002102dff8910

Events (20 events):
Event: 1.918 Thread 0x0000021046d24730 Thread added: 0x0000021047630b90
Event: 2.023 Thread 0x0000021046d24730 Thread added: 0x0000021047631220
Event: 2.026 Thread 0x0000021046d24730 Thread added: 0x00000210476318b0
Event: 2.165 Thread 0x0000021046d24730 Thread added: 0x000002104762fe70
Event: 2.181 Thread 0x0000021046d24730 Thread added: 0x000002104762f7e0
Event: 2.250 Thread 0x0000021046d24730 Thread added: 0x00000210476325d0
Event: 2.309 Thread 0x0000021046d24730 Thread added: 0x0000021047630500
Event: 4.519 Thread 0x0000021046d24730 Thread added: 0x00000210476353c0
Event: 4.582 Thread 0x0000021046d24730 Thread added: 0x0000021047631f40
Event: 4.964 Thread 0x0000021046d24730 Thread added: 0x0000021047636770
Event: 5.669 Thread 0x000002104513df20 Thread exited: 0x000002104513df20
Event: 6.265 Thread 0x0000021046d24730 Thread added: 0x0000021047636e00
Event: 6.559 Thread 0x0000021046d24730 Thread added: 0x0000021045f71060
Event: 7.296 Thread 0x0000021046d24730 Thread added: 0x0000021045f75f20
Event: 9.276 Thread 0x00000210404e50c0 Thread added: 0x0000021048e894d0
Event: 10.425 Thread 0x0000021046d24730 Thread added: 0x00000210474293c0
Event: 10.426 Thread 0x0000021046d24730 Thread added: 0x00000210474286a0
Event: 10.486 Thread 0x0000021046d24730 Thread added: 0x000002104742e280
Event: 10.502 Thread 0x000002104742e280 Thread added: 0x000002104742e910
Event: 11.137 Thread 0x000002104742e280 Thread added: 0x000002104742a770


Dynamic libraries:
0x00007ff65e950000 - 0x00007ff65e95a000 	C:\Program Files\Android\Android Studio\jbr\bin\java.exe
0x00007ffc036c0000 - 0x00007ffc03927000 	C:\WINDOWS\SYSTEM32\ntdll.dll
0x00007ffc026c0000 - 0x00007ffc02789000 	C:\WINDOWS\System32\KERNEL32.DLL
0x00007ffc01060000 - 0x00007ffc0144f000 	C:\WINDOWS\System32\KERNELBASE.dll
0x00007ffc00f10000 - 0x00007ffc0105b000 	C:\WINDOWS\System32\ucrtbase.dll
0x00007ffbfd240000 - 0x00007ffbfd25b000 	C:\Program Files\Android\Android Studio\jbr\bin\VCRUNTIME140.dll
0x00007ffbf70c0000 - 0x00007ffbf70d8000 	C:\Program Files\Android\Android Studio\jbr\bin\jli.dll
0x00007ffc032e0000 - 0x00007ffc034a5000 	C:\WINDOWS\System32\USER32.dll
0x00007ffbdd1f0000 - 0x00007ffbdd483000 	C:\WINDOWS\WinSxS\amd64_microsoft.windows.common-controls_6595b64144ccf1df_6.0.26100.7309_none_3e05feeae336a044\COMCTL32.dll
0x00007ffc008a0000 - 0x00007ffc008c7000 	C:\WINDOWS\System32\win32u.dll
0x00007ffc01d20000 - 0x00007ffc01dc9000 	C:\WINDOWS\System32\msvcrt.dll
0x00007ffc034b0000 - 0x00007ffc034db000 	C:\WINDOWS\System32\GDI32.dll
0x00007ffc00bc0000 - 0x00007ffc00cec000 	C:\WINDOWS\System32\gdi32full.dll
0x00007ffc00e60000 - 0x00007ffc00f03000 	C:\WINDOWS\System32\msvcp_win.dll
0x00007ffc031e0000 - 0x00007ffc03211000 	C:\WINDOWS\System32\IMM32.DLL
0x00007ffbfd230000 - 0x00007ffbfd23c000 	C:\Program Files\Android\Android Studio\jbr\bin\vcruntime140_1.dll
0x00007ffba2550000 - 0x00007ffba25dd000 	C:\Program Files\Android\Android Studio\jbr\bin\msvcp140.dll
0x00007ffafb800000 - 0x00007ffafc483000 	C:\Program Files\Android\Android Studio\jbr\bin\server\jvm.dll
0x00007ffc03220000 - 0x00007ffc032d4000 	C:\WINDOWS\System32\ADVAPI32.dll
0x00007ffc01f20000 - 0x00007ffc01fc6000 	C:\WINDOWS\System32\sechost.dll
0x00007ffc01c00000 - 0x00007ffc01d18000 	C:\WINDOWS\System32\RPCRT4.dll
0x00007ffc02970000 - 0x00007ffc029e4000 	C:\WINDOWS\System32\WS2_32.dll
0x00007ffc00670000 - 0x00007ffc006ce000 	C:\WINDOWS\SYSTEM32\POWRPROF.dll
0x00007ffbf0de0000 - 0x00007ffbf0deb000 	C:\WINDOWS\SYSTEM32\VERSION.dll
0x00007ffbfae20000 - 0x00007ffbfae55000 	C:\WINDOWS\SYSTEM32\WINMM.dll
0x00007ffc00650000 - 0x00007ffc00664000 	C:\WINDOWS\SYSTEM32\UMPDC.dll
0x00007ffbff580000 - 0x00007ffbff59b000 	C:\WINDOWS\SYSTEM32\kernel.appcore.dll
0x00007ffbf7980000 - 0x00007ffbf798a000 	C:\Program Files\Android\Android Studio\jbr\bin\jimage.dll
0x00007ffbfe100000 - 0x00007ffbfe342000 	C:\WINDOWS\SYSTEM32\DBGHELP.DLL
0x00007ffc015d0000 - 0x00007ffc01955000 	C:\WINDOWS\System32\combase.dll
0x00007ffc024c0000 - 0x00007ffc02596000 	C:\WINDOWS\System32\OLEAUT32.dll
0x00007ffbdddf0000 - 0x00007ffbdde2c000 	C:\WINDOWS\SYSTEM32\dbgcore.DLL
0x00007ffc008d0000 - 0x00007ffc00975000 	C:\WINDOWS\System32\bcryptPrimitives.dll
0x00007ffbf70b0000 - 0x00007ffbf70be000 	C:\Program Files\Android\Android Studio\jbr\bin\instrument.dll
0x00007ffbe6b40000 - 0x00007ffbe6b60000 	C:\Program Files\Android\Android Studio\jbr\bin\java.dll
0x00007ffbc8d70000 - 0x00007ffbc8d88000 	C:\Program Files\Android\Android Studio\jbr\bin\zip.dll
0x00007ffc02a80000 - 0x00007ffc031d3000 	C:\WINDOWS\System32\SHELL32.dll
0x00007ffc00cf0000 - 0x00007ffc00e5a000 	C:\WINDOWS\System32\wintypes.dll
0x00007ffbfe3d0000 - 0x00007ffbfec2e000 	C:\WINDOWS\SYSTEM32\windows.storage.dll
0x00007ffc025a0000 - 0x00007ffc02695000 	C:\WINDOWS\System32\SHCORE.dll
0x00007ffc019f0000 - 0x00007ffc01a56000 	C:\WINDOWS\System32\shlwapi.dll
0x00007ffc00730000 - 0x00007ffc00759000 	C:\WINDOWS\SYSTEM32\profapi.dll
0x00007ffbed340000 - 0x00007ffbed350000 	C:\Program Files\Android\Android Studio\jbr\bin\net.dll
0x00007ffbfa8b0000 - 0x00007ffbfa9d8000 	C:\WINDOWS\SYSTEM32\WINHTTP.dll
0x00007ffbffad0000 - 0x00007ffbffb3b000 	C:\WINDOWS\system32\mswsock.dll
0x00007ffbc8c10000 - 0x00007ffbc8c26000 	C:\Program Files\Android\Android Studio\jbr\bin\nio.dll
0x00007ffbc8c00000 - 0x00007ffbc8c10000 	C:\Program Files\Android\Android Studio\jbr\bin\verify.dll
0x00007ffba27d0000 - 0x00007ffba27f7000 	D:\.gradle\native\c067742578af261105cb4f569cf0c3c89f3d7b1fecec35dd04571415982c5e48\windows-amd64\native-platform.dll
0x00007ffb65fd0000 - 0x00007ffb66114000 	D:\.gradle\native\100fb08df4bc3b14c8652ba06237920a3bd2aa13389f12d3474272988ae205f9\windows-amd64\native-platform-file-events.dll
0x00007ffbddf60000 - 0x00007ffbddf69000 	C:\Program Files\Android\Android Studio\jbr\bin\management.dll
0x00007ffbcd900000 - 0x00007ffbcd90b000 	C:\Program Files\Android\Android Studio\jbr\bin\management_ext.dll
0x00007ffc01b60000 - 0x00007ffc01b68000 	C:\WINDOWS\System32\PSAPI.DLL
0x00007ffbffec0000 - 0x00007ffbffedb000 	C:\WINDOWS\SYSTEM32\CRYPTSP.dll
0x00007ffbff4e0000 - 0x00007ffbff51a000 	C:\WINDOWS\system32\rsaenh.dll
0x00007ffbffb80000 - 0x00007ffbffbab000 	C:\WINDOWS\SYSTEM32\USERENV.dll
0x00007ffc00700000 - 0x00007ffc0072a000 	C:\WINDOWS\SYSTEM32\bcrypt.dll
0x00007ffbffd20000 - 0x00007ffbffd2c000 	C:\WINDOWS\SYSTEM32\CRYPTBASE.dll
0x00007ffbfef70000 - 0x00007ffbfefa4000 	C:\WINDOWS\SYSTEM32\IPHLPAPI.DLL
0x00007ffc019e0000 - 0x00007ffc019ea000 	C:\WINDOWS\System32\NSI.dll
0x00007ffbecdc0000 - 0x00007ffbecdc9000 	C:\Program Files\Android\Android Studio\jbr\bin\extnet.dll
0x00007ffbe5f20000 - 0x00007ffbe5f28000 	C:\WINDOWS\system32\wshunix.dll
0x00007ffbcd9e0000 - 0x00007ffbcd9f8000 	C:\WINDOWS\system32\napinsp.dll
0x00007ffbff000000 - 0x00007ffbff12c000 	C:\WINDOWS\SYSTEM32\DNSAPI.dll
0x00007ffbcd9c0000 - 0x00007ffbcd9d2000 	C:\WINDOWS\System32\winrnr.dll
0x00007ffbcd990000 - 0x00007ffbcd9b2000 	C:\WINDOWS\system32\nlansp_c.dll
0x00007ffbcd940000 - 0x00007ffbcd956000 	C:\WINDOWS\system32\wshbth.dll
0x00007ffbfa650000 - 0x00007ffbfa65b000 	C:\Windows\System32\rasadhlp.dll
0x00007ffbfabe0000 - 0x00007ffbfac66000 	C:\WINDOWS\System32\fwpuclnt.dll

dbghelp: loaded successfully - version: 4.0.5 - missing functions: none
symbol engine: initialized successfully - sym options: 0x614 - pdb path: .;C:\Program Files\Android\Android Studio\jbr\bin;C:\WINDOWS\SYSTEM32;C:\WINDOWS\WinSxS\amd64_microsoft.windows.common-controls_6595b64144ccf1df_6.0.26100.7309_none_3e05feeae336a044;C:\Program Files\Android\Android Studio\jbr\bin\server;D:\.gradle\native\c067742578af261105cb4f569cf0c3c89f3d7b1fecec35dd04571415982c5e48\windows-amd64;D:\.gradle\native\100fb08df4bc3b14c8652ba06237920a3bd2aa13389f12d3474272988ae205f9\windows-amd64

VM Arguments:
jvm_args: -XX:MaxMetaspaceSize=256m -Xss512k --add-opens=java.base/java.util=ALL-UNNAMED --add-opens=java.base/java.lang=ALL-UNNAMED --add-opens=java.base/java.lang.invoke=ALL-UNNAMED --add-opens=java.prefs/java.util.prefs=ALL-UNNAMED --add-exports=jdk.compiler/com.sun.tools.javac.api=ALL-UNNAMED --add-exports=jdk.compiler/com.sun.tools.javac.util=ALL-UNNAMED --add-opens=java.base/java.nio.charset=ALL-UNNAMED --add-opens=java.base/java.net=ALL-UNNAMED --add-opens=java.base/java.util.concurrent.atomic=ALL-UNNAMED -Xmx1024m -Dfile.encoding=UTF-8 -Duser.country=US -Duser.language=en -Duser.variant -javaagent:D:\.gradle\wrapper\dists\gradle-8.10.2-bin\a04bxjujx95o3nb99gddekhwo\gradle-8.10.2\lib\agents\gradle-instrumentation-agent-8.10.2.jar 
java_command: org.gradle.launcher.daemon.bootstrap.GradleDaemon 8.10.2
java_class_path (initial): D:\.gradle\wrapper\dists\gradle-8.10.2-bin\a04bxjujx95o3nb99gddekhwo\gradle-8.10.2\lib\gradle-daemon-main-8.10.2.jar
Launcher Type: SUN_STANDARD

[Global flags]
     intx CICompilerCount                          = 4                                         {product} {ergonomic}
   size_t CompressedClassSpaceSize                 = 218103808                                 {product} {ergonomic}
     uint ConcGCThreads                            = 3                                         {product} {ergonomic}
     uint G1ConcRefinementThreads                  = 10                                        {product} {ergonomic}
   size_t G1HeapRegionSize                         = 1048576                                   {product} {ergonomic}
    uintx GCDrainStackTargetSize                   = 64                                        {product} {ergonomic}
   size_t InitialHeapSize                          = 264241152                                 {product} {ergonomic}
   size_t MarkStackSize                            = 4194304                                   {product} {ergonomic}
   size_t MaxHeapSize                              = 1073741824                                {product} {command line}
   size_t MaxMetaspaceSize                         = 268435456                                 {product} {command line}
   size_t MaxNewSize                               = 643825664                                 {product} {ergonomic}
   size_t MinHeapDeltaBytes                        = 1048576                                   {product} {ergonomic}
   size_t MinHeapSize                              = 8388608                                   {product} {ergonomic}
    uintx NonNMethodCodeHeapSize                   = 5839372                                {pd product} {ergonomic}
    uintx NonProfiledCodeHeapSize                  = 122909434                              {pd product} {ergonomic}
    uintx ProfiledCodeHeapSize                     = 122909434                              {pd product} {ergonomic}
    uintx ReservedCodeCacheSize                    = 251658240                              {pd product} {ergonomic}
     bool SegmentedCodeCache                       = true                                      {product} {ergonomic}
   size_t SoftMaxHeapSize                          = 1073741824                             {manageable} {ergonomic}
     intx ThreadStackSize                          = 512                                    {pd product} {command line}
     bool UseCompressedOops                        = true                           {product lp64_product} {ergonomic}
     bool UseG1GC                                  = true                                      {product} {ergonomic}
     bool UseLargePagesIndividualAllocation        = false                                  {pd product} {ergonomic}

Logging:
Log output configuration:
 #0: stdout all=warning uptime,level,tags foldmultilines=false
 #1: stderr all=off uptime,level,tags foldmultilines=false

Environment Variables:
JAVA_HOME=C:\Program Files\Java\jdk-21
PATH=C:\oracle\dbhomeFree\bin;C:\app\HP\product\23ai\dbhomeFree\bin;C:\Program Files\Common Files\Oracle\Java\javapath;C:\Program Files (x86)\Common Files\Oracle\Java\java8path;C:\Program Files (x86)\Common Files\Oracle\Java\javapath;C:\WINDOWS\system32;C:\WINDOWS;C:\WINDOWS\System32\Wbem;C:\WINDOWS\System32\WindowsPowerShell\v1.0\;C:\WINDOWS\System32\OpenSSH\;C:\Program Files (x86)\Microsoft SQL Server\160\Tools\Binn\;C:\Program Files\Microsoft SQL Server\160\Tools\Binn\;C:\Program Files\Microsoft SQL Server\Client SDK\ODBC\170\Tools\Binn\;C:\Program Files\Microsoft SQL Server\160\DTS\Binn\;C:\Program Files (x86)\Microsoft SQL Server\160\DTS\Binn\;C:\Program Files\Azure Data Studio\bin;C:\Program Files\Java\jdk-21\bin;C:\Program Files\Microsoft SQL Server\150\Tools\Binn\;C:\Program Files\nodejs;C:\ProgramData\chocolatey\bin;C:\Program Files\nodejs\;C:\sqlite;C:\Program Files\Git\cmd;C:\Program Files\TortoiseGit\bin;C:\Program Files\dotnet\;C:\Users\HP\AppData\Local\Programs\Python\Python313\Scripts\;C:\Users\HP\AppData\Local\Programs\Python\Python313\;C:\Users\HP\AppData\Local\Programs\Python\Launcher\;C:\Users\HP\AppData\Local\Microsoft\WindowsApps;C:\Program Files\Azure Data Studio\bin;C:\Program Files\JetBrains\IntelliJ IDEA Community Edition 2023.2.5\bin;C:\Users\HP\AppData\Local\Programs\Microsoft VS Code\bin;C:\Program Files\JetBrains\IntelliJ IDEA 2024.3.1.1\bin;C:\Users\HP\.dotnet\tools;C:\Users\HP\AppData\Roaming\npm;C:\Users\HP\AppData\Local\Programs\mongosh\;D:\software\flutter_windows_3.38.0-stable (1)\flutter\bin;D:\software\flutter_3.38.0\flutter\bin;D:\software\flutter_windows_3.35.7-stable\flutter\bin;C:\Users\HP\.dotnet\tools
USERNAME=HP
OS=Windows_NT
PROCESSOR_IDENTIFIER=Intel64 Family 6 Model 154 Stepping 4, GenuineIntel
TMP=C:\Users\HP\AppData\Local\Temp
TEMP=C:\Users\HP\AppData\Local\Temp




Periodic native trim disabled

JNI global refs:
JNI global refs: 28, weak refs: 0

JNI global refs memory usage: 835, weak refs: 833

Process memory usage:
Resident Set Size: 503796K (3% of 16400712K total physical memory with 2111440K free physical memory)

OOME stack traces (most recent first):
Classloader memory used:
Loader org.gradle.internal.classloader.VisitableURLClassLoader                         : 41183K
Loader org.gradle.internal.classloader.VisitableURLClassLoader$InstrumentingVisitableURLClassLoader: 34155K
Loader bootstrap                                                                       : 28907K
Loader org.gradle.initialization.MixInLegacyTypesClassLoader                           : 11814K
Loader jdk.internal.loader.ClassLoaders$PlatformClassLoader                            : 504K
Loader org.gradle.internal.classloader.VisitableURLClassLoader                         : 447K
Loader jdk.internal.reflect.DelegatingClassLoader                                      : 347K
Loader jdk.internal.loader.ClassLoaders$AppClassLoader                                 : 232K

Classes loaded by more than one classloader:
Class Program                                                                         : loaded 5 times (x 68B)
Class Build_gradle                                                                    : loaded 3 times (x 126B)
Class Build_gradle$1                                                                  : loaded 3 times (x 70B)
Class org.gradle.internal.classloader.FilteringClassLoader                            : loaded 2 times (x 101B)
Class [Lcom.google.common.base.AbstractIterator$State;                                : loaded 2 times (x 65B)
Class com.google.common.base.CharMatcher$IsEither                                     : loaded 2 times (x 107B)
Class org.gradle.internal.classloader.ClassLoaderHierarchy                            : loaded 2 times (x 66B)
Class com.google.common.collect.ImmutableEnumSet                                      : loaded 2 times (x 142B)
Class com.google.common.util.concurrent.ExecutionError                                : loaded 2 times (x 78B)
Class com.google.common.collect.ImmutableList$1                                       : loaded 2 times (x 93B)
Class org.gradle.api.internal.classpath.ManifestUtil                                  : loaded 2 times (x 67B)
Class com.google.common.collect.RegularImmutableMap                                   : loaded 2 times (x 117B)
Class com.google.common.collect.ImmutableMap$MapViewOfValuesAsSingletonSets           : loaded 2 times (x 121B)
Class [Lorg.objectweb.asm.Symbol;                                                     : loaded 2 times (x 65B)
Class org.objectweb.asm.ClassVisitor                                                  : loaded 2 times (x 84B)
Class com.google.common.collect.UnmodifiableListIterator                              : loaded 2 times (x 91B)
Class com.google.common.base.Platform$JdkPatternCompiler                              : loaded 2 times (x 71B)
Class org.objectweb.asm.MethodTooLargeException                                       : loaded 2 times (x 79B)
Class [Lcom.google.common.cache.CacheBuilder$OneWeigher;                              : loaded 2 times (x 65B)
Class com.google.common.base.Suppliers                                                : loaded 2 times (x 67B)
Class org.gradle.internal.classloader.DefaultClassLoaderFactory                       : loaded 2 times (x 78B)
Class com.google.common.base.CharMatcher$None                                         : loaded 2 times (x 108B)
Class org.gradle.internal.classloader.ClassLoaderVisitor                              : loaded 2 times (x 72B)
Class [Lcom.google.common.collect.ImmutableMapEntry;                                  : loaded 2 times (x 65B)
Class org.gradle.api.internal.classpath.EffectiveClassPath                            : loaded 2 times (x 86B)
Class com.google.common.collect.ImmutableRangeSet                                     : loaded 2 times (x 111B)
Class com.google.common.collect.ImmutableEnumMap                                      : loaded 2 times (x 121B)
Class com.google.common.collect.ListMultimap                                          : loaded 2 times (x 66B)
Class com.google.common.collect.Sets$1                                                : loaded 2 times (x 135B)
Class org.objectweb.asm.AnnotationVisitor                                             : loaded 2 times (x 74B)
Class com.google.common.base.Splitter                                                 : loaded 2 times (x 68B)
Class org.gradle.api.internal.DefaultClassPathProvider                                : loaded 2 times (x 72B)
Class com.google.common.collect.Sets$2                                                : loaded 2 times (x 135B)
Class [Lorg.gradle.api.internal.ClassPathProvider;                                    : loaded 2 times (x 65B)
Class org.gradle.api.internal.ClassPathProvider                                       : loaded 2 times (x 66B)
Class [Lorg.objectweb.asm.AnnotationVisitor;                                          : loaded 2 times (x 65B)
Class com.google.common.collect.Sets$3                                                : loaded 2 times (x 135B)
Class com.google.common.util.concurrent.AbstractFuture$SafeAtomicHelper               : loaded 2 times (x 75B)
Class com.google.common.cache.LocalCache$LocalLoadingCache                            : loaded 2 times (x 130B)
Class com.google.common.base.AbstractIterator$State                                   : loaded 2 times (x 75B)
Class org.gradle.internal.service.UnknownServiceException                             : loaded 2 times (x 79B)
Class com.google.common.collect.Sets$4                                                : loaded 2 times (x 135B)
Class org.objectweb.asm.ModuleVisitor                                                 : loaded 2 times (x 77B)
Class com.google.common.cache.LocalCache$Strength$1                                   : loaded 2 times (x 77B)
Class com.google.common.util.concurrent.SettableFuture                                : loaded 2 times (x 110B)
Class com.google.common.cache.LocalCache$Strength$2                                   : loaded 2 times (x 77B)
Class com.google.common.cache.LocalCache$Strength$3                                   : loaded 2 times (x 77B)
Class com.google.common.collect.MapDifference                                         : loaded 2 times (x 66B)
Class com.google.common.base.Splitter$1                                               : loaded 2 times (x 73B)
Class org.objectweb.asm.FieldWriter                                                   : loaded 2 times (x 74B)
Class com.google.common.cache.CacheBuilder$NullListener                               : loaded 2 times (x 78B)
Class org.gradle.internal.classpath.TransformedClassPath                              : loaded 2 times (x 92B)
Class org.gradle.internal.classloader.InstrumentingClassLoader                        : loaded 2 times (x 66B)
Class com.google.common.collect.ImmutableRangeSet$AsSet                               : loaded 2 times (x 295B)
Class com.google.common.cache.CacheLoader$FunctionToCacheLoader                       : loaded 2 times (x 71B)
Class com.google.common.collect.Iterators$ArrayItr                                    : loaded 2 times (x 93B)
Class com.google.common.collect.ImmutableCollection$Builder                           : loaded 2 times (x 72B)
Class com.google.common.base.Joiner                                                   : loaded 2 times (x 75B)
Class com.google.common.base.MoreObjects                                              : loaded 2 times (x 67B)
Class [Lorg.objectweb.asm.Type;                                                       : loaded 2 times (x 65B)
Class com.google.common.collect.Platform                                              : loaded 2 times (x 67B)
Class com.google.common.collect.UnmodifiableIterator                                  : loaded 2 times (x 76B)
Class org.gradle.internal.service.ServiceLocator                                      : loaded 2 times (x 66B)
Class com.google.common.base.Ascii                                                    : loaded 2 times (x 67B)
Class com.google.common.collect.SingletonImmutableBiMap                               : loaded 2 times (x 139B)
Class com.google.common.cache.LocalCache$1                                            : loaded 2 times (x 85B)
Class com.google.common.collect.AbstractMapEntry                                      : loaded 2 times (x 77B)
Class com.google.common.collect.Sets$ImprovedAbstractSet                              : loaded 2 times (x 131B)
Class com.google.common.collect.ImmutableList$Builder                                 : loaded 2 times (x 73B)
Class com.google.common.cache.LocalCache$2                                            : loaded 2 times (x 138B)
Class com.google.common.collect.AbstractMultimap                                      : loaded 2 times (x 119B)
Class com.google.common.collect.ImmutableRangeSet$1                                   : loaded 2 times (x 205B)
Class com.google.common.util.concurrent.AbstractFuture$UnsafeAtomicHelper$1           : loaded 2 times (x 72B)
Class com.google.common.collect.RegularImmutableAsList                                : loaded 2 times (x 212B)
Class com.google.common.collect.Range                                                 : loaded 2 times (x 83B)
Class com.google.common.util.concurrent.AbstractFuture$Trusted                        : loaded 2 times (x 66B)
Class com.google.common.collect.Iterators                                             : loaded 2 times (x 67B)
Class com.google.common.base.CharMatcher$RangesMatcher                                : loaded 2 times (x 108B)
Class com.google.common.util.concurrent.UncheckedExecutionException                   : loaded 2 times (x 78B)
Class com.google.common.collect.Lists$StringAsImmutableList                           : loaded 2 times (x 203B)
Class org.gradle.kotlin.dsl.VersionCatalogAccessorsKt                                 : loaded 2 times (x 67B)
Class com.google.common.collect.ImmutableSortedSetFauxverideShim                      : loaded 2 times (x 143B)
Class com.google.common.base.CharMatcher$JavaLetterOrDigit                            : loaded 2 times (x 107B)
Class org.gradle.internal.InternalTransformer                                         : loaded 2 times (x 66B)
Class com.google.common.collect.AbstractMapBasedMultimap$KeySet$1                     : loaded 2 times (x 78B)
Class org.objectweb.asm.ClassWriter                                                   : loaded 2 times (x 102B)
Class com.google.common.cache.CacheLoader$UnsupportedLoadingOperationException        : loaded 2 times (x 78B)
Class com.google.common.base.CharMatcher$And                                          : loaded 2 times (x 108B)
Class org.gradle.internal.classloader.ClasspathUtil$1                                 : loaded 2 times (x 72B)
Class com.google.common.base.Objects                                                  : loaded 2 times (x 67B)
Class org.objectweb.asm.FieldVisitor                                                  : loaded 2 times (x 73B)
Class com.google.common.collect.IndexedImmutableSet                                   : loaded 2 times (x 146B)
Class com.google.common.collect.ImmutableMap$1                                        : loaded 2 times (x 77B)
Class com.google.common.collect.BiMap                                                 : loaded 2 times (x 66B)
Class org.gradle.api.internal.classpath.DefaultModuleRegistry$DefaultModule           : loaded 2 times (x 82B)
Class com.google.common.primitives.Ints                                               : loaded 2 times (x 67B)
Class com.google.common.collect.AbstractIterator                                      : loaded 2 times (x 78B)
Class com.google.common.math.MathPreconditions                                        : loaded 2 times (x 67B)
Class com.google.common.collect.Multiset                                              : loaded 2 times (x 66B)
Class com.google.common.collect.RegularImmutableMap$KeySet                            : loaded 2 times (x 146B)
Class com.google.common.collect.ObjectArrays                                          : loaded 2 times (x 67B)
Class com.google.common.collect.AbstractIndexedListIterator                           : loaded 2 times (x 92B)
Class com.google.common.collect.ImmutableMapEntrySet                                  : loaded 2 times (x 147B)
Class org.gradle.api.internal.classpath.Module                                        : loaded 2 times (x 66B)
Class com.google.common.cache.Weigher                                                 : loaded 2 times (x 66B)
Class org.gradle.api.internal.classpath.UnknownModuleException                        : loaded 2 times (x 78B)
Class com.google.common.base.Stopwatch                                                : loaded 2 times (x 68B)
Class com.google.common.cache.LocalCache$Strength                                     : loaded 2 times (x 77B)
Class com.google.common.cache.Cache                                                   : loaded 2 times (x 66B)
Class com.google.common.util.concurrent.AbstractFuture$Cancellation                   : loaded 2 times (x 68B)
Class com.google.common.collect.ImmutableMap$Builder                                  : loaded 2 times (x 78B)
Class com.google.common.base.NullnessCasts                                            : loaded 2 times (x 67B)
Class com.google.common.cache.RemovalListener                                         : loaded 2 times (x 66B)
Class org.gradle.api.internal.DefaultClassPathRegistry                                : loaded 2 times (x 72B)
Class com.google.common.primitives.IntsMethodsForWeb                                  : loaded 2 times (x 67B)
Class com.google.common.collect.Multimap                                              : loaded 2 times (x 66B)
Class org.gradle.api.internal.ClassPathRegistry                                       : loaded 2 times (x 66B)
Class org.gradle.internal.classpath.DefaultClassPath$ImmutableUniqueList              : loaded 2 times (x 195B)
Class com.google.common.base.ExtraObjectsMethodsForWeb                                : loaded 2 times (x 67B)
Class com.google.common.base.Equivalence$Identity                                     : loaded 2 times (x 78B)
Class com.google.common.cache.CacheBuilder                                            : loaded 2 times (x 68B)
Class com.google.common.collect.SingletonImmutableList                                : loaded 2 times (x 203B)
Class Settings_gradle$1                                                               : loaded 2 times (x 70B)
Class org.gradle.internal.classpath.ClassPath                                         : loaded 2 times (x 66B)
Class org.gradle.api.UncheckedIOException                                             : loaded 2 times (x 78B)
Class com.google.common.collect.ImmutableList$ReverseImmutableList                    : loaded 2 times (x 204B)
Class com.google.common.base.JdkPattern                                               : loaded 2 times (x 71B)
Class org.objectweb.asm.SymbolTable$Entry                                             : loaded 2 times (x 70B)
Class com.google.common.util.concurrent.AbstractFuture$AtomicHelper                   : loaded 2 times (x 74B)
Class org.objectweb.asm.Edge                                                          : loaded 2 times (x 68B)
Class com.google.common.base.Suppliers$SupplierOfInstance                             : loaded 2 times (x 75B)
Class com.google.common.collect.Iterators$1                                           : loaded 2 times (x 77B)
Class com.google.common.cache.LocalCache$ComputingValueReference                      : loaded 2 times (x 92B)
Class com.google.common.collect.SingletonImmutableSet                                 : loaded 2 times (x 142B)
Class com.google.common.collect.ImmutableMap$IteratorBasedImmutableMap                : loaded 2 times (x 121B)
Class com.google.common.cache.LocalCache$Segment                                      : loaded 2 times (x 150B)
Class com.google.common.collect.SortedIterable                                        : loaded 2 times (x 66B)
Class [Lorg.objectweb.asm.SymbolTable$Entry;                                          : loaded 2 times (x 65B)
Class com.google.common.cache.CacheLoader                                             : loaded 2 times (x 70B)
Class com.google.common.collect.Iterators$4                                           : loaded 2 times (x 78B)
Class com.google.common.collect.ImmutableBiMap                                        : loaded 2 times (x 139B)
Class com.google.common.collect.AbstractListMultimap                                  : loaded 2 times (x 168B)
Class org.gradle.internal.installation.GradleInstallation$1                           : loaded 2 times (x 71B)
Class org.gradle.api.internal.classpath.ModuleRegistry                                : loaded 2 times (x 66B)
Class com.google.common.util.concurrent.internal.InternalFutureFailureAccess          : loaded 2 times (x 68B)
Class com.google.common.collect.Iterators$5                                           : loaded 2 times (x 78B)
Class com.google.common.collect.ImmutableSet$JdkBackedSetBuilderImpl                  : loaded 2 times (x 72B)
Class com.google.common.base.Splitter$SplittingIterator                               : loaded 2 times (x 80B)
Class com.google.common.util.concurrent.AbstractFuture$UnsafeAtomicHelper             : loaded 2 times (x 74B)
Class com.google.common.cache.LocalCache$LocalManualCache$1                           : loaded 2 times (x 71B)
Class com.google.common.base.CharMatcher$ForPredicate                                 : loaded 2 times (x 108B)
Class com.google.common.collect.ImmutableCollection                                   : loaded 2 times (x 121B)
Class com.google.common.base.CharMatcher$AnyOf                                        : loaded 2 times (x 108B)
Class org.gradle.api.internal.classpath.DefaultModuleRegistry                         : loaded 2 times (x 82B)
Class com.google.common.util.concurrent.ListenableFuture                              : loaded 2 times (x 66B)
Class com.google.common.cache.ReferenceEntry                                          : loaded 2 times (x 66B)
Class com.google.common.collect.ImmutableSet$CachingAsList                            : loaded 2 times (x 143B)
Class com.google.common.base.Converter                                                : loaded 2 times (x 86B)
Class com.google.common.collect.Lists                                                 : loaded 2 times (x 67B)
Class com.google.common.base.CharMatcher$Any                                          : loaded 2 times (x 108B)
Class com.google.common.util.concurrent.AbstractFuture                                : loaded 2 times (x 102B)
Class com.google.common.base.FunctionalEquivalence                                    : loaded 2 times (x 79B)
Class com.google.common.collect.Iterators$9                                           : loaded 2 times (x 77B)
Class com.google.common.collect.AbstractMapBasedMultimap                              : loaded 2 times (x 135B)
Class com.google.common.collect.ImmutableAsList                                       : loaded 2 times (x 205B)
Class org.objectweb.asm.RecordComponentVisitor                                        : loaded 2 times (x 73B)
Class com.google.common.cache.CacheLoader$SupplierToCacheLoader                       : loaded 2 times (x 71B)
Class com.google.common.collect.Maps$EntryTransformer                                 : loaded 2 times (x 66B)
Class org.gradle.internal.service.ServiceLookupException                              : loaded 2 times (x 78B)
Class com.google.common.collect.ImmutableSortedSet                                    : loaded 2 times (x 295B)
Class [Lcom.google.common.cache.LocalCache$EntryFactory;                              : loaded 2 times (x 65B)
Class com.google.common.base.CharMatcher$JavaLetter                                   : loaded 2 times (x 107B)
Class org.gradle.internal.classloader.ClassLoaderFactory                              : loaded 2 times (x 66B)
Class com.google.common.cache.LocalCache$LocalManualCache                             : loaded 2 times (x 95B)
Class com.google.common.base.CharMatcher$IsNot                                        : loaded 2 times (x 107B)
Class com.google.common.base.CommonPattern                                            : loaded 2 times (x 70B)
Class org.gradle.internal.service.CachingServiceLocator                               : loaded 2 times (x 78B)
Class com.google.common.collect.AbstractMapBasedMultimap$KeySet                       : loaded 2 times (x 133B)
Class com.google.common.collect.RegularImmutableSortedSet                             : loaded 2 times (x 295B)
Class com.google.common.math.IntMath                                                  : loaded 2 times (x 67B)
Class com.google.common.collect.Iterators$10                                          : loaded 2 times (x 77B)
Class com.google.common.collect.ImmutableMapEntry                                     : loaded 2 times (x 81B)
Class com.google.common.base.CharMatcher$JavaDigit                                    : loaded 2 times (x 107B)
Class com.google.common.base.Equivalence                                              : loaded 2 times (x 78B)
Class com.google.common.collect.ImmutableMapEntry$NonTerminalImmutableMapEntry        : loaded 2 times (x 81B)
Class com.google.common.base.Function                                                 : loaded 2 times (x 66B)
Class com.google.common.collect.IndexedImmutableSet$1                                 : loaded 2 times (x 208B)
Class com.google.common.cache.CacheBuilder$OneWeigher                                 : loaded 2 times (x 78B)
Class com.google.common.collect.RegularImmutableList                                  : loaded 2 times (x 208B)
Class com.google.common.collect.ImmutableBiMapFauxverideShim                          : loaded 2 times (x 116B)
Class org.gradle.internal.classloader.ClasspathUtil                                   : loaded 2 times (x 67B)
Class com.google.common.base.Charsets                                                 : loaded 2 times (x 67B)
Class com.google.common.util.concurrent.Uninterruptibles                              : loaded 2 times (x 67B)
Class com.google.common.collect.Maps                                                  : loaded 2 times (x 67B)
Class com.google.common.base.CharMatcher$JavaUpperCase                                : loaded 2 times (x 107B)
Class org.gradle.api.specs.Spec                                                       : loaded 2 times (x 66B)
Class [Lcom.google.common.collect.ImmutableEntry;                                     : loaded 2 times (x 65B)
Class com.google.common.cache.LocalCache$LoadingValueReference                        : loaded 2 times (x 92B)
Class com.google.common.collect.ArrayListMultimapGwtSerializationDependencies         : loaded 2 times (x 168B)
Class com.google.common.base.Platform                                                 : loaded 2 times (x 67B)
Class [Lorg.objectweb.asm.AnnotationWriter;                                           : loaded 2 times (x 65B)
Class com.google.common.primitives.Ints$IntConverter                                  : loaded 2 times (x 86B)
Class com.google.common.collect.Maps$8                                                : loaded 2 times (x 78B)
Class com.google.common.collect.ImmutableRangeSet$Builder                             : loaded 2 times (x 73B)
Class com.google.common.collect.Sets$SetView                                          : loaded 2 times (x 134B)
Class com.google.common.cache.LocalCache$StrongValueReference                         : loaded 2 times (x 86B)
Class com.google.common.util.concurrent.AbstractFuture$SynchronizedHelper             : loaded 2 times (x 74B)
Class com.google.common.base.CharMatcher$Invisible                                    : loaded 2 times (x 108B)
Class org.objectweb.asm.Type                                                          : loaded 2 times (x 68B)
Class org.gradle.internal.classloader.VisitableURLClassLoader$InstrumentingVisitableURLClassLoader: loaded 2 times (x 119B)
Class org.objectweb.asm.ByteVector                                                    : loaded 2 times (x 75B)
Class [Lcom.google.common.cache.CacheBuilder$NullListener;                            : loaded 2 times (x 65B)
Class com.google.common.math.IntMath$1                                                : loaded 2 times (x 67B)
Class org.gradle.internal.classloader.VisitableURLClassLoader$Spec                    : loaded 2 times (x 70B)
Class org.gradle.internal.classpath.DefaultClassPath                                  : loaded 2 times (x 86B)
Class org.objectweb.asm.Symbol                                                        : loaded 2 times (x 69B)
Class com.google.common.base.AbstractIterator                                         : loaded 2 times (x 76B)
Class com.google.common.collect.RegularImmutableMap$Values                            : loaded 2 times (x 203B)
Class com.google.common.collect.ImmutableSet                                          : loaded 2 times (x 141B)
Class com.google.common.base.CharMatcher$BitSetMatcher                                : loaded 2 times (x 108B)
Class com.google.common.base.CharMatcher$Ascii                                        : loaded 2 times (x 108B)
Class org.gradle.internal.classloader.ClassLoaderSpec                                 : loaded 2 times (x 67B)
Class org.objectweb.asm.AnnotationWriter                                              : loaded 2 times (x 75B)
Class com.google.common.cache.CacheStats                                              : loaded 2 times (x 67B)
Class org.objectweb.asm.RecordComponentWriter                                         : loaded 2 times (x 74B)
Class com.google.common.util.concurrent.AbstractFuture$Listener                       : loaded 2 times (x 68B)
Class com.google.common.base.CharMatcher$Or                                           : loaded 2 times (x 108B)
Class Settings_gradle$1$1                                                             : loaded 2 times (x 70B)
Class org.objectweb.asm.Attribute                                                     : loaded 2 times (x 73B)
Class com.google.common.base.Supplier                                                 : loaded 2 times (x 66B)
Class org.gradle.internal.classloader.VisitableURLClassLoader                         : loaded 2 times (x 113B)
Class com.google.common.util.concurrent.AbstractFuture$Waiter                         : loaded 2 times (x 68B)
Class Settings_gradle                                                                 : loaded 2 times (x 124B)
Class org.gradle.internal.Cast                                                        : loaded 2 times (x 67B)
Class org.gradle.api.Action                                                           : loaded 2 times (x 66B)
Class com.google.common.base.Strings                                                  : loaded 2 times (x 67B)
Class com.google.common.collect.Sets                                                  : loaded 2 times (x 67B)
Class org.objectweb.asm.Handler                                                       : loaded 2 times (x 68B)
Class com.google.common.base.Ticker                                                   : loaded 2 times (x 68B)
Class com.google.common.base.CharMatcher$FastMatcher                                  : loaded 2 times (x 107B)
Class [Lcom.google.common.cache.LocalCache$Segment;                                   : loaded 2 times (x 65B)
Class [Lcom.google.common.cache.LocalCache$Strength;                                  : loaded 2 times (x 65B)
Class com.google.common.cache.CacheBuilder$1                                          : loaded 2 times (x 81B)
Class com.google.common.collect.ImmutableMap                                          : loaded 2 times (x 116B)
Class com.google.common.base.Predicate                                                : loaded 2 times (x 66B)
Class org.gradle.internal.classpath.DefaultClassPath$ImmutableUniqueList$Builder      : loaded 2 times (x 71B)
Class com.google.common.collect.AbstractRangeSet                                      : loaded 2 times (x 110B)
Class com.google.common.cache.LocalCache                                              : loaded 2 times (x 183B)
Class com.google.common.cache.CacheBuilder$2                                          : loaded 2 times (x 68B)
Class com.google.common.base.CharMatcher$NegatedFastMatcher                           : loaded 2 times (x 109B)
Class [Lcom.google.common.collect.AbstractMapEntry;                                   : loaded 2 times (x 65B)
Class com.google.common.collect.ImmutableEntry                                        : loaded 2 times (x 78B)
Class com.google.common.collect.ArrayListMultimap                                     : loaded 2 times (x 168B)
Class com.google.common.base.AbstractIterator$1                                       : loaded 2 times (x 67B)
Class com.google.common.base.CharMatcher$Digit                                        : loaded 2 times (x 108B)
Class org.gradle.api.GradleException                                                  : loaded 2 times (x 78B)
Class com.google.common.collect.CollectPreconditions                                  : loaded 2 times (x 67B)
Class com.google.common.base.CharMatcher$JavaIsoControl                               : loaded 2 times (x 108B)
Class com.google.common.collect.SortedMapDifference                                   : loaded 2 times (x 66B)
Class com.google.common.base.CharMatcher$JavaLowerCase                                : loaded 2 times (x 107B)
Class com.google.common.cache.LocalCache$EntryFactory                                 : loaded 2 times (x 79B)
Class com.google.common.cache.LocalCache$AbstractReferenceEntry                       : loaded 2 times (x 103B)
Class com.google.common.base.Splitter$1$1                                             : loaded 2 times (x 82B)
Class com.google.common.base.CharMatcher$Whitespace                                   : loaded 2 times (x 108B)
Class org.gradle.internal.IoActions                                                   : loaded 2 times (x 67B)
Class com.google.common.collect.ImmutableRangeSet$ComplementRanges                    : loaded 2 times (x 203B)
Class org.objectweb.asm.SymbolTable                                                   : loaded 2 times (x 68B)
Class com.google.common.cache.CacheLoader$InvalidCacheLoadException                   : loaded 2 times (x 78B)
Class com.google.common.collect.ImmutableSet$RegularSetBuilderImpl                    : loaded 2 times (x 73B)
Class com.google.common.base.CharMatcher$SingleWidth                                  : loaded 2 times (x 108B)
Class org.gradle.internal.classloader.SystemClassLoaderSpec                           : loaded 2 times (x 67B)
Class com.google.common.cache.LocalCache$StrongEntry                                  : loaded 2 times (x 104B)
Class com.google.common.util.concurrent.AbstractFuture$TrustedFuture                  : loaded 2 times (x 110B)
Class com.google.common.cache.LoadingCache                                            : loaded 2 times (x 66B)
Class org.objectweb.asm.MethodWriter                                                  : loaded 2 times (x 102B)
Class [Lcom.google.common.cache.Weigher;                                              : loaded 2 times (x 65B)
Class com.google.common.collect.RegularImmutableMap$BucketOverflowException           : loaded 2 times (x 78B)
Class com.google.common.collect.RegularImmutableBiMap                                 : loaded 2 times (x 144B)
Class com.google.common.cache.LocalCache$ValueReference                               : loaded 2 times (x 66B)
Class com.google.common.base.CharMatcher$Negated                                      : loaded 2 times (x 109B)
Class com.google.common.base.CharMatcher$Is                                           : loaded 2 times (x 107B)
Class com.google.common.base.PatternCompiler                                          : loaded 2 times (x 66B)
Class com.google.common.util.concurrent.AbstractFuture$Failure                        : loaded 2 times (x 68B)
Class com.google.common.base.Equivalence$Equals                                       : loaded 2 times (x 78B)
Class com.google.common.collect.Hashing                                               : loaded 2 times (x 67B)
Class com.google.common.base.Preconditions                                            : loaded 2 times (x 67B)
Class com.google.common.base.Joiner$1                                                 : loaded 2 times (x 76B)
Class org.objectweb.asm.Label                                                         : loaded 2 times (x 69B)
Class org.objectweb.asm.CurrentFrame                                                  : loaded 2 times (x 69B)
Class org.objectweb.asm.ClassTooLargeException                                        : loaded 2 times (x 79B)
Class com.google.common.collect.PeekingIterator                                       : loaded 2 times (x 66B)
Class com.google.common.base.CharMatcher                                              : loaded 2 times (x 107B)
Class com.google.common.collect.RangeGwtSerializationDependencies                     : loaded 2 times (x 67B)
Class com.google.common.base.Joiner$2                                                 : loaded 2 times (x 75B)
Class org.objectweb.asm.Frame                                                         : loaded 2 times (x 69B)
Class org.objectweb.asm.MethodVisitor                                                 : loaded 2 times (x 101B)
Class com.google.common.cache.LocalCache$EntryFactory$1                               : loaded 2 times (x 79B)
Class [Lcom.google.common.cache.RemovalListener;                                      : loaded 2 times (x 65B)
Class com.google.common.base.CharMatcher$1                                            : loaded 2 times (x 109B)
Class com.google.common.base.CharMatcher$NamedFastMatcher                             : loaded 2 times (x 108B)
Class com.google.common.collect.RangeSet                                              : loaded 2 times (x 66B)
Class com.google.common.cache.LocalCache$EntryFactory$2                               : loaded 2 times (x 79B)
Class org.gradle.api.internal.classpath.GlobalCacheRootsProvider                      : loaded 2 times (x 66B)
Class com.google.common.collect.CollectCollectors                                     : loaded 2 times (x 67B)
Class org.objectweb.asm.ModuleWriter                                                  : loaded 2 times (x 78B)
Class com.google.common.cache.LocalCache$EntryFactory$3                               : loaded 2 times (x 79B)
Class com.google.common.base.Ticker$1                                                 : loaded 2 times (x 68B)
Class com.google.common.collect.ImmutableMapEntrySet$RegularEntrySet                  : loaded 2 times (x 147B)
Class com.google.common.collect.Maps$BiMapConverter                                   : loaded 2 times (x 86B)
Class com.google.common.cache.LocalCache$EntryFactory$4                               : loaded 2 times (x 79B)
Class com.google.common.collect.ImmutableSet$Builder                                  : loaded 2 times (x 81B)
Class com.google.common.base.CharMatcher$InRange                                      : loaded 2 times (x 107B)
Class com.google.common.cache.LocalCache$EntryFactory$5                               : loaded 2 times (x 79B)
Class com.google.common.base.PairwiseEquivalence                                      : loaded 2 times (x 79B)
Class com.google.common.cache.LocalCache$EntryFactory$6                               : loaded 2 times (x 79B)
Class org.gradle.internal.installation.CurrentGradleInstallationLocator               : loaded 2 times (x 67B)
Class com.google.common.collect.Maps$KeySet                                           : loaded 2 times (x 133B)
Class com.google.common.cache.LocalCache$EntryFactory$7                               : loaded 2 times (x 79B)
Class com.google.common.collect.ImmutableSet$EmptySetBuilderImpl                      : loaded 2 times (x 72B)
Class com.google.common.collect.ImmutableList                                         : loaded 2 times (x 202B)
Class org.gradle.internal.service.DefaultServiceLocator                               : loaded 2 times (x 79B)
Class com.google.common.cache.LocalCache$EntryFactory$8                               : loaded 2 times (x 79B)
Class com.google.common.collect.ImmutableSet$SetBuilderImpl                           : loaded 2 times (x 72B)
Class org.gradle.internal.installation.CurrentGradleInstallation                      : loaded 2 times (x 69B)
Class com.google.common.cache.CacheLoader$1                                           : loaded 2 times (x 71B)
Class com.google.common.collect.ImmutableList$SubList                                 : loaded 2 times (x 204B)
Class org.gradle.util.internal.GUtil                                                  : loaded 2 times (x 67B)
Class com.google.common.util.concurrent.AbstractFuture$SetFuture                      : loaded 2 times (x 71B)
Class com.google.common.cache.AbstractCache$StatsCounter                              : loaded 2 times (x 66B)
Class com.google.common.collect.Iterators$MergingIterator                             : loaded 2 times (x 77B)
Class com.google.common.collect.RegularImmutableSet                                   : loaded 2 times (x 144B)
Class org.gradle.internal.installation.GradleInstallation                             : loaded 2 times (x 71B)
Class com.google.common.collect.Iterables                                             : loaded 2 times (x 67B)
Class com.google.common.base.Splitter$Strategy                                        : loaded 2 times (x 66B)

---------------  S Y S T E M  ---------------

OS:
 Windows 11 , 64 bit Build 26100 (10.0.26100.7309)
OS uptime: 3 days 11:11 hours
Hyper-V role detected

CPU: total 12 (initial active 12) (6 cores per cpu, 2 threads per core) family 6 model 154 stepping 4 microcode 0x437, cx8, cmov, fxsr, ht, mmx, 3dnowpref, sse, sse2, sse3, ssse3, sse4.1, sse4.2, popcnt, lzcnt, tsc, tscinvbit, avx, avx2, aes, erms, clmul, bmi1, bmi2, adx, sha, fma, vzeroupper, clflush, clflushopt, clwb, hv, serialize, rdtscp, rdpid, fsrm, f16c, cet_ibt, cet_ss
Processor Information for all 12 processors :
  Max Mhz: 1300, Current Mhz: 1300, Mhz Limit: 1300

Memory: 4k page, system-wide physical 16016M (2061M free)
TotalPageFile size 26260M (AvailPageFile size 9M)
current process WorkingSet (physical memory assigned to process): 492M, peak: 497M
current process commit charge ("private bytes"): 527M, peak: 541M

vm_info: OpenJDK 64-Bit Server VM (21.0.4+-12508038-b607.1) for windows-amd64 JRE (21.0.4+-12508038-b607.1), built on 2024-10-16T17:23:34Z by "builder" with MS VC++ 16.10 / 16.11 (VS2019)

END.
