#
# There is insufficient memory for the Java Runtime Environment to continue.
# Native memory allocation (mmap) failed to map 44040192 bytes for G1 virtual space
# Possible reasons:
#   The system is out of physical RAM or swap space
#   The process is running with CompressedOops enabled, and the Java Heap may be blocking the growth of the native heap
# Possible solutions:
#   Reduce memory load on the system
#   Increase physical memory or swap space
#   Check if swap backing store is full
#   Decrease Java heap size (-Xmx/-Xms)
#   Decrease number of Java threads
#   Decrease Java thread stack sizes (-Xss)
#   Set larger code cache with -XX:ReservedCodeCacheSize=
#   JVM is running with Zero Based Compressed Oops mode in which the Java heap is
#     placed in the first 32GB address space. The Java Heap base address is the
#     maximum limit for the native heap growth. Please use -XX:HeapBaseMinAddress
#     to set the Java Heap base and to place the Java Heap above 32GB virtual address.
# This output file may be truncated or incomplete.
#
#  Out of Memory Error (os_windows.cpp:3600), pid=31600, tid=29896
#
# JRE version: Java(TM) SE Runtime Environment (21.0.1+12) (build 21.0.1+12-LTS-29)
# Java VM: Java HotSpot(TM) 64-Bit Server VM (21.0.1+12-LTS-29, mixed mode, sharing, tiered, compressed oops, compressed class ptrs, g1 gc, windows-amd64)
# No core dump will be written. Minidumps are not enabled by default on client versions of Windows
#

---------------  S U M M A R Y ------------

Command Line: --add-opens=java.base/java.util=ALL-UNNAMED --add-opens=java.base/java.lang=ALL-UNNAMED --add-opens=java.base/java.lang.invoke=ALL-UNNAMED --add-opens=java.prefs/java.util.prefs=ALL-UNNAMED --add-exports=jdk.compiler/com.sun.tools.javac.api=ALL-UNNAMED --add-exports=jdk.compiler/com.sun.tools.javac.util=ALL-UNNAMED --add-opens=java.base/java.nio.charset=ALL-UNNAMED --add-opens=java.base/java.net=ALL-UNNAMED --add-opens=java.base/java.util.concurrent.atomic=ALL-UNNAMED -Xmx4096m -Dfile.encoding=UTF-8 -Duser.country=US -Duser.language=en -Duser.variant -javaagent:D:\.gradle\wrapper\dists\gradle-8.10.2-bin\a04bxjujx95o3nb99gddekhwo\gradle-8.10.2\lib\agents\gradle-instrumentation-agent-8.10.2.jar org.gradle.launcher.daemon.bootstrap.GradleDaemon 8.10.2

Host: 12th Gen Intel(R) Core(TM) i5-1235U, 12 cores, 15G,  Windows 11 , 64 bit Build 26100 (10.0.26100.7309)
Time: Mon Dec 15 13:12:46 2025 Sri Lanka Standard Time elapsed time: 77.789624 seconds (0d 0h 1m 17s)

---------------  T H R E A D  ---------------

Current thread (0x00000170cf415ed0):  VMThread "VM Thread"          [id=29896, stack(0x00000039af900000,0x00000039afa00000) (1024K)]

Stack: [0x00000039af900000,0x00000039afa00000]
Native frames: (J=compiled Java code, j=interpreted, Vv=VM code, C=native code)
V  [jvm.dll+0x6c9029]
V  [jvm.dll+0x854b81]
V  [jvm.dll+0x856e5e]
V  [jvm.dll+0x857543]
V  [jvm.dll+0x280c06]
V  [jvm.dll+0x6c5715]
V  [jvm.dll+0x6ba10a]
V  [jvm.dll+0x3557ea]
V  [jvm.dll+0x35d436]
V  [jvm.dll+0x3ae1be]
V  [jvm.dll+0x3ae468]
V  [jvm.dll+0x3291fc]
V  [jvm.dll+0x32baa6]
V  [jvm.dll+0x3359fe]
V  [jvm.dll+0x36bc65]
V  [jvm.dll+0x85d048]
V  [jvm.dll+0x85e144]
V  [jvm.dll+0x85e680]
V  [jvm.dll+0x85e923]
V  [jvm.dll+0x7fd728]
V  [jvm.dll+0x6c777d]
C  [ucrtbase.dll+0x37b0]
C  [KERNEL32.DLL+0x2e8d7]
C  [ntdll.dll+0x8c53c]

VM_Operation (0x00000039af4ff3e0): G1PauseRemark, mode: safepoint, requested by thread 0x00000170ae4ce2f0


---------------  P R O C E S S  ---------------

Threads class SMR info:
_java_thread_list=0x00000171150c7490, length=206, elements={
0x00000170ae40bab0, 0x00000170cf433410, 0x00000170cf433b80, 0x00000170cf436da0,
0x00000170cf437e10, 0x00000170cf43d4a0, 0x00000170cf4402c0, 0x00000170cf440c60,
0x00000170cf441e10, 0x00000171150ea180, 0x00000171152602f0, 0x00000171169ab0d0,
0x0000017116b023b0, 0x0000017116d84ba0, 0x0000017116d94600, 0x0000017116db7d70,
0x0000017116db6100, 0x0000017116d52160, 0x0000017116d60d50, 0x0000017116d606c0,
0x0000017116d5f9a0, 0x0000017116d5ec80, 0x0000017116d5f310, 0x0000017116d5e5f0,
0x0000017116d61a70, 0x0000017116d60030, 0x0000017116e7c640, 0x0000017116e7ccd0,
0x0000017116e7d360, 0x0000017116e7d9f0, 0x0000017116e7e080, 0x0000017116e7e710,
0x0000017116e7eda0, 0x0000017116e7fac0, 0x0000017116e807e0, 0x0000017116e835d0,
0x0000017116e80150, 0x0000017116e80e70, 0x0000017116e81500, 0x0000017118562800,
0x00000171185600a0, 0x0000017118563520, 0x0000017118562e90, 0x0000017118563bb0,
0x0000017118560dc0, 0x0000017118560730, 0x0000017118564240, 0x00000171185648d0,
0x0000017118561ae0, 0x0000017118561450, 0x0000017118564f60, 0x00000171185655f0,
0x0000017118562170, 0x00000171185676c0, 0x0000017118565c80, 0x0000017118566310,
0x00000171185669a0, 0x0000017118567030, 0x000001711c3f5b40, 0x000001711c3f3a70,
0x000001711c3f54b0, 0x000001711c3f61d0, 0x000001711c3f4100, 0x000001711c3f4e20,
0x000001711c3f4790, 0x000001711c3f33e0, 0x000001711c3f7580, 0x0000017117707110,
0x000001711ceb3530, 0x000001711ceb4f70, 0x000001711ceb5c90, 0x000001711ceb4250,
0x000001711ceb48e0, 0x000001711ceb6320, 0x000001711ceb5600, 0x000001711ceb2ea0,
0x000001711ceb8a80, 0x000001711ceb76d0, 0x000001711ceb97a0, 0x000001711ceb83f0,
0x000001711ceb69b0, 0x000001711ceb7040, 0x000001711ceb9e30, 0x000001711ceba4c0,
0x000001711ceb7d60, 0x0000017117705040, 0x0000017117706a80, 0x0000017117709f00,
0x000001711770ac20, 0x000001711770b2b0, 0x0000017117707e30, 0x000001711770bfd0,
0x000001711770c660, 0x000001711c3faa00, 0x000001711d0ea6a0, 0x000001711d0e8c60,
0x000001711d0e78b0, 0x000001711d0e7f40, 0x000001711d0e92f0, 0x000001711ceb3bc0,
0x0000017119ea8080, 0x0000017119ea6640, 0x0000017119ea5fb0, 0x0000017119ea5290,
0x0000017119ea6cd0, 0x0000017119ea7360, 0x0000017119ea8710, 0x0000017119ea79f0,
0x0000017119ea8da0, 0x0000017119ea5920, 0x0000017119ea9430, 0x0000017119eaae70,
0x0000017119eac220, 0x0000017119eaa150, 0x0000017119ea9ac0, 0x0000017119eaa7e0,
0x0000017119eab500, 0x0000017119eabb90, 0x0000017118c7a940, 0x0000017118c7c380,
0x0000017118c7bcf0, 0x0000017118c7d0a0, 0x0000017118c7d730, 0x0000017118c7ddc0,
0x0000017118c7e450, 0x0000017118c7afd0, 0x0000017118c7eae0, 0x0000017118c7b660,
0x0000017118c7f170, 0x0000017118c818d0, 0x000001711bdfbe30, 0x000001711bdfd870,
0x000001711bdfdf00, 0x000001711bdfcb50, 0x000001711bdfaa80, 0x000001711bdfe590,
0x000001711bdfb110, 0x000001711bdfb7a0, 0x000001711bdfffd0, 0x000001711be00660,
0x000001711bdff2b0, 0x000001711be00cf0, 0x000001711be01380, 0x000001711bdff940,
0x000001711be01a10, 0x000001711bdfec20, 0x0000017118c81f60, 0x0000017118c7f800,
0x0000017118c7fe90, 0x0000017118c80520, 0x0000017118c81240, 0x0000017118c80bb0,
0x000001711d0e9980, 0x000001711d0e7220, 0x000001711d313d60, 0x000001711d316b50,
0x000001711d314a80, 0x000001711d315110, 0x000001711d3171e0, 0x000001711d3157a0,
0x000001711d3164c0, 0x000001711d317870, 0x000001711d3143f0, 0x000001711d317f00,
0x000001711d318c20, 0x000001711d318590, 0x000001711d31cdc0, 0x000001711d319940,
0x000001711d31a660, 0x000001711d31c730, 0x000001711d31acf0, 0x000001711d31b380,
0x000001711d31d450, 0x000001711d319fd0, 0x000001711d31ee90, 0x000001711d322310,
0x000001711d321c80, 0x000001711d320240, 0x000001711bdfd1e0, 0x000001711d320f60,
0x000001712341ef70, 0x0000017124064420, 0x000001712341d530, 0x000001712341e8e0,
0x000001712341baf0, 0x00000171234223f0, 0x00000171234216d0, 0x0000017123422a80,
0x0000017123423110, 0x00000171240678a0, 0x0000017124067f30, 0x0000017124064ab0,
0x00000171240692e0, 0x000001712406a000, 0x00000171240685c0, 0x000001712406ba40,
0x00000171234209b0, 0x00000171243a3f90, 0x0000017122463780, 0x0000017122465990,
0x00000171243a4620, 0x00000171243a6d80, 0x00000171243a6060, 0x00000171243a66f0,
0x00000171243a59d0, 0x00000171243a7410
}

Java Threads: ( => current thread )
  0x00000170ae40bab0 JavaThread "main"                              [_thread_blocked, id=18164, stack(0x00000039af200000,0x00000039af300000) (1024K)]
  0x00000170cf433410 JavaThread "Reference Handler"          daemon [_thread_blocked, id=29904, stack(0x00000039afa00000,0x00000039afb00000) (1024K)]
  0x00000170cf433b80 JavaThread "Finalizer"                  daemon [_thread_blocked, id=7104, stack(0x00000039afb00000,0x00000039afc00000) (1024K)]
  0x00000170cf436da0 JavaThread "Signal Dispatcher"          daemon [_thread_blocked, id=33664, stack(0x00000039afc00000,0x00000039afd00000) (1024K)]
  0x00000170cf437e10 JavaThread "Attach Listener"            daemon [_thread_blocked, id=19544, stack(0x00000039afd00000,0x00000039afe00000) (1024K)]
  0x00000170cf43d4a0 JavaThread "Service Thread"             daemon [_thread_blocked, id=20408, stack(0x00000039afe00000,0x00000039aff00000) (1024K)]
  0x00000170cf4402c0 JavaThread "Monitor Deflation Thread"   daemon [_thread_blocked, id=16368, stack(0x00000039aff00000,0x00000039b0000000) (1024K)]
  0x00000170cf440c60 JavaThread "C2 CompilerThread0"         daemon [_thread_blocked, id=12588, stack(0x00000039b0000000,0x00000039b0100000) (1024K)]
  0x00000170cf441e10 JavaThread "C1 CompilerThread0"         daemon [_thread_blocked, id=33660, stack(0x00000039b0100000,0x00000039b0200000) (1024K)]
  0x00000171150ea180 JavaThread "Common-Cleaner"             daemon [_thread_blocked, id=15008, stack(0x00000039b0200000,0x00000039b0300000) (1024K)]
  0x00000171152602f0 JavaThread "Notification Thread"        daemon [_thread_blocked, id=28644, stack(0x00000039b0300000,0x00000039b0400000) (1024K)]
  0x00000171169ab0d0 JavaThread "Daemon health stats"               [_thread_blocked, id=25820, stack(0x00000039b0b00000,0x00000039b0c00000) (1024K)]
  0x0000017116b023b0 JavaThread "Incoming local TCP Connector on port 55079"        [_thread_in_native, id=32852, stack(0x00000039b0f00000,0x00000039b1000000) (1024K)]
  0x0000017116d84ba0 JavaThread "Daemon periodic checks"            [_thread_blocked, id=21804, stack(0x00000039b1000000,0x00000039b1100000) (1024K)]
  0x0000017116d94600 JavaThread "Daemon"                            [_thread_blocked, id=6484, stack(0x00000039b0400000,0x00000039b0500000) (1024K)]
  0x0000017116db7d70 JavaThread "Handler for socket connection from /127.0.0.1:55079 to /127.0.0.1:55080"        [_thread_in_native, id=4996, stack(0x00000039b0500000,0x00000039b0600000) (1024K)]
  0x0000017116db6100 JavaThread "Cancel handler"                    [_thread_blocked, id=15784, stack(0x00000039b1100000,0x00000039b1200000) (1024K)]
  0x0000017116d52160 JavaThread "Daemon worker"                     [_thread_blocked, id=28156, stack(0x00000039b1200000,0x00000039b1300000) (1024K)]
  0x0000017116d60d50 JavaThread "Asynchronous log dispatcher for DefaultDaemonConnection: socket connection from /127.0.0.1:55079 to /127.0.0.1:55080"        [_thread_blocked, id=29660, stack(0x00000039b1300000,0x00000039b1400000) (1024K)]
  0x0000017116d606c0 JavaThread "Stdin handler"                     [_thread_blocked, id=19784, stack(0x00000039b1400000,0x00000039b1500000) (1024K)]
  0x0000017116d5f9a0 JavaThread "Daemon client event forwarder"        [_thread_blocked, id=23308, stack(0x00000039b1500000,0x00000039b1600000) (1024K)]
  0x0000017116d5ec80 JavaThread "Cache worker for journal cache (D:\.gradle\caches\journal-1)"        [_thread_blocked, id=12952, stack(0x00000039b1600000,0x00000039b1700000) (1024K)]
  0x0000017116d5f310 JavaThread "File lock request listener"        [_thread_in_native, id=18228, stack(0x00000039b1700000,0x00000039b1800000) (1024K)]
  0x0000017116d5e5f0 JavaThread "Cache worker for file hash cache (D:\.gradle\caches\8.10.2\fileHashes)"        [_thread_blocked, id=30136, stack(0x00000039b1800000,0x00000039b1900000) (1024K)]
  0x0000017116d61a70 JavaThread "File lock release action executor"        [_thread_blocked, id=15468, stack(0x00000039b1a00000,0x00000039b1b00000) (1024K)]
  0x0000017116d60030 JavaThread "Cache worker for file hash cache (D:\Diploma\Final Project\FixMate\.gradle\8.10.2\fileHashes)"        [_thread_blocked, id=4104, stack(0x00000039b1e00000,0x00000039b1f00000) (1024K)]
  0x0000017116e7c640 JavaThread "Cache worker for Build Output Cleanup Cache (D:\Diploma\Final Project\FixMate\.gradle\buildOutputCleanup)"        [_thread_blocked, id=8264, stack(0x00000039b1f00000,0x00000039b2000000) (1024K)]
  0x0000017116e7ccd0 JavaThread "File watcher server"        daemon [_thread_blocked, id=15780, stack(0x00000039b1900000,0x00000039b1a00000) (1024K)]
  0x0000017116e7d360 JavaThread "File watcher consumer"      daemon [_thread_blocked, id=27884, stack(0x00000039b2000000,0x00000039b2100000) (1024K)]
  0x0000017116e7d9f0 JavaThread "Cache worker for checksums cache (D:\Diploma\Final Project\FixMate\.gradle\8.10.2\checksums)"        [_thread_blocked, id=4244, stack(0x00000039b2100000,0x00000039b2200000) (1024K)]
  0x0000017116e7e080 JavaThread "Cache worker for file content cache (D:\.gradle\caches\8.10.2\fileContent)"        [_thread_blocked, id=1708, stack(0x00000039b2200000,0x00000039b2300000) (1024K)]
  0x0000017116e7e710 JavaThread "Cache worker for cache directory md-rule (D:\.gradle\caches\8.10.2\md-rule)"        [_thread_blocked, id=18552, stack(0x00000039b2300000,0x00000039b2400000) (1024K)]
  0x0000017116e7eda0 JavaThread "Cache worker for cache directory md-supplier (D:\.gradle\caches\8.10.2\md-supplier)"        [_thread_blocked, id=4832, stack(0x00000039b2400000,0x00000039b2500000) (1024K)]
  0x0000017116e7fac0 JavaThread "Unconstrained build operations"        [_thread_blocked, id=17288, stack(0x00000039b2700000,0x00000039b2800000) (1024K)]
  0x0000017116e807e0 JavaThread "Unconstrained build operations Thread 2"        [_thread_blocked, id=28472, stack(0x00000039b2800000,0x00000039b2900000) (1024K)]
  0x0000017116e835d0 JavaThread "Unconstrained build operations Thread 3"        [_thread_blocked, id=5772, stack(0x00000039b2900000,0x00000039b2a00000) (1024K)]
  0x0000017116e80150 JavaThread "Unconstrained build operations Thread 4"        [_thread_blocked, id=11568, stack(0x00000039b2a00000,0x00000039b2b00000) (1024K)]
  0x0000017116e80e70 JavaThread "Unconstrained build operations Thread 5"        [_thread_blocked, id=16092, stack(0x00000039b2b00000,0x00000039b2c00000) (1024K)]
  0x0000017116e81500 JavaThread "Unconstrained build operations Thread 6"        [_thread_blocked, id=3992, stack(0x00000039b2c00000,0x00000039b2d00000) (1024K)]
  0x0000017118562800 JavaThread "Unconstrained build operations Thread 7"        [_thread_blocked, id=31656, stack(0x00000039b2d00000,0x00000039b2e00000) (1024K)]
  0x00000171185600a0 JavaThread "Unconstrained build operations Thread 8"        [_thread_blocked, id=31388, stack(0x00000039b2e00000,0x00000039b2f00000) (1024K)]
  0x0000017118563520 JavaThread "Unconstrained build operations Thread 9"        [_thread_blocked, id=11316, stack(0x00000039b2f00000,0x00000039b3000000) (1024K)]
  0x0000017118562e90 JavaThread "Unconstrained build operations Thread 10"        [_thread_blocked, id=17596, stack(0x00000039b3000000,0x00000039b3100000) (1024K)]
  0x0000017118563bb0 JavaThread "Unconstrained build operations Thread 11"        [_thread_blocked, id=24160, stack(0x00000039b3100000,0x00000039b3200000) (1024K)]
  0x0000017118560dc0 JavaThread "Unconstrained build operations Thread 12"        [_thread_blocked, id=6104, stack(0x00000039b3200000,0x00000039b3300000) (1024K)]
  0x0000017118560730 JavaThread "Unconstrained build operations Thread 13"        [_thread_blocked, id=24808, stack(0x00000039b3300000,0x00000039b3400000) (1024K)]
  0x0000017118564240 JavaThread "Unconstrained build operations Thread 14"        [_thread_blocked, id=20548, stack(0x00000039b3400000,0x00000039b3500000) (1024K)]
  0x00000171185648d0 JavaThread "Unconstrained build operations Thread 15"        [_thread_blocked, id=16872, stack(0x00000039b3500000,0x00000039b3600000) (1024K)]
  0x0000017118561ae0 JavaThread "Unconstrained build operations Thread 16"        [_thread_blocked, id=13996, stack(0x00000039b3600000,0x00000039b3700000) (1024K)]
  0x0000017118561450 JavaThread "Unconstrained build operations Thread 17"        [_thread_blocked, id=14324, stack(0x00000039b3700000,0x00000039b3800000) (1024K)]
  0x0000017118564f60 JavaThread "Unconstrained build operations Thread 18"        [_thread_blocked, id=11580, stack(0x00000039b3800000,0x00000039b3900000) (1024K)]
  0x00000171185655f0 JavaThread "Unconstrained build operations Thread 19"        [_thread_blocked, id=29940, stack(0x00000039b3900000,0x00000039b3a00000) (1024K)]
  0x0000017118562170 JavaThread "Unconstrained build operations Thread 20"        [_thread_blocked, id=18156, stack(0x00000039b3a00000,0x00000039b3b00000) (1024K)]
  0x00000171185676c0 JavaThread "Unconstrained build operations Thread 21"        [_thread_blocked, id=31116, stack(0x00000039b3b00000,0x00000039b3c00000) (1024K)]
  0x0000017118565c80 JavaThread "Unconstrained build operations Thread 22"        [_thread_blocked, id=10840, stack(0x00000039b3c00000,0x00000039b3d00000) (1024K)]
  0x0000017118566310 JavaThread "Unconstrained build operations Thread 23"        [_thread_blocked, id=28936, stack(0x00000039b3d00000,0x00000039b3e00000) (1024K)]
  0x00000171185669a0 JavaThread "Unconstrained build operations Thread 24"        [_thread_blocked, id=23644, stack(0x00000039b3e00000,0x00000039b3f00000) (1024K)]
  0x0000017118567030 JavaThread "Unconstrained build operations Thread 25"        [_thread_blocked, id=8060, stack(0x00000039b3f00000,0x00000039b4000000) (1024K)]
  0x000001711c3f5b40 JavaThread "Unconstrained build operations Thread 26"        [_thread_blocked, id=20860, stack(0x00000039b4000000,0x00000039b4100000) (1024K)]
  0x000001711c3f3a70 JavaThread "Unconstrained build operations Thread 27"        [_thread_blocked, id=18668, stack(0x00000039b4100000,0x00000039b4200000) (1024K)]
  0x000001711c3f54b0 JavaThread "Unconstrained build operations Thread 28"        [_thread_blocked, id=7932, stack(0x00000039b4200000,0x00000039b4300000) (1024K)]
  0x000001711c3f61d0 JavaThread "Unconstrained build operations Thread 29"        [_thread_blocked, id=12908, stack(0x00000039b4300000,0x00000039b4400000) (1024K)]
  0x000001711c3f4100 JavaThread "Unconstrained build operations Thread 30"        [_thread_blocked, id=18844, stack(0x00000039b4400000,0x00000039b4500000) (1024K)]
  0x000001711c3f4e20 JavaThread "Unconstrained build operations Thread 31"        [_thread_blocked, id=22152, stack(0x00000039b4500000,0x00000039b4600000) (1024K)]
  0x000001711c3f4790 JavaThread "Unconstrained build operations Thread 32"        [_thread_blocked, id=19012, stack(0x00000039b4600000,0x00000039b4700000) (1024K)]
  0x000001711c3f33e0 JavaThread "Unconstrained build operations Thread 33"        [_thread_blocked, id=29632, stack(0x00000039b4700000,0x00000039b4800000) (1024K)]
  0x000001711c3f7580 JavaThread "Memory manager"                    [_thread_blocked, id=15552, stack(0x00000039b2600000,0x00000039b2700000) (1024K)]
  0x0000017117707110 JavaThread "build event listener"              [_thread_blocked, id=16080, stack(0x00000039b4800000,0x00000039b4900000) (1024K)]
  0x000001711ceb3530 JavaThread "pool-3-thread-1"                   [_thread_blocked, id=22904, stack(0x00000039b4a00000,0x00000039b4b00000) (1024K)]
  0x000001711ceb4f70 JavaThread "build event listener"              [_thread_blocked, id=26336, stack(0x00000039b4b00000,0x00000039b4c00000) (1024K)]
  0x000001711ceb5c90 JavaThread "included builds"                   [_thread_blocked, id=4964, stack(0x00000039b4c00000,0x00000039b4d00000) (1024K)]
  0x000001711ceb4250 JavaThread "Execution worker"                  [_thread_blocked, id=26784, stack(0x00000039b4d00000,0x00000039b4e00000) (1024K)]
  0x000001711ceb48e0 JavaThread "Execution worker Thread 2"         [_thread_blocked, id=17236, stack(0x00000039b4e00000,0x00000039b4f00000) (1024K)]
  0x000001711ceb6320 JavaThread "Execution worker Thread 3"         [_thread_blocked, id=14344, stack(0x00000039b4f00000,0x00000039b5000000) (1024K)]
  0x000001711ceb5600 JavaThread "Execution worker Thread 4"         [_thread_blocked, id=19744, stack(0x00000039b5000000,0x00000039b5100000) (1024K)]
  0x000001711ceb2ea0 JavaThread "Execution worker Thread 5"         [_thread_blocked, id=16160, stack(0x00000039b5100000,0x00000039b5200000) (1024K)]
  0x000001711ceb8a80 JavaThread "Execution worker Thread 6"         [_thread_blocked, id=14480, stack(0x00000039b5200000,0x00000039b5300000) (1024K)]
  0x000001711ceb76d0 JavaThread "Execution worker Thread 7"         [_thread_blocked, id=19424, stack(0x00000039b5300000,0x00000039b5400000) (1024K)]
  0x000001711ceb97a0 JavaThread "Execution worker Thread 8"         [_thread_blocked, id=32740, stack(0x00000039b5400000,0x00000039b5500000) (1024K)]
  0x000001711ceb83f0 JavaThread "Execution worker Thread 9"         [_thread_blocked, id=27944, stack(0x00000039b5500000,0x00000039b5600000) (1024K)]
  0x000001711ceb69b0 JavaThread "Execution worker Thread 10"        [_thread_blocked, id=31696, stack(0x00000039b5600000,0x00000039b5700000) (1024K)]
  0x000001711ceb7040 JavaThread "Execution worker Thread 11"        [_thread_blocked, id=23060, stack(0x00000039b5700000,0x00000039b5800000) (1024K)]
  0x000001711ceb9e30 JavaThread "Cache worker for execution history cache (D:\Diploma\Final Project\FixMate\.gradle\8.10.2\executionHistory)"        [_thread_blocked, id=29140, stack(0x00000039b5800000,0x00000039b5900000) (1024K)]
  0x000001711ceba4c0 JavaThread "Unconstrained build operations Thread 34"        [_thread_blocked, id=27072, stack(0x00000039b5900000,0x00000039b5a00000) (1024K)]
  0x000001711ceb7d60 JavaThread "Unconstrained build operations Thread 35"        [_thread_blocked, id=23372, stack(0x00000039b5a00000,0x00000039b5b00000) (1024K)]
  0x0000017117705040 JavaThread "Unconstrained build operations Thread 36"        [_thread_blocked, id=32416, stack(0x00000039b5b00000,0x00000039b5c00000) (1024K)]
  0x0000017117706a80 JavaThread "Unconstrained build operations Thread 37"        [_thread_blocked, id=18016, stack(0x00000039b5c00000,0x00000039b5d00000) (1024K)]
  0x0000017117709f00 JavaThread "Unconstrained build operations Thread 38"        [_thread_blocked, id=24864, stack(0x00000039b5d00000,0x00000039b5e00000) (1024K)]
  0x000001711770ac20 JavaThread "Unconstrained build operations Thread 39"        [_thread_blocked, id=30420, stack(0x00000039b5e00000,0x00000039b5f00000) (1024K)]
  0x000001711770b2b0 JavaThread "Unconstrained build operations Thread 40"        [_thread_blocked, id=5940, stack(0x00000039b5f00000,0x00000039b6000000) (1024K)]
  0x0000017117707e30 JavaThread "Unconstrained build operations Thread 41"        [_thread_blocked, id=29340, stack(0x00000039b6000000,0x00000039b6100000) (1024K)]
  0x000001711770bfd0 JavaThread "Unconstrained build operations Thread 42"        [_thread_blocked, id=25912, stack(0x00000039b6100000,0x00000039b6200000) (1024K)]
  0x000001711770c660 JavaThread "Unconstrained build operations Thread 43"        [_thread_blocked, id=28516, stack(0x00000039b6200000,0x00000039b6300000) (1024K)]
  0x000001711c3faa00 JavaThread "Unconstrained build operations Thread 44"        [_thread_blocked, id=18320, stack(0x00000039b6300000,0x00000039b6400000) (1024K)]
  0x000001711d0ea6a0 JavaThread "Unconstrained build operations Thread 45"        [_thread_blocked, id=26944, stack(0x00000039b6400000,0x00000039b6500000) (1024K)]
  0x000001711d0e8c60 JavaThread "Unconstrained build operations Thread 46"        [_thread_blocked, id=18936, stack(0x00000039b6500000,0x00000039b6600000) (1024K)]
  0x000001711d0e78b0 JavaThread "Unconstrained build operations Thread 47"        [_thread_blocked, id=6016, stack(0x00000039b6600000,0x00000039b6700000) (1024K)]
  0x000001711d0e7f40 JavaThread "Unconstrained build operations Thread 48"        [_thread_blocked, id=30728, stack(0x00000039b6700000,0x00000039b6800000) (1024K)]
  0x000001711d0e92f0 JavaThread "Unconstrained build operations Thread 49"        [_thread_blocked, id=16424, stack(0x00000039b6800000,0x00000039b6900000) (1024K)]
  0x000001711ceb3bc0 JavaThread "Unconstrained build operations Thread 50"        [_thread_blocked, id=17068, stack(0x00000039b6900000,0x00000039b6a00000) (1024K)]
  0x0000017119ea8080 JavaThread "Unconstrained build operations Thread 51"        [_thread_blocked, id=30124, stack(0x00000039b6a00000,0x00000039b6b00000) (1024K)]
  0x0000017119ea6640 JavaThread "Unconstrained build operations Thread 52"        [_thread_blocked, id=23732, stack(0x00000039b6b00000,0x00000039b6c00000) (1024K)]
  0x0000017119ea5fb0 JavaThread "Unconstrained build operations Thread 53"        [_thread_blocked, id=17468, stack(0x00000039b6c00000,0x00000039b6d00000) (1024K)]
  0x0000017119ea5290 JavaThread "Unconstrained build operations Thread 54"        [_thread_blocked, id=32156, stack(0x00000039b6d00000,0x00000039b6e00000) (1024K)]
  0x0000017119ea6cd0 JavaThread "Unconstrained build operations Thread 55"        [_thread_blocked, id=26232, stack(0x00000039b6e00000,0x00000039b6f00000) (1024K)]
  0x0000017119ea7360 JavaThread "Unconstrained build operations Thread 56"        [_thread_blocked, id=31000, stack(0x00000039b6f00000,0x00000039b7000000) (1024K)]
  0x0000017119ea8710 JavaThread "Unconstrained build operations Thread 57"        [_thread_blocked, id=1256, stack(0x00000039b7000000,0x00000039b7100000) (1024K)]
  0x0000017119ea79f0 JavaThread "Unconstrained build operations Thread 58"        [_thread_blocked, id=31512, stack(0x00000039b7100000,0x00000039b7200000) (1024K)]
  0x0000017119ea8da0 JavaThread "Unconstrained build operations Thread 59"        [_thread_blocked, id=32868, stack(0x00000039b7200000,0x00000039b7300000) (1024K)]
  0x0000017119ea5920 JavaThread "Unconstrained build operations Thread 60"        [_thread_blocked, id=22888, stack(0x00000039b7300000,0x00000039b7400000) (1024K)]
  0x0000017119ea9430 JavaThread "Unconstrained build operations Thread 61"        [_thread_blocked, id=7288, stack(0x00000039b7400000,0x00000039b7500000) (1024K)]
  0x0000017119eaae70 JavaThread "Unconstrained build operations Thread 62"        [_thread_blocked, id=22028, stack(0x00000039b7500000,0x00000039b7600000) (1024K)]
  0x0000017119eac220 JavaThread "Unconstrained build operations Thread 63"        [_thread_blocked, id=26116, stack(0x00000039b7600000,0x00000039b7700000) (1024K)]
  0x0000017119eaa150 JavaThread "Unconstrained build operations Thread 64"        [_thread_blocked, id=14584, stack(0x00000039b7700000,0x00000039b7800000) (1024K)]
  0x0000017119ea9ac0 JavaThread "Unconstrained build operations Thread 65"        [_thread_blocked, id=10312, stack(0x00000039b7800000,0x00000039b7900000) (1024K)]
  0x0000017119eaa7e0 JavaThread "Unconstrained build operations Thread 66"        [_thread_blocked, id=6600, stack(0x00000039b7900000,0x00000039b7a00000) (1024K)]
  0x0000017119eab500 JavaThread "Unconstrained build operations Thread 67"        [_thread_blocked, id=18396, stack(0x00000039b7a00000,0x00000039b7b00000) (1024K)]
  0x0000017119eabb90 JavaThread "Unconstrained build operations Thread 68"        [_thread_blocked, id=30240, stack(0x00000039b7b00000,0x00000039b7c00000) (1024K)]
  0x0000017118c7a940 JavaThread "Unconstrained build operations Thread 69"        [_thread_blocked, id=33236, stack(0x00000039b7c00000,0x00000039b7d00000) (1024K)]
  0x0000017118c7c380 JavaThread "Unconstrained build operations Thread 70"        [_thread_blocked, id=18032, stack(0x00000039b7d00000,0x00000039b7e00000) (1024K)]
  0x0000017118c7bcf0 JavaThread "Unconstrained build operations Thread 71"        [_thread_blocked, id=16504, stack(0x00000039b7e00000,0x00000039b7f00000) (1024K)]
  0x0000017118c7d0a0 JavaThread "Unconstrained build operations Thread 72"        [_thread_blocked, id=23584, stack(0x00000039b7f00000,0x00000039b8000000) (1024K)]
  0x0000017118c7d730 JavaThread "Unconstrained build operations Thread 73"        [_thread_blocked, id=17504, stack(0x00000039b8000000,0x00000039b8100000) (1024K)]
  0x0000017118c7ddc0 JavaThread "Unconstrained build operations Thread 74"        [_thread_blocked, id=24444, stack(0x00000039b8100000,0x00000039b8200000) (1024K)]
  0x0000017118c7e450 JavaThread "Unconstrained build operations Thread 75"        [_thread_blocked, id=13520, stack(0x00000039b8200000,0x00000039b8300000) (1024K)]
  0x0000017118c7afd0 JavaThread "Unconstrained build operations Thread 76"        [_thread_blocked, id=22120, stack(0x00000039b8300000,0x00000039b8400000) (1024K)]
  0x0000017118c7eae0 JavaThread "Unconstrained build operations Thread 77"        [_thread_blocked, id=352, stack(0x00000039b8400000,0x00000039b8500000) (1024K)]
  0x0000017118c7b660 JavaThread "Unconstrained build operations Thread 78"        [_thread_blocked, id=10760, stack(0x00000039b8500000,0x00000039b8600000) (1024K)]
  0x0000017118c7f170 JavaThread "Unconstrained build operations Thread 79"        [_thread_blocked, id=16996, stack(0x00000039b8600000,0x00000039b8700000) (1024K)]
  0x0000017118c818d0 JavaThread "Unconstrained build operations Thread 80"        [_thread_blocked, id=2876, stack(0x00000039b8700000,0x00000039b8800000) (1024K)]
  0x000001711bdfbe30 JavaThread "WorkerExecutor Queue"              [_thread_blocked, id=27136, stack(0x00000039b8800000,0x00000039b8900000) (1024K)]
  0x000001711bdfd870 JavaThread "Unconstrained build operations Thread 81"        [_thread_blocked, id=20060, stack(0x00000039b8900000,0x00000039b8a00000) (1024K)]
  0x000001711bdfdf00 JavaThread "Unconstrained build operations Thread 82"        [_thread_blocked, id=15212, stack(0x00000039b8a00000,0x00000039b8b00000) (1024K)]
  0x000001711bdfcb50 JavaThread "Unconstrained build operations Thread 83"        [_thread_blocked, id=18848, stack(0x00000039b8b00000,0x00000039b8c00000) (1024K)]
  0x000001711bdfaa80 JavaThread "Unconstrained build operations Thread 84"        [_thread_blocked, id=26340, stack(0x00000039b8c00000,0x00000039b8d00000) (1024K)]
  0x000001711bdfe590 JavaThread "Unconstrained build operations Thread 85"        [_thread_blocked, id=30512, stack(0x00000039b8d00000,0x00000039b8e00000) (1024K)]
  0x000001711bdfb110 JavaThread "Unconstrained build operations Thread 86"        [_thread_blocked, id=31232, stack(0x00000039b8e00000,0x00000039b8f00000) (1024K)]
  0x000001711bdfb7a0 JavaThread "Unconstrained build operations Thread 87"        [_thread_blocked, id=6504, stack(0x00000039b8f00000,0x00000039b9000000) (1024K)]
  0x000001711bdfffd0 JavaThread "Unconstrained build operations Thread 88"        [_thread_blocked, id=16632, stack(0x00000039b9000000,0x00000039b9100000) (1024K)]
  0x000001711be00660 JavaThread "Unconstrained build operations Thread 89"        [_thread_blocked, id=1876, stack(0x00000039b9100000,0x00000039b9200000) (1024K)]
  0x000001711bdff2b0 JavaThread "Unconstrained build operations Thread 90"        [_thread_blocked, id=29096, stack(0x00000039b9200000,0x00000039b9300000) (1024K)]
  0x000001711be00cf0 JavaThread "Unconstrained build operations Thread 91"        [_thread_blocked, id=14224, stack(0x00000039b9300000,0x00000039b9400000) (1024K)]
  0x000001711be01380 JavaThread "Unconstrained build operations Thread 92"        [_thread_blocked, id=18424, stack(0x00000039b9400000,0x00000039b9500000) (1024K)]
  0x000001711bdff940 JavaThread "Unconstrained build operations Thread 93"        [_thread_blocked, id=25448, stack(0x00000039b9500000,0x00000039b9600000) (1024K)]
  0x000001711be01a10 JavaThread "Unconstrained build operations Thread 94"        [_thread_blocked, id=10508, stack(0x00000039b9600000,0x00000039b9700000) (1024K)]
  0x000001711bdfec20 JavaThread "Unconstrained build operations Thread 95"        [_thread_blocked, id=33480, stack(0x00000039b9700000,0x00000039b9800000) (1024K)]
  0x0000017118c81f60 JavaThread "Unconstrained build operations Thread 96"        [_thread_blocked, id=2056, stack(0x00000039b9800000,0x00000039b9900000) (1024K)]
  0x0000017118c7f800 JavaThread "Unconstrained build operations Thread 97"        [_thread_blocked, id=16276, stack(0x00000039b9900000,0x00000039b9a00000) (1024K)]
  0x0000017118c7fe90 JavaThread "Unconstrained build operations Thread 98"        [_thread_blocked, id=5452, stack(0x00000039b9a00000,0x00000039b9b00000) (1024K)]
  0x0000017118c80520 JavaThread "Unconstrained build operations Thread 99"        [_thread_blocked, id=18616, stack(0x00000039b9b00000,0x00000039b9c00000) (1024K)]
  0x0000017118c81240 JavaThread "Unconstrained build operations Thread 100"        [_thread_blocked, id=18564, stack(0x00000039b9c00000,0x00000039b9d00000) (1024K)]
  0x0000017118c80bb0 JavaThread "Unconstrained build operations Thread 101"        [_thread_blocked, id=11068, stack(0x00000039b9d00000,0x00000039b9e00000) (1024K)]
  0x000001711d0e9980 JavaThread "Unconstrained build operations Thread 102"        [_thread_blocked, id=19928, stack(0x00000039b9e00000,0x00000039b9f00000) (1024K)]
  0x000001711d0e7220 JavaThread "Unconstrained build operations Thread 103"        [_thread_blocked, id=18764, stack(0x00000039b9f00000,0x00000039ba000000) (1024K)]
  0x000001711d313d60 JavaThread "Unconstrained build operations Thread 104"        [_thread_blocked, id=23720, stack(0x00000039ba000000,0x00000039ba100000) (1024K)]
  0x000001711d316b50 JavaThread "Unconstrained build operations Thread 105"        [_thread_blocked, id=10220, stack(0x00000039ba100000,0x00000039ba200000) (1024K)]
  0x000001711d314a80 JavaThread "Unconstrained build operations Thread 106"        [_thread_blocked, id=23160, stack(0x00000039ba200000,0x00000039ba300000) (1024K)]
  0x000001711d315110 JavaThread "Unconstrained build operations Thread 107"        [_thread_blocked, id=16164, stack(0x00000039ba300000,0x00000039ba400000) (1024K)]
  0x000001711d3171e0 JavaThread "Unconstrained build operations Thread 108"        [_thread_blocked, id=13416, stack(0x00000039ba400000,0x00000039ba500000) (1024K)]
  0x000001711d3157a0 JavaThread "Unconstrained build operations Thread 109"        [_thread_blocked, id=28272, stack(0x00000039ba500000,0x00000039ba600000) (1024K)]
  0x000001711d3164c0 JavaThread "Unconstrained build operations Thread 110"        [_thread_blocked, id=19168, stack(0x00000039ba600000,0x00000039ba700000) (1024K)]
  0x000001711d317870 JavaThread "Unconstrained build operations Thread 111"        [_thread_blocked, id=30344, stack(0x00000039ba700000,0x00000039ba800000) (1024K)]
  0x000001711d3143f0 JavaThread "Unconstrained build operations Thread 112"        [_thread_blocked, id=21156, stack(0x00000039ba800000,0x00000039ba900000) (1024K)]
  0x000001711d317f00 JavaThread "Unconstrained build operations Thread 113"        [_thread_blocked, id=20752, stack(0x00000039ba900000,0x00000039baa00000) (1024K)]
  0x000001711d318c20 JavaThread "Unconstrained build operations Thread 114"        [_thread_blocked, id=15588, stack(0x00000039baa00000,0x00000039bab00000) (1024K)]
  0x000001711d318590 JavaThread "Unconstrained build operations Thread 115"        [_thread_blocked, id=23336, stack(0x00000039bab00000,0x00000039bac00000) (1024K)]
  0x000001711d31cdc0 JavaThread "Unconstrained build operations Thread 116"        [_thread_blocked, id=25152, stack(0x00000039bac00000,0x00000039bad00000) (1024K)]
  0x000001711d319940 JavaThread "Unconstrained build operations Thread 117"        [_thread_blocked, id=24912, stack(0x00000039bad00000,0x00000039bae00000) (1024K)]
  0x000001711d31a660 JavaThread "Unconstrained build operations Thread 118"        [_thread_blocked, id=22112, stack(0x00000039bae00000,0x00000039baf00000) (1024K)]
  0x000001711d31c730 JavaThread "Unconstrained build operations Thread 119"        [_thread_blocked, id=19124, stack(0x00000039baf00000,0x00000039bb000000) (1024K)]
  0x000001711d31acf0 JavaThread "Unconstrained build operations Thread 120"        [_thread_blocked, id=24296, stack(0x00000039bb000000,0x00000039bb100000) (1024K)]
  0x000001711d31b380 JavaThread "WorkerExecutor Queue Thread 2"        [_thread_blocked, id=26256, stack(0x00000039bb100000,0x00000039bb200000) (1024K)]
  0x000001711d31d450 JavaThread "pool-4-thread-1"                   [_thread_blocked, id=25768, stack(0x00000039bb200000,0x00000039bb300000) (1024K)]
  0x000001711d319fd0 JavaThread "stderr"                            [_thread_in_native, id=22240, stack(0x00000039bb300000,0x00000039bb400000) (1024K)]
  0x000001711d31ee90 JavaThread "stdout"                            [_thread_in_native, id=4580, stack(0x00000039bb400000,0x00000039bb500000) (1024K)]
  0x000001711d322310 JavaThread "WorkerExecutor Queue Thread 3"        [_thread_blocked, id=30936, stack(0x00000039bb500000,0x00000039bb600000) (1024K)]
  0x000001711d321c80 JavaThread "RMI Scheduler(0)"           daemon [_thread_blocked, id=2892, stack(0x00000039bb600000,0x00000039bb700000) (1024K)]
  0x000001711d320240 JavaThread "RMI GC Daemon"              daemon [_thread_blocked, id=9096, stack(0x00000039bb800000,0x00000039bb900000) (1024K)]
  0x000001711bdfd1e0 JavaThread "RMI TCP Accept-0"           daemon [_thread_in_native, id=32812, stack(0x00000039bb900000,0x00000039bba00000) (1024K)]
  0x000001711d320f60 JavaThread "RMI Reaper"                        [_thread_blocked, id=21348, stack(0x00000039bba00000,0x00000039bbb00000) (1024K)]
  0x000001712341ef70 JavaThread "RMI TCP Connection(idle)"   daemon [_thread_blocked, id=19732, stack(0x00000039bbb00000,0x00000039bbc00000) (1024K)]
  0x0000017124064420 JavaThread "WorkerExecutor Queue Thread 4"        [_thread_blocked, id=7748, stack(0x00000039bb700000,0x00000039bb800000) (1024K)]
  0x000001712341d530 JavaThread "WorkerExecutor Queue Thread 5"        [_thread_blocked, id=23232, stack(0x00000039bbc00000,0x00000039bbd00000) (1024K)]
  0x000001712341e8e0 JavaThread "RMI TCP Connection(2)-127.0.0.1" daemon [_thread_in_native, id=10444, stack(0x00000039bbe00000,0x00000039bbf00000) (1024K)]
  0x000001712341baf0 JavaThread "Cache worker for Java compile cache (D:\.gradle\caches\8.10.2\javaCompile)"        [_thread_blocked, id=19856, stack(0x00000039b4900000,0x00000039b4a00000) (1024K)]
  0x00000171234223f0 JavaThread "Build operations"                  [_thread_blocked, id=9820, stack(0x00000039aef00000,0x00000039af000000) (1024K)]
  0x00000171234216d0 JavaThread "Build operations Thread 2"         [_thread_blocked, id=16132, stack(0x00000039af000000,0x00000039af100000) (1024K)]
  0x0000017123422a80 JavaThread "Build operations Thread 3"         [_thread_blocked, id=32792, stack(0x00000039af100000,0x00000039af200000) (1024K)]
  0x0000017123423110 JavaThread "Build operations Thread 4"         [_thread_blocked, id=18584, stack(0x00000039bbd00000,0x00000039bbe00000) (1024K)]
  0x00000171240678a0 JavaThread "Build operations Thread 5"         [_thread_blocked, id=29860, stack(0x00000039bc200000,0x00000039bc300000) (1024K)]
  0x0000017124067f30 JavaThread "Build operations Thread 6"         [_thread_blocked, id=24956, stack(0x00000039bc300000,0x00000039bc400000) (1024K)]
  0x0000017124064ab0 JavaThread "Build operations Thread 7"         [_thread_blocked, id=32896, stack(0x00000039bc400000,0x00000039bc500000) (1024K)]
  0x00000171240692e0 JavaThread "Build operations Thread 8"         [_thread_blocked, id=17336, stack(0x00000039bc500000,0x00000039bc600000) (1024K)]
  0x000001712406a000 JavaThread "Build operations Thread 9"         [_thread_blocked, id=19820, stack(0x00000039bc600000,0x00000039bc700000) (1024K)]
  0x00000171240685c0 JavaThread "Build operations Thread 10"        [_thread_blocked, id=18492, stack(0x00000039bc700000,0x00000039bc800000) (1024K)]
  0x000001712406ba40 JavaThread "Build operations Thread 11"        [_thread_blocked, id=18348, stack(0x00000039bc800000,0x00000039bc900000) (1024K)]
  0x00000171234209b0 JavaThread "Build operations Thread 12"        [_thread_blocked, id=13088, stack(0x00000039bc100000,0x00000039bc200000) (1024K)]
  0x00000171243a3f90 JavaThread "WorkerExecutor Queue Thread 6"        [_thread_blocked, id=15332, stack(0x00000039bc900000,0x00000039bca00000) (1024K)]
  0x0000017122463780 JavaThread "C2 CompilerThread1"         daemon [_thread_blocked, id=18104, stack(0x00000039b2500000,0x00000039b2600000) (1024K)]
  0x0000017122465990 JavaThread "C2 CompilerThread2"         daemon [_thread_blocked, id=30524, stack(0x00000039bca00000,0x00000039bcb00000) (1024K)]
  0x00000171243a4620 JavaThread "WorkerExecutor Queue Thread 7"        [_thread_blocked, id=29512, stack(0x00000039bcc00000,0x00000039bcd00000) (1024K)]
  0x00000171243a6d80 JavaThread "WorkerExecutor Queue Thread 8"        [_thread_blocked, id=32912, stack(0x00000039bcd00000,0x00000039bce00000) (1024K)]
  0x00000171243a6060 JavaThread "WorkerExecutor Queue Thread 9"        [_thread_blocked, id=14452, stack(0x00000039bce00000,0x00000039bcf00000) (1024K)]
  0x00000171243a66f0 JavaThread "WorkerExecutor Queue Thread 10"        [_thread_blocked, id=7516, stack(0x00000039bcf00000,0x00000039bd000000) (1024K)]
  0x00000171243a59d0 JavaThread "WorkerExecutor Queue Thread 11"        [_thread_blocked, id=22684, stack(0x00000039bd000000,0x00000039bd100000) (1024K)]
  0x00000171243a7410 JavaThread "WorkerExecutor Queue Thread 12"        [_thread_blocked, id=18892, stack(0x00000039bd100000,0x00000039bd200000) (1024K)]
Total: 206

Other Threads:
=>0x00000170cf415ed0 VMThread "VM Thread"                           [id=29896, stack(0x00000039af900000,0x00000039afa00000) (1024K)]
  0x00000170cf3f9380 WatcherThread "VM Periodic Task Thread"        [id=22716, stack(0x00000039af800000,0x00000039af900000) (1024K)]
  0x00000170b080dbe0 WorkerThread "GC Thread#0"                     [id=14116, stack(0x00000039af300000,0x00000039af400000) (1024K)]
  0x00000171156658b0 WorkerThread "GC Thread#1"                     [id=26384, stack(0x00000039b0600000,0x00000039b0700000) (1024K)]
  0x00000171157b06e0 WorkerThread "GC Thread#2"                     [id=7864, stack(0x00000039b0700000,0x00000039b0800000) (1024K)]
  0x00000171157b0a80 WorkerThread "GC Thread#3"                     [id=3084, stack(0x00000039b0800000,0x00000039b0900000) (1024K)]
  0x00000171154632a0 WorkerThread "GC Thread#4"                     [id=24468, stack(0x00000039b0900000,0x00000039b0a00000) (1024K)]
  0x0000017115463640 WorkerThread "GC Thread#5"                     [id=27596, stack(0x00000039b0a00000,0x00000039b0b00000) (1024K)]
  0x0000017116c88dc0 WorkerThread "GC Thread#6"                     [id=17904, stack(0x00000039b0c00000,0x00000039b0d00000) (1024K)]
  0x0000017116c8d170 WorkerThread "GC Thread#7"                     [id=27752, stack(0x00000039b0d00000,0x00000039b0e00000) (1024K)]
  0x0000017116c8eb20 WorkerThread "GC Thread#8"                     [id=21152, stack(0x00000039b0e00000,0x00000039b0f00000) (1024K)]
  0x0000017116c8d900 WorkerThread "GC Thread#9"                     [id=19276, stack(0x00000039b1b00000,0x00000039b1c00000) (1024K)]
  0x00000170ae4ce2f0 ConcurrentGCThread "G1 Main Marker"            [id=20584, stack(0x00000039af400000,0x00000039af500000) (1024K)]
  0x00000170ae4ceba0 WorkerThread "G1 Conc#0"                       [id=27788, stack(0x00000039af500000,0x00000039af600000) (1024K)]
  0x0000017116c8e780 WorkerThread "G1 Conc#1"                       [id=17192, stack(0x00000039b1c00000,0x00000039b1d00000) (1024K)]
  0x0000017116c8e3e0 WorkerThread "G1 Conc#2"                       [id=22628, stack(0x00000039b1d00000,0x00000039b1e00000) (1024K)]
  0x00000170b085d1a0 ConcurrentGCThread "G1 Refine#0"               [id=18236, stack(0x00000039af600000,0x00000039af700000) (1024K)]
  0x00000170b085d6d0 ConcurrentGCThread "G1 Service"                [id=22600, stack(0x00000039af700000,0x00000039af800000) (1024K)]
Total: 18

Threads with active compile tasks:
C2 CompilerThread0    77821 28947       4       com.android.tools.r8.internal.eR::a (279 bytes)
C1 CompilerThread0    77821 29269       2       com.android.tools.r8.internal.Ws::a (928 bytes)
C2 CompilerThread1    77821 28980 %     4       com.android.tools.r8.internal.eR::a @ 1702 (3153 bytes)
C2 CompilerThread2    77821 28668 %     4       com.android.tools.r8.internal.v7::c @ 24 (2265 bytes)
Total: 4

VM state: at safepoint (normal execution)

VM Mutex/Monitor currently owned by a thread:  ([mutex/lock_event])
[0x00007ffafd0ca5f8] Threads_lock - owner thread: 0x00000170cf415ed0
[0x00007ffafd0ca6f8] Heap_lock - owner thread: 0x00000170ae4ce2f0

Heap address: 0x0000000700000000, size: 4096 MB, Compressed Oops mode: Zero based, Oop shift amount: 3

CDS archive(s) mapped at: [0x00000170d0000000-0x00000170d0c90000-0x00000170d0c90000), size 13172736, SharedBaseAddress: 0x00000170d0000000, ArchiveRelocationMode: 1.
Compressed class space mapped at: 0x00000170d1000000-0x0000017111000000, reserved size: 1073741824
Narrow klass base: 0x00000170d0000000, Narrow klass shift: 0, Narrow klass range: 0x100000000

GC Precious Log:
 CardTable entry size: 512
 Card Set container configuration: InlinePtr #cards 4 size 8 Array Of Cards #cards 16 size 48 Howl #buckets 8 coarsen threshold 3686 Howl Bitmap #cards 512 size 80 coarsen threshold 460 Card regions per heap region 1 cards per card region 4096
 CPUs: 12 total, 12 available
 Memory: 16016M
 Large Page Support: Disabled
 NUMA Support: Disabled
 Compressed Oops: Enabled (Zero based)
 Heap Region Size: 2M
 Heap Min Capacity: 8M
 Heap Initial Capacity: 252M
 Heap Max Capacity: 4G
 Pre-touch: Disabled
 Parallel Workers: 10
 Concurrent Workers: 3
 Concurrent Refinement Workers: 10
 Periodic GC: Disabled

Heap:
 garbage-first heap   total 651264K, used 410665K [0x0000000700000000, 0x0000000800000000)
  region size 2048K, 41 young (83968K), 6 survivors (12288K)
 Metaspace       used 176818K, committed 179648K, reserved 1245184K
  class space    used 24153K, committed 25536K, reserved 1048576K

Heap Regions: E=young(eden), S=young(survivor), O=old, HS=humongous(starts), HC=humongous(continues), CS=collection set, F=free, TAMS=top-at-mark-start, PB=parsable bottom
|   0|0x0000000700000000, 0x0000000700200000, 0x0000000700200000|100%|HS|  |TAMS 0x0000000700200000| PB 0x0000000700000000| Complete 
|   1|0x0000000700200000, 0x0000000700400000, 0x0000000700400000|100%|HC|  |TAMS 0x0000000700400000| PB 0x0000000700200000| Complete 
|   2|0x0000000700400000, 0x0000000700600000, 0x0000000700600000|100%| O|  |TAMS 0x0000000700600000| PB 0x0000000700600000| Untracked 
|   3|0x0000000700600000, 0x0000000700800000, 0x0000000700800000|100%| O|  |TAMS 0x0000000700800000| PB 0x0000000700800000| Untracked 
|   4|0x0000000700800000, 0x0000000700a00000, 0x0000000700a00000|100%| O|  |TAMS 0x0000000700a00000| PB 0x0000000700a00000| Untracked 
|   5|0x0000000700a00000, 0x0000000700c00000, 0x0000000700c00000|100%| O|  |TAMS 0x0000000700c00000| PB 0x0000000700c00000| Untracked 
|   6|0x0000000700c00000, 0x0000000700e00000, 0x0000000700e00000|100%| O|  |TAMS 0x0000000700e00000| PB 0x0000000700e00000| Untracked 
|   7|0x0000000700e00000, 0x0000000701000000, 0x0000000701000000|100%| O|  |TAMS 0x0000000701000000| PB 0x0000000701000000| Untracked 
|   8|0x0000000701000000, 0x0000000701200000, 0x0000000701200000|100%| O|  |TAMS 0x0000000701200000| PB 0x0000000701200000| Updating 
|   9|0x0000000701200000, 0x0000000701400000, 0x0000000701400000|100%| O|  |TAMS 0x0000000701400000| PB 0x0000000701400000| Updating 
|  10|0x0000000701400000, 0x0000000701600000, 0x0000000701600000|100%| O|  |TAMS 0x0000000701600000| PB 0x0000000701600000| Untracked 
|  11|0x0000000701600000, 0x0000000701800000, 0x0000000701800000|100%| O|  |TAMS 0x0000000701800000| PB 0x0000000701800000| Untracked 
|  12|0x0000000701800000, 0x0000000701a00000, 0x0000000701a00000|100%| O|  |TAMS 0x0000000701a00000| PB 0x0000000701a00000| Untracked 
|  13|0x0000000701a00000, 0x0000000701c00000, 0x0000000701c00000|100%| O|  |TAMS 0x0000000701c00000| PB 0x0000000701c00000| Updating 
|  14|0x0000000701c00000, 0x0000000701e00000, 0x0000000701e00000|100%| O|  |TAMS 0x0000000701e00000| PB 0x0000000701e00000| Untracked 
|  15|0x0000000701e00000, 0x0000000702000000, 0x0000000702000000|100%| O|  |TAMS 0x0000000702000000| PB 0x0000000702000000| Untracked 
|  16|0x0000000702000000, 0x0000000702200000, 0x0000000702200000|100%|HS|  |TAMS 0x0000000702200000| PB 0x0000000702000000| Complete 
|  17|0x0000000702200000, 0x0000000702400000, 0x0000000702400000|100%|HS|  |TAMS 0x0000000702400000| PB 0x0000000702200000| Complete 
|  18|0x0000000702400000, 0x0000000702600000, 0x0000000702600000|100%| O|  |TAMS 0x0000000702600000| PB 0x0000000702600000| Updating 
|  19|0x0000000702600000, 0x0000000702800000, 0x0000000702800000|100%| O|  |TAMS 0x0000000702800000| PB 0x0000000702800000| Untracked 
|  20|0x0000000702800000, 0x0000000702a00000, 0x0000000702a00000|100%| O|  |TAMS 0x0000000702a00000| PB 0x0000000702a00000| Untracked 
|  21|0x0000000702a00000, 0x0000000702c00000, 0x0000000702c00000|100%|HS|  |TAMS 0x0000000702c00000| PB 0x0000000702a00000| Complete 
|  22|0x0000000702c00000, 0x0000000702e00000, 0x0000000702e00000|100%|HC|  |TAMS 0x0000000702e00000| PB 0x0000000702c00000| Complete 
|  23|0x0000000702e00000, 0x0000000703000000, 0x0000000703000000|100%| O|  |TAMS 0x0000000703000000| PB 0x0000000703000000| Untracked 
|  24|0x0000000703000000, 0x0000000703200000, 0x0000000703200000|100%| O|  |TAMS 0x0000000703200000| PB 0x0000000703200000| Untracked 
|  25|0x0000000703200000, 0x0000000703400000, 0x0000000703400000|100%| O|  |TAMS 0x0000000703400000| PB 0x0000000703400000| Untracked 
|  26|0x0000000703400000, 0x0000000703600000, 0x0000000703600000|100%| O|  |TAMS 0x0000000703600000| PB 0x0000000703600000| Untracked 
|  27|0x0000000703600000, 0x0000000703800000, 0x0000000703800000|100%| O|  |TAMS 0x0000000703800000| PB 0x0000000703800000| Updating 
|  28|0x0000000703800000, 0x0000000703a00000, 0x0000000703a00000|100%| O|  |TAMS 0x0000000703a00000| PB 0x0000000703a00000| Untracked 
|  29|0x0000000703a00000, 0x0000000703c00000, 0x0000000703c00000|100%| O|  |TAMS 0x0000000703c00000| PB 0x0000000703c00000| Untracked 
|  30|0x0000000703c00000, 0x0000000703e00000, 0x0000000703e00000|100%| O|  |TAMS 0x0000000703e00000| PB 0x0000000703e00000| Untracked 
|  31|0x0000000703e00000, 0x0000000704000000, 0x0000000704000000|100%| O|  |TAMS 0x0000000704000000| PB 0x0000000704000000| Updating 
|  32|0x0000000704000000, 0x0000000704200000, 0x0000000704200000|100%| O|  |TAMS 0x0000000704200000| PB 0x0000000704200000| Untracked 
|  33|0x0000000704200000, 0x0000000704400000, 0x0000000704400000|100%| O|  |TAMS 0x0000000704400000| PB 0x0000000704400000| Untracked 
|  34|0x0000000704400000, 0x0000000704600000, 0x0000000704600000|100%| O|  |TAMS 0x0000000704600000| PB 0x0000000704600000| Untracked 
|  35|0x0000000704600000, 0x0000000704800000, 0x0000000704800000|100%|HS|  |TAMS 0x0000000704800000| PB 0x0000000704600000| Complete 
|  36|0x0000000704800000, 0x0000000704a00000, 0x0000000704a00000|100%|HC|  |TAMS 0x0000000704a00000| PB 0x0000000704800000| Complete 
|  37|0x0000000704a00000, 0x0000000704c00000, 0x0000000704c00000|100%| O|  |TAMS 0x0000000704c00000| PB 0x0000000704c00000| Untracked 
|  38|0x0000000704c00000, 0x0000000704e00000, 0x0000000704e00000|100%| O|  |TAMS 0x0000000704e00000| PB 0x0000000704e00000| Updating 
|  39|0x0000000704e00000, 0x0000000705000000, 0x0000000705000000|100%| O|  |TAMS 0x0000000705000000| PB 0x0000000705000000| Untracked 
|  40|0x0000000705000000, 0x0000000705200000, 0x0000000705200000|100%| O|  |TAMS 0x0000000705200000| PB 0x0000000705200000| Untracked 
|  41|0x0000000705200000, 0x0000000705400000, 0x0000000705400000|100%| O|  |TAMS 0x0000000705400000| PB 0x0000000705400000| Untracked 
|  42|0x0000000705400000, 0x0000000705600000, 0x0000000705600000|100%| O|  |TAMS 0x0000000705600000| PB 0x0000000705600000| Updating 
|  43|0x0000000705600000, 0x0000000705800000, 0x0000000705800000|100%| O|  |TAMS 0x0000000705800000| PB 0x0000000705800000| Untracked 
|  44|0x0000000705800000, 0x0000000705a00000, 0x0000000705a00000|100%| O|  |TAMS 0x0000000705a00000| PB 0x0000000705a00000| Untracked 
|  45|0x0000000705a00000, 0x0000000705c00000, 0x0000000705c00000|100%| O|  |TAMS 0x0000000705c00000| PB 0x0000000705c00000| Updating 
|  46|0x0000000705c00000, 0x0000000705e00000, 0x0000000705e00000|100%| O|  |TAMS 0x0000000705e00000| PB 0x0000000705e00000| Untracked 
|  47|0x0000000705e00000, 0x0000000706000000, 0x0000000706000000|100%| O|  |TAMS 0x0000000706000000| PB 0x0000000706000000| Updating 
|  48|0x0000000706000000, 0x0000000706200000, 0x0000000706200000|100%| O|  |TAMS 0x0000000706200000| PB 0x0000000706200000| Untracked 
|  49|0x0000000706200000, 0x0000000706400000, 0x0000000706400000|100%| O|  |TAMS 0x0000000706400000| PB 0x0000000706400000| Untracked 
|  50|0x0000000706400000, 0x0000000706600000, 0x0000000706600000|100%| O|  |TAMS 0x0000000706600000| PB 0x0000000706600000| Updating 
|  51|0x0000000706600000, 0x0000000706800000, 0x0000000706800000|100%| O|  |TAMS 0x0000000706800000| PB 0x0000000706800000| Untracked 
|  52|0x0000000706800000, 0x0000000706a00000, 0x0000000706a00000|100%| O|  |TAMS 0x0000000706a00000| PB 0x0000000706a00000| Untracked 
|  53|0x0000000706a00000, 0x0000000706c00000, 0x0000000706c00000|100%| O|  |TAMS 0x0000000706c00000| PB 0x0000000706c00000| Updating 
|  54|0x0000000706c00000, 0x0000000706e00000, 0x0000000706e00000|100%| O|  |TAMS 0x0000000706e00000| PB 0x0000000706e00000| Untracked 
|  55|0x0000000706e00000, 0x0000000707000000, 0x0000000707000000|100%| O|  |TAMS 0x0000000707000000| PB 0x0000000707000000| Updating 
|  56|0x0000000707000000, 0x0000000707200000, 0x0000000707200000|100%| O|  |TAMS 0x0000000707200000| PB 0x0000000707200000| Untracked 
|  57|0x0000000707200000, 0x0000000707400000, 0x0000000707400000|100%| O|  |TAMS 0x0000000707400000| PB 0x0000000707400000| Untracked 
|  58|0x0000000707400000, 0x0000000707600000, 0x0000000707600000|100%| O|  |TAMS 0x0000000707600000| PB 0x0000000707600000| Updating 
|  59|0x0000000707600000, 0x0000000707800000, 0x0000000707800000|100%| O|  |TAMS 0x0000000707800000| PB 0x0000000707800000| Untracked 
|  60|0x0000000707800000, 0x0000000707a00000, 0x0000000707a00000|100%| O|  |TAMS 0x0000000707a00000| PB 0x0000000707a00000| Untracked 
|  61|0x0000000707a00000, 0x0000000707c00000, 0x0000000707c00000|100%| O|  |TAMS 0x0000000707c00000| PB 0x0000000707c00000| Updating 
|  62|0x0000000707c00000, 0x0000000707e00000, 0x0000000707e00000|100%| O|  |TAMS 0x0000000707e00000| PB 0x0000000707e00000| Untracked 
|  63|0x0000000707e00000, 0x0000000708000000, 0x0000000708000000|100%| O|  |TAMS 0x0000000708000000| PB 0x0000000708000000| Untracked 
|  64|0x0000000708000000, 0x0000000708200000, 0x0000000708200000|100%| O|  |TAMS 0x0000000708200000| PB 0x0000000708200000| Untracked 
|  65|0x0000000708200000, 0x0000000708400000, 0x0000000708400000|100%| O|  |TAMS 0x0000000708400000| PB 0x0000000708400000| Updating 
|  66|0x0000000708400000, 0x0000000708600000, 0x0000000708600000|100%| O|  |TAMS 0x0000000708600000| PB 0x0000000708600000| Untracked 
|  67|0x0000000708600000, 0x0000000708800000, 0x0000000708800000|100%| O|  |TAMS 0x0000000708800000| PB 0x0000000708800000| Updating 
|  68|0x0000000708800000, 0x0000000708a00000, 0x0000000708a00000|100%| O|  |TAMS 0x0000000708a00000| PB 0x0000000708a00000| Untracked 
|  69|0x0000000708a00000, 0x0000000708c00000, 0x0000000708c00000|100%| O|  |TAMS 0x0000000708c00000| PB 0x0000000708c00000| Untracked 
|  70|0x0000000708c00000, 0x0000000708e00000, 0x0000000708e00000|100%| O|  |TAMS 0x0000000708e00000| PB 0x0000000708e00000| Updating 
|  71|0x0000000708e00000, 0x0000000709000000, 0x0000000709000000|100%| O|  |TAMS 0x0000000709000000| PB 0x0000000709000000| Updating 
|  72|0x0000000709000000, 0x0000000709200000, 0x0000000709200000|100%| O|  |TAMS 0x0000000709200000| PB 0x0000000709200000| Updating 
|  73|0x0000000709200000, 0x0000000709400000, 0x0000000709400000|100%| O|  |TAMS 0x0000000709400000| PB 0x0000000709400000| Updating 
|  74|0x0000000709400000, 0x0000000709600000, 0x0000000709600000|100%| O|  |TAMS 0x0000000709600000| PB 0x0000000709600000| Untracked 
|  75|0x0000000709600000, 0x0000000709800000, 0x0000000709800000|100%| O|  |TAMS 0x0000000709800000| PB 0x0000000709800000| Updating 
|  76|0x0000000709800000, 0x0000000709a00000, 0x0000000709a00000|100%| O|  |TAMS 0x0000000709a00000| PB 0x0000000709a00000| Updating 
|  77|0x0000000709a00000, 0x0000000709c00000, 0x0000000709c00000|100%| O|  |TAMS 0x0000000709c00000| PB 0x0000000709c00000| Updating 
|  78|0x0000000709c00000, 0x0000000709e00000, 0x0000000709e00000|100%| O|  |TAMS 0x0000000709e00000| PB 0x0000000709e00000| Updating 
|  79|0x0000000709e00000, 0x000000070a000000, 0x000000070a000000|100%| O|  |TAMS 0x000000070a000000| PB 0x000000070a000000| Updating 
|  80|0x000000070a000000, 0x000000070a200000, 0x000000070a200000|100%| O|  |TAMS 0x000000070a200000| PB 0x000000070a200000| Updating 
|  81|0x000000070a200000, 0x000000070a400000, 0x000000070a400000|100%| O|  |TAMS 0x000000070a400000| PB 0x000000070a400000| Updating 
|  82|0x000000070a400000, 0x000000070a600000, 0x000000070a600000|100%| O|  |TAMS 0x000000070a600000| PB 0x000000070a600000| Untracked 
|  83|0x000000070a600000, 0x000000070a800000, 0x000000070a800000|100%| O|  |TAMS 0x000000070a800000| PB 0x000000070a800000| Untracked 
|  84|0x000000070a800000, 0x000000070aa00000, 0x000000070aa00000|100%| O|  |TAMS 0x000000070aa00000| PB 0x000000070aa00000| Untracked 
|  85|0x000000070aa00000, 0x000000070ac00000, 0x000000070ac00000|100%| O|  |TAMS 0x000000070ac00000| PB 0x000000070ac00000| Untracked 
|  86|0x000000070ac00000, 0x000000070ae00000, 0x000000070ae00000|100%| O|  |TAMS 0x000000070ae00000| PB 0x000000070ae00000| Updating 
|  87|0x000000070ae00000, 0x000000070b000000, 0x000000070b000000|100%|HS|  |TAMS 0x000000070b000000| PB 0x000000070ae00000| Complete 
|  88|0x000000070b000000, 0x000000070b200000, 0x000000070b200000|100%|HC|  |TAMS 0x000000070b200000| PB 0x000000070b000000| Complete 
|  89|0x000000070b200000, 0x000000070b400000, 0x000000070b400000|100%|HC|  |TAMS 0x000000070b400000| PB 0x000000070b200000| Complete 
|  90|0x000000070b400000, 0x000000070b600000, 0x000000070b600000|100%|HC|  |TAMS 0x000000070b600000| PB 0x000000070b400000| Complete 
|  91|0x000000070b600000, 0x000000070b800000, 0x000000070b800000|100%| O|  |TAMS 0x000000070b800000| PB 0x000000070b800000| Untracked 
|  92|0x000000070b800000, 0x000000070ba00000, 0x000000070ba00000|100%| O|  |TAMS 0x000000070ba00000| PB 0x000000070ba00000| Updating 
|  93|0x000000070ba00000, 0x000000070bc00000, 0x000000070bc00000|100%| O|  |TAMS 0x000000070bc00000| PB 0x000000070bc00000| Updating 
|  94|0x000000070bc00000, 0x000000070be00000, 0x000000070be00000|100%| O|  |TAMS 0x000000070be00000| PB 0x000000070be00000| Untracked 
|  95|0x000000070be00000, 0x000000070c000000, 0x000000070c000000|100%|HS|  |TAMS 0x000000070c000000| PB 0x000000070be00000| Complete 
|  96|0x000000070c000000, 0x000000070c200000, 0x000000070c200000|100%|HS|  |TAMS 0x000000070c200000| PB 0x000000070c000000| Complete 
|  97|0x000000070c200000, 0x000000070c400000, 0x000000070c400000|100%| O|  |TAMS 0x000000070c400000| PB 0x000000070c400000| Updating 
|  98|0x000000070c400000, 0x000000070c600000, 0x000000070c600000|100%| O|  |TAMS 0x000000070c600000| PB 0x000000070c600000| Untracked 
|  99|0x000000070c600000, 0x000000070c800000, 0x000000070c800000|100%| O|  |TAMS 0x000000070c800000| PB 0x000000070c800000| Updating 
| 100|0x000000070c800000, 0x000000070ca00000, 0x000000070ca00000|100%| O|  |TAMS 0x000000070ca00000| PB 0x000000070ca00000| Untracked 
| 101|0x000000070ca00000, 0x000000070cc00000, 0x000000070cc00000|100%| O|  |TAMS 0x000000070cc00000| PB 0x000000070cc00000| Untracked 
| 102|0x000000070cc00000, 0x000000070ce00000, 0x000000070ce00000|100%| O|  |TAMS 0x000000070ce00000| PB 0x000000070ce00000| Updating 
| 103|0x000000070ce00000, 0x000000070d000000, 0x000000070d000000|100%| O|  |TAMS 0x000000070d000000| PB 0x000000070d000000| Untracked 
| 104|0x000000070d000000, 0x000000070d200000, 0x000000070d200000|100%| O|  |TAMS 0x000000070d200000| PB 0x000000070d200000| Untracked 
| 105|0x000000070d200000, 0x000000070d400000, 0x000000070d400000|100%| O|  |TAMS 0x000000070d400000| PB 0x000000070d400000| Untracked 
| 106|0x000000070d400000, 0x000000070d600000, 0x000000070d600000|100%| O|  |TAMS 0x000000070d600000| PB 0x000000070d600000| Untracked 
| 107|0x000000070d600000, 0x000000070d800000, 0x000000070d800000|100%| O|  |TAMS 0x000000070d800000| PB 0x000000070d800000| Updating 
| 108|0x000000070d800000, 0x000000070da00000, 0x000000070da00000|100%| O|  |TAMS 0x000000070da00000| PB 0x000000070da00000| Updating 
| 109|0x000000070da00000, 0x000000070dc00000, 0x000000070dc00000|100%| O|  |TAMS 0x000000070dc00000| PB 0x000000070dc00000| Updating 
| 110|0x000000070dc00000, 0x000000070de00000, 0x000000070de00000|100%| O|  |TAMS 0x000000070de00000| PB 0x000000070de00000| Updating 
| 111|0x000000070de00000, 0x000000070e000000, 0x000000070e000000|100%| O|  |TAMS 0x000000070e000000| PB 0x000000070e000000| Untracked 
| 112|0x000000070e000000, 0x000000070e200000, 0x000000070e200000|100%| O|  |TAMS 0x000000070e200000| PB 0x000000070e200000| Untracked 
| 113|0x000000070e200000, 0x000000070e400000, 0x000000070e400000|100%| O|  |TAMS 0x000000070e400000| PB 0x000000070e400000| Updating 
| 114|0x000000070e400000, 0x000000070e600000, 0x000000070e600000|100%| O|  |TAMS 0x000000070e600000| PB 0x000000070e600000| Untracked 
| 115|0x000000070e600000, 0x000000070e800000, 0x000000070e800000|100%| O|  |TAMS 0x000000070e800000| PB 0x000000070e800000| Updating 
| 116|0x000000070e800000, 0x000000070ea00000, 0x000000070ea00000|100%| O|  |TAMS 0x000000070ea00000| PB 0x000000070ea00000| Updating 
| 117|0x000000070ea00000, 0x000000070ec00000, 0x000000070ec00000|100%| O|  |TAMS 0x000000070ec00000| PB 0x000000070ec00000| Updating 
| 118|0x000000070ec00000, 0x000000070ee00000, 0x000000070ee00000|100%| O|  |TAMS 0x000000070ee00000| PB 0x000000070ee00000| Updating 
| 119|0x000000070ee00000, 0x000000070f000000, 0x000000070f000000|100%| O|  |TAMS 0x000000070f000000| PB 0x000000070f000000| Updating 
| 120|0x000000070f000000, 0x000000070f200000, 0x000000070f200000|100%| O|  |TAMS 0x000000070f200000| PB 0x000000070f200000| Updating 
| 121|0x000000070f200000, 0x000000070f400000, 0x000000070f400000|100%| O|  |TAMS 0x000000070f400000| PB 0x000000070f400000| Updating 
| 122|0x000000070f400000, 0x000000070f600000, 0x000000070f600000|100%| O|  |TAMS 0x000000070f600000| PB 0x000000070f600000| Updating 
| 123|0x000000070f600000, 0x000000070f800000, 0x000000070f800000|100%| O|  |TAMS 0x000000070f800000| PB 0x000000070f800000| Untracked 
| 124|0x000000070f800000, 0x000000070fa00000, 0x000000070fa00000|100%| O|  |TAMS 0x000000070fa00000| PB 0x000000070fa00000| Updating 
| 125|0x000000070fa00000, 0x000000070fc00000, 0x000000070fc00000|100%| O|  |TAMS 0x000000070fc00000| PB 0x000000070fc00000| Updating 
| 126|0x000000070fc00000, 0x000000070fe00000, 0x000000070fe00000|100%| O|  |TAMS 0x000000070fe00000| PB 0x000000070fe00000| Updating 
| 127|0x000000070fe00000, 0x0000000710000000, 0x0000000710000000|100%| O|  |TAMS 0x0000000710000000| PB 0x0000000710000000| Updating 
| 128|0x0000000710000000, 0x0000000710200000, 0x0000000710200000|100%| O|  |TAMS 0x0000000710200000| PB 0x0000000710200000| Updating 
| 129|0x0000000710200000, 0x0000000710267e78, 0x0000000710400000| 20%| O|  |TAMS 0x0000000710267e78| PB 0x0000000710267e78| Updating 
| 130|0x0000000710400000, 0x0000000710400000, 0x0000000710600000|  0%| F|  |TAMS 0x0000000710400000| PB 0x0000000710400000| Untracked 
| 131|0x0000000710600000, 0x0000000710600000, 0x0000000710800000|  0%| F|  |TAMS 0x0000000710600000| PB 0x0000000710600000| Untracked 
| 132|0x0000000710800000, 0x0000000710800000, 0x0000000710a00000|  0%| F|  |TAMS 0x0000000710800000| PB 0x0000000710800000| Untracked 
| 133|0x0000000710a00000, 0x0000000710a00000, 0x0000000710c00000|  0%| F|  |TAMS 0x0000000710a00000| PB 0x0000000710a00000| Untracked 
| 134|0x0000000710c00000, 0x0000000710c00000, 0x0000000710e00000|  0%| F|  |TAMS 0x0000000710c00000| PB 0x0000000710c00000| Untracked 
| 135|0x0000000710e00000, 0x0000000710e00000, 0x0000000711000000|  0%| F|  |TAMS 0x0000000710e00000| PB 0x0000000710e00000| Untracked 
| 136|0x0000000711000000, 0x0000000711200000, 0x0000000711200000|100%| O|  |TAMS 0x0000000711200000| PB 0x0000000711200000| Updating 
| 137|0x0000000711200000, 0x0000000711400000, 0x0000000711400000|100%| O|  |TAMS 0x0000000711400000| PB 0x0000000711400000| Updating 
| 138|0x0000000711400000, 0x0000000711600000, 0x0000000711600000|100%| O|  |TAMS 0x0000000711600000| PB 0x0000000711600000| Updating 
| 139|0x0000000711600000, 0x0000000711800000, 0x0000000711800000|100%| O|  |TAMS 0x0000000711800000| PB 0x0000000711800000| Updating 
| 140|0x0000000711800000, 0x0000000711a00000, 0x0000000711a00000|100%| O|  |TAMS 0x0000000711a00000| PB 0x0000000711a00000| Updating 
| 141|0x0000000711a00000, 0x0000000711c00000, 0x0000000711c00000|100%| O|  |TAMS 0x0000000711c00000| PB 0x0000000711c00000| Updating 
| 142|0x0000000711c00000, 0x0000000711c00000, 0x0000000711e00000|  0%| F|  |TAMS 0x0000000711c00000| PB 0x0000000711c00000| Untracked 
| 143|0x0000000711e00000, 0x0000000712000000, 0x0000000712000000|100%| O|  |TAMS 0x0000000712000000| PB 0x0000000712000000| Updating 
| 144|0x0000000712000000, 0x0000000712200000, 0x0000000712200000|100%| O|  |TAMS 0x0000000712200000| PB 0x0000000712200000| Updating 
| 145|0x0000000712200000, 0x0000000712400000, 0x0000000712400000|100%| O|  |TAMS 0x0000000712400000| PB 0x0000000712400000| Updating 
| 146|0x0000000712400000, 0x0000000712600000, 0x0000000712600000|100%| O|  |TAMS 0x0000000712600000| PB 0x0000000712600000| Untracked 
| 147|0x0000000712600000, 0x0000000712800000, 0x0000000712800000|100%| O|  |TAMS 0x0000000712800000| PB 0x0000000712800000| Updating 
| 148|0x0000000712800000, 0x0000000712a00000, 0x0000000712a00000|100%| O|  |TAMS 0x0000000712a00000| PB 0x0000000712a00000| Updating 
| 149|0x0000000712a00000, 0x0000000712c00000, 0x0000000712c00000|100%| O|  |TAMS 0x0000000712c00000| PB 0x0000000712c00000| Updating 
| 150|0x0000000712c00000, 0x0000000712e00000, 0x0000000712e00000|100%| O|  |TAMS 0x0000000712e00000| PB 0x0000000712e00000| Updating 
| 151|0x0000000712e00000, 0x0000000713000000, 0x0000000713000000|100%| O|  |TAMS 0x0000000713000000| PB 0x0000000713000000| Updating 
| 152|0x0000000713000000, 0x0000000713200000, 0x0000000713200000|100%| O|  |TAMS 0x0000000713200000| PB 0x0000000713200000| Updating 
| 153|0x0000000713200000, 0x0000000713400000, 0x0000000713400000|100%| O|  |TAMS 0x0000000713400000| PB 0x0000000713400000| Updating 
| 154|0x0000000713400000, 0x0000000713600000, 0x0000000713600000|100%| O|  |TAMS 0x0000000713600000| PB 0x0000000713600000| Untracked 
| 155|0x0000000713600000, 0x0000000713800000, 0x0000000713800000|100%| O|  |TAMS 0x0000000713800000| PB 0x0000000713800000| Untracked 
| 156|0x0000000713800000, 0x0000000713a00000, 0x0000000713a00000|100%| O|  |TAMS 0x0000000713a00000| PB 0x0000000713a00000| Updating 
| 157|0x0000000713a00000, 0x0000000713c00000, 0x0000000713c00000|100%| O|  |TAMS 0x0000000713c00000| PB 0x0000000713c00000| Untracked 
| 158|0x0000000713c00000, 0x0000000713e00000, 0x0000000713e00000|100%| O|  |TAMS 0x0000000713e00000| PB 0x0000000713e00000| Updating 
| 159|0x0000000713e00000, 0x0000000714000000, 0x0000000714000000|100%| O|  |TAMS 0x0000000714000000| PB 0x0000000714000000| Updating 
| 160|0x0000000714000000, 0x0000000714200000, 0x0000000714200000|100%| O|  |TAMS 0x0000000714200000| PB 0x0000000714200000| Untracked 
| 161|0x0000000714200000, 0x0000000714400000, 0x0000000714400000|100%| O|  |TAMS 0x0000000714400000| PB 0x0000000714400000| Updating 
| 162|0x0000000714400000, 0x0000000714600000, 0x0000000714600000|100%| O|  |TAMS 0x0000000714600000| PB 0x0000000714600000| Updating 
| 163|0x0000000714600000, 0x0000000714800000, 0x0000000714800000|100%| O|  |TAMS 0x0000000714800000| PB 0x0000000714800000| Updating 
| 164|0x0000000714800000, 0x0000000714800000, 0x0000000714a00000|  0%| F|  |TAMS 0x0000000714800000| PB 0x0000000714800000| Untracked 
| 165|0x0000000714a00000, 0x0000000714a00000, 0x0000000714c00000|  0%| F|  |TAMS 0x0000000714a00000| PB 0x0000000714a00000| Untracked 
| 166|0x0000000714c00000, 0x0000000714c00000, 0x0000000714e00000|  0%| F|  |TAMS 0x0000000714c00000| PB 0x0000000714c00000| Untracked 
| 167|0x0000000714e00000, 0x0000000714e00000, 0x0000000715000000|  0%| F|  |TAMS 0x0000000714e00000| PB 0x0000000714e00000| Untracked 
| 168|0x0000000715000000, 0x0000000715000000, 0x0000000715200000|  0%| F|  |TAMS 0x0000000715000000| PB 0x0000000715000000| Untracked 
| 169|0x0000000715200000, 0x0000000715200000, 0x0000000715400000|  0%| F|  |TAMS 0x0000000715200000| PB 0x0000000715200000| Untracked 
| 170|0x0000000715400000, 0x0000000715400000, 0x0000000715600000|  0%| F|  |TAMS 0x0000000715400000| PB 0x0000000715400000| Untracked 
| 171|0x0000000715600000, 0x0000000715600000, 0x0000000715800000|  0%| F|  |TAMS 0x0000000715600000| PB 0x0000000715600000| Untracked 
| 172|0x0000000715800000, 0x0000000715800000, 0x0000000715a00000|  0%| F|  |TAMS 0x0000000715800000| PB 0x0000000715800000| Untracked 
| 173|0x0000000715a00000, 0x0000000715a00000, 0x0000000715c00000|  0%| F|  |TAMS 0x0000000715a00000| PB 0x0000000715a00000| Untracked 
| 174|0x0000000715c00000, 0x0000000715c00000, 0x0000000715e00000|  0%| F|  |TAMS 0x0000000715c00000| PB 0x0000000715c00000| Untracked 
| 175|0x0000000715e00000, 0x0000000715e00000, 0x0000000716000000|  0%| F|  |TAMS 0x0000000715e00000| PB 0x0000000715e00000| Untracked 
| 176|0x0000000716000000, 0x0000000716000000, 0x0000000716200000|  0%| F|  |TAMS 0x0000000716000000| PB 0x0000000716000000| Untracked 
| 177|0x0000000716200000, 0x0000000716200000, 0x0000000716400000|  0%| F|  |TAMS 0x0000000716200000| PB 0x0000000716200000| Untracked 
| 178|0x0000000716400000, 0x0000000716400000, 0x0000000716600000|  0%| F|  |TAMS 0x0000000716400000| PB 0x0000000716400000| Untracked 
| 179|0x0000000716600000, 0x0000000716600000, 0x0000000716800000|  0%| F|  |TAMS 0x0000000716600000| PB 0x0000000716600000| Untracked 
| 180|0x0000000716800000, 0x0000000716800000, 0x0000000716a00000|  0%| F|  |TAMS 0x0000000716800000| PB 0x0000000716800000| Untracked 
| 181|0x0000000716a00000, 0x0000000716a00000, 0x0000000716c00000|  0%| F|  |TAMS 0x0000000716a00000| PB 0x0000000716a00000| Untracked 
| 182|0x0000000716c00000, 0x0000000716ca25a0, 0x0000000716e00000| 31%| S|CS|TAMS 0x0000000716c00000| PB 0x0000000716c00000| Complete 
| 183|0x0000000716e00000, 0x0000000717000000, 0x0000000717000000|100%| S|CS|TAMS 0x0000000716e00000| PB 0x0000000716e00000| Complete 
| 184|0x0000000717000000, 0x0000000717200000, 0x0000000717200000|100%| S|CS|TAMS 0x0000000717000000| PB 0x0000000717000000| Complete 
| 185|0x0000000717200000, 0x0000000717400000, 0x0000000717400000|100%| S|CS|TAMS 0x0000000717200000| PB 0x0000000717200000| Complete 
| 186|0x0000000717400000, 0x0000000717600000, 0x0000000717600000|100%| S|CS|TAMS 0x0000000717400000| PB 0x0000000717400000| Complete 
| 187|0x0000000717600000, 0x0000000717800000, 0x0000000717800000|100%| S|CS|TAMS 0x0000000717600000| PB 0x0000000717600000| Complete 
| 188|0x0000000717800000, 0x0000000717800000, 0x0000000717a00000|  0%| F|  |TAMS 0x0000000717800000| PB 0x0000000717800000| Untracked 
| 189|0x0000000717a00000, 0x0000000717a00000, 0x0000000717c00000|  0%| F|  |TAMS 0x0000000717a00000| PB 0x0000000717a00000| Untracked 
| 190|0x0000000717c00000, 0x0000000717c00000, 0x0000000717e00000|  0%| F|  |TAMS 0x0000000717c00000| PB 0x0000000717c00000| Untracked 
| 191|0x0000000717e00000, 0x0000000717e00000, 0x0000000718000000|  0%| F|  |TAMS 0x0000000717e00000| PB 0x0000000717e00000| Untracked 
| 192|0x0000000718000000, 0x0000000718000000, 0x0000000718200000|  0%| F|  |TAMS 0x0000000718000000| PB 0x0000000718000000| Untracked 
| 193|0x0000000718200000, 0x0000000718200000, 0x0000000718400000|  0%| F|  |TAMS 0x0000000718200000| PB 0x0000000718200000| Untracked 
| 194|0x0000000718400000, 0x0000000718400000, 0x0000000718600000|  0%| F|  |TAMS 0x0000000718400000| PB 0x0000000718400000| Untracked 
| 195|0x0000000718600000, 0x0000000718600000, 0x0000000718800000|  0%| F|  |TAMS 0x0000000718600000| PB 0x0000000718600000| Untracked 
| 196|0x0000000718800000, 0x0000000718800000, 0x0000000718a00000|  0%| F|  |TAMS 0x0000000718800000| PB 0x0000000718800000| Untracked 
| 197|0x0000000718a00000, 0x0000000718a00000, 0x0000000718c00000|  0%| F|  |TAMS 0x0000000718a00000| PB 0x0000000718a00000| Untracked 
| 198|0x0000000718c00000, 0x0000000718c00000, 0x0000000718e00000|  0%| F|  |TAMS 0x0000000718c00000| PB 0x0000000718c00000| Untracked 
| 199|0x0000000718e00000, 0x0000000718e00000, 0x0000000719000000|  0%| F|  |TAMS 0x0000000718e00000| PB 0x0000000718e00000| Untracked 
| 200|0x0000000719000000, 0x0000000719000000, 0x0000000719200000|  0%| F|  |TAMS 0x0000000719000000| PB 0x0000000719000000| Untracked 
| 201|0x0000000719200000, 0x0000000719200000, 0x0000000719400000|  0%| F|  |TAMS 0x0000000719200000| PB 0x0000000719200000| Untracked 
| 202|0x0000000719400000, 0x0000000719400000, 0x0000000719600000|  0%| F|  |TAMS 0x0000000719400000| PB 0x0000000719400000| Untracked 
| 203|0x0000000719600000, 0x0000000719600000, 0x0000000719800000|  0%| F|  |TAMS 0x0000000719600000| PB 0x0000000719600000| Untracked 
| 204|0x0000000719800000, 0x0000000719800000, 0x0000000719a00000|  0%| F|  |TAMS 0x0000000719800000| PB 0x0000000719800000| Untracked 
| 205|0x0000000719a00000, 0x0000000719a00000, 0x0000000719c00000|  0%| F|  |TAMS 0x0000000719a00000| PB 0x0000000719a00000| Untracked 
| 206|0x0000000719c00000, 0x0000000719c00000, 0x0000000719e00000|  0%| F|  |TAMS 0x0000000719c00000| PB 0x0000000719c00000| Untracked 
| 207|0x0000000719e00000, 0x0000000719e00000, 0x000000071a000000|  0%| F|  |TAMS 0x0000000719e00000| PB 0x0000000719e00000| Untracked 
| 208|0x000000071a000000, 0x000000071a000000, 0x000000071a200000|  0%| F|  |TAMS 0x000000071a000000| PB 0x000000071a000000| Untracked 
| 209|0x000000071a200000, 0x000000071a200000, 0x000000071a400000|  0%| F|  |TAMS 0x000000071a200000| PB 0x000000071a200000| Untracked 
| 210|0x000000071a400000, 0x000000071a400000, 0x000000071a600000|  0%| F|  |TAMS 0x000000071a400000| PB 0x000000071a400000| Untracked 
| 211|0x000000071a600000, 0x000000071a600000, 0x000000071a800000|  0%| F|  |TAMS 0x000000071a600000| PB 0x000000071a600000| Untracked 
| 212|0x000000071a800000, 0x000000071a800000, 0x000000071aa00000|  0%| F|  |TAMS 0x000000071a800000| PB 0x000000071a800000| Untracked 
| 213|0x000000071aa00000, 0x000000071aa00000, 0x000000071ac00000|  0%| F|  |TAMS 0x000000071aa00000| PB 0x000000071aa00000| Untracked 
| 214|0x000000071ac00000, 0x000000071ac00000, 0x000000071ae00000|  0%| F|  |TAMS 0x000000071ac00000| PB 0x000000071ac00000| Untracked 
| 215|0x000000071ae00000, 0x000000071ae00000, 0x000000071b000000|  0%| F|  |TAMS 0x000000071ae00000| PB 0x000000071ae00000| Untracked 
| 216|0x000000071b000000, 0x000000071b000000, 0x000000071b200000|  0%| F|  |TAMS 0x000000071b000000| PB 0x000000071b000000| Untracked 
| 217|0x000000071b200000, 0x000000071b200000, 0x000000071b400000|  0%| F|  |TAMS 0x000000071b200000| PB 0x000000071b200000| Untracked 
| 218|0x000000071b400000, 0x000000071b400000, 0x000000071b600000|  0%| F|  |TAMS 0x000000071b400000| PB 0x000000071b400000| Untracked 
| 219|0x000000071b600000, 0x000000071b600000, 0x000000071b800000|  0%| F|  |TAMS 0x000000071b600000| PB 0x000000071b600000| Untracked 
| 220|0x000000071b800000, 0x000000071b800000, 0x000000071ba00000|  0%| F|  |TAMS 0x000000071b800000| PB 0x000000071b800000| Untracked 
| 221|0x000000071ba00000, 0x000000071ba00000, 0x000000071bc00000|  0%| F|  |TAMS 0x000000071ba00000| PB 0x000000071ba00000| Untracked 
| 222|0x000000071bc00000, 0x000000071bc00000, 0x000000071be00000|  0%| F|  |TAMS 0x000000071bc00000| PB 0x000000071bc00000| Untracked 
| 223|0x000000071be00000, 0x000000071be00000, 0x000000071c000000|  0%| F|  |TAMS 0x000000071be00000| PB 0x000000071be00000| Untracked 
| 224|0x000000071c000000, 0x000000071c000000, 0x000000071c200000|  0%| F|  |TAMS 0x000000071c000000| PB 0x000000071c000000| Untracked 
| 225|0x000000071c200000, 0x000000071c200000, 0x000000071c400000|  0%| F|  |TAMS 0x000000071c200000| PB 0x000000071c200000| Untracked 
| 226|0x000000071c400000, 0x000000071c400000, 0x000000071c600000|  0%| F|  |TAMS 0x000000071c400000| PB 0x000000071c400000| Untracked 
| 227|0x000000071c600000, 0x000000071c600000, 0x000000071c800000|  0%| F|  |TAMS 0x000000071c600000| PB 0x000000071c600000| Untracked 
| 228|0x000000071c800000, 0x000000071c800000, 0x000000071ca00000|  0%| F|  |TAMS 0x000000071c800000| PB 0x000000071c800000| Untracked 
| 229|0x000000071ca00000, 0x000000071ca00000, 0x000000071cc00000|  0%| F|  |TAMS 0x000000071ca00000| PB 0x000000071ca00000| Untracked 
| 230|0x000000071cc00000, 0x000000071cc00000, 0x000000071ce00000|  0%| F|  |TAMS 0x000000071cc00000| PB 0x000000071cc00000| Untracked 
| 231|0x000000071ce00000, 0x000000071ce00000, 0x000000071d000000|  0%| F|  |TAMS 0x000000071ce00000| PB 0x000000071ce00000| Untracked 
| 232|0x000000071d000000, 0x000000071d000000, 0x000000071d200000|  0%| F|  |TAMS 0x000000071d000000| PB 0x000000071d000000| Untracked 
| 233|0x000000071d200000, 0x000000071d200000, 0x000000071d400000|  0%| F|  |TAMS 0x000000071d200000| PB 0x000000071d200000| Untracked 
| 234|0x000000071d400000, 0x000000071d400000, 0x000000071d600000|  0%| F|  |TAMS 0x000000071d400000| PB 0x000000071d400000| Untracked 
| 235|0x000000071d600000, 0x000000071d600000, 0x000000071d800000|  0%| F|  |TAMS 0x000000071d600000| PB 0x000000071d600000| Untracked 
| 236|0x000000071d800000, 0x000000071d800000, 0x000000071da00000|  0%| F|  |TAMS 0x000000071d800000| PB 0x000000071d800000| Untracked 
| 237|0x000000071da00000, 0x000000071da00000, 0x000000071dc00000|  0%| F|  |TAMS 0x000000071da00000| PB 0x000000071da00000| Untracked 
| 238|0x000000071dc00000, 0x000000071dc00000, 0x000000071de00000|  0%| F|  |TAMS 0x000000071dc00000| PB 0x000000071dc00000| Untracked 
| 239|0x000000071de00000, 0x000000071de00000, 0x000000071e000000|  0%| F|  |TAMS 0x000000071de00000| PB 0x000000071de00000| Untracked 
| 240|0x000000071e000000, 0x000000071e000000, 0x000000071e200000|  0%| F|  |TAMS 0x000000071e000000| PB 0x000000071e000000| Untracked 
| 241|0x000000071e200000, 0x000000071e200000, 0x000000071e400000|  0%| F|  |TAMS 0x000000071e200000| PB 0x000000071e200000| Untracked 
| 242|0x000000071e400000, 0x000000071e400000, 0x000000071e600000|  0%| F|  |TAMS 0x000000071e400000| PB 0x000000071e400000| Untracked 
| 243|0x000000071e600000, 0x000000071e600000, 0x000000071e800000|  0%| F|  |TAMS 0x000000071e600000| PB 0x000000071e600000| Untracked 
| 244|0x000000071e800000, 0x000000071e800000, 0x000000071ea00000|  0%| F|  |TAMS 0x000000071e800000| PB 0x000000071e800000| Untracked 
| 245|0x000000071ea00000, 0x000000071ea00000, 0x000000071ec00000|  0%| F|  |TAMS 0x000000071ea00000| PB 0x000000071ea00000| Untracked 
| 246|0x000000071ec00000, 0x000000071ec00000, 0x000000071ee00000|  0%| F|  |TAMS 0x000000071ec00000| PB 0x000000071ec00000| Untracked 
| 247|0x000000071ee00000, 0x000000071ee00000, 0x000000071f000000|  0%| F|  |TAMS 0x000000071ee00000| PB 0x000000071ee00000| Untracked 
| 248|0x000000071f000000, 0x000000071f000000, 0x000000071f200000|  0%| F|  |TAMS 0x000000071f000000| PB 0x000000071f000000| Untracked 
| 249|0x000000071f200000, 0x000000071f200000, 0x000000071f400000|  0%| F|  |TAMS 0x000000071f200000| PB 0x000000071f200000| Untracked 
| 250|0x000000071f400000, 0x000000071f400000, 0x000000071f600000|  0%| F|  |TAMS 0x000000071f400000| PB 0x000000071f400000| Untracked 
| 251|0x000000071f600000, 0x000000071f600000, 0x000000071f800000|  0%| F|  |TAMS 0x000000071f600000| PB 0x000000071f600000| Untracked 
| 252|0x000000071f800000, 0x000000071f800000, 0x000000071fa00000|  0%| F|  |TAMS 0x000000071f800000| PB 0x000000071f800000| Untracked 
| 253|0x000000071fa00000, 0x000000071fa00000, 0x000000071fc00000|  0%| F|  |TAMS 0x000000071fa00000| PB 0x000000071fa00000| Untracked 
| 254|0x000000071fc00000, 0x000000071fc00000, 0x000000071fe00000|  0%| F|  |TAMS 0x000000071fc00000| PB 0x000000071fc00000| Untracked 
| 255|0x000000071fe00000, 0x000000071fe00000, 0x0000000720000000|  0%| F|  |TAMS 0x000000071fe00000| PB 0x000000071fe00000| Untracked 
| 256|0x0000000720000000, 0x0000000720000000, 0x0000000720200000|  0%| F|  |TAMS 0x0000000720000000| PB 0x0000000720000000| Untracked 
| 257|0x0000000720200000, 0x0000000720200000, 0x0000000720400000|  0%| F|  |TAMS 0x0000000720200000| PB 0x0000000720200000| Untracked 
| 258|0x0000000720400000, 0x0000000720400000, 0x0000000720600000|  0%| F|  |TAMS 0x0000000720400000| PB 0x0000000720400000| Untracked 
| 259|0x0000000720600000, 0x0000000720600000, 0x0000000720800000|  0%| F|  |TAMS 0x0000000720600000| PB 0x0000000720600000| Untracked 
| 260|0x0000000720800000, 0x0000000720800000, 0x0000000720a00000|  0%| F|  |TAMS 0x0000000720800000| PB 0x0000000720800000| Untracked 
| 261|0x0000000720a00000, 0x0000000720a00000, 0x0000000720c00000|  0%| F|  |TAMS 0x0000000720a00000| PB 0x0000000720a00000| Untracked 
| 262|0x0000000720c00000, 0x0000000720c00000, 0x0000000720e00000|  0%| F|  |TAMS 0x0000000720c00000| PB 0x0000000720c00000| Untracked 
| 263|0x0000000720e00000, 0x0000000720e00000, 0x0000000721000000|  0%| F|  |TAMS 0x0000000720e00000| PB 0x0000000720e00000| Untracked 
| 264|0x0000000721000000, 0x0000000721000000, 0x0000000721200000|  0%| F|  |TAMS 0x0000000721000000| PB 0x0000000721000000| Untracked 
| 265|0x0000000721200000, 0x0000000721200000, 0x0000000721400000|  0%| F|  |TAMS 0x0000000721200000| PB 0x0000000721200000| Untracked 
| 266|0x0000000721400000, 0x0000000721400000, 0x0000000721600000|  0%| F|  |TAMS 0x0000000721400000| PB 0x0000000721400000| Untracked 
| 267|0x0000000721600000, 0x0000000721600000, 0x0000000721800000|  0%| F|  |TAMS 0x0000000721600000| PB 0x0000000721600000| Untracked 
| 268|0x0000000721800000, 0x0000000721800000, 0x0000000721a00000|  0%| F|  |TAMS 0x0000000721800000| PB 0x0000000721800000| Untracked 
| 269|0x0000000721a00000, 0x0000000721a00000, 0x0000000721c00000|  0%| F|  |TAMS 0x0000000721a00000| PB 0x0000000721a00000| Untracked 
| 270|0x0000000721c00000, 0x0000000721c00000, 0x0000000721e00000|  0%| F|  |TAMS 0x0000000721c00000| PB 0x0000000721c00000| Untracked 
| 271|0x0000000721e00000, 0x0000000721e00000, 0x0000000722000000|  0%| F|  |TAMS 0x0000000721e00000| PB 0x0000000721e00000| Untracked 
| 272|0x0000000722000000, 0x0000000722000000, 0x0000000722200000|  0%| F|  |TAMS 0x0000000722000000| PB 0x0000000722000000| Untracked 
| 273|0x0000000722200000, 0x0000000722200000, 0x0000000722400000|  0%| F|  |TAMS 0x0000000722200000| PB 0x0000000722200000| Untracked 
| 274|0x0000000722400000, 0x0000000722400000, 0x0000000722600000|  0%| F|  |TAMS 0x0000000722400000| PB 0x0000000722400000| Untracked 
| 275|0x0000000722600000, 0x0000000722600000, 0x0000000722800000|  0%| F|  |TAMS 0x0000000722600000| PB 0x0000000722600000| Untracked 
| 276|0x0000000722800000, 0x0000000722800000, 0x0000000722a00000|  0%| F|  |TAMS 0x0000000722800000| PB 0x0000000722800000| Untracked 
| 277|0x0000000722a00000, 0x0000000722a00000, 0x0000000722c00000|  0%| F|  |TAMS 0x0000000722a00000| PB 0x0000000722a00000| Untracked 
| 278|0x0000000722c00000, 0x0000000722d60468, 0x0000000722e00000| 68%| E|  |TAMS 0x0000000722c00000| PB 0x0000000722c00000| Complete 
| 279|0x0000000722e00000, 0x0000000723000000, 0x0000000723000000|100%| E|CS|TAMS 0x0000000722e00000| PB 0x0000000722e00000| Complete 
| 280|0x0000000723000000, 0x0000000723200000, 0x0000000723200000|100%| E|CS|TAMS 0x0000000723000000| PB 0x0000000723000000| Complete 
| 281|0x0000000723200000, 0x0000000723400000, 0x0000000723400000|100%| E|CS|TAMS 0x0000000723200000| PB 0x0000000723200000| Complete 
| 282|0x0000000723400000, 0x0000000723600000, 0x0000000723600000|100%| E|CS|TAMS 0x0000000723400000| PB 0x0000000723400000| Complete 
| 283|0x0000000723600000, 0x0000000723800000, 0x0000000723800000|100%| E|CS|TAMS 0x0000000723600000| PB 0x0000000723600000| Complete 
| 284|0x0000000723800000, 0x0000000723a00000, 0x0000000723a00000|100%| E|CS|TAMS 0x0000000723800000| PB 0x0000000723800000| Complete 
| 285|0x0000000723a00000, 0x0000000723c00000, 0x0000000723c00000|100%| E|CS|TAMS 0x0000000723a00000| PB 0x0000000723a00000| Complete 
| 286|0x0000000723c00000, 0x0000000723e00000, 0x0000000723e00000|100%| E|CS|TAMS 0x0000000723c00000| PB 0x0000000723c00000| Complete 
| 287|0x0000000723e00000, 0x0000000724000000, 0x0000000724000000|100%| E|CS|TAMS 0x0000000723e00000| PB 0x0000000723e00000| Complete 
| 288|0x0000000724000000, 0x0000000724200000, 0x0000000724200000|100%| E|CS|TAMS 0x0000000724000000| PB 0x0000000724000000| Complete 
| 289|0x0000000724200000, 0x0000000724400000, 0x0000000724400000|100%| E|CS|TAMS 0x0000000724200000| PB 0x0000000724200000| Complete 
| 290|0x0000000724400000, 0x0000000724600000, 0x0000000724600000|100%| E|CS|TAMS 0x0000000724400000| PB 0x0000000724400000| Complete 
| 291|0x0000000724600000, 0x0000000724800000, 0x0000000724800000|100%| E|CS|TAMS 0x0000000724600000| PB 0x0000000724600000| Complete 
| 292|0x0000000724800000, 0x0000000724a00000, 0x0000000724a00000|100%| E|CS|TAMS 0x0000000724800000| PB 0x0000000724800000| Complete 
| 293|0x0000000724a00000, 0x0000000724c00000, 0x0000000724c00000|100%| E|CS|TAMS 0x0000000724a00000| PB 0x0000000724a00000| Complete 
| 294|0x0000000724c00000, 0x0000000724e00000, 0x0000000724e00000|100%| E|CS|TAMS 0x0000000724c00000| PB 0x0000000724c00000| Complete 
| 295|0x0000000724e00000, 0x0000000725000000, 0x0000000725000000|100%| E|CS|TAMS 0x0000000724e00000| PB 0x0000000724e00000| Complete 
| 296|0x0000000725000000, 0x0000000725200000, 0x0000000725200000|100%| E|CS|TAMS 0x0000000725000000| PB 0x0000000725000000| Complete 
| 297|0x0000000725200000, 0x0000000725400000, 0x0000000725400000|100%| E|CS|TAMS 0x0000000725200000| PB 0x0000000725200000| Complete 
| 298|0x0000000725400000, 0x0000000725600000, 0x0000000725600000|100%| E|CS|TAMS 0x0000000725400000| PB 0x0000000725400000| Complete 
| 299|0x0000000725600000, 0x0000000725800000, 0x0000000725800000|100%| E|CS|TAMS 0x0000000725600000| PB 0x0000000725600000| Complete 
| 300|0x0000000725800000, 0x0000000725a00000, 0x0000000725a00000|100%| E|CS|TAMS 0x0000000725800000| PB 0x0000000725800000| Complete 
| 301|0x0000000725a00000, 0x0000000725c00000, 0x0000000725c00000|100%| E|CS|TAMS 0x0000000725a00000| PB 0x0000000725a00000| Complete 
| 302|0x0000000725c00000, 0x0000000725e00000, 0x0000000725e00000|100%| E|CS|TAMS 0x0000000725c00000| PB 0x0000000725c00000| Complete 
| 303|0x0000000725e00000, 0x0000000726000000, 0x0000000726000000|100%| E|CS|TAMS 0x0000000725e00000| PB 0x0000000725e00000| Complete 
| 304|0x0000000726000000, 0x0000000726200000, 0x0000000726200000|100%| E|CS|TAMS 0x0000000726000000| PB 0x0000000726000000| Complete 
| 305|0x0000000726200000, 0x0000000726400000, 0x0000000726400000|100%| E|CS|TAMS 0x0000000726200000| PB 0x0000000726200000| Complete 
|2036|0x00000007fe800000, 0x00000007fea00000, 0x00000007fea00000|100%| E|CS|TAMS 0x00000007fe800000| PB 0x00000007fe800000| Complete 
|2037|0x00000007fea00000, 0x00000007fec00000, 0x00000007fec00000|100%| E|CS|TAMS 0x00000007fea00000| PB 0x00000007fea00000| Complete 
|2038|0x00000007fec00000, 0x00000007fee00000, 0x00000007fee00000|100%| E|CS|TAMS 0x00000007fec00000| PB 0x00000007fec00000| Complete 
|2039|0x00000007fee00000, 0x00000007ff000000, 0x00000007ff000000|100%| E|CS|TAMS 0x00000007fee00000| PB 0x00000007fee00000| Complete 
|2040|0x00000007ff000000, 0x00000007ff200000, 0x00000007ff200000|100%| E|CS|TAMS 0x00000007ff000000| PB 0x00000007ff000000| Complete 
|2041|0x00000007ff200000, 0x00000007ff400000, 0x00000007ff400000|100%| E|CS|TAMS 0x00000007ff200000| PB 0x00000007ff200000| Complete 
|2042|0x00000007ff400000, 0x00000007ff600000, 0x00000007ff600000|100%| E|CS|TAMS 0x00000007ff400000| PB 0x00000007ff400000| Complete 
|2043|0x00000007ff600000, 0x00000007ff800000, 0x00000007ff800000|100%| O|  |TAMS 0x00000007ff800000| PB 0x00000007ff800000| Updating 
|2044|0x00000007ff800000, 0x00000007ffa00000, 0x00000007ffa00000|100%| O|  |TAMS 0x00000007ffa00000| PB 0x00000007ffa00000| Untracked 
|2045|0x00000007ffa00000, 0x00000007ffc00000, 0x00000007ffc00000|100%| O|  |TAMS 0x00000007ffc00000| PB 0x00000007ffc00000| Untracked 
|2046|0x00000007ffc00000, 0x00000007ffe00000, 0x00000007ffe00000|100%| O|  |TAMS 0x00000007ffe00000| PB 0x00000007ffe00000| Untracked 
|2047|0x00000007ffe00000, 0x0000000800000000, 0x0000000800000000|100%| O|  |TAMS 0x0000000800000000| PB 0x0000000800000000| Untracked 

Card table byte_map: [0x00000170c8940000,0x00000170c9140000] _byte_map_base: 0x00000170c5140000

Marking Bits: (CMBitMap*) 0x00000170b080e1f0
 Bits: [0x00000170c9140000, 0x00000170cd140000)

Polling page: 0x00000170ae640000

Metaspace:

Usage:
  Non-class:    149.09 MB used.
      Class:     23.59 MB used.
       Both:    172.67 MB used.

Virtual space:
  Non-class space:      192.00 MB reserved,     150.50 MB ( 78%) committed,  3 nodes.
      Class space:        1.00 GB reserved,      24.94 MB (  2%) committed,  1 nodes.
             Both:        1.19 GB reserved,     175.44 MB ( 14%) committed. 

Chunk freelists:
   Non-Class:  9.57 MB
       Class:  7.10 MB
        Both:  16.67 MB

MaxMetaspaceSize: unlimited
CompressedClassSpaceSize: 1.00 GB
Initial GC threshold: 21.00 MB
Current GC threshold: 261.25 MB
CDS: on
 - commit_granule_bytes: 65536.
 - commit_granule_words: 8192.
 - virtual_space_node_default_size: 8388608.
 - enlarge_chunks_in_place: 1.
 - use_allocation_guard: 0.


Internal statistics:

num_allocs_failed_limit: 12.
num_arena_births: 4860.
num_arena_deaths: 146.
num_vsnodes_births: 4.
num_vsnodes_deaths: 0.
num_space_committed: 2812.
num_space_uncommitted: 4.
num_chunks_returned_to_freelist: 269.
num_chunks_taken_from_freelist: 12512.
num_chunk_merges: 100.
num_chunk_splits: 8562.
num_chunks_enlarged: 5756.
num_inconsistent_stats: 0.

CodeHeap 'non-profiled nmethods': size=120000Kb used=15764Kb max_used=16754Kb free=104235Kb
 bounds [0x00000170c06c0000, 0x00000170c1720000, 0x00000170c7bf0000]
CodeHeap 'profiled nmethods': size=120000Kb used=45359Kb max_used=48482Kb free=74640Kb
 bounds [0x00000170b8bf0000, 0x00000170bbb50000, 0x00000170c0120000]
CodeHeap 'non-nmethods': size=5760Kb used=2279Kb max_used=2356Kb free=3480Kb
 bounds [0x00000170c0120000, 0x00000170c0390000, 0x00000170c06c0000]
 total_blobs=21506 nmethods=20543 adapters=863
 compilation: enabled
              stopped_count=0, restarted_count=0
 full_count=0

Compilation events (20 events):
Event: 77.683 Thread 0x00000170cf441e10 nmethod 29257 0x00000170bbb45390 code [0x00000170bbb45560, 0x00000170bbb457e0]
Event: 77.683 Thread 0x00000170cf441e10 29258       2       com.android.tools.r8.internal.Q3::c (34 bytes)
Event: 77.684 Thread 0x00000170cf441e10 nmethod 29258 0x00000170bbb45990 code [0x00000170bbb45b60, 0x00000170bbb45de0]
Event: 77.684 Thread 0x00000170cf441e10 29259       2       com.android.tools.r8.internal.Yk::a (105 bytes)
Event: 77.686 Thread 0x00000170cf441e10 nmethod 29259 0x00000170bbb45f90 code [0x00000170bbb46240, 0x00000170bbb46940]
Event: 77.686 Thread 0x00000170cf441e10 29245       2       com.android.tools.r8.graph.y2::a (12 bytes)
Event: 77.686 Thread 0x00000170cf441e10 nmethod 29245 0x00000170bbb46e90 code [0x00000170bbb47040, 0x00000170bbb47208]
Event: 77.687 Thread 0x00000170cf441e10 29268       2       com.android.tools.r8.internal.DX::<init> (5 bytes)
Event: 77.687 Thread 0x00000170cf441e10 nmethod 29268 0x00000170bbb47310 code [0x00000170bbb474a0, 0x00000170bbb475a8]
Event: 77.687 Thread 0x00000170cf441e10 29262       2       com.android.tools.r8.androidapi.f$a::b (14 bytes)
Event: 77.687 Thread 0x00000170cf441e10 nmethod 29262 0x00000170bbb47690 code [0x00000170bbb47840, 0x00000170bbb479a0]
Event: 77.687 Thread 0x00000170cf441e10 29263       2       com.android.tools.r8.internal.r30::e (16 bytes)
Event: 77.687 Thread 0x00000170cf441e10 nmethod 29263 0x00000170bbb47a90 code [0x00000170bbb47c40, 0x00000170bbb47d80]
Event: 77.688 Thread 0x00000170cf441e10 29261       2       com.android.tools.r8.internal.ul0::<init> (10 bytes)
Event: 77.688 Thread 0x00000170cf441e10 nmethod 29261 0x00000170bbb47e10 code [0x00000170bbb47fa0, 0x00000170bbb48100]
Event: 77.688 Thread 0x00000170cf441e10 29260       2       com.android.tools.r8.internal.G1$$Lambda/0x00000170d28478b0::apply (12 bytes)
Event: 77.688 Thread 0x00000170cf441e10 nmethod 29260 0x00000170bbb48190 code [0x00000170bbb48340, 0x00000170bbb48548]
Event: 77.688 Thread 0x00000170cf441e10 29226       2       com.android.tools.r8.internal.fa::a (2 bytes)
Event: 77.689 Thread 0x00000170cf441e10 nmethod 29226 0x00000170bbb48610 code [0x00000170bbb487a0, 0x00000170bbb488a8]
Event: 77.689 Thread 0x00000170cf441e10 29269       2       com.android.tools.r8.internal.Ws::a (928 bytes)

GC Heap History (20 events):
Event: 68.515 GC heap before
{Heap before GC invocations=60 (full 0):
 garbage-first heap   total 491520K, used 411896K [0x0000000700000000, 0x0000000800000000)
  region size 2048K, 81 young (165888K), 11 survivors (22528K)
 Metaspace       used 152625K, committed 155200K, reserved 1245184K
  class space    used 20069K, committed 21376K, reserved 1048576K
}
Event: 68.537 GC heap after
{Heap after GC invocations=61 (full 0):
 garbage-first heap   total 491520K, used 283037K [0x0000000700000000, 0x0000000800000000)
  region size 2048K, 6 young (12288K), 6 survivors (12288K)
 Metaspace       used 152625K, committed 155200K, reserved 1245184K
  class space    used 20069K, committed 21376K, reserved 1048576K
}
Event: 69.739 GC heap before
{Heap before GC invocations=62 (full 0):
 garbage-first heap   total 491520K, used 416157K [0x0000000700000000, 0x0000000800000000)
  region size 2048K, 76 young (155648K), 6 survivors (12288K)
 Metaspace       used 153017K, committed 155648K, reserved 1245184K
  class space    used 20097K, committed 21440K, reserved 1048576K
}
Event: 69.757 GC heap after
{Heap after GC invocations=63 (full 0):
 garbage-first heap   total 491520K, used 293234K [0x0000000700000000, 0x0000000800000000)
  region size 2048K, 10 young (20480K), 10 survivors (20480K)
 Metaspace       used 153017K, committed 155648K, reserved 1245184K
  class space    used 20097K, committed 21440K, reserved 1048576K
}
Event: 71.314 GC heap before
{Heap before GC invocations=63 (full 0):
 garbage-first heap   total 491520K, used 434546K [0x0000000700000000, 0x0000000800000000)
  region size 2048K, 76 young (155648K), 10 survivors (20480K)
 Metaspace       used 154591K, committed 157184K, reserved 1245184K
  class space    used 20321K, committed 21632K, reserved 1048576K
}
Event: 71.346 GC heap after
{Heap after GC invocations=64 (full 0):
 garbage-first heap   total 491520K, used 308218K [0x0000000700000000, 0x0000000800000000)
  region size 2048K, 10 young (20480K), 10 survivors (20480K)
 Metaspace       used 154591K, committed 157184K, reserved 1245184K
  class space    used 20321K, committed 21632K, reserved 1048576K
}
Event: 72.173 GC heap before
{Heap before GC invocations=64 (full 0):
 garbage-first heap   total 491520K, used 431098K [0x0000000700000000, 0x0000000800000000)
  region size 2048K, 71 young (145408K), 10 survivors (20480K)
 Metaspace       used 157471K, committed 160064K, reserved 1245184K
  class space    used 20784K, committed 22080K, reserved 1048576K
}
Event: 72.185 GC heap after
{Heap after GC invocations=65 (full 0):
 garbage-first heap   total 491520K, used 324212K [0x0000000700000000, 0x0000000800000000)
  region size 2048K, 8 young (16384K), 8 survivors (16384K)
 Metaspace       used 157471K, committed 160064K, reserved 1245184K
  class space    used 20784K, committed 22080K, reserved 1048576K
}
Event: 73.153 GC heap before
{Heap before GC invocations=66 (full 0):
 garbage-first heap   total 542720K, used 430708K [0x0000000700000000, 0x0000000800000000)
  region size 2048K, 65 young (133120K), 8 survivors (16384K)
 Metaspace       used 161765K, committed 164416K, reserved 1245184K
  class space    used 21635K, committed 22976K, reserved 1048576K
}
Event: 73.173 GC heap after
{Heap after GC invocations=67 (full 0):
 garbage-first heap   total 542720K, used 335872K [0x0000000700000000, 0x0000000800000000)
  region size 2048K, 9 young (18432K), 9 survivors (18432K)
 Metaspace       used 161765K, committed 164416K, reserved 1245184K
  class space    used 21635K, committed 22976K, reserved 1048576K
}
Event: 74.086 GC heap before
{Heap before GC invocations=67 (full 0):
 garbage-first heap   total 542720K, used 477184K [0x0000000700000000, 0x0000000800000000)
  region size 2048K, 79 young (161792K), 9 survivors (18432K)
 Metaspace       used 168322K, committed 171008K, reserved 1245184K
  class space    used 22894K, committed 24256K, reserved 1048576K
}
Event: 74.132 GC heap after
{Heap after GC invocations=68 (full 0):
 garbage-first heap   total 651264K, used 304853K [0x0000000700000000, 0x0000000800000000)
  region size 2048K, 10 young (20480K), 10 survivors (20480K)
 Metaspace       used 168322K, committed 171008K, reserved 1245184K
  class space    used 22894K, committed 24256K, reserved 1048576K
}
Event: 75.332 GC heap before
{Heap before GC invocations=68 (full 0):
 garbage-first heap   total 651264K, used 581333K [0x0000000700000000, 0x0000000800000000)
  region size 2048K, 136 young (278528K), 10 survivors (20480K)
 Metaspace       used 174562K, committed 177280K, reserved 1245184K
  class space    used 23981K, committed 25344K, reserved 1048576K
}
Event: 75.379 GC heap after
{Heap after GC invocations=69 (full 0):
 garbage-first heap   total 651264K, used 334264K [0x0000000700000000, 0x0000000800000000)
  region size 2048K, 11 young (22528K), 11 survivors (22528K)
 Metaspace       used 174562K, committed 177280K, reserved 1245184K
  class space    used 23981K, committed 25344K, reserved 1048576K
}
Event: 76.160 GC heap before
{Heap before GC invocations=69 (full 0):
 garbage-first heap   total 651264K, used 557496K [0x0000000700000000, 0x0000000800000000)
  region size 2048K, 121 young (247808K), 11 survivors (22528K)
 Metaspace       used 176100K, committed 178816K, reserved 1245184K
  class space    used 24173K, committed 25536K, reserved 1048576K
}
Event: 76.182 GC heap after
{Heap after GC invocations=70 (full 0):
 garbage-first heap   total 651264K, used 340254K [0x0000000700000000, 0x0000000800000000)
  region size 2048K, 5 young (10240K), 5 survivors (10240K)
 Metaspace       used 176100K, committed 178816K, reserved 1245184K
  class space    used 24173K, committed 25536K, reserved 1048576K
}
Event: 76.865 GC heap before
{Heap before GC invocations=70 (full 0):
 garbage-first heap   total 651264K, used 573726K [0x0000000700000000, 0x0000000800000000)
  region size 2048K, 119 young (243712K), 5 survivors (10240K)
 Metaspace       used 176449K, committed 179136K, reserved 1245184K
  class space    used 24186K, committed 25536K, reserved 1048576K
}
Event: 76.874 GC heap after
{Heap after GC invocations=71 (full 0):
 garbage-first heap   total 651264K, used 338540K [0x0000000700000000, 0x0000000800000000)
  region size 2048K, 5 young (10240K), 5 survivors (10240K)
 Metaspace       used 176449K, committed 179136K, reserved 1245184K
  class space    used 24186K, committed 25536K, reserved 1048576K
}
Event: 77.430 GC heap before
{Heap before GC invocations=71 (full 0):
 garbage-first heap   total 651264K, used 584300K [0x0000000700000000, 0x0000000800000000)
  region size 2048K, 125 young (256000K), 5 survivors (10240K)
 Metaspace       used 176820K, committed 179584K, reserved 1245184K
  class space    used 24187K, committed 25536K, reserved 1048576K
}
Event: 77.442 GC heap after
{Heap after GC invocations=72 (full 0):
 garbage-first heap   total 651264K, used 341033K [0x0000000700000000, 0x0000000800000000)
  region size 2048K, 6 young (12288K), 6 survivors (12288K)
 Metaspace       used 176820K, committed 179584K, reserved 1245184K
  class space    used 24187K, committed 25536K, reserved 1048576K
}

Dll operation events (16 events):
Event: 0.011 Loaded shared library C:\Program Files\Java\jdk-21\bin\java.dll
Event: 0.057 Loaded shared library C:\Program Files\Java\jdk-21\bin\jsvml.dll
Event: 0.105 Loaded shared library C:\Program Files\Java\jdk-21\bin\zip.dll
Event: 0.108 Loaded shared library C:\Program Files\Java\jdk-21\bin\instrument.dll
Event: 0.113 Loaded shared library C:\Program Files\Java\jdk-21\bin\net.dll
Event: 0.117 Loaded shared library C:\Program Files\Java\jdk-21\bin\nio.dll
Event: 0.119 Loaded shared library C:\Program Files\Java\jdk-21\bin\zip.dll
Event: 0.329 Loaded shared library C:\Program Files\Java\jdk-21\bin\jimage.dll
Event: 0.463 Loaded shared library C:\Program Files\Java\jdk-21\bin\verify.dll
Event: 0.691 Loaded shared library D:\.gradle\native\c067742578af261105cb4f569cf0c3c89f3d7b1fecec35dd04571415982c5e48\windows-amd64\native-platform.dll
Event: 0.695 Loaded shared library D:\.gradle\native\100fb08df4bc3b14c8652ba06237920a3bd2aa13389f12d3474272988ae205f9\windows-amd64\native-platform-file-events.dll
Event: 1.672 Loaded shared library C:\Program Files\Java\jdk-21\bin\management.dll
Event: 1.675 Loaded shared library C:\Program Files\Java\jdk-21\bin\management_ext.dll
Event: 1.982 Loaded shared library C:\Program Files\Java\jdk-21\bin\extnet.dll
Event: 2.308 Loaded shared library C:\Program Files\Java\jdk-21\bin\sunmscapi.dll
Event: 41.724 Loaded shared library C:\Program Files\Java\jdk-21\bin\rmi.dll

Deoptimization events (20 events):
Event: 77.609 Thread 0x0000017124064420 DEOPT PACKING pc=0x00000170bb475507 sp=0x00000039bb7fbe40
Event: 77.609 Thread 0x0000017124064420 DEOPT UNPACKING pc=0x00000170c0174e42 sp=0x00000039bb7fb388 mode 0
Event: 77.614 Thread 0x0000017124064420 DEOPT PACKING pc=0x00000170bb475507 sp=0x00000039bb7fb440
Event: 77.614 Thread 0x0000017124064420 DEOPT UNPACKING pc=0x00000170c0174e42 sp=0x00000039bb7fa988 mode 0
Event: 77.626 Thread 0x000001712341d530 DEOPT PACKING pc=0x00000170bbacd00b sp=0x00000039bbcfb650
Event: 77.626 Thread 0x000001712341d530 DEOPT UNPACKING pc=0x00000170c0174e42 sp=0x00000039bbcfacf0 mode 0
Event: 77.656 Thread 0x000001711bdfbe30 DEOPT PACKING pc=0x00000170bbacd00b sp=0x00000039b88fb4e0
Event: 77.656 Thread 0x000001711bdfbe30 DEOPT UNPACKING pc=0x00000170c0174e42 sp=0x00000039b88fab80 mode 0
Event: 77.678 Thread 0x0000017124064420 DEOPT PACKING pc=0x00000170bbacd08b sp=0x00000039bb7fb6e0
Event: 77.678 Thread 0x0000017124064420 DEOPT UNPACKING pc=0x00000170c0174e42 sp=0x00000039bb7fad80 mode 0
Event: 77.680 Thread 0x000001711bdfbe30 DEOPT PACKING pc=0x00000170ba0df951 sp=0x00000039b88fb100
Event: 77.680 Thread 0x000001711bdfbe30 DEOPT UNPACKING pc=0x00000170c0174e42 sp=0x00000039b88fa610 mode 0
Event: 77.682 Thread 0x0000017124064420 DEOPT PACKING pc=0x00000170bbacd00b sp=0x00000039bb7fb6e0
Event: 77.682 Thread 0x0000017124064420 DEOPT UNPACKING pc=0x00000170c0174e42 sp=0x00000039bb7fad80 mode 0
Event: 77.684 Thread 0x0000017124064420 DEOPT PACKING pc=0x00000170bbacd08b sp=0x00000039bb7fb6e0
Event: 77.684 Thread 0x0000017124064420 DEOPT UNPACKING pc=0x00000170c0174e42 sp=0x00000039bb7fad80 mode 0
Event: 77.690 Thread 0x0000017124064420 DEOPT PACKING pc=0x00000170bbacd08b sp=0x00000039bb7fb6e0
Event: 77.691 Thread 0x0000017124064420 DEOPT UNPACKING pc=0x00000170c0174e42 sp=0x00000039bb7fad80 mode 0
Event: 77.691 Thread 0x000001712341d530 DEOPT PACKING pc=0x00000170bb7aeacc sp=0x00000039bbcfc610
Event: 77.691 Thread 0x000001712341d530 DEOPT UNPACKING pc=0x00000170c0174e42 sp=0x00000039bbcfbc78 mode 0

Classes loaded (20 events):
Event: 74.351 Loading class java/util/IdentityHashMap$EntrySpliterator
Event: 74.351 Loading class java/util/IdentityHashMap$IdentityHashMapSpliterator
Event: 74.352 Loading class java/util/IdentityHashMap$IdentityHashMapSpliterator done
Event: 74.352 Loading class java/util/IdentityHashMap$EntrySpliterator done
Event: 74.360 Loading class java/util/stream/SortedOps$RefSortingSink
Event: 74.361 Loading class java/util/stream/SortedOps$RefSortingSink done
Event: 74.397 Loading class java/util/SortedSet$1
Event: 74.398 Loading class java/util/SortedSet$1 done
Event: 74.419 Loading class java/util/stream/SliceOps
Event: 74.419 Loading class java/util/stream/SliceOps done
Event: 74.420 Loading class java/util/stream/SliceOps$1
Event: 74.421 Loading class java/util/stream/SliceOps$1 done
Event: 74.425 Loading class java/util/stream/SliceOps$1$1
Event: 74.426 Loading class java/util/stream/SliceOps$1$1 done
Event: 75.598 Loading class java/nio/ShortBuffer
Event: 75.599 Loading class java/nio/ShortBuffer done
Event: 75.674 Loading class java/nio/ByteBufferAsShortBufferL
Event: 75.676 Loading class java/nio/ByteBufferAsShortBufferL done
Event: 75.823 Loading class java/util/zip/Adler32
Event: 75.824 Loading class java/util/zip/Adler32 done

Classes unloaded (20 events):
Event: 77.698 Thread 0x00000170cf415ed0 Unloading class 0x00000170d2672400 'java/lang/invoke/LambdaForm$DMH+0x00000170d2672400'
Event: 77.698 Thread 0x00000170cf415ed0 Unloading class 0x00000170d2671c00 'java/lang/invoke/LambdaForm$DMH+0x00000170d2671c00'
Event: 77.698 Thread 0x00000170cf415ed0 Unloading class 0x00000170d2672000 'java/lang/invoke/LambdaForm$DMH+0x00000170d2672000'
Event: 77.698 Thread 0x00000170cf415ed0 Unloading class 0x00000170d2671800 'java/lang/invoke/LambdaForm$DMH+0x00000170d2671800'
Event: 77.698 Thread 0x00000170cf415ed0 Unloading class 0x00000170d2671400 'java/lang/invoke/LambdaForm$DMH+0x00000170d2671400'
Event: 77.698 Thread 0x00000170cf415ed0 Unloading class 0x00000170d2671000 'java/lang/invoke/LambdaForm$DMH+0x00000170d2671000'
Event: 77.698 Thread 0x00000170cf415ed0 Unloading class 0x00000170d2670c00 'java/lang/invoke/LambdaForm$DMH+0x00000170d2670c00'
Event: 77.698 Thread 0x00000170cf415ed0 Unloading class 0x00000170d2670800 'java/lang/invoke/LambdaForm$DMH+0x00000170d2670800'
Event: 77.698 Thread 0x00000170cf415ed0 Unloading class 0x00000170d2670400 'java/lang/invoke/LambdaForm$DMH+0x00000170d2670400'
Event: 77.698 Thread 0x00000170cf415ed0 Unloading class 0x00000170d25f2c00 'java/lang/invoke/LambdaForm$DMH+0x00000170d25f2c00'
Event: 77.698 Thread 0x00000170cf415ed0 Unloading class 0x00000170d25f2800 'java/lang/invoke/LambdaForm$DMH+0x00000170d25f2800'
Event: 77.698 Thread 0x00000170cf415ed0 Unloading class 0x00000170d25f2400 'java/lang/invoke/LambdaForm$DMH+0x00000170d25f2400'
Event: 77.698 Thread 0x00000170cf415ed0 Unloading class 0x00000170d25f2000 'java/lang/invoke/LambdaForm$DMH+0x00000170d25f2000'
Event: 77.698 Thread 0x00000170cf415ed0 Unloading class 0x00000170d25f1800 'java/lang/invoke/LambdaForm$DMH+0x00000170d25f1800'
Event: 77.698 Thread 0x00000170cf415ed0 Unloading class 0x00000170d25f1400 'java/lang/invoke/LambdaForm$DMH+0x00000170d25f1400'
Event: 77.698 Thread 0x00000170cf415ed0 Unloading class 0x00000170d25f1c00 'java/lang/invoke/LambdaForm$DMH+0x00000170d25f1c00'
Event: 77.698 Thread 0x00000170cf415ed0 Unloading class 0x00000170d25f1000 'java/lang/invoke/LambdaForm$DMH+0x00000170d25f1000'
Event: 77.698 Thread 0x00000170cf415ed0 Unloading class 0x00000170d25f0400 'java/lang/invoke/LambdaForm$DMH+0x00000170d25f0400'
Event: 77.698 Thread 0x00000170cf415ed0 Unloading class 0x00000170d25f0c00 'java/lang/invoke/LambdaForm$DMH+0x00000170d25f0c00'
Event: 77.698 Thread 0x00000170cf415ed0 Unloading class 0x00000170d25f0000 'java/lang/invoke/LambdaForm$DMH+0x00000170d25f0000'

Classes redefined (0 events):
No events

Internal exceptions (20 events):
Event: 75.038 Thread 0x00000171243a4620 Exception <a 'java/lang/NoSuchMethodError'{0x000000071b694220}: 'java.lang.Object java.lang.invoke.DirectMethodHandle$Holder.newInvokeSpecial(java.lang.Object, java.lang.Object, int, java.lang.Object, java.lang.Object, java.lang.Object)'> (0x000000071b694220) 
thrown [s\open\src\hotspot\share\interpreter\linkResolver.cpp, line 773]
Event: 75.039 Thread 0x00000171243a3f90 Exception <a 'java/lang/NoSuchMethodError'{0x000000071b389120}: 'java.lang.Object java.lang.invoke.Invokers$Holder.linkToTargetMethod(java.lang.Object, int, java.lang.Object, java.lang.Object, java.lang.Object, java.lang.Object)'> (0x000000071b389120) 
thrown [s\open\src\hotspot\share\interpreter\linkResolver.cpp, line 773]
Event: 75.039 Thread 0x000001711d31b380 Exception <a 'java/lang/NoSuchMethodError'{0x000000071b1c53a0}: 'java.lang.Object java.lang.invoke.Invokers$Holder.linkToTargetMethod(java.lang.Object, int, java.lang.Object, java.lang.Object, java.lang.Object, java.lang.Object)'> (0x000000071b1c53a0) 
thrown [s\open\src\hotspot\share\interpreter\linkResolver.cpp, line 773]
Event: 75.039 Thread 0x00000171243a4620 Exception <a 'java/lang/NoSuchMethodError'{0x000000071ae231e8}: 'java.lang.Object java.lang.invoke.DirectMethodHandle$Holder.invokeSpecial(java.lang.Object, java.lang.Object, java.lang.Object, int, java.lang.Object, java.lang.Object, java.lang.Object)'> (0x000000071ae231e8) 
thrown [s\open\src\hotspot\share\interpreter\linkResolver.cpp, line 773]
Event: 75.039 Thread 0x00000171243a4620 Exception <a 'java/lang/NoSuchMethodError'{0x000000071ae26c68}: 'java.lang.Object java.lang.invoke.Invokers$Holder.linkToTargetMethod(java.lang.Object, int, java.lang.Object, java.lang.Object, java.lang.Object, java.lang.Object)'> (0x000000071ae26c68) 
thrown [s\open\src\hotspot\share\interpreter\linkResolver.cpp, line 773]
Event: 75.040 Thread 0x000001711d31b380 Exception <a 'java/lang/NoSuchMethodError'{0x000000071b1c8d48}: 'void java.lang.invoke.DirectMethodHandle$Holder.invokeSpecial(java.lang.Object, java.lang.Object, java.lang.Object, int, java.lang.Object, java.lang.Object, java.lang.Object, java.lang.Object)'> (0x000000071b1c8d48) 
thrown [s\open\src\hotspot\share\interpreter\linkResolver.cpp, line 773]
Event: 75.040 Thread 0x00000171243a4620 Exception <a 'java/lang/NoSuchMethodError'{0x000000071ae2a3e0}: 'void java.lang.invoke.DirectMethodHandle$Holder.invokeSpecial(java.lang.Object, java.lang.Object, java.lang.Object, int, java.lang.Object, java.lang.Object, java.lang.Object, java.lang.Object)'> (0x000000071ae2a3e0) 
thrown [s\open\src\hotspot\share\interpreter\linkResolver.cpp, line 773]
Event: 75.040 Thread 0x00000171243a3f90 Exception <a 'java/lang/NoSuchMethodError'{0x000000071ae02a20}: 'void java.lang.invoke.DirectMethodHandle$Holder.invokeSpecial(java.lang.Object, java.lang.Object, java.lang.Object, int, java.lang.Object, java.lang.Object, java.lang.Object, java.lang.Object)'> (0x000000071ae02a20) 
thrown [s\open\src\hotspot\share\interpreter\linkResolver.cpp, line 773]
Event: 75.049 Thread 0x000001711d31b380 Exception <a 'java/lang/NoSuchMethodError'{0x000000071afd0350}: 'void java.lang.invoke.DirectMethodHandle$Holder.invokeStatic(java.lang.Object, java.lang.Object, java.lang.Object, java.lang.Object, java.lang.Object, java.lang.Object, java.lang.Object, java.lang.Object)'> (0x000000071afd0350) 
thrown [s\open\src\hotspot\share\interpreter\linkResolver.cpp, line 773]
Event: 75.049 Thread 0x00000171243a4620 Exception <a 'java/lang/NoSuchMethodError'{0x000000071af648f0}: 'void java.lang.invoke.DirectMethodHandle$Holder.invokeStatic(java.lang.Object, java.lang.Object, java.lang.Object, java.lang.Object, java.lang.Object, java.lang.Object, java.lang.Object, java.lang.Object)'> (0x000000071af648f0) 
thrown [s\open\src\hotspot\share\interpreter\linkResolver.cpp, line 773]
Event: 75.049 Thread 0x00000171243a3f90 Exception <a 'java/lang/NoSuchMethodError'{0x000000071ae0c028}: 'void java.lang.invoke.DirectMethodHandle$Holder.invokeStatic(java.lang.Object, java.lang.Object, java.lang.Object, java.lang.Object, java.lang.Object, java.lang.Object, java.lang.Object, java.lang.Object)'> (0x000000071ae0c028) 
thrown [s\open\src\hotspot\share\interpreter\linkResolver.cpp, line 773]
Event: 75.049 Thread 0x00000171243a59d0 Exception <a 'java/lang/NoSuchMethodError'{0x000000071afb23e0}: 'void java.lang.invoke.DirectMethodHandle$Holder.invokeStatic(java.lang.Object, java.lang.Object, java.lang.Object, java.lang.Object, java.lang.Object, java.lang.Object, java.lang.Object, java.lang.Object)'> (0x000000071afb23e0) 
thrown [s\open\src\hotspot\share\interpreter\linkResolver.cpp, line 773]
Event: 75.405 Thread 0x00000171243a4620 Exception <a 'java/lang/IncompatibleClassChangeError'{0x00000007ff5113f0}: Found class java.lang.Object, but interface was expected> (0x00000007ff5113f0) 
thrown [s\open\src\hotspot\share\interpreter\linkResolver.cpp, line 840]
Event: 75.405 Thread 0x00000171243a3f90 Exception <a 'java/lang/IncompatibleClassChangeError'{0x00000007ff4c8a58}: Found class java.lang.Object, but interface was expected> (0x00000007ff4c8a58) 
thrown [s\open\src\hotspot\share\interpreter\linkResolver.cpp, line 840]
Event: 75.405 Thread 0x00000171243a59d0 Exception <a 'java/lang/IncompatibleClassChangeError'{0x00000007ff413978}: Found class java.lang.Object, but interface was expected> (0x00000007ff413978) 
thrown [s\open\src\hotspot\share\interpreter\linkResolver.cpp, line 840]
Event: 75.405 Thread 0x000001711d31b380 Exception <a 'java/lang/IncompatibleClassChangeError'{0x00000007ff20f298}: Found class java.lang.Object, but interface was expected> (0x00000007ff20f298) 
thrown [s\open\src\hotspot\share\interpreter\linkResolver.cpp, line 840]
Event: 75.860 Thread 0x000001711d31b380 Implicit null exception at 0x00000170c0ba954a to 0x00000170c0ba9cfc
Event: 75.860 Thread 0x00000171243a3f90 Implicit null exception at 0x00000170c0ba954a to 0x00000170c0ba9cfc
Event: 75.861 Thread 0x00000171243a59d0 Implicit null exception at 0x00000170c1178347 to 0x00000170c1178ab4
Event: 76.854 Thread 0x000001712341d530 Exception <a 'java/lang/NoSuchMethodError'{0x0000000718b67cb8}: 'int java.lang.invoke.DirectMethodHandle$Holder.invokeInterface(java.lang.Object, java.lang.Object, int)'> (0x0000000718b67cb8) 
thrown [s\open\src\hotspot\share\interpreter\linkResolver.cpp, line 773]

ZGC Phase Switch (0 events):
No events

VM Operations (20 events):
Event: 75.883 Executing VM operation: ICBufferFull done
Event: 76.159 Executing VM operation: G1CollectForAllocation (G1 Evacuation Pause)
Event: 76.182 Executing VM operation: G1CollectForAllocation (G1 Evacuation Pause) done
Event: 76.499 Executing VM operation: HandshakeAllThreads (Deoptimize)
Event: 76.500 Executing VM operation: HandshakeAllThreads (Deoptimize) done
Event: 76.515 Executing VM operation: ICBufferFull
Event: 76.515 Executing VM operation: ICBufferFull done
Event: 76.822 Executing VM operation: ICBufferFull
Event: 76.822 Executing VM operation: ICBufferFull done
Event: 76.864 Executing VM operation: G1CollectForAllocation (G1 Evacuation Pause)
Event: 76.875 Executing VM operation: G1CollectForAllocation (G1 Evacuation Pause) done
Event: 76.966 Executing VM operation: ICBufferFull
Event: 76.967 Executing VM operation: ICBufferFull done
Event: 77.277 Executing VM operation: ICBufferFull
Event: 77.278 Executing VM operation: ICBufferFull done
Event: 77.429 Executing VM operation: G1CollectForAllocation (G1 Evacuation Pause)
Event: 77.446 Executing VM operation: G1CollectForAllocation (G1 Evacuation Pause) done
Event: 77.691 Executing VM operation: HandshakeAllThreads (Deoptimize)
Event: 77.692 Executing VM operation: HandshakeAllThreads (Deoptimize) done
Event: 77.695 Executing VM operation: G1PauseRemark

Events (20 events):
Event: 77.781 Thread 0x00000170cf415ed0 flushing nmethod 0x00000170c076ca10
Event: 77.781 Thread 0x00000170cf415ed0 flushing nmethod 0x00000170c0759e90
Event: 77.781 Thread 0x00000170cf415ed0 flushing nmethod 0x00000170c0759990
Event: 77.781 Thread 0x00000170cf415ed0 flushing nmethod 0x00000170c0740890
Event: 77.781 Thread 0x00000170cf415ed0 flushing nmethod 0x00000170c0740590
Event: 77.781 Thread 0x00000170cf415ed0 flushing nmethod 0x00000170c075cb90
Event: 77.781 Thread 0x00000170cf415ed0 flushing nmethod 0x00000170c0718690
Event: 77.781 Thread 0x00000170cf415ed0 flushing nmethod 0x00000170c0730e90
Event: 77.781 Thread 0x00000170cf415ed0 flushing nmethod 0x00000170c072a790
Event: 77.781 Thread 0x00000170cf415ed0 flushing nmethod 0x00000170c0733510
Event: 77.781 Thread 0x00000170cf415ed0 flushing nmethod 0x00000170c070fc10
Event: 77.781 Thread 0x00000170cf415ed0 flushing nmethod 0x00000170c0719790
Event: 77.781 Thread 0x00000170cf415ed0 flushing nmethod 0x00000170c0719490
Event: 77.781 Thread 0x00000170cf415ed0 flushing nmethod 0x00000170c06eb390
Event: 77.781 Thread 0x00000170cf415ed0 flushing nmethod 0x00000170c06fe510
Event: 77.781 Thread 0x00000170cf415ed0 flushing nmethod 0x00000170c06f0690
Event: 77.781 Thread 0x00000170cf415ed0 flushing nmethod 0x00000170c06cbc10
Event: 77.781 Thread 0x00000170cf415ed0 flushing nmethod 0x00000170c06ca590
Event: 77.781 Thread 0x00000170cf415ed0 flushing nmethod 0x00000170c06d7e90
Event: 77.781 Thread 0x00000170cf415ed0 flushing nmethod 0x00000170c06c1590


Dynamic libraries:
0x00007ff6f72e0000 - 0x00007ff6f72f0000 	C:\Program Files\Java\jdk-21\bin\java.exe
0x00007ffc036c0000 - 0x00007ffc03927000 	C:\WINDOWS\SYSTEM32\ntdll.dll
0x00007ffc026c0000 - 0x00007ffc02789000 	C:\WINDOWS\System32\KERNEL32.DLL
0x00007ffc01060000 - 0x00007ffc0144f000 	C:\WINDOWS\System32\KERNELBASE.dll
0x00007ffc00f10000 - 0x00007ffc0105b000 	C:\WINDOWS\System32\ucrtbase.dll
0x00007ffbb8e60000 - 0x00007ffbb8e7b000 	C:\Program Files\Java\jdk-21\bin\VCRUNTIME140.dll
0x00007ffbc8d50000 - 0x00007ffbc8d69000 	C:\Program Files\Java\jdk-21\bin\jli.dll
0x00007ffc03220000 - 0x00007ffc032d4000 	C:\WINDOWS\System32\ADVAPI32.dll
0x00007ffc01d20000 - 0x00007ffc01dc9000 	C:\WINDOWS\System32\msvcrt.dll
0x00007ffc01f20000 - 0x00007ffc01fc6000 	C:\WINDOWS\System32\sechost.dll
0x00007ffc01c00000 - 0x00007ffc01d18000 	C:\WINDOWS\System32\RPCRT4.dll
0x00007ffc032e0000 - 0x00007ffc034a5000 	C:\WINDOWS\System32\USER32.dll
0x00007ffc008a0000 - 0x00007ffc008c7000 	C:\WINDOWS\System32\win32u.dll
0x00007ffbdd1f0000 - 0x00007ffbdd483000 	C:\WINDOWS\WinSxS\amd64_microsoft.windows.common-controls_6595b64144ccf1df_6.0.26100.7309_none_3e05feeae336a044\COMCTL32.dll
0x00007ffc034b0000 - 0x00007ffc034db000 	C:\WINDOWS\System32\GDI32.dll
0x00007ffc00bc0000 - 0x00007ffc00cec000 	C:\WINDOWS\System32\gdi32full.dll
0x00007ffc00e60000 - 0x00007ffc00f03000 	C:\WINDOWS\System32\msvcp_win.dll
0x00007ffbf0de0000 - 0x00007ffbf0deb000 	C:\WINDOWS\SYSTEM32\VERSION.dll
0x00007ffc031e0000 - 0x00007ffc03211000 	C:\WINDOWS\System32\IMM32.DLL
0x00007ffbfb430000 - 0x00007ffbfb43c000 	C:\Program Files\Java\jdk-21\bin\vcruntime140_1.dll
0x00007ffb77da0000 - 0x00007ffb77e2e000 	C:\Program Files\Java\jdk-21\bin\msvcp140.dll
0x00007ffafc490000 - 0x00007ffafd1a5000 	C:\Program Files\Java\jdk-21\bin\server\jvm.dll
0x00007ffc02970000 - 0x00007ffc029e4000 	C:\WINDOWS\System32\WS2_32.dll
0x00007ffc00670000 - 0x00007ffc006ce000 	C:\WINDOWS\SYSTEM32\POWRPROF.dll
0x00007ffbfae20000 - 0x00007ffbfae55000 	C:\WINDOWS\SYSTEM32\WINMM.dll
0x00007ffc00650000 - 0x00007ffc00664000 	C:\WINDOWS\SYSTEM32\UMPDC.dll
0x00007ffbff580000 - 0x00007ffbff59b000 	C:\WINDOWS\SYSTEM32\kernel.appcore.dll
0x00007ffbecb40000 - 0x00007ffbecb4a000 	C:\Program Files\Java\jdk-21\bin\jimage.dll
0x00007ffbfe100000 - 0x00007ffbfe342000 	C:\WINDOWS\SYSTEM32\DBGHELP.DLL
0x00007ffc015d0000 - 0x00007ffc01955000 	C:\WINDOWS\System32\combase.dll
0x00007ffc024c0000 - 0x00007ffc02596000 	C:\WINDOWS\System32\OLEAUT32.dll
0x00007ffbdddf0000 - 0x00007ffbdde2c000 	C:\WINDOWS\SYSTEM32\dbgcore.DLL
0x00007ffc008d0000 - 0x00007ffc00975000 	C:\WINDOWS\System32\bcryptPrimitives.dll
0x00007ffbc8bc0000 - 0x00007ffbc8bcf000 	C:\Program Files\Java\jdk-21\bin\instrument.dll
0x00007ffbb7610000 - 0x00007ffbb762f000 	C:\Program Files\Java\jdk-21\bin\java.dll
0x00007ffc02a80000 - 0x00007ffc031d3000 	C:\WINDOWS\System32\SHELL32.dll
0x00007ffc00cf0000 - 0x00007ffc00e5a000 	C:\WINDOWS\System32\wintypes.dll
0x00007ffbfe3d0000 - 0x00007ffbfec2e000 	C:\WINDOWS\SYSTEM32\windows.storage.dll
0x00007ffc025a0000 - 0x00007ffc02695000 	C:\WINDOWS\System32\SHCORE.dll
0x00007ffc019f0000 - 0x00007ffc01a56000 	C:\WINDOWS\System32\shlwapi.dll
0x00007ffc00730000 - 0x00007ffc00759000 	C:\WINDOWS\SYSTEM32\profapi.dll
0x00007ffb65cb0000 - 0x00007ffb65d87000 	C:\Program Files\Java\jdk-21\bin\jsvml.dll
0x00007ffbb68d0000 - 0x00007ffbb68e8000 	C:\Program Files\Java\jdk-21\bin\zip.dll
0x00007ffbb7710000 - 0x00007ffbb7720000 	C:\Program Files\Java\jdk-21\bin\net.dll
0x00007ffbfa8b0000 - 0x00007ffbfa9d8000 	C:\WINDOWS\SYSTEM32\WINHTTP.dll
0x00007ffbffad0000 - 0x00007ffbffb3b000 	C:\WINDOWS\system32\mswsock.dll
0x00007ffbb75f0000 - 0x00007ffbb7606000 	C:\Program Files\Java\jdk-21\bin\nio.dll
0x00007ffbb68c0000 - 0x00007ffbb68d0000 	C:\Program Files\Java\jdk-21\bin\verify.dll
0x00007ffba27d0000 - 0x00007ffba27f7000 	D:\.gradle\native\c067742578af261105cb4f569cf0c3c89f3d7b1fecec35dd04571415982c5e48\windows-amd64\native-platform.dll
0x00007ffb65fd0000 - 0x00007ffb66114000 	D:\.gradle\native\100fb08df4bc3b14c8652ba06237920a3bd2aa13389f12d3474272988ae205f9\windows-amd64\native-platform-file-events.dll
0x00007ffbb68a0000 - 0x00007ffbb68aa000 	C:\Program Files\Java\jdk-21\bin\management.dll
0x00007ffbb6890000 - 0x00007ffbb689b000 	C:\Program Files\Java\jdk-21\bin\management_ext.dll
0x00007ffc01b60000 - 0x00007ffc01b68000 	C:\WINDOWS\System32\PSAPI.DLL
0x00007ffbffec0000 - 0x00007ffbffedb000 	C:\WINDOWS\SYSTEM32\CRYPTSP.dll
0x00007ffbff4e0000 - 0x00007ffbff51a000 	C:\WINDOWS\system32\rsaenh.dll
0x00007ffbffb80000 - 0x00007ffbffbab000 	C:\WINDOWS\SYSTEM32\USERENV.dll
0x00007ffc00700000 - 0x00007ffc0072a000 	C:\WINDOWS\SYSTEM32\bcrypt.dll
0x00007ffbffd20000 - 0x00007ffbffd2c000 	C:\WINDOWS\SYSTEM32\CRYPTBASE.dll
0x00007ffbfef70000 - 0x00007ffbfefa4000 	C:\WINDOWS\SYSTEM32\IPHLPAPI.DLL
0x00007ffc019e0000 - 0x00007ffc019ea000 	C:\WINDOWS\System32\NSI.dll
0x00007ffbb6840000 - 0x00007ffbb6847000 	C:\Program Files\Java\jdk-21\bin\extnet.dll
0x00007ffbf7930000 - 0x00007ffbf793e000 	C:\Program Files\Java\jdk-21\bin\sunmscapi.dll
0x00007ffc00a40000 - 0x00007ffc00bb7000 	C:\WINDOWS\System32\CRYPT32.dll
0x00007ffc00010000 - 0x00007ffc00040000 	C:\WINDOWS\SYSTEM32\ncrypt.dll
0x00007ffbfffc0000 - 0x00007ffbfffff000 	C:\WINDOWS\SYSTEM32\NTASN1.dll
0x00007ffbe5f20000 - 0x00007ffbe5f28000 	C:\WINDOWS\system32\wshunix.dll
0x00007ffbcd9e0000 - 0x00007ffbcd9f8000 	C:\WINDOWS\system32\napinsp.dll
0x00007ffbff000000 - 0x00007ffbff12c000 	C:\WINDOWS\SYSTEM32\DNSAPI.dll
0x00007ffbcd9c0000 - 0x00007ffbcd9d2000 	C:\WINDOWS\System32\winrnr.dll
0x00007ffbcd990000 - 0x00007ffbcd9b2000 	C:\WINDOWS\system32\nlansp_c.dll
0x00007ffbcd940000 - 0x00007ffbcd956000 	C:\WINDOWS\system32\wshbth.dll
0x00007ffbfa650000 - 0x00007ffbfa65b000 	C:\Windows\System32\rasadhlp.dll
0x00007ffbfabe0000 - 0x00007ffbfac66000 	C:\WINDOWS\System32\fwpuclnt.dll
0x00007ffbfd260000 - 0x00007ffbfd267000 	C:\Program Files\Java\jdk-21\bin\rmi.dll
0x00007ffbff6a0000 - 0x00007ffbff6d6000 	C:\WINDOWS\SYSTEM32\ntmarta.dll

dbghelp: loaded successfully - version: 4.0.5 - missing functions: none
symbol engine: initialized successfully - sym options: 0x614 - pdb path: .;C:\Program Files\Java\jdk-21\bin;C:\WINDOWS\SYSTEM32;C:\WINDOWS\WinSxS\amd64_microsoft.windows.common-controls_6595b64144ccf1df_6.0.26100.7309_none_3e05feeae336a044;C:\Program Files\Java\jdk-21\bin\server;D:\.gradle\native\c067742578af261105cb4f569cf0c3c89f3d7b1fecec35dd04571415982c5e48\windows-amd64;D:\.gradle\native\100fb08df4bc3b14c8652ba06237920a3bd2aa13389f12d3474272988ae205f9\windows-amd64

VM Arguments:
jvm_args: --add-opens=java.base/java.util=ALL-UNNAMED --add-opens=java.base/java.lang=ALL-UNNAMED --add-opens=java.base/java.lang.invoke=ALL-UNNAMED --add-opens=java.prefs/java.util.prefs=ALL-UNNAMED --add-exports=jdk.compiler/com.sun.tools.javac.api=ALL-UNNAMED --add-exports=jdk.compiler/com.sun.tools.javac.util=ALL-UNNAMED --add-opens=java.base/java.nio.charset=ALL-UNNAMED --add-opens=java.base/java.net=ALL-UNNAMED --add-opens=java.base/java.util.concurrent.atomic=ALL-UNNAMED -Xmx4096m -Dfile.encoding=UTF-8 -Duser.country=US -Duser.language=en -Duser.variant -javaagent:D:\.gradle\wrapper\dists\gradle-8.10.2-bin\a04bxjujx95o3nb99gddekhwo\gradle-8.10.2\lib\agents\gradle-instrumentation-agent-8.10.2.jar 
java_command: org.gradle.launcher.daemon.bootstrap.GradleDaemon 8.10.2
java_class_path (initial): D:\.gradle\wrapper\dists\gradle-8.10.2-bin\a04bxjujx95o3nb99gddekhwo\gradle-8.10.2\lib\gradle-daemon-main-8.10.2.jar
Launcher Type: SUN_STANDARD

[Global flags]
     intx CICompilerCount                          = 4                                         {product} {ergonomic}
     uint ConcGCThreads                            = 3                                         {product} {ergonomic}
     uint G1ConcRefinementThreads                  = 10                                        {product} {ergonomic}
   size_t G1HeapRegionSize                         = 2097152                                   {product} {ergonomic}
    uintx GCDrainStackTargetSize                   = 64                                        {product} {ergonomic}
   size_t InitialHeapSize                          = 264241152                                 {product} {ergonomic}
   size_t MarkStackSize                            = 4194304                                   {product} {ergonomic}
   size_t MaxHeapSize                              = 4294967296                                {product} {command line}
   size_t MaxNewSize                               = 2575302656                                {product} {ergonomic}
   size_t MinHeapDeltaBytes                        = 2097152                                   {product} {ergonomic}
   size_t MinHeapSize                              = 8388608                                   {product} {ergonomic}
    uintx NonNMethodCodeHeapSize                   = 5839372                                {pd product} {ergonomic}
    uintx NonProfiledCodeHeapSize                  = 122909434                              {pd product} {ergonomic}
    uintx ProfiledCodeHeapSize                     = 122909434                              {pd product} {ergonomic}
    uintx ReservedCodeCacheSize                    = 251658240                              {pd product} {ergonomic}
     bool SegmentedCodeCache                       = true                                      {product} {ergonomic}
   size_t SoftMaxHeapSize                          = 4294967296                             {manageable} {ergonomic}
     bool UseCompressedOops                        = true                           {product lp64_product} {ergonomic}
     bool UseG1GC                                  = true                                      {product} {ergonomic}
     bool UseLargePagesIndividualAllocation        = false                                  {pd product} {ergonomic}

Logging:
Log output configuration:
 #0: stdout all=warning uptime,level,tags foldmultilines=false
 #1: stderr all=off uptime,level,tags foldmultilines=false

Environment Variables:
JAVA_HOME=C:\Program Files\Java\jdk-21
CLASSPATH=D:\Diploma\Final Project\FixMate\\gradle\wrapper\gradle-wrapper.jar
PATH=c:\Users\HP\AppData\Roaming\Code\User\globalStorage\github.copilot-chat\debugCommand;c:\Users\HP\AppData\Roaming\Code\User\globalStorage\github.copilot-chat\copilotCli;C:\oracle\dbhomeFree\bin;C:\app\HP\product\23ai\dbhomeFree\bin;C:\Program Files\Common Files\Oracle\Java\javapath;C:\Program Files (x86)\Common Files\Oracle\Java\java8path;C:\Program Files (x86)\Common Files\Oracle\Java\javapath;C:\WINDOWS\system32;C:\WINDOWS;C:\WINDOWS\System32\Wbem;C:\WINDOWS\System32\WindowsPowerShell\v1.0\;C:\WINDOWS\System32\OpenSSH\;C:\Program Files (x86)\Microsoft SQL Server\160\Tools\Binn\;C:\Program Files\Microsoft SQL Server\160\Tools\Binn\;C:\Program Files\Microsoft SQL Server\Client SDK\ODBC\170\Tools\Binn\;C:\Program Files\Microsoft SQL Server\160\DTS\Binn\;C:\Program Files (x86)\Microsoft SQL Server\160\DTS\Binn\;C:\Program Files\Azure Data Studio\bin;C:\Program Files\Java\jdk-21\bin;C:\Program Files\Microsoft SQL Server\150\Tools\Binn\;C:\Program Files\nodejs;C:\ProgramData\chocolatey\bin;C:\Program Files\nodejs\;C:\sqlite;C:\Program Files\Git\cmd;C:\Program Files\TortoiseGit\bin;C:\Program Files\dotnet\;C:\Users\HP\AppData\Local\Programs\Python\Python313\Scripts\;C:\Users\HP\AppData\Local\Programs\Python\Python313\;C:\Users\HP\AppData\Local\Programs\Python\Launcher\;C:\Users\HP\AppData\Local\Microsoft\WindowsApps;C:\Program Files\Azure Data Studio\bin;C:\Program Files\JetBrains\IntelliJ IDEA Community Edition 2023.2.5\bin;C:\Users\HP\AppData\Local\Programs\Microsoft VS Code\bin;C:\Program Files\JetBrains\IntelliJ IDEA 2024.3.1.1\bin;C:\Users\HP\.dotnet\tools;C:\Users\HP\AppData\Roaming\npm;C:\Users\HP\AppData\Local\Programs\mongosh\;D:\software\flutter_windows_3.38.0-stable (1)\flutter\bin;D:\software\flutter_3.38.0\flutter\bin;D:\software\flutter_windows_3.35.7-stable\flutter\bin;C:\Users\HP\.dotnet\tools;c:\Users\HP\.vscode\extensions\vscjava.vscode-java-debug-0.58.4\bundled\scripts\noConfigScripts
USERNAME=HP
LANG=en_US.UTF-8
OS=Windows_NT
PROCESSOR_IDENTIFIER=Intel64 Family 6 Model 154 Stepping 4, GenuineIntel
TMP=C:\Users\HP\AppData\Local\Temp
TEMP=C:\Users\HP\AppData\Local\Temp




Periodic native trim disabled

---------------  S Y S T E M  ---------------

OS:
 Windows 11 , 64 bit Build 26100 (10.0.26100.7309)
OS uptime: 3 days 11:01 hours
Hyper-V role detected

CPU: total 12 (initial active 12) (6 cores per cpu, 2 threads per core) family 6 model 154 stepping 4 microcode 0x437, cx8, cmov, fxsr, ht, mmx, 3dnowpref, sse, sse2, sse3, ssse3, sse4.1, sse4.2, popcnt, lzcnt, tsc, tscinvbit, avx, avx2, aes, erms, clmul, bmi1, bmi2, adx, sha, fma, vzeroupper, clflush, clflushopt, clwb, hv, serialize, rdtscp, rdpid, fsrm, f16c, cet_ibt, cet_ss
Processor Information for all 12 processors :
  Max Mhz: 1300, Current Mhz: 1300, Mhz Limit: 1300

Memory: 4k page, system-wide physical 16016M (1276M free)
TotalPageFile size 26230M (AvailPageFile size 33M)
current process WorkingSet (physical memory assigned to process): 1152M, peak: 1156M
current process commit charge ("private bytes"): 1197M, peak: 1242M

vm_info: Java HotSpot(TM) 64-Bit Server VM (21.0.1+12-LTS-29) for windows-amd64 JRE (21.0.1+12-LTS-29), built on 2023-10-05T13:27:09Z by "mach5one" with MS VC++ 17.1 (VS2022)

END.
