#
# There is insufficient memory for the Java Runtime Environment to continue.
# Native memory allocation (mmap) failed to map 35651584 bytes. Error detail: G1 virtual space
# Possible reasons:
#   The system is out of physical RAM or swap space
#   This process is running with CompressedOops enabled, and the Java Heap may be blocking the growth of the native heap
# Possible solutions:
#   Reduce memory load on the system
#   Increase physical memory or swap space
#   Check if swap backing store is full
#   Decrease Java heap size (-Xmx/-Xms)
#   Decrease number of Java threads
#   Decrease Java thread stack sizes (-Xss)
#   Set larger code cache with -XX:ReservedCodeCacheSize=
#   JVM is running with Zero Based Compressed Oops mode in which the Java heap is
#     placed in the first 32GB address space. The Java Heap base address is the
#     maximum limit for the native heap growth. Please use -XX:HeapBaseMinAddress
#     to set the Java Heap base and to place the Java Heap above 32GB virtual address.
# This output file may be truncated or incomplete.
#
#  Out of Memory Error (os_windows.cpp:3828), pid=24964, tid=12360
#
# JRE version: OpenJDK Runtime Environment (21.0.4) (build 21.0.4+-12508038-b607.1)
# Java VM: OpenJDK 64-Bit Server VM (21.0.4+-12508038-b607.1, mixed mode, tiered, compressed oops, compressed class ptrs, g1 gc, windows-amd64)
# No core dump will be written. Minidumps are not enabled by default on client versions of Windows
#

---------------  S U M M A R Y ------------

Command Line: --add-opens=java.base/java.util=ALL-UNNAMED --add-opens=java.base/java.lang=ALL-UNNAMED --add-opens=java.base/java.lang.invoke=ALL-UNNAMED --add-opens=java.prefs/java.util.prefs=ALL-UNNAMED --add-exports=jdk.compiler/com.sun.tools.javac.api=ALL-UNNAMED --add-exports=jdk.compiler/com.sun.tools.javac.util=ALL-UNNAMED --add-opens=java.base/java.nio.charset=ALL-UNNAMED --add-opens=java.base/java.net=ALL-UNNAMED --add-opens=java.base/java.util.concurrent.atomic=ALL-UNNAMED -Xmx4096m -Dfile.encoding=UTF-8 -Duser.country=US -Duser.language=en -Duser.variant -javaagent:D:\.gradle\wrapper\dists\gradle-8.10.2-bin\a04bxjujx95o3nb99gddekhwo\gradle-8.10.2\lib\agents\gradle-instrumentation-agent-8.10.2.jar org.gradle.launcher.daemon.bootstrap.GradleDaemon 8.10.2

Host: 12th Gen Intel(R) Core(TM) i5-1235U, 12 cores, 15G,  Windows 11 , 64 bit Build 26100 (10.0.26100.7309)
Time: Mon Dec 15 13:16:40 2025 Sri Lanka Standard Time elapsed time: 9.672371 seconds (0d 0h 0m 9s)

---------------  T H R E A D  ---------------

Current thread (0x000001c41e031320):  VMThread "VM Thread"          [id=12360, stack(0x000000be63700000,0x000000be63800000) (1024K)]

Stack: [0x000000be63700000,0x000000be63800000]
Native frames: (J=compiled Java code, j=interpreted, Vv=VM code, C=native code)
V  [jvm.dll+0x6ce539]
V  [jvm.dll+0x85bf03]
V  [jvm.dll+0x85e45e]
V  [jvm.dll+0x85eb43]
V  [jvm.dll+0x27dd06]
V  [jvm.dll+0x6cada5]
V  [jvm.dll+0x6bf27a]
V  [jvm.dll+0x3541fb]
V  [jvm.dll+0x35be36]
V  [jvm.dll+0x3adbc6]
V  [jvm.dll+0x3ade98]
V  [jvm.dll+0x32691c]
V  [jvm.dll+0x3269a7]
V  [jvm.dll+0x36c78c]
V  [jvm.dll+0x36af3e]
V  [jvm.dll+0x326071]
V  [jvm.dll+0x36a650]
V  [jvm.dll+0x8648c8]
V  [jvm.dll+0x865c44]
V  [jvm.dll+0x866180]
V  [jvm.dll+0x866413]
V  [jvm.dll+0x804418]
V  [jvm.dll+0x6cce0d]
C  [ucrtbase.dll+0x37b0]
C  [KERNEL32.DLL+0x2e8d7]
C  [ntdll.dll+0x8c53c]

VM_Operation (0x000000be653f6a70): G1CollectForAllocation, mode: safepoint, requested by thread 0x000001c4202ec040


---------------  P R O C E S S  ---------------

Threads class SMR info:
_java_thread_list=0x000001c424aae8b0, length=70, elements={
0x000001c47d74d820, 0x000001c41e0a2740, 0x000001c41e0a31a0, 0x000001c41e08c650,
0x000001c41e0abf80, 0x000001c41e0ad600, 0x000001c41e082240, 0x000001c41e082fd0,
0x000001c41e083a70, 0x000001c41e1e2350, 0x000001c41e3444a0, 0x000001c41e4ca280,
0x000001c41e4c9bb0, 0x000001c41fdd7580, 0x000001c41ff085a0, 0x000001c4201fab90,
0x000001c4202fe090, 0x000001c42000deb0, 0x000001c4202eeb40, 0x000001c4202ec040,
0x000001c41ffa8a00, 0x000001c41ffa8370, 0x000001c41ffaa440, 0x000001c41ffaaad0,
0x000001c41ffa9090, 0x000001c41ffa9720, 0x000001c41ffa7650, 0x000001c41ffa7ce0,
0x000001c421fcb3f0, 0x000001c421fcc110, 0x000001c421fc99b0, 0x000001c421fca040,
0x000001c421fca6d0, 0x000001c421fcc7a0, 0x000001c421fcf590, 0x000001c424f707c0,
0x000001c424f70e50, 0x000001c424f6faa0, 0x000001c424f714e0, 0x000001c424f70130,
0x000001c424f6f410, 0x000001c424f6ed80, 0x000001c424f6e060, 0x000001c424f71b70,
0x000001c424f6e6f0, 0x000001c424f75680, 0x000001c424f72890, 0x000001c424f742d0,
0x000001c424f74ff0, 0x000001c424f72f20, 0x000001c424f72200, 0x000001c424f74960,
0x000001c424f735b0, 0x000001c424f73c40, 0x000001c4248916f0, 0x000001c42488e270,
0x000001c42488fcb0, 0x000001c424890340, 0x000001c4248909d0, 0x000001c42488f620,
0x000001c424891060, 0x000001c42488e900, 0x000001c424892410, 0x000001c42488ef90,
0x000001c4248944e0, 0x000001c424893e50, 0x000001c424893130, 0x000001c422ebad40,
0x000001c422eb9300, 0x000001c422ebd4a0
}

Java Threads: ( => current thread )
  0x000001c47d74d820 JavaThread "main"                              [_thread_blocked, id=9392, stack(0x000000be63000000,0x000000be63100000) (1024K)]
  0x000001c41e0a2740 JavaThread "Reference Handler"          daemon [_thread_blocked, id=18672, stack(0x000000be63800000,0x000000be63900000) (1024K)]
  0x000001c41e0a31a0 JavaThread "Finalizer"                  daemon [_thread_blocked, id=26368, stack(0x000000be63900000,0x000000be63a00000) (1024K)]
  0x000001c41e08c650 JavaThread "Signal Dispatcher"          daemon [_thread_blocked, id=29712, stack(0x000000be63a00000,0x000000be63b00000) (1024K)]
  0x000001c41e0abf80 JavaThread "Attach Listener"            daemon [_thread_blocked, id=1292, stack(0x000000be63b00000,0x000000be63c00000) (1024K)]
  0x000001c41e0ad600 JavaThread "Service Thread"             daemon [_thread_blocked, id=16088, stack(0x000000be63c00000,0x000000be63d00000) (1024K)]
  0x000001c41e082240 JavaThread "Monitor Deflation Thread"   daemon [_thread_blocked, id=17480, stack(0x000000be63d00000,0x000000be63e00000) (1024K)]
  0x000001c41e082fd0 JavaThread "C2 CompilerThread0"         daemon [_thread_blocked, id=11476, stack(0x000000be63e00000,0x000000be63f00000) (1024K)]
  0x000001c41e083a70 JavaThread "C1 CompilerThread0"         daemon [_thread_blocked, id=17008, stack(0x000000be63f00000,0x000000be64000000) (1024K)]
  0x000001c41e1e2350 JavaThread "Common-Cleaner"             daemon [_thread_blocked, id=23912, stack(0x000000be64000000,0x000000be64100000) (1024K)]
  0x000001c41e3444a0 JavaThread "Notification Thread"        daemon [_thread_blocked, id=24816, stack(0x000000be64100000,0x000000be64200000) (1024K)]
  0x000001c41e4ca280 JavaThread "C2 CompilerThread1"         daemon [_thread_blocked, id=2820, stack(0x000000be64200000,0x000000be64300000) (1024K)]
  0x000001c41e4c9bb0 JavaThread "C2 CompilerThread2"         daemon [_thread_blocked, id=3660, stack(0x000000be64300000,0x000000be64400000) (1024K)]
  0x000001c41fdd7580 JavaThread "Daemon health stats"               [_thread_blocked, id=32060, stack(0x000000be64900000,0x000000be64a00000) (1024K)]
  0x000001c41ff085a0 JavaThread "Incoming local TCP Connector on port 60313"        [_thread_in_native, id=21136, stack(0x000000be64e00000,0x000000be64f00000) (1024K)]
  0x000001c4201fab90 JavaThread "Daemon periodic checks"            [_thread_blocked, id=31472, stack(0x000000be64f00000,0x000000be65000000) (1024K)]
  0x000001c4202fe090 JavaThread "Daemon"                            [_thread_blocked, id=7716, stack(0x000000be65000000,0x000000be65100000) (1024K)]
  0x000001c42000deb0 JavaThread "Handler for socket connection from /127.0.0.1:60313 to /127.0.0.1:60314"        [_thread_in_native, id=13284, stack(0x000000be65100000,0x000000be65200000) (1024K)]
  0x000001c4202eeb40 JavaThread "Cancel handler"                    [_thread_blocked, id=14548, stack(0x000000be65200000,0x000000be65300000) (1024K)]
  0x000001c4202ec040 JavaThread "Daemon worker"                     [_thread_blocked, id=14008, stack(0x000000be65300000,0x000000be65400000) (1024K)]
  0x000001c41ffa8a00 JavaThread "Asynchronous log dispatcher for DefaultDaemonConnection: socket connection from /127.0.0.1:60313 to /127.0.0.1:60314"        [_thread_blocked, id=32496, stack(0x000000be65400000,0x000000be65500000) (1024K)]
  0x000001c41ffa8370 JavaThread "Stdin handler"                     [_thread_blocked, id=28620, stack(0x000000be65500000,0x000000be65600000) (1024K)]
  0x000001c41ffaa440 JavaThread "Daemon client event forwarder"        [_thread_blocked, id=24876, stack(0x000000be65600000,0x000000be65700000) (1024K)]
  0x000001c41ffaaad0 JavaThread "Cache worker for journal cache (D:\.gradle\caches\journal-1)"        [_thread_blocked, id=31704, stack(0x000000be65900000,0x000000be65a00000) (1024K)]
  0x000001c41ffa9090 JavaThread "File lock request listener"        [_thread_in_native, id=30924, stack(0x000000be65a00000,0x000000be65b00000) (1024K)]
  0x000001c41ffa9720 JavaThread "Cache worker for file hash cache (D:\.gradle\caches\8.10.2\fileHashes)"        [_thread_blocked, id=31444, stack(0x000000be65b00000,0x000000be65c00000) (1024K)]
  0x000001c41ffa7650 JavaThread "Cache worker for file hash cache (D:\Diploma\Final Project\FixMate\.gradle\8.10.2\fileHashes)"        [_thread_blocked, id=10764, stack(0x000000be65c00000,0x000000be65d00000) (1024K)]
  0x000001c41ffa7ce0 JavaThread "Cache worker for Build Output Cleanup Cache (D:\Diploma\Final Project\FixMate\.gradle\buildOutputCleanup)"        [_thread_blocked, id=24328, stack(0x000000be65d00000,0x000000be65e00000) (1024K)]
  0x000001c421fcb3f0 JavaThread "File watcher server"        daemon [_thread_blocked, id=22732, stack(0x000000be65e00000,0x000000be65f00000) (1024K)]
  0x000001c421fcc110 JavaThread "File watcher consumer"      daemon [_thread_blocked, id=14332, stack(0x000000be65f00000,0x000000be66000000) (1024K)]
  0x000001c421fc99b0 JavaThread "Cache worker for checksums cache (D:\Diploma\Final Project\FixMate\.gradle\8.10.2\checksums)"        [_thread_blocked, id=15416, stack(0x000000be66000000,0x000000be66100000) (1024K)]
  0x000001c421fca040 JavaThread "Cache worker for file content cache (D:\.gradle\caches\8.10.2\fileContent)"        [_thread_blocked, id=26020, stack(0x000000be66100000,0x000000be66200000) (1024K)]
  0x000001c421fca6d0 JavaThread "Cache worker for cache directory md-rule (D:\.gradle\caches\8.10.2\md-rule)"        [_thread_blocked, id=19840, stack(0x000000be66200000,0x000000be66300000) (1024K)]
  0x000001c421fcc7a0 JavaThread "Cache worker for cache directory md-supplier (D:\.gradle\caches\8.10.2\md-supplier)"        [_thread_blocked, id=28576, stack(0x000000be66300000,0x000000be66400000) (1024K)]
  0x000001c421fcf590 JavaThread "Unconstrained build operations"        [_thread_blocked, id=17200, stack(0x000000be66400000,0x000000be66500000) (1024K)]
  0x000001c424f707c0 JavaThread "Unconstrained build operations Thread 2"        [_thread_blocked, id=6184, stack(0x000000be66500000,0x000000be66600000) (1024K)]
  0x000001c424f70e50 JavaThread "Unconstrained build operations Thread 3"        [_thread_blocked, id=19968, stack(0x000000be66600000,0x000000be66700000) (1024K)]
  0x000001c424f6faa0 JavaThread "Unconstrained build operations Thread 4"        [_thread_blocked, id=28668, stack(0x000000be66700000,0x000000be66800000) (1024K)]
  0x000001c424f714e0 JavaThread "Unconstrained build operations Thread 5"        [_thread_blocked, id=21976, stack(0x000000be66800000,0x000000be66900000) (1024K)]
  0x000001c424f70130 JavaThread "Unconstrained build operations Thread 6"        [_thread_blocked, id=7588, stack(0x000000be66900000,0x000000be66a00000) (1024K)]
  0x000001c424f6f410 JavaThread "Unconstrained build operations Thread 7"        [_thread_blocked, id=24552, stack(0x000000be66a00000,0x000000be66b00000) (1024K)]
  0x000001c424f6ed80 JavaThread "Unconstrained build operations Thread 8"        [_thread_blocked, id=21056, stack(0x000000be66b00000,0x000000be66c00000) (1024K)]
  0x000001c424f6e060 JavaThread "Unconstrained build operations Thread 9"        [_thread_blocked, id=14980, stack(0x000000be66c00000,0x000000be66d00000) (1024K)]
  0x000001c424f71b70 JavaThread "Unconstrained build operations Thread 10"        [_thread_blocked, id=17696, stack(0x000000be66d00000,0x000000be66e00000) (1024K)]
  0x000001c424f6e6f0 JavaThread "Unconstrained build operations Thread 11"        [_thread_blocked, id=12852, stack(0x000000be66e00000,0x000000be66f00000) (1024K)]
  0x000001c424f75680 JavaThread "Unconstrained build operations Thread 12"        [_thread_blocked, id=25744, stack(0x000000be66f00000,0x000000be67000000) (1024K)]
  0x000001c424f72890 JavaThread "Unconstrained build operations Thread 13"        [_thread_blocked, id=20096, stack(0x000000be67000000,0x000000be67100000) (1024K)]
  0x000001c424f742d0 JavaThread "Unconstrained build operations Thread 14"        [_thread_blocked, id=6684, stack(0x000000be67100000,0x000000be67200000) (1024K)]
  0x000001c424f74ff0 JavaThread "Unconstrained build operations Thread 15"        [_thread_blocked, id=16676, stack(0x000000be67200000,0x000000be67300000) (1024K)]
  0x000001c424f72f20 JavaThread "Unconstrained build operations Thread 16"        [_thread_blocked, id=21672, stack(0x000000be67300000,0x000000be67400000) (1024K)]
  0x000001c424f72200 JavaThread "Unconstrained build operations Thread 17"        [_thread_blocked, id=32216, stack(0x000000be67400000,0x000000be67500000) (1024K)]
  0x000001c424f74960 JavaThread "Unconstrained build operations Thread 18"        [_thread_blocked, id=13580, stack(0x000000be67500000,0x000000be67600000) (1024K)]
  0x000001c424f735b0 JavaThread "Unconstrained build operations Thread 19"        [_thread_blocked, id=13356, stack(0x000000be67600000,0x000000be67700000) (1024K)]
  0x000001c424f73c40 JavaThread "Unconstrained build operations Thread 20"        [_thread_blocked, id=21256, stack(0x000000be67700000,0x000000be67800000) (1024K)]
  0x000001c4248916f0 JavaThread "Unconstrained build operations Thread 21"        [_thread_blocked, id=22132, stack(0x000000be67800000,0x000000be67900000) (1024K)]
  0x000001c42488e270 JavaThread "Unconstrained build operations Thread 22"        [_thread_blocked, id=15044, stack(0x000000be67900000,0x000000be67a00000) (1024K)]
  0x000001c42488fcb0 JavaThread "Unconstrained build operations Thread 23"        [_thread_blocked, id=2264, stack(0x000000be67a00000,0x000000be67b00000) (1024K)]
  0x000001c424890340 JavaThread "Unconstrained build operations Thread 24"        [_thread_blocked, id=11228, stack(0x000000be67b00000,0x000000be67c00000) (1024K)]
  0x000001c4248909d0 JavaThread "Unconstrained build operations Thread 25"        [_thread_blocked, id=16248, stack(0x000000be67c00000,0x000000be67d00000) (1024K)]
  0x000001c42488f620 JavaThread "Unconstrained build operations Thread 26"        [_thread_blocked, id=29248, stack(0x000000be67d00000,0x000000be67e00000) (1024K)]
  0x000001c424891060 JavaThread "Unconstrained build operations Thread 27"        [_thread_blocked, id=26844, stack(0x000000be67e00000,0x000000be67f00000) (1024K)]
  0x000001c42488e900 JavaThread "Unconstrained build operations Thread 28"        [_thread_blocked, id=21380, stack(0x000000be67f00000,0x000000be68000000) (1024K)]
  0x000001c424892410 JavaThread "Unconstrained build operations Thread 29"        [_thread_blocked, id=31976, stack(0x000000be68000000,0x000000be68100000) (1024K)]
  0x000001c42488ef90 JavaThread "Unconstrained build operations Thread 30"        [_thread_blocked, id=8140, stack(0x000000be68100000,0x000000be68200000) (1024K)]
  0x000001c4248944e0 JavaThread "Unconstrained build operations Thread 31"        [_thread_blocked, id=30168, stack(0x000000be68200000,0x000000be68300000) (1024K)]
  0x000001c424893e50 JavaThread "Unconstrained build operations Thread 32"        [_thread_blocked, id=9000, stack(0x000000be68300000,0x000000be68400000) (1024K)]
  0x000001c424893130 JavaThread "Unconstrained build operations Thread 33"        [_thread_blocked, id=16896, stack(0x000000be68400000,0x000000be68500000) (1024K)]
  0x000001c422ebad40 JavaThread "build event listener"              [_thread_blocked, id=10320, stack(0x000000be68500000,0x000000be68600000) (1024K)]
  0x000001c422eb9300 JavaThread "Memory manager"                    [_thread_blocked, id=22172, stack(0x000000be68600000,0x000000be68700000) (1024K)]
  0x000001c422ebd4a0 JavaThread "build event listener"              [_thread_blocked, id=13504, stack(0x000000be68700000,0x000000be68800000) (1024K)]
Total: 70

Other Threads:
=>0x000001c41e031320 VMThread "VM Thread"                           [id=12360, stack(0x000000be63700000,0x000000be63800000) (1024K)]
  0x000001c419bc24c0 WatcherThread "VM Periodic Task Thread"        [id=33348, stack(0x000000be63600000,0x000000be63700000) (1024K)]
  0x000001c47db16da0 WorkerThread "GC Thread#0"                     [id=7264, stack(0x000000be63100000,0x000000be63200000) (1024K)]
  0x000001c41e73e980 WorkerThread "GC Thread#1"                     [id=19404, stack(0x000000be64400000,0x000000be64500000) (1024K)]
  0x000001c41e9e6e60 WorkerThread "GC Thread#2"                     [id=23756, stack(0x000000be64500000,0x000000be64600000) (1024K)]
  0x000001c41e9adb90 WorkerThread "GC Thread#3"                     [id=32680, stack(0x000000be64600000,0x000000be64700000) (1024K)]
  0x000001c41e9adf30 WorkerThread "GC Thread#4"                     [id=6012, stack(0x000000be64700000,0x000000be64800000) (1024K)]
  0x000001c41ea42780 WorkerThread "GC Thread#5"                     [id=31304, stack(0x000000be64800000,0x000000be64900000) (1024K)]
  0x000001c4200c1e40 WorkerThread "GC Thread#6"                     [id=3432, stack(0x000000be64a00000,0x000000be64b00000) (1024K)]
  0x000001c4200d7e70 WorkerThread "GC Thread#7"                     [id=29852, stack(0x000000be64b00000,0x000000be64c00000) (1024K)]
  0x000001c4200a10d0 WorkerThread "GC Thread#8"                     [id=33772, stack(0x000000be64c00000,0x000000be64d00000) (1024K)]
  0x000001c4200a2690 WorkerThread "GC Thread#9"                     [id=25264, stack(0x000000be64d00000,0x000000be64e00000) (1024K)]
  0x000001c47db27c90 ConcurrentGCThread "G1 Main Marker"            [id=22812, stack(0x000000be63200000,0x000000be63300000) (1024K)]
  0x000001c47db294e0 WorkerThread "G1 Conc#0"                       [id=23536, stack(0x000000be63300000,0x000000be63400000) (1024K)]
  0x000001c4200a1470 WorkerThread "G1 Conc#1"                       [id=27744, stack(0x000000be65700000,0x000000be65800000) (1024K)]
  0x000001c4200a1810 WorkerThread "G1 Conc#2"                       [id=24416, stack(0x000000be65800000,0x000000be65900000) (1024K)]
  0x000001c47db6ea00 ConcurrentGCThread "G1 Refine#0"               [id=16220, stack(0x000000be63400000,0x000000be63500000) (1024K)]
  0x000001c419a925e0 ConcurrentGCThread "G1 Service"                [id=1416, stack(0x000000be63500000,0x000000be63600000) (1024K)]
Total: 18

Threads with active compile tasks:
C2 CompilerThread0     9684 11310       4       groovy.lang.MetaClassImpl$1MOPIter::methodNameAction (325 bytes)
Total: 1

VM state: at safepoint (normal execution)

VM Mutex/Monitor currently owned by a thread:  ([mutex/lock_event])
[0x00007ffafc3a72f8] Threads_lock - owner thread: 0x000001c41e031320
[0x00007ffafc3a73f8] Heap_lock - owner thread: 0x000001c4202ec040

Heap address: 0x0000000700000000, size: 4096 MB, Compressed Oops mode: Zero based, Oop shift amount: 3

CDS archive(s) not mapped
Compressed class space mapped at: 0x0000000800000000-0x0000000840000000, reserved size: 1073741824
Narrow klass base: 0x0000000800000000, Narrow klass shift: 0, Narrow klass range: 0x40000000

GC Precious Log:
 CardTable entry size: 512
 Card Set container configuration: InlinePtr #cards 4 size 8 Array Of Cards #cards 16 size 48 Howl #buckets 8 coarsen threshold 3686 Howl Bitmap #cards 512 size 80 coarsen threshold 460 Card regions per heap region 1 cards per card region 4096
 CPUs: 12 total, 12 available
 Memory: 16016M
 Large Page Support: Disabled
 NUMA Support: Disabled
 Compressed Oops: Enabled (Zero based)
 Heap Region Size: 2M
 Heap Min Capacity: 8M
 Heap Initial Capacity: 252M
 Heap Max Capacity: 4G
 Pre-touch: Disabled
 Parallel Workers: 10
 Concurrent Workers: 3
 Concurrent Refinement Workers: 10
 Periodic GC: Disabled

Heap:
 garbage-first heap   total 172032K, used 102613K [0x0000000700000000, 0x0000000800000000)
  region size 2048K, 4 young (8192K), 4 survivors (8192K)
 Metaspace       used 103732K, committed 105856K, reserved 1179648K
  class space    used 14142K, committed 15232K, reserved 1048576K

Heap Regions: E=young(eden), S=young(survivor), O=old, HS=humongous(starts), HC=humongous(continues), CS=collection set, F=free, TAMS=top-at-mark-start, PB=parsable bottom
|   0|0x0000000700000000, 0x0000000700200000, 0x0000000700200000|100%|HS|  |TAMS 0x0000000700000000| PB 0x0000000700000000| Complete 
|   1|0x0000000700200000, 0x0000000700400000, 0x0000000700400000|100%|HC|  |TAMS 0x0000000700200000| PB 0x0000000700200000| Complete 
|   2|0x0000000700400000, 0x0000000700600000, 0x0000000700600000|100%| O|  |TAMS 0x0000000700400000| PB 0x0000000700400000| Untracked 
|   3|0x0000000700600000, 0x0000000700800000, 0x0000000700800000|100%| O|  |TAMS 0x0000000700600000| PB 0x0000000700600000| Untracked 
|   4|0x0000000700800000, 0x00000007009e7300, 0x0000000700a00000| 95%| O|  |TAMS 0x0000000700800000| PB 0x0000000700800000| Untracked 
|   5|0x0000000700a00000, 0x0000000700c00000, 0x0000000700c00000|100%| O|  |TAMS 0x0000000700a00000| PB 0x0000000700a00000| Untracked 
|   6|0x0000000700c00000, 0x0000000700e00000, 0x0000000700e00000|100%| O|  |TAMS 0x0000000700c00000| PB 0x0000000700c00000| Untracked 
|   7|0x0000000700e00000, 0x0000000701000000, 0x0000000701000000|100%| O|  |TAMS 0x0000000700e00000| PB 0x0000000700e00000| Untracked 
|   8|0x0000000701000000, 0x0000000701200000, 0x0000000701200000|100%| O|  |TAMS 0x0000000701000000| PB 0x0000000701000000| Untracked 
|   9|0x0000000701200000, 0x0000000701400000, 0x0000000701400000|100%| O|  |TAMS 0x0000000701200000| PB 0x0000000701200000| Untracked 
|  10|0x0000000701400000, 0x0000000701600000, 0x0000000701600000|100%| O|  |TAMS 0x0000000701400000| PB 0x0000000701400000| Untracked 
|  11|0x0000000701600000, 0x0000000701800000, 0x0000000701800000|100%| O|  |TAMS 0x0000000701600000| PB 0x0000000701600000| Untracked 
|  12|0x0000000701800000, 0x0000000701a00000, 0x0000000701a00000|100%| O|  |TAMS 0x0000000701800000| PB 0x0000000701800000| Untracked 
|  13|0x0000000701a00000, 0x0000000701c00000, 0x0000000701c00000|100%| O|  |TAMS 0x0000000701a00000| PB 0x0000000701a00000| Untracked 
|  14|0x0000000701c00000, 0x0000000701e00000, 0x0000000701e00000|100%| O|  |TAMS 0x0000000701c00000| PB 0x0000000701c00000| Untracked 
|  15|0x0000000701e00000, 0x0000000702000000, 0x0000000702000000|100%| O|  |TAMS 0x0000000701e00000| PB 0x0000000701e00000| Untracked 
|  16|0x0000000702000000, 0x0000000702200000, 0x0000000702200000|100%| O|  |TAMS 0x0000000702000000| PB 0x0000000702000000| Untracked 
|  17|0x0000000702200000, 0x0000000702400000, 0x0000000702400000|100%| O|  |TAMS 0x0000000702200000| PB 0x0000000702200000| Untracked 
|  18|0x0000000702400000, 0x0000000702600000, 0x0000000702600000|100%| O|  |TAMS 0x0000000702400000| PB 0x0000000702400000| Untracked 
|  19|0x0000000702600000, 0x0000000702800000, 0x0000000702800000|100%| O|  |TAMS 0x0000000702600000| PB 0x0000000702600000| Untracked 
|  20|0x0000000702800000, 0x0000000702a00000, 0x0000000702a00000|100%| O|  |TAMS 0x0000000702800000| PB 0x0000000702800000| Untracked 
|  21|0x0000000702a00000, 0x0000000702c00000, 0x0000000702c00000|100%| O|Cm|TAMS 0x0000000702a00000| PB 0x0000000702a00000| Complete 
|  22|0x0000000702c00000, 0x0000000702e00000, 0x0000000702e00000|100%| O|  |TAMS 0x0000000702c00000| PB 0x0000000702c00000| Untracked 
|  23|0x0000000702e00000, 0x0000000703000000, 0x0000000703000000|100%|HS|  |TAMS 0x0000000702e00000| PB 0x0000000702e00000| Complete 
|  24|0x0000000703000000, 0x0000000703200000, 0x0000000703200000|100%|HS|  |TAMS 0x0000000703000000| PB 0x0000000703000000| Complete 
|  25|0x0000000703200000, 0x0000000703400000, 0x0000000703400000|100%|HS|  |TAMS 0x0000000703200000| PB 0x0000000703200000| Complete 
|  26|0x0000000703400000, 0x0000000703600000, 0x0000000703600000|100%|HC|  |TAMS 0x0000000703400000| PB 0x0000000703400000| Complete 
|  27|0x0000000703600000, 0x0000000703800000, 0x0000000703800000|100%| O|  |TAMS 0x0000000703600000| PB 0x0000000703600000| Untracked 
|  28|0x0000000703800000, 0x0000000703a00000, 0x0000000703a00000|100%| O|  |TAMS 0x0000000703800000| PB 0x0000000703800000| Untracked 
|  29|0x0000000703a00000, 0x0000000703c00000, 0x0000000703c00000|100%| O|  |TAMS 0x0000000703a00000| PB 0x0000000703a00000| Untracked 
|  30|0x0000000703c00000, 0x0000000703c00000, 0x0000000703e00000|  0%| F|  |TAMS 0x0000000703c00000| PB 0x0000000703c00000| Untracked 
|  31|0x0000000703e00000, 0x0000000704000000, 0x0000000704000000|100%| O|  |TAMS 0x0000000703e00000| PB 0x0000000703e00000| Untracked 
|  32|0x0000000704000000, 0x0000000704200000, 0x0000000704200000|100%| O|Cm|TAMS 0x0000000704000000| PB 0x0000000704000000| Complete 
|  33|0x0000000704200000, 0x0000000704400000, 0x0000000704400000|100%| O|  |TAMS 0x0000000704200000| PB 0x0000000704200000| Untracked 
|  34|0x0000000704400000, 0x0000000704600000, 0x0000000704600000|100%|HS|  |TAMS 0x0000000704400000| PB 0x0000000704400000| Complete 
|  35|0x0000000704600000, 0x0000000704800000, 0x0000000704800000|100%|HC|  |TAMS 0x0000000704600000| PB 0x0000000704600000| Complete 
|  36|0x0000000704800000, 0x0000000704a00000, 0x0000000704a00000|100%| O|  |TAMS 0x0000000704800000| PB 0x0000000704800000| Untracked 
|  37|0x0000000704a00000, 0x0000000704c00000, 0x0000000704c00000|100%| O|  |TAMS 0x0000000704a00000| PB 0x0000000704a00000| Untracked 
|  38|0x0000000704c00000, 0x0000000704e00000, 0x0000000704e00000|100%| O|  |TAMS 0x0000000704c00000| PB 0x0000000704c00000| Untracked 
|  39|0x0000000704e00000, 0x0000000705000000, 0x0000000705000000|100%| O|  |TAMS 0x0000000704e00000| PB 0x0000000704e00000| Untracked 
|  40|0x0000000705000000, 0x0000000705000000, 0x0000000705200000|  0%| F|  |TAMS 0x0000000705000000| PB 0x0000000705000000| Untracked 
|  41|0x0000000705200000, 0x0000000705200000, 0x0000000705400000|  0%| F|  |TAMS 0x0000000705200000| PB 0x0000000705200000| Untracked 
|  42|0x0000000705400000, 0x0000000705400000, 0x0000000705600000|  0%| F|  |TAMS 0x0000000705400000| PB 0x0000000705400000| Untracked 
|  43|0x0000000705600000, 0x0000000705600000, 0x0000000705800000|  0%| F|  |TAMS 0x0000000705600000| PB 0x0000000705600000| Untracked 
|  44|0x0000000705800000, 0x0000000705a00000, 0x0000000705a00000|100%| O|  |TAMS 0x0000000705800000| PB 0x0000000705800000| Untracked 
|  45|0x0000000705a00000, 0x0000000705c00000, 0x0000000705c00000|100%| O|  |TAMS 0x0000000705a00000| PB 0x0000000705a00000| Untracked 
|  46|0x0000000705c00000, 0x0000000705d10f40, 0x0000000705e00000| 53%| O|  |TAMS 0x0000000705c00000| PB 0x0000000705c00000| Untracked 
|  47|0x0000000705e00000, 0x0000000705e00000, 0x0000000706000000|  0%| F|  |TAMS 0x0000000705e00000| PB 0x0000000705e00000| Untracked 
|  48|0x0000000706000000, 0x0000000706000000, 0x0000000706200000|  0%| F|  |TAMS 0x0000000706000000| PB 0x0000000706000000| Untracked 
|  49|0x0000000706200000, 0x0000000706200000, 0x0000000706400000|  0%| F|  |TAMS 0x0000000706200000| PB 0x0000000706200000| Untracked 
|  50|0x0000000706400000, 0x000000070653d250, 0x0000000706600000| 61%| S|CS|TAMS 0x0000000706400000| PB 0x0000000706400000| Complete 
|  51|0x0000000706600000, 0x0000000706800000, 0x0000000706800000|100%| S|CS|TAMS 0x0000000706600000| PB 0x0000000706600000| Complete 
|  52|0x0000000706800000, 0x0000000706a00000, 0x0000000706a00000|100%| S|CS|TAMS 0x0000000706800000| PB 0x0000000706800000| Complete 
|  53|0x0000000706a00000, 0x0000000706c00000, 0x0000000706c00000|100%| S|CS|TAMS 0x0000000706a00000| PB 0x0000000706a00000| Complete 
|  54|0x0000000706c00000, 0x0000000706c00000, 0x0000000706e00000|  0%| F|  |TAMS 0x0000000706c00000| PB 0x0000000706c00000| Untracked 
|  55|0x0000000706e00000, 0x0000000706e00000, 0x0000000707000000|  0%| F|  |TAMS 0x0000000706e00000| PB 0x0000000706e00000| Untracked 
|  56|0x0000000707000000, 0x0000000707000000, 0x0000000707200000|  0%| F|  |TAMS 0x0000000707000000| PB 0x0000000707000000| Untracked 
|  57|0x0000000707200000, 0x0000000707200000, 0x0000000707400000|  0%| F|  |TAMS 0x0000000707200000| PB 0x0000000707200000| Untracked 
|  58|0x0000000707400000, 0x0000000707400000, 0x0000000707600000|  0%| F|  |TAMS 0x0000000707400000| PB 0x0000000707400000| Untracked 
|  59|0x0000000707600000, 0x0000000707600000, 0x0000000707800000|  0%| F|  |TAMS 0x0000000707600000| PB 0x0000000707600000| Untracked 
|  60|0x0000000707800000, 0x0000000707800000, 0x0000000707a00000|  0%| F|  |TAMS 0x0000000707800000| PB 0x0000000707800000| Untracked 
|  61|0x0000000707a00000, 0x0000000707a00000, 0x0000000707c00000|  0%| F|  |TAMS 0x0000000707a00000| PB 0x0000000707a00000| Untracked 
|  62|0x0000000707c00000, 0x0000000707c00000, 0x0000000707e00000|  0%| F|  |TAMS 0x0000000707c00000| PB 0x0000000707c00000| Untracked 
|  63|0x0000000707e00000, 0x0000000707e00000, 0x0000000708000000|  0%| F|  |TAMS 0x0000000707e00000| PB 0x0000000707e00000| Untracked 
|  64|0x0000000708000000, 0x0000000708000000, 0x0000000708200000|  0%| F|  |TAMS 0x0000000708000000| PB 0x0000000708000000| Untracked 
|  65|0x0000000708200000, 0x0000000708200000, 0x0000000708400000|  0%| F|  |TAMS 0x0000000708200000| PB 0x0000000708200000| Untracked 
|  66|0x0000000708400000, 0x0000000708400000, 0x0000000708600000|  0%| F|  |TAMS 0x0000000708400000| PB 0x0000000708400000| Untracked 
|  67|0x0000000708600000, 0x0000000708600000, 0x0000000708800000|  0%| F|  |TAMS 0x0000000708600000| PB 0x0000000708600000| Untracked 
|  68|0x0000000708800000, 0x0000000708800000, 0x0000000708a00000|  0%| F|  |TAMS 0x0000000708800000| PB 0x0000000708800000| Untracked 
|  69|0x0000000708a00000, 0x0000000708a00000, 0x0000000708c00000|  0%| F|  |TAMS 0x0000000708a00000| PB 0x0000000708a00000| Untracked 
|  70|0x0000000708c00000, 0x0000000708c00000, 0x0000000708e00000|  0%| F|  |TAMS 0x0000000708c00000| PB 0x0000000708c00000| Untracked 
|  71|0x0000000708e00000, 0x0000000708e00000, 0x0000000709000000|  0%| F|  |TAMS 0x0000000708e00000| PB 0x0000000708e00000| Untracked 
| 113|0x000000070e200000, 0x000000070e200000, 0x000000070e400000|  0%| F|  |TAMS 0x000000070e200000| PB 0x000000070e200000| Untracked 
| 114|0x000000070e400000, 0x000000070e400000, 0x000000070e600000|  0%| F|  |TAMS 0x000000070e400000| PB 0x000000070e400000| Untracked 
| 115|0x000000070e600000, 0x000000070e600000, 0x000000070e800000|  0%| F|  |TAMS 0x000000070e600000| PB 0x000000070e600000| Untracked 
| 116|0x000000070e800000, 0x000000070e800000, 0x000000070ea00000|  0%| F|  |TAMS 0x000000070e800000| PB 0x000000070e800000| Untracked 
| 117|0x000000070ea00000, 0x000000070ea00000, 0x000000070ec00000|  0%| F|  |TAMS 0x000000070ea00000| PB 0x000000070ea00000| Untracked 
| 125|0x000000070fa00000, 0x000000070fa00000, 0x000000070fc00000|  0%| F|  |TAMS 0x000000070fa00000| PB 0x000000070fa00000| Untracked 
|2042|0x00000007ff400000, 0x00000007ff600000, 0x00000007ff600000|100%| O|  |TAMS 0x00000007ff400000| PB 0x00000007ff400000| Untracked 
|2043|0x00000007ff600000, 0x00000007ff800000, 0x00000007ff800000|100%| O|  |TAMS 0x00000007ff600000| PB 0x00000007ff600000| Untracked 
|2044|0x00000007ff800000, 0x00000007ffa00000, 0x00000007ffa00000|100%| O|  |TAMS 0x00000007ff800000| PB 0x00000007ff800000| Untracked 
|2045|0x00000007ffa00000, 0x00000007ffa00000, 0x00000007ffc00000|  0%| F|  |TAMS 0x00000007ffa00000| PB 0x00000007ffa00000| Untracked 
|2046|0x00000007ffc00000, 0x00000007ffe00000, 0x00000007ffe00000|100%| O|  |TAMS 0x00000007ffc00000| PB 0x00000007ffc00000| Untracked 
|2047|0x00000007ffe00000, 0x0000000800000000, 0x0000000800000000|100%| O|  |TAMS 0x00000007ffe00000| PB 0x00000007ffe00000| Untracked 

Card table byte_map: [0x000001c412880000,0x000001c413080000] _byte_map_base: 0x000001c40f080000

Marking Bits: (CMBitMap*) 0x000001c47db173b0
 Bits: [0x000001c413080000, 0x000001c417080000)

Polling page: 0x000001c47d7f0000

Metaspace:

Usage:
  Non-class:     87.49 MB used.
      Class:     13.81 MB used.
       Both:    101.30 MB used.

Virtual space:
  Non-class space:      128.00 MB reserved,      88.50 MB ( 69%) committed,  2 nodes.
      Class space:        1.00 GB reserved,      14.88 MB (  1%) committed,  1 nodes.
             Both:        1.12 GB reserved,     103.38 MB (  9%) committed. 

Chunk freelists:
   Non-Class:  6.59 MB
       Class:  992.00 KB
        Both:  7.56 MB

MaxMetaspaceSize: unlimited
CompressedClassSpaceSize: 1.00 GB
Initial GC threshold: 21.00 MB
Current GC threshold: 167.44 MB
CDS: off
 - commit_granule_bytes: 65536.
 - commit_granule_words: 8192.
 - virtual_space_node_default_size: 8388608.
 - enlarge_chunks_in_place: 1.
 - use_allocation_guard: 0.


Internal statistics:

num_allocs_failed_limit: 9.
num_arena_births: 3982.
num_arena_deaths: 0.
num_vsnodes_births: 3.
num_vsnodes_deaths: 0.
num_space_committed: 1654.
num_space_uncommitted: 0.
num_chunks_returned_to_freelist: 9.
num_chunks_taken_from_freelist: 8289.
num_chunk_merges: 9.
num_chunk_splits: 5481.
num_chunks_enlarged: 3488.
num_inconsistent_stats: 0.

CodeHeap 'non-profiled nmethods': size=120000Kb used=6006Kb max_used=6139Kb free=113993Kb
 bounds [0x000001c40ab50000, 0x000001c40b150000, 0x000001c412080000]
CodeHeap 'profiled nmethods': size=120000Kb used=17920Kb max_used=17920Kb free=102079Kb
 bounds [0x000001c403080000, 0x000001c404210000, 0x000001c40a5b0000]
CodeHeap 'non-nmethods': size=5760Kb used=2098Kb max_used=2160Kb free=3662Kb
 bounds [0x000001c40a5b0000, 0x000001c40a820000, 0x000001c40ab50000]
 total_blobs=10489 nmethods=9644 adapters=749
 compilation: enabled
              stopped_count=0, restarted_count=0
 full_count=0

Compilation events (20 events):
Event: 9.648 Thread 0x000001c41e083a70 nmethod 11323 0x000001c404200e10 code [0x000001c404200fc0, 0x000001c4042011a0]
Event: 9.649 Thread 0x000001c41e083a70 11326       3       org.gradle.api.internal.DefaultNamedDomainObjectCollection$AbstractNamedDomainObjectProvider::<init> (20 bytes)
Event: 9.649 Thread 0x000001c41e083a70 nmethod 11326 0x000001c404201290 code [0x000001c404201440, 0x000001c404201730]
Event: 9.649 Thread 0x000001c41e4c9bb0 nmethod 11318 0x000001c40acb1790 code [0x000001c40acb1980, 0x000001c40acb2570]
Event: 9.656 Thread 0x000001c41e4c9bb0 11327 %     4       org.apache.commons.lang.StringUtils::containsAny @ 54 (128 bytes)
Event: 9.656 Thread 0x000001c41e083a70 11328       3       org.gradle.internal.code.DefaultUserCodeApplicationContext::reapplyCurrentLater (23 bytes)
Event: 9.656 Thread 0x000001c41e4ca280 11329       4       org.gradle.internal.operations.DefaultBuildOperationListenerManager$1::finished (48 bytes)
Event: 9.656 Thread 0x000001c41e083a70 nmethod 11328 0x000001c404201810 code [0x000001c404201a00, 0x000001c404201f88]
Event: 9.658 Thread 0x000001c41e083a70 11331       3       com.android.build.gradle.internal.DependencyResolutionChecks$registerDependencyCheck$4::execute (9 bytes)
Event: 9.658 Thread 0x000001c41e083a70 nmethod 11331 0x000001c404202190 code [0x000001c404202340, 0x000001c404202588]
Event: 9.658 Thread 0x000001c41e083a70 11332       3       com.android.build.gradle.internal.DependencyResolutionChecks$registerDependencyCheck$4::execute (35 bytes)
Event: 9.659 Thread 0x000001c41e083a70 nmethod 11332 0x000001c404202690 code [0x000001c4042028e0, 0x000001c4042035e0]
Event: 9.659 Thread 0x000001c41e083a70 11333       3       org.gradle.api.plugins.BasePlugin$$Lambda/0x0000000800ad6c10::execute (16 bytes)
Event: 9.659 Thread 0x000001c41e083a70 nmethod 11333 0x000001c404203a90 code [0x000001c404203ce0, 0x000001c4042048c0]
Event: 9.659 Thread 0x000001c41e4ca280 nmethod 11329 0x000001c40afda410 code [0x000001c40afda5e0, 0x000001c40afda950]
Event: 9.659 Thread 0x000001c41e4ca280 11334       4       org.gradle.internal.operations.DefaultBuildOperationListenerManager$1::started (47 bytes)
Event: 9.661 Thread 0x000001c41e4c9bb0 nmethod 11327% 0x000001c40affc490 code [0x000001c40affc640, 0x000001c40affcaf8]
Event: 9.662 Thread 0x000001c41e4ca280 nmethod 11334 0x000001c40affbb90 code [0x000001c40affbd60, 0x000001c40affc0d0]
Event: 9.662 Thread 0x000001c41e4c9bb0 11330       4       org.gradle.internal.ImmutableActionSet$EmptySet::execute (1 bytes)
Event: 9.662 Thread 0x000001c41e4c9bb0 nmethod 11330 0x000001c40afda010 code [0x000001c40afda180, 0x000001c40afda208]

GC Heap History (20 events):
Event: 5.345 GC heap after
{Heap after GC invocations=18 (full 0):
 garbage-first heap   total 122880K, used 50196K [0x0000000700000000, 0x0000000800000000)
  region size 2048K, 2 young (4096K), 2 survivors (4096K)
 Metaspace       used 67057K, committed 68672K, reserved 1114112K
  class space    used 9127K, committed 9920K, reserved 1048576K
}
Event: 5.525 GC heap before
{Heap before GC invocations=19 (full 0):
 garbage-first heap   total 122880K, used 105492K [0x0000000700000000, 0x0000000800000000)
  region size 2048K, 30 young (61440K), 2 survivors (4096K)
 Metaspace       used 67135K, committed 68736K, reserved 1114112K
  class space    used 9127K, committed 9920K, reserved 1048576K
}
Event: 5.527 GC heap after
{Heap after GC invocations=20 (full 0):
 garbage-first heap   total 122880K, used 51351K [0x0000000700000000, 0x0000000800000000)
  region size 2048K, 3 young (6144K), 3 survivors (6144K)
 Metaspace       used 67135K, committed 68736K, reserved 1114112K
  class space    used 9127K, committed 9920K, reserved 1048576K
}
Event: 5.996 GC heap before
{Heap before GC invocations=20 (full 0):
 garbage-first heap   total 122880K, used 114839K [0x0000000700000000, 0x0000000800000000)
  region size 2048K, 31 young (63488K), 3 survivors (6144K)
 Metaspace       used 69927K, committed 71680K, reserved 1114112K
  class space    used 9489K, committed 10368K, reserved 1048576K
}
Event: 6.004 GC heap after
{Heap after GC invocations=21 (full 0):
 garbage-first heap   total 141312K, used 73715K [0x0000000700000000, 0x0000000800000000)
  region size 2048K, 4 young (8192K), 4 survivors (8192K)
 Metaspace       used 69927K, committed 71680K, reserved 1114112K
  class space    used 9489K, committed 10368K, reserved 1048576K
}
Event: 6.412 GC heap before
{Heap before GC invocations=21 (full 0):
 garbage-first heap   total 141312K, used 116723K [0x0000000700000000, 0x0000000800000000)
  region size 2048K, 26 young (53248K), 4 survivors (8192K)
 Metaspace       used 74762K, committed 76480K, reserved 1179648K
  class space    used 9996K, committed 10880K, reserved 1048576K
}
Event: 6.416 GC heap after
{Heap after GC invocations=22 (full 0):
 garbage-first heap   total 141312K, used 74676K [0x0000000700000000, 0x0000000800000000)
  region size 2048K, 1 young (2048K), 1 survivors (2048K)
 Metaspace       used 74762K, committed 76480K, reserved 1179648K
  class space    used 9996K, committed 10880K, reserved 1048576K
}
Event: 6.836 GC heap before
{Heap before GC invocations=23 (full 0):
 garbage-first heap   total 141312K, used 119732K [0x0000000700000000, 0x0000000800000000)
  region size 2048K, 24 young (49152K), 1 survivors (2048K)
 Metaspace       used 79452K, committed 81280K, reserved 1179648K
  class space    used 10645K, committed 11584K, reserved 1048576K
}
Event: 6.840 GC heap after
{Heap after GC invocations=24 (full 0):
 garbage-first heap   total 169984K, used 81783K [0x0000000700000000, 0x0000000800000000)
  region size 2048K, 3 young (6144K), 3 survivors (6144K)
 Metaspace       used 79452K, committed 81280K, reserved 1179648K
  class space    used 10645K, committed 11584K, reserved 1048576K
}
Event: 7.453 GC heap before
{Heap before GC invocations=24 (full 0):
 garbage-first heap   total 169984K, used 143223K [0x0000000700000000, 0x0000000800000000)
  region size 2048K, 34 young (69632K), 3 survivors (6144K)
 Metaspace       used 84099K, committed 85952K, reserved 1179648K
  class space    used 11242K, committed 12160K, reserved 1048576K
}
Event: 7.457 GC heap after
{Heap after GC invocations=25 (full 0):
 garbage-first heap   total 169984K, used 84082K [0x0000000700000000, 0x0000000800000000)
  region size 2048K, 4 young (8192K), 4 survivors (8192K)
 Metaspace       used 84099K, committed 85952K, reserved 1179648K
  class space    used 11242K, committed 12160K, reserved 1048576K
}
Event: 7.853 GC heap before
{Heap before GC invocations=25 (full 0):
 garbage-first heap   total 169984K, used 139378K [0x0000000700000000, 0x0000000800000000)
  region size 2048K, 32 young (65536K), 4 survivors (8192K)
 Metaspace       used 89582K, committed 91456K, reserved 1179648K
  class space    used 11960K, committed 12928K, reserved 1048576K
}
Event: 7.857 GC heap after
{Heap after GC invocations=26 (full 0):
 garbage-first heap   total 169984K, used 87028K [0x0000000700000000, 0x0000000800000000)
  region size 2048K, 4 young (8192K), 4 survivors (8192K)
 Metaspace       used 89582K, committed 91456K, reserved 1179648K
  class space    used 11960K, committed 12928K, reserved 1048576K
}
Event: 8.410 GC heap before
{Heap before GC invocations=27 (full 0):
 garbage-first heap   total 169984K, used 152564K [0x0000000700000000, 0x0000000800000000)
  region size 2048K, 34 young (69632K), 4 survivors (8192K)
 Metaspace       used 91821K, committed 93760K, reserved 1179648K
  class space    used 12270K, committed 13248K, reserved 1048576K
}
Event: 8.415 GC heap after
{Heap after GC invocations=28 (full 0):
 garbage-first heap   total 169984K, used 96229K [0x0000000700000000, 0x0000000800000000)
  region size 2048K, 4 young (8192K), 4 survivors (8192K)
 Metaspace       used 91821K, committed 93760K, reserved 1179648K
  class space    used 12270K, committed 13248K, reserved 1048576K
}
Event: 8.779 GC heap before
{Heap before GC invocations=28 (full 0):
 garbage-first heap   total 169984K, used 147429K [0x0000000700000000, 0x0000000800000000)
  region size 2048K, 30 young (61440K), 4 survivors (8192K)
 Metaspace       used 95950K, committed 97920K, reserved 1179648K
  class space    used 12818K, committed 13824K, reserved 1048576K
}
Event: 8.784 GC heap after
{Heap after GC invocations=29 (full 0):
 garbage-first heap   total 169984K, used 97381K [0x0000000700000000, 0x0000000800000000)
  region size 2048K, 2 young (4096K), 2 survivors (4096K)
 Metaspace       used 95950K, committed 97920K, reserved 1179648K
  class space    used 12818K, committed 13824K, reserved 1048576K
}
Event: 9.161 GC heap before
{Heap before GC invocations=29 (full 0):
 garbage-first heap   total 169984K, used 150629K [0x0000000700000000, 0x0000000800000000)
  region size 2048K, 29 young (59392K), 2 survivors (4096K)
 Metaspace       used 100622K, committed 102592K, reserved 1179648K
  class space    used 13655K, committed 14656K, reserved 1048576K
}
Event: 9.164 GC heap after
{Heap after GC invocations=30 (full 0):
 garbage-first heap   total 169984K, used 99419K [0x0000000700000000, 0x0000000800000000)
  region size 2048K, 3 young (6144K), 3 survivors (6144K)
 Metaspace       used 100622K, committed 102592K, reserved 1179648K
  class space    used 13655K, committed 14656K, reserved 1048576K
}
Event: 9.666 GC heap before
{Heap before GC invocations=31 (full 0):
 garbage-first heap   total 172032K, used 148571K [0x0000000700000000, 0x0000000800000000)
  region size 2048K, 28 young (57344K), 3 survivors (6144K)
 Metaspace       used 103732K, committed 105856K, reserved 1179648K
  class space    used 14142K, committed 15232K, reserved 1048576K
}

Dll operation events (3 events):
Event: 0.011 Loaded shared library C:\Program Files\Android\Android Studio\jbr\bin\java.dll
Event: 0.016 Loaded shared library C:\Program Files\Android\Android Studio\jbr\bin\zip.dll
Event: 0.366 Loaded shared library C:\Program Files\Android\Android Studio\jbr\bin\verify.dll

Deoptimization events (20 events):
Event: 9.330 Thread 0x000001c4202ec040 Uncommon trap: trap_request=0xffffffd6 fr.pc=0x000001c40b14a96c relative=0x00000000000003cc
Event: 9.330 Thread 0x000001c4202ec040 Uncommon trap: reason=array_check action=maybe_recompile pc=0x000001c40b14a96c method=java.util.LinkedHashMap.keysToArray([Ljava/lang/Object;Z)[Ljava/lang/Object; @ 67 c2
Event: 9.330 Thread 0x000001c4202ec040 DEOPT PACKING pc=0x000001c40b14a96c sp=0x000000be653f7c60
Event: 9.330 Thread 0x000001c4202ec040 DEOPT UNPACKING pc=0x000001c40a6046a2 sp=0x000000be653f7c00 mode 2
Event: 9.340 Thread 0x000001c4202ec040 Uncommon trap: trap_request=0xffffff45 fr.pc=0x000001c40adf41f0 relative=0x0000000000000650
Event: 9.340 Thread 0x000001c4202ec040 Uncommon trap: reason=unstable_if action=reinterpret pc=0x000001c40adf41f0 method=java.util.Hashtable.put(Ljava/lang/Object;Ljava/lang/Object;)Ljava/lang/Object; @ 51 c2
Event: 9.340 Thread 0x000001c4202ec040 DEOPT PACKING pc=0x000001c40adf41f0 sp=0x000000be653f7f40
Event: 9.340 Thread 0x000001c4202ec040 DEOPT UNPACKING pc=0x000001c40a6046a2 sp=0x000000be653f7ef0 mode 2
Event: 9.356 Thread 0x000001c4202ec040 DEOPT PACKING pc=0x000001c40416c108 sp=0x000000be653f6510
Event: 9.356 Thread 0x000001c4202ec040 DEOPT UNPACKING pc=0x000001c40a604e42 sp=0x000000be653f5998 mode 0
Event: 9.502 Thread 0x000001c4202ec040 DEOPT PACKING pc=0x000001c4031cd141 sp=0x000000be653f8720
Event: 9.502 Thread 0x000001c4202ec040 DEOPT UNPACKING pc=0x000001c40a604e42 sp=0x000000be653f7cd0 mode 0
Event: 9.625 Thread 0x000001c4202ec040 Uncommon trap: trap_request=0xffffff45 fr.pc=0x000001c40ac195c4 relative=0x00000000000000a4
Event: 9.625 Thread 0x000001c4202ec040 Uncommon trap: reason=unstable_if action=reinterpret pc=0x000001c40ac195c4 method=java.lang.ref.ReferenceQueue.poll()Ljava/lang/ref/Reference; @ 4 c2
Event: 9.625 Thread 0x000001c4202ec040 DEOPT PACKING pc=0x000001c40ac195c4 sp=0x000000be653f7a50
Event: 9.625 Thread 0x000001c4202ec040 DEOPT UNPACKING pc=0x000001c40a6046a2 sp=0x000000be653f7938 mode 2
Event: 9.626 Thread 0x000001c4202ec040 Uncommon trap: trap_request=0xffffff45 fr.pc=0x000001c40b121030 relative=0x00000000000000f0
Event: 9.626 Thread 0x000001c4202ec040 Uncommon trap: reason=unstable_if action=reinterpret pc=0x000001c40b121030 method=sun.reflect.generics.parser.SignatureParser.parseTypeSignature()Lsun/reflect/generics/tree/TypeSignature; @ 4 c2
Event: 9.626 Thread 0x000001c4202ec040 DEOPT PACKING pc=0x000001c40b121030 sp=0x000000be653f7af0
Event: 9.626 Thread 0x000001c4202ec040 DEOPT UNPACKING pc=0x000001c40a6046a2 sp=0x000000be653f7a98 mode 2

Classes loaded (20 events):
Event: 7.942 Loading class com/sun/beans/finder/FinderUtils
Event: 7.942 Loading class com/sun/beans/finder/FinderUtils done
Event: 8.710 Loading class sun/reflect/generics/repository/FieldRepository
Event: 8.711 Loading class sun/reflect/generics/repository/FieldRepository done
Event: 8.718 Loading class jdk/internal/vm/annotation/ForceInline
Event: 8.718 Loading class jdk/internal/vm/annotation/ForceInline done
Event: 8.765 Loading class java/util/regex/Pattern$Caret
Event: 8.765 Loading class java/util/regex/Pattern$Caret done
Event: 8.961 Loading class java/lang/invoke/BoundMethodHandle$Species_LLLJ
Event: 8.961 Loading class java/lang/invoke/BoundMethodHandle$Species_LLLJ done
Event: 9.466 Loading class java/io/NotSerializableException
Event: 9.466 Loading class java/io/NotSerializableException done
Event: 9.626 Loading class sun/reflect/generics/tree/BooleanSignature
Event: 9.626 Loading class sun/reflect/generics/tree/BooleanSignature done
Event: 9.633 Loading class org/xml/sax/Locator
Event: 9.633 Loading class org/xml/sax/Locator done
Event: 9.634 Loading class org/xml/sax/SAXParseException
Event: 9.634 Loading class org/xml/sax/SAXParseException done
Event: 9.635 Loading class org/xml/sax/Attributes
Event: 9.635 Loading class org/xml/sax/Attributes done

Classes unloaded (0 events):
No events

Classes redefined (0 events):
No events

Internal exceptions (20 events):
Event: 9.340 Thread 0x000001c4202ec040 Exception <a 'java/lang/ClassNotFoundException'{0x0000000708cde5d0}: com/android/build/gradle/internal/api/ApkVariantOutputImplCustomizer> (0x0000000708cde5d0) 
thrown [s\src\hotspot\share\classfile\systemDictionary.cpp, line 312]
Event: 9.342 Thread 0x000001c4202ec040 Exception <a 'java/lang/ClassNotFoundException'{0x0000000708cf9298}: com/android/build/gradle/internal/api/ApkVariantOutputImpl_DecoratedCustomizer> (0x0000000708cf9298) 
thrown [s\src\hotspot\share\classfile\systemDictionary.cpp, line 312]
Event: 9.404 Thread 0x000001c4202ec040 Exception <a 'java/lang/ClassNotFoundException'{0x00000007085bad70}: com/android/build/gradle/internal/api/ReadOnlyBuildTypeBeanInfo> (0x00000007085bad70) 
thrown [s\src\hotspot\share\classfile\systemDictionary.cpp, line 312]
Event: 9.404 Thread 0x000001c4202ec040 Exception <a 'java/lang/ClassNotFoundException'{0x00000007085c8950}: com/android/build/gradle/internal/api/ReadOnlyBaseConfigBeanInfo> (0x00000007085c8950) 
thrown [s\src\hotspot\share\classfile\systemDictionary.cpp, line 312]
Event: 9.405 Thread 0x000001c4202ec040 Exception <a 'java/lang/ClassNotFoundException'{0x00000007085d6548}: com/android/build/gradle/internal/api/ReadOnlyBaseConfigCustomizer> (0x00000007085d6548) 
thrown [s\src\hotspot\share\classfile\systemDictionary.cpp, line 312]
Event: 9.405 Thread 0x000001c4202ec040 Exception <a 'java/lang/ClassNotFoundException'{0x00000007085f5088}: com/android/build/gradle/internal/api/ReadOnlyBuildTypeCustomizer> (0x00000007085f5088) 
thrown [s\src\hotspot\share\classfile\systemDictionary.cpp, line 312]
Event: 9.623 Thread 0x000001c4202ec040 Exception <a 'java/lang/ClassNotFoundException'{0x00000007071d5920}: org/gradle/api/internal/project/DefaultProject_DecoratedBeanInfo> (0x00000007071d5920) 
thrown [s\src\hotspot\share\classfile\systemDictionary.cpp, line 312]
Event: 9.623 Thread 0x000001c4202ec040 Exception <a 'java/lang/ClassNotFoundException'{0x00000007071e00c0}: org/gradle/api/internal/project/DefaultProjectBeanInfo> (0x00000007071e00c0) 
thrown [s\src\hotspot\share\classfile\systemDictionary.cpp, line 312]
Event: 9.623 Thread 0x000001c4202ec040 Exception <a 'java/lang/ClassNotFoundException'{0x00000007071ea958}: org/gradle/api/internal/project/AbstractPluginAwareBeanInfo> (0x00000007071ea958) 
thrown [s\src\hotspot\share\classfile\systemDictionary.cpp, line 312]
Event: 9.624 Thread 0x000001c4202ec040 Exception <a 'java/lang/ClassNotFoundException'{0x00000007071f5430}: org/gradle/api/internal/project/AbstractPluginAwareCustomizer> (0x00000007071f5430) 
thrown [s\src\hotspot\share\classfile\systemDictionary.cpp, line 312]
Event: 9.624 Thread 0x000001c4202ec040 Exception <a 'java/lang/ClassNotFoundException'{0x0000000706e06bd0}: org/gradle/api/internal/project/DefaultProjectCustomizer> (0x0000000706e06bd0) 
thrown [s\src\hotspot\share\classfile\systemDictionary.cpp, line 312]
Event: 9.630 Thread 0x000001c4202ec040 Exception <a 'java/lang/ClassNotFoundException'{0x0000000706ec3dd0}: org/gradle/api/internal/project/DefaultProject_DecoratedCustomizer> (0x0000000706ec3dd0) 
thrown [s\src\hotspot\share\classfile\systemDictionary.cpp, line 312]
Event: 9.638 Thread 0x000001c4202ec040 Exception <a 'java/lang/ClassNotFoundException'{0x0000000706f66340}: org/gradle/api/internal/plugins/NaggingBasePluginConventionBeanInfo> (0x0000000706f66340) 
thrown [s\src\hotspot\share\classfile\systemDictionary.cpp, line 312]
Event: 9.638 Thread 0x000001c4202ec040 Exception <a 'java/lang/ClassNotFoundException'{0x0000000706f72da8}: org/gradle/api/plugins/BasePluginConventionBeanInfo> (0x0000000706f72da8) 
thrown [s\src\hotspot\share\classfile\systemDictionary.cpp, line 312]
Event: 9.638 Thread 0x000001c4202ec040 Exception <a 'java/lang/ClassNotFoundException'{0x0000000706f7f7d8}: org/gradle/api/plugins/BasePluginConventionCustomizer> (0x0000000706f7f7d8) 
thrown [s\src\hotspot\share\classfile\systemDictionary.cpp, line 312]
Event: 9.639 Thread 0x000001c4202ec040 Exception <a 'java/lang/ClassNotFoundException'{0x0000000706f982a0}: org/gradle/api/internal/plugins/NaggingBasePluginConventionCustomizer> (0x0000000706f982a0) 
thrown [s\src\hotspot\share\classfile\systemDictionary.cpp, line 312]
Event: 9.644 Thread 0x000001c4202ec040 Exception <a 'java/lang/ClassNotFoundException'{0x0000000706fdafc8}: org/gradle/api/plugins/internal/NaggingJavaPluginConventionBeanInfo> (0x0000000706fdafc8) 
thrown [s\src\hotspot\share\classfile\systemDictionary.cpp, line 312]
Event: 9.644 Thread 0x000001c4202ec040 Exception <a 'java/lang/ClassNotFoundException'{0x0000000706fe7a30}: org/gradle/api/plugins/JavaPluginConventionBeanInfo> (0x0000000706fe7a30) 
thrown [s\src\hotspot\share\classfile\systemDictionary.cpp, line 312]
Event: 9.644 Thread 0x000001c4202ec040 Exception <a 'java/lang/ClassNotFoundException'{0x0000000706ff46e8}: org/gradle/api/plugins/JavaPluginConventionCustomizer> (0x0000000706ff46e8) 
thrown [s\src\hotspot\share\classfile\systemDictionary.cpp, line 312]
Event: 9.646 Thread 0x000001c4202ec040 Exception <a 'java/lang/ClassNotFoundException'{0x0000000706c17240}: org/gradle/api/plugins/internal/NaggingJavaPluginConventionCustomizer> (0x0000000706c17240) 
thrown [s\src\hotspot\share\classfile\systemDictionary.cpp, line 312]

ZGC Phase Switch (0 events):
No events

VM Operations (20 events):
Event: 8.415 Executing VM operation: G1CollectForAllocation (G1 Evacuation Pause) done
Event: 8.507 Executing VM operation: HandshakeAllThreads (Deoptimize)
Event: 8.507 Executing VM operation: HandshakeAllThreads (Deoptimize) done
Event: 8.779 Executing VM operation: G1CollectForAllocation (G1 Evacuation Pause)
Event: 8.784 Executing VM operation: G1CollectForAllocation (G1 Evacuation Pause) done
Event: 8.904 Executing VM operation: HandshakeAllThreads (Deoptimize)
Event: 8.904 Executing VM operation: HandshakeAllThreads (Deoptimize) done
Event: 9.160 Executing VM operation: G1CollectForAllocation (G1 Evacuation Pause)
Event: 9.164 Executing VM operation: G1CollectForAllocation (G1 Evacuation Pause) done
Event: 9.189 Executing VM operation: G1PauseRemark
Event: 9.193 Executing VM operation: G1PauseRemark done
Event: 9.205 Executing VM operation: G1PauseCleanup
Event: 9.205 Executing VM operation: G1PauseCleanup done
Event: 9.468 Executing VM operation: HandshakeAllThreads (Deoptimize)
Event: 9.468 Executing VM operation: HandshakeAllThreads (Deoptimize) done
Event: 9.607 Executing VM operation: HandshakeAllThreads (Deoptimize)
Event: 9.607 Executing VM operation: HandshakeAllThreads (Deoptimize) done
Event: 9.629 Executing VM operation: ICBufferFull
Event: 9.629 Executing VM operation: ICBufferFull done
Event: 9.666 Executing VM operation: G1CollectForAllocation (G1 Evacuation Pause)

Memory protections (0 events):
No events

Nmethod flushes (20 events):
Event: 9.192 Thread 0x000001c41e031320 flushing  nmethod 0x000001c403248a10
Event: 9.192 Thread 0x000001c41e031320 flushing  nmethod 0x000001c403249490
Event: 9.192 Thread 0x000001c41e031320 flushing  nmethod 0x000001c403287d10
Event: 9.192 Thread 0x000001c41e031320 flushing  nmethod 0x000001c403446910
Event: 9.192 Thread 0x000001c41e031320 flushing  nmethod 0x000001c4034c4f90
Event: 9.192 Thread 0x000001c41e031320 flushing  nmethod 0x000001c40364b990
Event: 9.192 Thread 0x000001c41e031320 flushing  nmethod 0x000001c403818590
Event: 9.192 Thread 0x000001c41e031320 flushing  nmethod 0x000001c403891590
Event: 9.192 Thread 0x000001c41e031320 flushing  nmethod 0x000001c4038c7b10
Event: 9.192 Thread 0x000001c41e031320 flushing  nmethod 0x000001c4038c8190
Event: 9.192 Thread 0x000001c41e031320 flushing  nmethod 0x000001c4038cda10
Event: 9.192 Thread 0x000001c41e031320 flushing  nmethod 0x000001c403ba0210
Event: 9.192 Thread 0x000001c41e031320 flushing  nmethod 0x000001c403bfc590
Event: 9.192 Thread 0x000001c41e031320 flushing  nmethod 0x000001c403c01310
Event: 9.192 Thread 0x000001c41e031320 flushing  nmethod 0x000001c403ee6390
Event: 9.192 Thread 0x000001c41e031320 flushing  nmethod 0x000001c403ee7190
Event: 9.192 Thread 0x000001c41e031320 flushing  nmethod 0x000001c403faf110
Event: 9.192 Thread 0x000001c41e031320 flushing  nmethod 0x000001c403fb8210
Event: 9.192 Thread 0x000001c41e031320 flushing  nmethod 0x000001c403a7fb90
Event: 9.192 Thread 0x000001c41e031320 flushing  nmethod 0x000001c404023590

Events (20 events):
Event: 4.960 Thread 0x000001c4202ec040 Thread added: 0x000001c424f72200
Event: 4.962 Thread 0x000001c4202ec040 Thread added: 0x000001c424f74960
Event: 4.963 Thread 0x000001c4202ec040 Thread added: 0x000001c424f735b0
Event: 4.967 Thread 0x000001c4202ec040 Thread added: 0x000001c424f73c40
Event: 4.969 Thread 0x000001c4202ec040 Thread added: 0x000001c4248916f0
Event: 4.971 Thread 0x000001c4202ec040 Thread added: 0x000001c42488e270
Event: 5.177 Thread 0x000001c4202ec040 Thread added: 0x000001c42488fcb0
Event: 5.178 Thread 0x000001c4202ec040 Thread added: 0x000001c424890340
Event: 5.178 Thread 0x000001c4202ec040 Thread added: 0x000001c4248909d0
Event: 5.179 Thread 0x000001c4202ec040 Thread added: 0x000001c42488f620
Event: 5.179 Thread 0x000001c4202ec040 Thread added: 0x000001c424891060
Event: 5.179 Thread 0x000001c4202ec040 Thread added: 0x000001c42488e900
Event: 5.179 Thread 0x000001c4202ec040 Thread added: 0x000001c424892410
Event: 5.179 Thread 0x000001c4202ec040 Thread added: 0x000001c42488ef90
Event: 5.180 Thread 0x000001c4202ec040 Thread added: 0x000001c4248944e0
Event: 5.180 Thread 0x000001c4202ec040 Thread added: 0x000001c424893e50
Event: 5.180 Thread 0x000001c4202ec040 Thread added: 0x000001c424893130
Event: 6.318 Thread 0x000001c4202ec040 Thread added: 0x000001c422ebad40
Event: 6.692 Thread 0x000001c4202ec040 Thread added: 0x000001c422eb9300
Event: 7.632 Thread 0x000001c4202ec040 Thread added: 0x000001c422ebd4a0


Dynamic libraries:
0x00007ff65e950000 - 0x00007ff65e95a000 	C:\Program Files\Android\Android Studio\jbr\bin\java.exe
0x00007ffc036c0000 - 0x00007ffc03927000 	C:\WINDOWS\SYSTEM32\ntdll.dll
0x00007ffc026c0000 - 0x00007ffc02789000 	C:\WINDOWS\System32\KERNEL32.DLL
0x00007ffc01060000 - 0x00007ffc0144f000 	C:\WINDOWS\System32\KERNELBASE.dll
0x00007ffc00f10000 - 0x00007ffc0105b000 	C:\WINDOWS\System32\ucrtbase.dll
0x00007ffbfd240000 - 0x00007ffbfd25b000 	C:\Program Files\Android\Android Studio\jbr\bin\VCRUNTIME140.dll
0x00007ffbf70c0000 - 0x00007ffbf70d8000 	C:\Program Files\Android\Android Studio\jbr\bin\jli.dll
0x00007ffc032e0000 - 0x00007ffc034a5000 	C:\WINDOWS\System32\USER32.dll
0x00007ffbdd1f0000 - 0x00007ffbdd483000 	C:\WINDOWS\WinSxS\amd64_microsoft.windows.common-controls_6595b64144ccf1df_6.0.26100.7309_none_3e05feeae336a044\COMCTL32.dll
0x00007ffc008a0000 - 0x00007ffc008c7000 	C:\WINDOWS\System32\win32u.dll
0x00007ffc01d20000 - 0x00007ffc01dc9000 	C:\WINDOWS\System32\msvcrt.dll
0x00007ffc034b0000 - 0x00007ffc034db000 	C:\WINDOWS\System32\GDI32.dll
0x00007ffc00bc0000 - 0x00007ffc00cec000 	C:\WINDOWS\System32\gdi32full.dll
0x00007ffc00e60000 - 0x00007ffc00f03000 	C:\WINDOWS\System32\msvcp_win.dll
0x00007ffc031e0000 - 0x00007ffc03211000 	C:\WINDOWS\System32\IMM32.DLL
0x00007ffbfd230000 - 0x00007ffbfd23c000 	C:\Program Files\Android\Android Studio\jbr\bin\vcruntime140_1.dll
0x00007ffb68dd0000 - 0x00007ffb68e5d000 	C:\Program Files\Android\Android Studio\jbr\bin\msvcp140.dll
0x00007ffafb800000 - 0x00007ffafc483000 	C:\Program Files\Android\Android Studio\jbr\bin\server\jvm.dll
0x00007ffc03220000 - 0x00007ffc032d4000 	C:\WINDOWS\System32\ADVAPI32.dll
0x00007ffc01f20000 - 0x00007ffc01fc6000 	C:\WINDOWS\System32\sechost.dll
0x00007ffc01c00000 - 0x00007ffc01d18000 	C:\WINDOWS\System32\RPCRT4.dll
0x00007ffc02970000 - 0x00007ffc029e4000 	C:\WINDOWS\System32\WS2_32.dll
0x00007ffc00670000 - 0x00007ffc006ce000 	C:\WINDOWS\SYSTEM32\POWRPROF.dll
0x00007ffbfae20000 - 0x00007ffbfae55000 	C:\WINDOWS\SYSTEM32\WINMM.dll
0x00007ffbf0de0000 - 0x00007ffbf0deb000 	C:\WINDOWS\SYSTEM32\VERSION.dll
0x00007ffc00650000 - 0x00007ffc00664000 	C:\WINDOWS\SYSTEM32\UMPDC.dll
0x00007ffbff580000 - 0x00007ffbff59b000 	C:\WINDOWS\SYSTEM32\kernel.appcore.dll
0x00007ffbf7980000 - 0x00007ffbf798a000 	C:\Program Files\Android\Android Studio\jbr\bin\jimage.dll
0x00007ffbfe100000 - 0x00007ffbfe342000 	C:\WINDOWS\SYSTEM32\DBGHELP.DLL
0x00007ffc015d0000 - 0x00007ffc01955000 	C:\WINDOWS\System32\combase.dll
0x00007ffc024c0000 - 0x00007ffc02596000 	C:\WINDOWS\System32\OLEAUT32.dll
0x00007ffbdddf0000 - 0x00007ffbdde2c000 	C:\WINDOWS\SYSTEM32\dbgcore.DLL
0x00007ffc008d0000 - 0x00007ffc00975000 	C:\WINDOWS\System32\bcryptPrimitives.dll
0x00007ffbf7920000 - 0x00007ffbf792e000 	C:\Program Files\Android\Android Studio\jbr\bin\instrument.dll
0x00007ffbe6b40000 - 0x00007ffbe6b60000 	C:\Program Files\Android\Android Studio\jbr\bin\java.dll
0x00007ffbc8d70000 - 0x00007ffbc8d88000 	C:\Program Files\Android\Android Studio\jbr\bin\zip.dll
0x00007ffc02a80000 - 0x00007ffc031d3000 	C:\WINDOWS\System32\SHELL32.dll
0x00007ffc00cf0000 - 0x00007ffc00e5a000 	C:\WINDOWS\System32\wintypes.dll
0x00007ffbfe3d0000 - 0x00007ffbfec2e000 	C:\WINDOWS\SYSTEM32\windows.storage.dll
0x00007ffc025a0000 - 0x00007ffc02695000 	C:\WINDOWS\System32\SHCORE.dll
0x00007ffc019f0000 - 0x00007ffc01a56000 	C:\WINDOWS\System32\shlwapi.dll
0x00007ffc00730000 - 0x00007ffc00759000 	C:\WINDOWS\SYSTEM32\profapi.dll
0x00007ffbed340000 - 0x00007ffbed350000 	C:\Program Files\Android\Android Studio\jbr\bin\net.dll
0x00007ffbfa8b0000 - 0x00007ffbfa9d8000 	C:\WINDOWS\SYSTEM32\WINHTTP.dll
0x00007ffbffad0000 - 0x00007ffbffb3b000 	C:\WINDOWS\system32\mswsock.dll
0x00007ffbc8c10000 - 0x00007ffbc8c26000 	C:\Program Files\Android\Android Studio\jbr\bin\nio.dll
0x00007ffbc8c00000 - 0x00007ffbc8c10000 	C:\Program Files\Android\Android Studio\jbr\bin\verify.dll
0x00007ffba27d0000 - 0x00007ffba27f7000 	D:\.gradle\native\c067742578af261105cb4f569cf0c3c89f3d7b1fecec35dd04571415982c5e48\windows-amd64\native-platform.dll
0x00007ffb65fd0000 - 0x00007ffb66114000 	D:\.gradle\native\100fb08df4bc3b14c8652ba06237920a3bd2aa13389f12d3474272988ae205f9\windows-amd64\native-platform-file-events.dll
0x00007ffbddf60000 - 0x00007ffbddf69000 	C:\Program Files\Android\Android Studio\jbr\bin\management.dll
0x00007ffbcd900000 - 0x00007ffbcd90b000 	C:\Program Files\Android\Android Studio\jbr\bin\management_ext.dll
0x00007ffc01b60000 - 0x00007ffc01b68000 	C:\WINDOWS\System32\PSAPI.DLL
0x00007ffbffec0000 - 0x00007ffbffedb000 	C:\WINDOWS\SYSTEM32\CRYPTSP.dll
0x00007ffbff4e0000 - 0x00007ffbff51a000 	C:\WINDOWS\system32\rsaenh.dll
0x00007ffbffb80000 - 0x00007ffbffbab000 	C:\WINDOWS\SYSTEM32\USERENV.dll
0x00007ffc00700000 - 0x00007ffc0072a000 	C:\WINDOWS\SYSTEM32\bcrypt.dll
0x00007ffbffd20000 - 0x00007ffbffd2c000 	C:\WINDOWS\SYSTEM32\CRYPTBASE.dll
0x00007ffbfef70000 - 0x00007ffbfefa4000 	C:\WINDOWS\SYSTEM32\IPHLPAPI.DLL
0x00007ffc019e0000 - 0x00007ffc019ea000 	C:\WINDOWS\System32\NSI.dll
0x00007ffbecdc0000 - 0x00007ffbecdc9000 	C:\Program Files\Android\Android Studio\jbr\bin\extnet.dll
0x00007ffbe5f20000 - 0x00007ffbe5f28000 	C:\WINDOWS\system32\wshunix.dll

dbghelp: loaded successfully - version: 4.0.5 - missing functions: none
symbol engine: initialized successfully - sym options: 0x614 - pdb path: .;C:\Program Files\Android\Android Studio\jbr\bin;C:\WINDOWS\SYSTEM32;C:\WINDOWS\WinSxS\amd64_microsoft.windows.common-controls_6595b64144ccf1df_6.0.26100.7309_none_3e05feeae336a044;C:\Program Files\Android\Android Studio\jbr\bin\server;D:\.gradle\native\c067742578af261105cb4f569cf0c3c89f3d7b1fecec35dd04571415982c5e48\windows-amd64;D:\.gradle\native\100fb08df4bc3b14c8652ba06237920a3bd2aa13389f12d3474272988ae205f9\windows-amd64

VM Arguments:
jvm_args: --add-opens=java.base/java.util=ALL-UNNAMED --add-opens=java.base/java.lang=ALL-UNNAMED --add-opens=java.base/java.lang.invoke=ALL-UNNAMED --add-opens=java.prefs/java.util.prefs=ALL-UNNAMED --add-exports=jdk.compiler/com.sun.tools.javac.api=ALL-UNNAMED --add-exports=jdk.compiler/com.sun.tools.javac.util=ALL-UNNAMED --add-opens=java.base/java.nio.charset=ALL-UNNAMED --add-opens=java.base/java.net=ALL-UNNAMED --add-opens=java.base/java.util.concurrent.atomic=ALL-UNNAMED -Xmx4096m -Dfile.encoding=UTF-8 -Duser.country=US -Duser.language=en -Duser.variant -javaagent:D:\.gradle\wrapper\dists\gradle-8.10.2-bin\a04bxjujx95o3nb99gddekhwo\gradle-8.10.2\lib\agents\gradle-instrumentation-agent-8.10.2.jar 
java_command: org.gradle.launcher.daemon.bootstrap.GradleDaemon 8.10.2
java_class_path (initial): D:\.gradle\wrapper\dists\gradle-8.10.2-bin\a04bxjujx95o3nb99gddekhwo\gradle-8.10.2\lib\gradle-daemon-main-8.10.2.jar
Launcher Type: SUN_STANDARD

[Global flags]
     intx CICompilerCount                          = 4                                         {product} {ergonomic}
     uint ConcGCThreads                            = 3                                         {product} {ergonomic}
     uint G1ConcRefinementThreads                  = 10                                        {product} {ergonomic}
   size_t G1HeapRegionSize                         = 2097152                                   {product} {ergonomic}
    uintx GCDrainStackTargetSize                   = 64                                        {product} {ergonomic}
   size_t InitialHeapSize                          = 264241152                                 {product} {ergonomic}
   size_t MarkStackSize                            = 4194304                                   {product} {ergonomic}
   size_t MaxHeapSize                              = 4294967296                                {product} {command line}
   size_t MaxNewSize                               = 2575302656                                {product} {ergonomic}
   size_t MinHeapDeltaBytes                        = 2097152                                   {product} {ergonomic}
   size_t MinHeapSize                              = 8388608                                   {product} {ergonomic}
    uintx NonNMethodCodeHeapSize                   = 5839372                                {pd product} {ergonomic}
    uintx NonProfiledCodeHeapSize                  = 122909434                              {pd product} {ergonomic}
    uintx ProfiledCodeHeapSize                     = 122909434                              {pd product} {ergonomic}
    uintx ReservedCodeCacheSize                    = 251658240                              {pd product} {ergonomic}
     bool SegmentedCodeCache                       = true                                      {product} {ergonomic}
   size_t SoftMaxHeapSize                          = 4294967296                             {manageable} {ergonomic}
     bool UseCompressedOops                        = true                           {product lp64_product} {ergonomic}
     bool UseG1GC                                  = true                                      {product} {ergonomic}
     bool UseLargePagesIndividualAllocation        = false                                  {pd product} {ergonomic}

Logging:
Log output configuration:
 #0: stdout all=warning uptime,level,tags foldmultilines=false
 #1: stderr all=off uptime,level,tags foldmultilines=false

Environment Variables:
JAVA_HOME=C:\Program Files\Java\jdk-21
PATH=C:\oracle\dbhomeFree\bin;C:\app\HP\product\23ai\dbhomeFree\bin;C:\Program Files\Common Files\Oracle\Java\javapath;C:\Program Files (x86)\Common Files\Oracle\Java\java8path;C:\Program Files (x86)\Common Files\Oracle\Java\javapath;C:\WINDOWS\system32;C:\WINDOWS;C:\WINDOWS\System32\Wbem;C:\WINDOWS\System32\WindowsPowerShell\v1.0\;C:\WINDOWS\System32\OpenSSH\;C:\Program Files (x86)\Microsoft SQL Server\160\Tools\Binn\;C:\Program Files\Microsoft SQL Server\160\Tools\Binn\;C:\Program Files\Microsoft SQL Server\Client SDK\ODBC\170\Tools\Binn\;C:\Program Files\Microsoft SQL Server\160\DTS\Binn\;C:\Program Files (x86)\Microsoft SQL Server\160\DTS\Binn\;C:\Program Files\Azure Data Studio\bin;C:\Program Files\Java\jdk-21\bin;C:\Program Files\Microsoft SQL Server\150\Tools\Binn\;C:\Program Files\nodejs;C:\ProgramData\chocolatey\bin;C:\Program Files\nodejs\;C:\sqlite;C:\Program Files\Git\cmd;C:\Program Files\TortoiseGit\bin;C:\Program Files\dotnet\;C:\Users\HP\AppData\Local\Programs\Python\Python313\Scripts\;C:\Users\HP\AppData\Local\Programs\Python\Python313\;C:\Users\HP\AppData\Local\Programs\Python\Launcher\;C:\Users\HP\AppData\Local\Microsoft\WindowsApps;C:\Program Files\Azure Data Studio\bin;C:\Program Files\JetBrains\IntelliJ IDEA Community Edition 2023.2.5\bin;C:\Users\HP\AppData\Local\Programs\Microsoft VS Code\bin;C:\Program Files\JetBrains\IntelliJ IDEA 2024.3.1.1\bin;C:\Users\HP\.dotnet\tools;C:\Users\HP\AppData\Roaming\npm;C:\Users\HP\AppData\Local\Programs\mongosh\;D:\software\flutter_windows_3.38.0-stable (1)\flutter\bin;D:\software\flutter_3.38.0\flutter\bin;D:\software\flutter_windows_3.35.7-stable\flutter\bin;C:\Users\HP\.dotnet\tools
USERNAME=HP
OS=Windows_NT
PROCESSOR_IDENTIFIER=Intel64 Family 6 Model 154 Stepping 4, GenuineIntel
TMP=C:\Users\HP\AppData\Local\Temp
TEMP=C:\Users\HP\AppData\Local\Temp




Periodic native trim disabled

JNI global refs:
JNI global refs: 28, weak refs: 0

JNI global refs memory usage: 835, weak refs: 833

Process memory usage:
Resident Set Size: 461624K (2% of 16400712K total physical memory with 1919772K free physical memory)

OOME stack traces (most recent first):
Classloader memory used:
Loader org.gradle.internal.classloader.VisitableURLClassLoader                         : 38024K
Loader bootstrap                                                                       : 27401K
Loader org.gradle.internal.classloader.VisitableURLClassLoader$InstrumentingVisitableURLClassLoader: 25870K
Loader org.gradle.initialization.MixInLegacyTypesClassLoader                           : 11019K
Loader jdk.internal.loader.ClassLoaders$PlatformClassLoader                            : 508K
Loader org.gradle.internal.classloader.VisitableURLClassLoader                         : 446K
Loader jdk.internal.loader.ClassLoaders$AppClassLoader                                 : 234K
Loader jdk.internal.reflect.DelegatingClassLoader                                      : 226K

Classes loaded by more than one classloader:
Class Program                                                                         : loaded 5 times (x 68B)
Class Build_gradle                                                                    : loaded 3 times (x 126B)
Class Build_gradle$1                                                                  : loaded 3 times (x 70B)
Class org.gradle.internal.classloader.FilteringClassLoader                            : loaded 2 times (x 101B)
Class [Lcom.google.common.base.AbstractIterator$State;                                : loaded 2 times (x 65B)
Class com.google.common.base.CharMatcher$IsEither                                     : loaded 2 times (x 107B)
Class org.gradle.internal.classloader.ClassLoaderHierarchy                            : loaded 2 times (x 66B)
Class com.google.common.collect.ImmutableEnumSet                                      : loaded 2 times (x 142B)
Class com.google.common.util.concurrent.ExecutionError                                : loaded 2 times (x 78B)
Class com.google.common.collect.ImmutableList$1                                       : loaded 2 times (x 93B)
Class org.gradle.api.internal.classpath.ManifestUtil                                  : loaded 2 times (x 67B)
Class com.google.common.collect.RegularImmutableMap                                   : loaded 2 times (x 117B)
Class com.google.common.collect.ImmutableMap$MapViewOfValuesAsSingletonSets           : loaded 2 times (x 121B)
Class [Lorg.objectweb.asm.Symbol;                                                     : loaded 2 times (x 65B)
Class org.objectweb.asm.ClassVisitor                                                  : loaded 2 times (x 84B)
Class com.google.common.collect.UnmodifiableListIterator                              : loaded 2 times (x 91B)
Class com.google.common.base.Platform$JdkPatternCompiler                              : loaded 2 times (x 71B)
Class org.objectweb.asm.MethodTooLargeException                                       : loaded 2 times (x 79B)
Class [Lcom.google.common.cache.CacheBuilder$OneWeigher;                              : loaded 2 times (x 65B)
Class com.google.common.base.Suppliers                                                : loaded 2 times (x 67B)
Class org.gradle.internal.classloader.DefaultClassLoaderFactory                       : loaded 2 times (x 78B)
Class com.google.common.base.CharMatcher$None                                         : loaded 2 times (x 108B)
Class org.gradle.internal.classloader.ClassLoaderVisitor                              : loaded 2 times (x 72B)
Class [Lcom.google.common.collect.ImmutableMapEntry;                                  : loaded 2 times (x 65B)
Class org.gradle.api.internal.classpath.EffectiveClassPath                            : loaded 2 times (x 86B)
Class com.google.common.collect.ImmutableRangeSet                                     : loaded 2 times (x 111B)
Class com.google.common.collect.ImmutableEnumMap                                      : loaded 2 times (x 121B)
Class com.google.common.collect.ListMultimap                                          : loaded 2 times (x 66B)
Class com.google.common.collect.Sets$1                                                : loaded 2 times (x 135B)
Class org.objectweb.asm.AnnotationVisitor                                             : loaded 2 times (x 74B)
Class com.google.common.base.Splitter                                                 : loaded 2 times (x 68B)
Class org.gradle.api.internal.DefaultClassPathProvider                                : loaded 2 times (x 72B)
Class com.google.common.collect.Sets$2                                                : loaded 2 times (x 135B)
Class [Lorg.gradle.api.internal.ClassPathProvider;                                    : loaded 2 times (x 65B)
Class org.gradle.api.internal.ClassPathProvider                                       : loaded 2 times (x 66B)
Class [Lorg.objectweb.asm.AnnotationVisitor;                                          : loaded 2 times (x 65B)
Class com.google.common.collect.Sets$3                                                : loaded 2 times (x 135B)
Class com.google.common.util.concurrent.AbstractFuture$SafeAtomicHelper               : loaded 2 times (x 75B)
Class com.google.common.cache.LocalCache$LocalLoadingCache                            : loaded 2 times (x 130B)
Class com.google.common.base.AbstractIterator$State                                   : loaded 2 times (x 75B)
Class org.gradle.internal.service.UnknownServiceException                             : loaded 2 times (x 79B)
Class com.google.common.collect.Sets$4                                                : loaded 2 times (x 135B)
Class org.objectweb.asm.ModuleVisitor                                                 : loaded 2 times (x 77B)
Class com.google.common.cache.LocalCache$Strength$1                                   : loaded 2 times (x 77B)
Class com.google.common.util.concurrent.SettableFuture                                : loaded 2 times (x 110B)
Class com.google.common.cache.LocalCache$Strength$2                                   : loaded 2 times (x 77B)
Class com.google.common.cache.LocalCache$Strength$3                                   : loaded 2 times (x 77B)
Class com.google.common.collect.MapDifference                                         : loaded 2 times (x 66B)
Class com.google.common.base.Splitter$1                                               : loaded 2 times (x 73B)
Class org.objectweb.asm.FieldWriter                                                   : loaded 2 times (x 74B)
Class com.google.common.cache.CacheBuilder$NullListener                               : loaded 2 times (x 78B)
Class org.gradle.internal.classpath.TransformedClassPath                              : loaded 2 times (x 92B)
Class org.gradle.internal.classloader.InstrumentingClassLoader                        : loaded 2 times (x 66B)
Class com.google.common.collect.ImmutableRangeSet$AsSet                               : loaded 2 times (x 295B)
Class com.google.common.cache.CacheLoader$FunctionToCacheLoader                       : loaded 2 times (x 71B)
Class com.google.common.collect.Iterators$ArrayItr                                    : loaded 2 times (x 93B)
Class com.google.common.collect.ImmutableCollection$Builder                           : loaded 2 times (x 72B)
Class com.google.common.base.Joiner                                                   : loaded 2 times (x 75B)
Class com.google.common.base.MoreObjects                                              : loaded 2 times (x 67B)
Class [Lorg.objectweb.asm.Type;                                                       : loaded 2 times (x 65B)
Class com.google.common.collect.Platform                                              : loaded 2 times (x 67B)
Class com.google.common.collect.UnmodifiableIterator                                  : loaded 2 times (x 76B)
Class org.gradle.internal.service.ServiceLocator                                      : loaded 2 times (x 66B)
Class com.google.common.base.Ascii                                                    : loaded 2 times (x 67B)
Class com.google.common.collect.SingletonImmutableBiMap                               : loaded 2 times (x 139B)
Class com.google.common.cache.LocalCache$1                                            : loaded 2 times (x 85B)
Class com.google.common.collect.AbstractMapEntry                                      : loaded 2 times (x 77B)
Class com.google.common.collect.Sets$ImprovedAbstractSet                              : loaded 2 times (x 131B)
Class com.google.common.collect.ImmutableList$Builder                                 : loaded 2 times (x 73B)
Class com.google.common.cache.LocalCache$2                                            : loaded 2 times (x 138B)
Class com.google.common.collect.AbstractMultimap                                      : loaded 2 times (x 119B)
Class com.google.common.collect.ImmutableRangeSet$1                                   : loaded 2 times (x 205B)
Class com.google.common.util.concurrent.AbstractFuture$UnsafeAtomicHelper$1           : loaded 2 times (x 72B)
Class com.google.common.collect.RegularImmutableAsList                                : loaded 2 times (x 212B)
Class com.google.common.collect.Range                                                 : loaded 2 times (x 83B)
Class com.google.common.util.concurrent.AbstractFuture$Trusted                        : loaded 2 times (x 66B)
Class com.google.common.collect.Iterators                                             : loaded 2 times (x 67B)
Class com.google.common.base.CharMatcher$RangesMatcher                                : loaded 2 times (x 108B)
Class com.google.common.util.concurrent.UncheckedExecutionException                   : loaded 2 times (x 78B)
Class com.google.common.collect.Lists$StringAsImmutableList                           : loaded 2 times (x 203B)
Class org.gradle.kotlin.dsl.VersionCatalogAccessorsKt                                 : loaded 2 times (x 67B)
Class com.google.common.collect.ImmutableSortedSetFauxverideShim                      : loaded 2 times (x 143B)
Class com.google.common.base.CharMatcher$JavaLetterOrDigit                            : loaded 2 times (x 107B)
Class org.gradle.internal.InternalTransformer                                         : loaded 2 times (x 66B)
Class com.google.common.collect.AbstractMapBasedMultimap$KeySet$1                     : loaded 2 times (x 78B)
Class org.objectweb.asm.ClassWriter                                                   : loaded 2 times (x 102B)
Class com.google.common.cache.CacheLoader$UnsupportedLoadingOperationException        : loaded 2 times (x 78B)
Class com.google.common.base.CharMatcher$And                                          : loaded 2 times (x 108B)
Class org.gradle.internal.classloader.ClasspathUtil$1                                 : loaded 2 times (x 72B)
Class org.objectweb.asm.FieldVisitor                                                  : loaded 2 times (x 73B)
Class com.google.common.collect.IndexedImmutableSet                                   : loaded 2 times (x 146B)
Class com.google.common.collect.ImmutableMap$1                                        : loaded 2 times (x 77B)
Class com.google.common.collect.BiMap                                                 : loaded 2 times (x 66B)
Class org.gradle.api.internal.classpath.DefaultModuleRegistry$DefaultModule           : loaded 2 times (x 82B)
Class com.google.common.primitives.Ints                                               : loaded 2 times (x 67B)
Class com.google.common.collect.AbstractIterator                                      : loaded 2 times (x 78B)
Class com.google.common.math.MathPreconditions                                        : loaded 2 times (x 67B)
Class com.google.common.collect.Multiset                                              : loaded 2 times (x 66B)
Class com.google.common.collect.RegularImmutableMap$KeySet                            : loaded 2 times (x 146B)
Class com.google.common.collect.ObjectArrays                                          : loaded 2 times (x 67B)
Class com.google.common.collect.AbstractIndexedListIterator                           : loaded 2 times (x 92B)
Class com.google.common.collect.ImmutableMapEntrySet                                  : loaded 2 times (x 147B)
Class org.gradle.api.internal.classpath.Module                                        : loaded 2 times (x 66B)
Class com.google.common.cache.Weigher                                                 : loaded 2 times (x 66B)
Class org.gradle.api.internal.classpath.UnknownModuleException                        : loaded 2 times (x 78B)
Class com.google.common.base.Stopwatch                                                : loaded 2 times (x 68B)
Class com.google.common.cache.LocalCache$Strength                                     : loaded 2 times (x 77B)
Class com.google.common.cache.Cache                                                   : loaded 2 times (x 66B)
Class com.google.common.util.concurrent.AbstractFuture$Cancellation                   : loaded 2 times (x 68B)
Class com.google.common.collect.ImmutableMap$Builder                                  : loaded 2 times (x 78B)
Class com.google.common.base.NullnessCasts                                            : loaded 2 times (x 67B)
Class com.google.common.cache.RemovalListener                                         : loaded 2 times (x 66B)
Class org.gradle.api.internal.DefaultClassPathRegistry                                : loaded 2 times (x 72B)
Class com.google.common.primitives.IntsMethodsForWeb                                  : loaded 2 times (x 67B)
Class com.google.common.collect.Multimap                                              : loaded 2 times (x 66B)
Class org.gradle.api.internal.ClassPathRegistry                                       : loaded 2 times (x 66B)
Class org.gradle.internal.classpath.DefaultClassPath$ImmutableUniqueList              : loaded 2 times (x 195B)
Class com.google.common.base.Equivalence$Identity                                     : loaded 2 times (x 78B)
Class com.google.common.cache.CacheBuilder                                            : loaded 2 times (x 68B)
Class com.google.common.collect.SingletonImmutableList                                : loaded 2 times (x 203B)
Class Settings_gradle$1                                                               : loaded 2 times (x 70B)
Class org.gradle.internal.classpath.ClassPath                                         : loaded 2 times (x 66B)
Class org.gradle.api.UncheckedIOException                                             : loaded 2 times (x 78B)
Class com.google.common.collect.ImmutableList$ReverseImmutableList                    : loaded 2 times (x 204B)
Class com.google.common.base.JdkPattern                                               : loaded 2 times (x 71B)
Class org.objectweb.asm.SymbolTable$Entry                                             : loaded 2 times (x 70B)
Class com.google.common.util.concurrent.AbstractFuture$AtomicHelper                   : loaded 2 times (x 74B)
Class org.objectweb.asm.Edge                                                          : loaded 2 times (x 68B)
Class com.google.common.base.Suppliers$SupplierOfInstance                             : loaded 2 times (x 75B)
Class com.google.common.collect.Iterators$1                                           : loaded 2 times (x 77B)
Class com.google.common.cache.LocalCache$ComputingValueReference                      : loaded 2 times (x 92B)
Class com.google.common.collect.SingletonImmutableSet                                 : loaded 2 times (x 142B)
Class com.google.common.collect.ImmutableMap$IteratorBasedImmutableMap                : loaded 2 times (x 121B)
Class com.google.common.cache.LocalCache$Segment                                      : loaded 2 times (x 150B)
Class com.google.common.collect.SortedIterable                                        : loaded 2 times (x 66B)
Class [Lorg.objectweb.asm.SymbolTable$Entry;                                          : loaded 2 times (x 65B)
Class com.google.common.cache.CacheLoader                                             : loaded 2 times (x 70B)
Class com.google.common.collect.Iterators$4                                           : loaded 2 times (x 78B)
Class com.google.common.collect.ImmutableBiMap                                        : loaded 2 times (x 139B)
Class com.google.common.collect.AbstractListMultimap                                  : loaded 2 times (x 168B)
Class org.gradle.internal.installation.GradleInstallation$1                           : loaded 2 times (x 71B)
Class org.gradle.api.internal.classpath.ModuleRegistry                                : loaded 2 times (x 66B)
Class com.google.common.util.concurrent.internal.InternalFutureFailureAccess          : loaded 2 times (x 68B)
Class com.google.common.collect.Iterators$5                                           : loaded 2 times (x 78B)
Class com.google.common.collect.ImmutableSet$JdkBackedSetBuilderImpl                  : loaded 2 times (x 72B)
Class com.google.common.base.Splitter$SplittingIterator                               : loaded 2 times (x 80B)
Class com.google.common.util.concurrent.AbstractFuture$UnsafeAtomicHelper             : loaded 2 times (x 74B)
Class com.google.common.cache.LocalCache$LocalManualCache$1                           : loaded 2 times (x 71B)
Class com.google.common.base.CharMatcher$ForPredicate                                 : loaded 2 times (x 108B)
Class com.google.common.collect.ImmutableCollection                                   : loaded 2 times (x 121B)
Class com.google.common.base.CharMatcher$AnyOf                                        : loaded 2 times (x 108B)
Class org.gradle.api.internal.classpath.DefaultModuleRegistry                         : loaded 2 times (x 82B)
Class com.google.common.util.concurrent.ListenableFuture                              : loaded 2 times (x 66B)
Class com.google.common.cache.ReferenceEntry                                          : loaded 2 times (x 66B)
Class com.google.common.collect.ImmutableSet$CachingAsList                            : loaded 2 times (x 143B)
Class com.google.common.base.Converter                                                : loaded 2 times (x 86B)
Class com.google.common.collect.Lists                                                 : loaded 2 times (x 67B)
Class com.google.common.base.CharMatcher$Any                                          : loaded 2 times (x 108B)
Class com.google.common.util.concurrent.AbstractFuture                                : loaded 2 times (x 102B)
Class com.google.common.base.FunctionalEquivalence                                    : loaded 2 times (x 79B)
Class com.google.common.collect.Iterators$9                                           : loaded 2 times (x 77B)
Class com.google.common.collect.AbstractMapBasedMultimap                              : loaded 2 times (x 135B)
Class com.google.common.collect.ImmutableAsList                                       : loaded 2 times (x 205B)
Class org.objectweb.asm.RecordComponentVisitor                                        : loaded 2 times (x 73B)
Class com.google.common.cache.CacheLoader$SupplierToCacheLoader                       : loaded 2 times (x 71B)
Class com.google.common.collect.Maps$EntryTransformer                                 : loaded 2 times (x 66B)
Class org.gradle.internal.service.ServiceLookupException                              : loaded 2 times (x 78B)
Class com.google.common.collect.ImmutableSortedSet                                    : loaded 2 times (x 295B)
Class [Lcom.google.common.cache.LocalCache$EntryFactory;                              : loaded 2 times (x 65B)
Class com.google.common.base.CharMatcher$JavaLetter                                   : loaded 2 times (x 107B)
Class org.gradle.internal.classloader.ClassLoaderFactory                              : loaded 2 times (x 66B)
Class com.google.common.cache.LocalCache$LocalManualCache                             : loaded 2 times (x 95B)
Class com.google.common.base.CharMatcher$IsNot                                        : loaded 2 times (x 107B)
Class com.google.common.base.CommonPattern                                            : loaded 2 times (x 70B)
Class org.gradle.internal.service.CachingServiceLocator                               : loaded 2 times (x 78B)
Class com.google.common.collect.AbstractMapBasedMultimap$KeySet                       : loaded 2 times (x 133B)
Class com.google.common.collect.RegularImmutableSortedSet                             : loaded 2 times (x 295B)
Class com.google.common.math.IntMath                                                  : loaded 2 times (x 67B)
Class com.google.common.collect.Iterators$10                                          : loaded 2 times (x 77B)
Class com.google.common.collect.ImmutableMapEntry                                     : loaded 2 times (x 81B)
Class com.google.common.base.CharMatcher$JavaDigit                                    : loaded 2 times (x 107B)
Class com.google.common.base.Equivalence                                              : loaded 2 times (x 78B)
Class com.google.common.collect.ImmutableMapEntry$NonTerminalImmutableMapEntry        : loaded 2 times (x 81B)
Class com.google.common.base.Function                                                 : loaded 2 times (x 66B)
Class com.google.common.collect.IndexedImmutableSet$1                                 : loaded 2 times (x 208B)
Class com.google.common.cache.CacheBuilder$OneWeigher                                 : loaded 2 times (x 78B)
Class com.google.common.collect.RegularImmutableList                                  : loaded 2 times (x 208B)
Class com.google.common.collect.ImmutableBiMapFauxverideShim                          : loaded 2 times (x 116B)
Class org.gradle.internal.classloader.ClasspathUtil                                   : loaded 2 times (x 67B)
Class com.google.common.base.Charsets                                                 : loaded 2 times (x 67B)
Class com.google.common.util.concurrent.Uninterruptibles                              : loaded 2 times (x 67B)
Class com.google.common.collect.Maps                                                  : loaded 2 times (x 67B)
Class com.google.common.base.CharMatcher$JavaUpperCase                                : loaded 2 times (x 107B)
Class org.gradle.api.specs.Spec                                                       : loaded 2 times (x 66B)
Class [Lcom.google.common.collect.ImmutableEntry;                                     : loaded 2 times (x 65B)
Class com.google.common.cache.LocalCache$LoadingValueReference                        : loaded 2 times (x 92B)
Class com.google.common.collect.ArrayListMultimapGwtSerializationDependencies         : loaded 2 times (x 168B)
Class com.google.common.base.Platform                                                 : loaded 2 times (x 67B)
Class [Lorg.objectweb.asm.AnnotationWriter;                                           : loaded 2 times (x 65B)
Class com.google.common.primitives.Ints$IntConverter                                  : loaded 2 times (x 86B)
Class com.google.common.collect.Maps$8                                                : loaded 2 times (x 78B)
Class com.google.common.collect.ImmutableRangeSet$Builder                             : loaded 2 times (x 73B)
Class com.google.common.collect.Sets$SetView                                          : loaded 2 times (x 134B)
Class com.google.common.cache.LocalCache$StrongValueReference                         : loaded 2 times (x 86B)
Class com.google.common.util.concurrent.AbstractFuture$SynchronizedHelper             : loaded 2 times (x 74B)
Class com.google.common.base.CharMatcher$Invisible                                    : loaded 2 times (x 108B)
Class org.objectweb.asm.Type                                                          : loaded 2 times (x 68B)
Class org.gradle.internal.classloader.VisitableURLClassLoader$InstrumentingVisitableURLClassLoader: loaded 2 times (x 119B)
Class org.objectweb.asm.ByteVector                                                    : loaded 2 times (x 75B)
Class [Lcom.google.common.cache.CacheBuilder$NullListener;                            : loaded 2 times (x 65B)
Class com.google.common.math.IntMath$1                                                : loaded 2 times (x 67B)
Class org.gradle.internal.classloader.VisitableURLClassLoader$Spec                    : loaded 2 times (x 70B)
Class org.gradle.internal.classpath.DefaultClassPath                                  : loaded 2 times (x 86B)
Class org.objectweb.asm.Symbol                                                        : loaded 2 times (x 69B)
Class com.google.common.base.AbstractIterator                                         : loaded 2 times (x 76B)
Class com.google.common.collect.RegularImmutableMap$Values                            : loaded 2 times (x 203B)
Class com.google.common.collect.ImmutableSet                                          : loaded 2 times (x 141B)
Class com.google.common.base.CharMatcher$BitSetMatcher                                : loaded 2 times (x 108B)
Class com.google.common.base.CharMatcher$Ascii                                        : loaded 2 times (x 108B)
Class org.gradle.internal.classloader.ClassLoaderSpec                                 : loaded 2 times (x 67B)
Class org.objectweb.asm.AnnotationWriter                                              : loaded 2 times (x 75B)
Class com.google.common.cache.CacheStats                                              : loaded 2 times (x 67B)
Class org.objectweb.asm.RecordComponentWriter                                         : loaded 2 times (x 74B)
Class com.google.common.util.concurrent.AbstractFuture$Listener                       : loaded 2 times (x 68B)
Class com.google.common.base.CharMatcher$Or                                           : loaded 2 times (x 108B)
Class Settings_gradle$1$1                                                             : loaded 2 times (x 70B)
Class org.objectweb.asm.Attribute                                                     : loaded 2 times (x 73B)
Class com.google.common.base.Supplier                                                 : loaded 2 times (x 66B)
Class org.gradle.internal.classloader.VisitableURLClassLoader                         : loaded 2 times (x 113B)
Class com.google.common.util.concurrent.AbstractFuture$Waiter                         : loaded 2 times (x 68B)
Class Settings_gradle                                                                 : loaded 2 times (x 124B)
Class org.gradle.internal.Cast                                                        : loaded 2 times (x 67B)
Class org.gradle.api.Action                                                           : loaded 2 times (x 66B)
Class com.google.common.base.Strings                                                  : loaded 2 times (x 67B)
Class com.google.common.collect.Sets                                                  : loaded 2 times (x 67B)
Class org.objectweb.asm.Handler                                                       : loaded 2 times (x 68B)
Class com.google.common.base.Ticker                                                   : loaded 2 times (x 68B)
Class com.google.common.base.CharMatcher$FastMatcher                                  : loaded 2 times (x 107B)
Class [Lcom.google.common.cache.LocalCache$Segment;                                   : loaded 2 times (x 65B)
Class [Lcom.google.common.cache.LocalCache$Strength;                                  : loaded 2 times (x 65B)
Class com.google.common.cache.CacheBuilder$1                                          : loaded 2 times (x 81B)
Class com.google.common.collect.ImmutableMap                                          : loaded 2 times (x 116B)
Class com.google.common.base.Predicate                                                : loaded 2 times (x 66B)
Class org.gradle.internal.classpath.DefaultClassPath$ImmutableUniqueList$Builder      : loaded 2 times (x 71B)
Class com.google.common.collect.AbstractRangeSet                                      : loaded 2 times (x 110B)
Class com.google.common.cache.LocalCache                                              : loaded 2 times (x 183B)
Class com.google.common.cache.CacheBuilder$2                                          : loaded 2 times (x 68B)
Class com.google.common.base.CharMatcher$NegatedFastMatcher                           : loaded 2 times (x 109B)
Class [Lcom.google.common.collect.AbstractMapEntry;                                   : loaded 2 times (x 65B)
Class com.google.common.collect.ImmutableEntry                                        : loaded 2 times (x 78B)
Class com.google.common.collect.ArrayListMultimap                                     : loaded 2 times (x 168B)
Class com.google.common.base.AbstractIterator$1                                       : loaded 2 times (x 67B)
Class com.google.common.base.CharMatcher$Digit                                        : loaded 2 times (x 108B)
Class org.gradle.api.GradleException                                                  : loaded 2 times (x 78B)
Class com.google.common.collect.CollectPreconditions                                  : loaded 2 times (x 67B)
Class com.google.common.base.CharMatcher$JavaIsoControl                               : loaded 2 times (x 108B)
Class com.google.common.collect.SortedMapDifference                                   : loaded 2 times (x 66B)
Class com.google.common.base.CharMatcher$JavaLowerCase                                : loaded 2 times (x 107B)
Class com.google.common.cache.LocalCache$EntryFactory                                 : loaded 2 times (x 79B)
Class com.google.common.cache.LocalCache$AbstractReferenceEntry                       : loaded 2 times (x 103B)
Class com.google.common.base.Splitter$1$1                                             : loaded 2 times (x 82B)
Class com.google.common.base.CharMatcher$Whitespace                                   : loaded 2 times (x 108B)
Class org.gradle.internal.IoActions                                                   : loaded 2 times (x 67B)
Class com.google.common.collect.ImmutableRangeSet$ComplementRanges                    : loaded 2 times (x 203B)
Class org.objectweb.asm.SymbolTable                                                   : loaded 2 times (x 68B)
Class com.google.common.cache.CacheLoader$InvalidCacheLoadException                   : loaded 2 times (x 78B)
Class com.google.common.collect.ImmutableSet$RegularSetBuilderImpl                    : loaded 2 times (x 73B)
Class com.google.common.base.CharMatcher$SingleWidth                                  : loaded 2 times (x 108B)
Class org.gradle.internal.classloader.SystemClassLoaderSpec                           : loaded 2 times (x 67B)
Class com.google.common.cache.LocalCache$StrongEntry                                  : loaded 2 times (x 104B)
Class com.google.common.util.concurrent.AbstractFuture$TrustedFuture                  : loaded 2 times (x 110B)
Class com.google.common.cache.LoadingCache                                            : loaded 2 times (x 66B)
Class org.objectweb.asm.MethodWriter                                                  : loaded 2 times (x 102B)
Class [Lcom.google.common.cache.Weigher;                                              : loaded 2 times (x 65B)
Class com.google.common.collect.RegularImmutableMap$BucketOverflowException           : loaded 2 times (x 78B)
Class com.google.common.collect.RegularImmutableBiMap                                 : loaded 2 times (x 144B)
Class com.google.common.cache.LocalCache$ValueReference                               : loaded 2 times (x 66B)
Class com.google.common.base.CharMatcher$Negated                                      : loaded 2 times (x 109B)
Class com.google.common.base.CharMatcher$Is                                           : loaded 2 times (x 107B)
Class com.google.common.base.PatternCompiler                                          : loaded 2 times (x 66B)
Class com.google.common.util.concurrent.AbstractFuture$Failure                        : loaded 2 times (x 68B)
Class com.google.common.base.Equivalence$Equals                                       : loaded 2 times (x 78B)
Class com.google.common.collect.Hashing                                               : loaded 2 times (x 67B)
Class com.google.common.base.Preconditions                                            : loaded 2 times (x 67B)
Class com.google.common.base.Joiner$1                                                 : loaded 2 times (x 76B)
Class org.objectweb.asm.Label                                                         : loaded 2 times (x 69B)
Class org.objectweb.asm.CurrentFrame                                                  : loaded 2 times (x 69B)
Class org.objectweb.asm.ClassTooLargeException                                        : loaded 2 times (x 79B)
Class com.google.common.collect.PeekingIterator                                       : loaded 2 times (x 66B)
Class com.google.common.base.CharMatcher                                              : loaded 2 times (x 107B)
Class com.google.common.collect.RangeGwtSerializationDependencies                     : loaded 2 times (x 67B)
Class com.google.common.base.Joiner$2                                                 : loaded 2 times (x 75B)
Class org.objectweb.asm.Frame                                                         : loaded 2 times (x 69B)
Class org.objectweb.asm.MethodVisitor                                                 : loaded 2 times (x 101B)
Class com.google.common.cache.LocalCache$EntryFactory$1                               : loaded 2 times (x 79B)
Class [Lcom.google.common.cache.RemovalListener;                                      : loaded 2 times (x 65B)
Class com.google.common.base.CharMatcher$1                                            : loaded 2 times (x 109B)
Class com.google.common.base.CharMatcher$NamedFastMatcher                             : loaded 2 times (x 108B)
Class com.google.common.collect.RangeSet                                              : loaded 2 times (x 66B)
Class com.google.common.cache.LocalCache$EntryFactory$2                               : loaded 2 times (x 79B)
Class org.gradle.api.internal.classpath.GlobalCacheRootsProvider                      : loaded 2 times (x 66B)
Class com.google.common.collect.CollectCollectors                                     : loaded 2 times (x 67B)
Class org.objectweb.asm.ModuleWriter                                                  : loaded 2 times (x 78B)
Class com.google.common.cache.LocalCache$EntryFactory$3                               : loaded 2 times (x 79B)
Class com.google.common.base.Ticker$1                                                 : loaded 2 times (x 68B)
Class com.google.common.collect.ImmutableMapEntrySet$RegularEntrySet                  : loaded 2 times (x 147B)
Class com.google.common.collect.Maps$BiMapConverter                                   : loaded 2 times (x 86B)
Class com.google.common.cache.LocalCache$EntryFactory$4                               : loaded 2 times (x 79B)
Class com.google.common.collect.ImmutableSet$Builder                                  : loaded 2 times (x 81B)
Class com.google.common.base.CharMatcher$InRange                                      : loaded 2 times (x 107B)
Class com.google.common.cache.LocalCache$EntryFactory$5                               : loaded 2 times (x 79B)
Class com.google.common.base.PairwiseEquivalence                                      : loaded 2 times (x 79B)
Class com.google.common.cache.LocalCache$EntryFactory$6                               : loaded 2 times (x 79B)
Class org.gradle.internal.installation.CurrentGradleInstallationLocator               : loaded 2 times (x 67B)
Class com.google.common.collect.Maps$KeySet                                           : loaded 2 times (x 133B)
Class com.google.common.cache.LocalCache$EntryFactory$7                               : loaded 2 times (x 79B)
Class com.google.common.collect.ImmutableSet$EmptySetBuilderImpl                      : loaded 2 times (x 72B)
Class com.google.common.collect.ImmutableList                                         : loaded 2 times (x 202B)
Class org.gradle.internal.service.DefaultServiceLocator                               : loaded 2 times (x 79B)
Class com.google.common.cache.LocalCache$EntryFactory$8                               : loaded 2 times (x 79B)
Class com.google.common.collect.ImmutableSet$SetBuilderImpl                           : loaded 2 times (x 72B)
Class org.gradle.internal.installation.CurrentGradleInstallation                      : loaded 2 times (x 69B)
Class com.google.common.cache.CacheLoader$1                                           : loaded 2 times (x 71B)
Class com.google.common.collect.ImmutableList$SubList                                 : loaded 2 times (x 204B)
Class org.gradle.util.internal.GUtil                                                  : loaded 2 times (x 67B)
Class com.google.common.util.concurrent.AbstractFuture$SetFuture                      : loaded 2 times (x 71B)
Class com.google.common.cache.AbstractCache$StatsCounter                              : loaded 2 times (x 66B)
Class com.google.common.collect.Iterators$MergingIterator                             : loaded 2 times (x 77B)
Class com.google.common.collect.RegularImmutableSet                                   : loaded 2 times (x 144B)
Class org.gradle.internal.installation.GradleInstallation                             : loaded 2 times (x 71B)
Class com.google.common.collect.Iterables                                             : loaded 2 times (x 67B)
Class com.google.common.base.Splitter$Strategy                                        : loaded 2 times (x 66B)

---------------  S Y S T E M  ---------------

OS:
 Windows 11 , 64 bit Build 26100 (10.0.26100.7309)
OS uptime: 3 days 11:05 hours
Hyper-V role detected

CPU: total 12 (initial active 12) (6 cores per cpu, 2 threads per core) family 6 model 154 stepping 4 microcode 0x437, cx8, cmov, fxsr, ht, mmx, 3dnowpref, sse, sse2, sse3, ssse3, sse4.1, sse4.2, popcnt, lzcnt, tsc, tscinvbit, avx, avx2, aes, erms, clmul, bmi1, bmi2, adx, sha, fma, vzeroupper, clflush, clflushopt, clwb, hv, serialize, rdtscp, rdpid, fsrm, f16c, cet_ibt, cet_ss
Processor Information for all 12 processors :
  Max Mhz: 1300, Current Mhz: 1300, Mhz Limit: 1300

Memory: 4k page, system-wide physical 16016M (1874M free)
TotalPageFile size 26230M (AvailPageFile size 27M)
current process WorkingSet (physical memory assigned to process): 450M, peak: 458M
current process commit charge ("private bytes"): 488M, peak: 523M

vm_info: OpenJDK 64-Bit Server VM (21.0.4+-12508038-b607.1) for windows-amd64 JRE (21.0.4+-12508038-b607.1), built on 2024-10-16T17:23:34Z by "builder" with MS VC++ 16.10 / 16.11 (VS2019)

END.
