#
# There is insufficient memory for the Java Runtime Environment to continue.
# Native memory allocation (mmap) failed to map 15728640 bytes. Error detail: G1 virtual space
# Possible reasons:
#   The system is out of physical RAM or swap space
#   This process is running with CompressedOops enabled, and the Java Heap may be blocking the growth of the native heap
# Possible solutions:
#   Reduce memory load on the system
#   Increase physical memory or swap space
#   Check if swap backing store is full
#   Decrease Java heap size (-Xmx/-Xms)
#   Decrease number of Java threads
#   Decrease Java thread stack sizes (-Xss)
#   Set larger code cache with -XX:ReservedCodeCacheSize=
#   JVM is running with Unscaled Compressed Oops mode in which the Java heap is
#     placed in the first 4GB address space. The Java Heap base address is the
#     maximum limit for the native heap growth. Please use -XX:HeapBaseMinAddress
#     to set the Java Heap base and to place the Java Heap above 4GB virtual address.
# This output file may be truncated or incomplete.
#
#  Out of Memory Error (os_windows.cpp:3828), pid=5352, tid=23072
#
# JRE version: OpenJDK Runtime Environment (21.0.4) (build 21.0.4+-12508038-b607.1)
# Java VM: OpenJDK 64-Bit Server VM (21.0.4+-12508038-b607.1, mixed mode, tiered, compressed oops, compressed class ptrs, g1 gc, windows-amd64)
# No core dump will be written. Minidumps are not enabled by default on client versions of Windows
#

---------------  S U M M A R Y ------------

Command Line: -XX:MaxMetaspaceSize=256m -Xss512k --add-opens=java.base/java.util=ALL-UNNAMED --add-opens=java.base/java.lang=ALL-UNNAMED --add-opens=java.base/java.lang.invoke=ALL-UNNAMED --add-opens=java.prefs/java.util.prefs=ALL-UNNAMED --add-exports=jdk.compiler/com.sun.tools.javac.api=ALL-UNNAMED --add-exports=jdk.compiler/com.sun.tools.javac.util=ALL-UNNAMED --add-opens=java.base/java.nio.charset=ALL-UNNAMED --add-opens=java.base/java.net=ALL-UNNAMED --add-opens=java.base/java.util.concurrent.atomic=ALL-UNNAMED -Xmx1024m -Dfile.encoding=UTF-8 -Duser.country=US -Duser.language=en -Duser.variant -javaagent:D:\.gradle\wrapper\dists\gradle-8.10.2-bin\a04bxjujx95o3nb99gddekhwo\gradle-8.10.2\lib\agents\gradle-instrumentation-agent-8.10.2.jar org.gradle.launcher.daemon.bootstrap.GradleDaemon 8.10.2

Host: 12th Gen Intel(R) Core(TM) i5-1235U, 12 cores, 15G,  Windows 11 , 64 bit Build 26100 (10.0.26100.7309)
Time: Mon Dec 15 13:22:49 2025 Sri Lanka Standard Time elapsed time: 7.804110 seconds (0d 0h 0m 7s)

---------------  T H R E A D  ---------------

Current thread (0x000001cade07bb90):  VMThread "VM Thread"          [id=23072, stack(0x0000003f89480000,0x0000003f89580000) (1024K)]

Stack: [0x0000003f89480000,0x0000003f89580000]
Native frames: (J=compiled Java code, j=interpreted, Vv=VM code, C=native code)
V  [jvm.dll+0x6ce539]
V  [jvm.dll+0x85bf03]
V  [jvm.dll+0x85e45e]
V  [jvm.dll+0x85eb43]
V  [jvm.dll+0x27dd06]
V  [jvm.dll+0x6cada5]
V  [jvm.dll+0x6bf27a]
V  [jvm.dll+0x3541fb]
V  [jvm.dll+0x35be36]
V  [jvm.dll+0x3adbc6]
V  [jvm.dll+0x3ade98]
V  [jvm.dll+0x32691c]
V  [jvm.dll+0x329326]
V  [jvm.dll+0x33325d]
V  [jvm.dll+0x36a865]
V  [jvm.dll+0x8648c8]
V  [jvm.dll+0x865c44]
V  [jvm.dll+0x866180]
V  [jvm.dll+0x866413]
V  [jvm.dll+0x804418]
V  [jvm.dll+0x6cce0d]
C  [ucrtbase.dll+0x37b0]
C  [KERNEL32.DLL+0x2e8d7]
C  [ntdll.dll+0x8c53c]

VM_Operation (0x0000003f8907f430): G1PauseRemark, mode: safepoint, requested by thread 0x000001cac182f790


---------------  P R O C E S S  ---------------

Threads class SMR info:
_java_thread_list=0x000001cae1268e90, length=40, elements={
0x000001cac1399000, 0x000001cade0e8940, 0x000001cade0eb3b0, 0x000001cade107390,
0x000001cade0d22d0, 0x000001cade0d34d0, 0x000001cade0d46c0, 0x000001cade0d7bb0,
0x000001cade0cde10, 0x000001cade271910, 0x000001cade3ee720, 0x000001cade3fe780,
0x000001cade7aefd0, 0x000001cae00d0270, 0x000001cadf5544f0, 0x000001cae0138180,
0x000001cae02a8310, 0x000001cae028f650, 0x000001cae028fcc0, 0x000001cadfd192e0,
0x000001cadfd1a690, 0x000001cadfd19970, 0x000001cadfd1a000, 0x000001cadfd1ad20,
0x000001cadfd1b3b0, 0x000001cadfd1ba40, 0x000001cadfd18c50, 0x000001cae14f6ad0,
0x000001cae14f7e80, 0x000001cae14f8ba0, 0x000001cae14f9230, 0x000001cae14f5db0,
0x000001cae14f98c0, 0x000001cae14f6440, 0x000001cae14fc6b0, 0x000001cae14fcd40,
0x000001cae3dc73c0, 0x000001cae3dca1b0, 0x000001cae3dca840, 0x000001cae3dcc910
}

Java Threads: ( => current thread )
  0x000001cac1399000 JavaThread "main"                              [_thread_blocked, id=23144, stack(0x0000003f88e00000,0x0000003f88e80000) (512K)]
  0x000001cade0e8940 JavaThread "Reference Handler"          daemon [_thread_blocked, id=24460, stack(0x0000003f89580000,0x0000003f89600000) (512K)]
  0x000001cade0eb3b0 JavaThread "Finalizer"                  daemon [_thread_blocked, id=6772, stack(0x0000003f89600000,0x0000003f89680000) (512K)]
  0x000001cade107390 JavaThread "Signal Dispatcher"          daemon [_thread_blocked, id=25868, stack(0x0000003f89680000,0x0000003f89700000) (512K)]
  0x000001cade0d22d0 JavaThread "Attach Listener"            daemon [_thread_blocked, id=9536, stack(0x0000003f89700000,0x0000003f89780000) (512K)]
  0x000001cade0d34d0 JavaThread "Service Thread"             daemon [_thread_blocked, id=27760, stack(0x0000003f89780000,0x0000003f89800000) (512K)]
  0x000001cade0d46c0 JavaThread "Monitor Deflation Thread"   daemon [_thread_blocked, id=17924, stack(0x0000003f89800000,0x0000003f89880000) (512K)]
  0x000001cade0d7bb0 JavaThread "C2 CompilerThread0"         daemon [_thread_in_native, id=25016, stack(0x0000003f89880000,0x0000003f89980000) (1024K)]
  0x000001cade0cde10 JavaThread "C1 CompilerThread0"         daemon [_thread_blocked, id=21412, stack(0x0000003f89980000,0x0000003f89a80000) (1024K)]
  0x000001cade271910 JavaThread "Common-Cleaner"             daemon [_thread_blocked, id=12468, stack(0x0000003f89a80000,0x0000003f89b00000) (512K)]
  0x000001cade3ee720 JavaThread "Notification Thread"        daemon [_thread_blocked, id=23952, stack(0x0000003f89b00000,0x0000003f89b80000) (512K)]
  0x000001cade3fe780 JavaThread "C2 CompilerThread1"         daemon [_thread_blocked, id=33140, stack(0x0000003f89b80000,0x0000003f89c80000) (1024K)]
  0x000001cade7aefd0 JavaThread "C2 CompilerThread2"         daemon [_thread_blocked, id=27900, stack(0x0000003f89c80000,0x0000003f89d80000) (1024K)]
  0x000001cae00d0270 JavaThread "Daemon health stats"               [_thread_blocked, id=26892, stack(0x0000003f8a580000,0x0000003f8a600000) (512K)]
  0x000001cadf5544f0 JavaThread "Incoming local TCP Connector on port 53385"        [_thread_in_native, id=23916, stack(0x0000003f8a600000,0x0000003f8a680000) (512K)]
  0x000001cae0138180 JavaThread "Daemon periodic checks"            [_thread_blocked, id=33360, stack(0x0000003f8a680000,0x0000003f8a700000) (512K)]
  0x000001cae02a8310 JavaThread "Daemon"                            [_thread_blocked, id=4584, stack(0x0000003f8a700000,0x0000003f8a780000) (512K)]
  0x000001cae028f650 JavaThread "Handler for socket connection from /127.0.0.1:53385 to /127.0.0.1:53386"        [_thread_in_native, id=22984, stack(0x0000003f8a780000,0x0000003f8a800000) (512K)]
  0x000001cae028fcc0 JavaThread "Cancel handler"                    [_thread_blocked, id=26948, stack(0x0000003f8a800000,0x0000003f8a880000) (512K)]
  0x000001cadfd192e0 JavaThread "Daemon worker"                     [_thread_blocked, id=16852, stack(0x0000003f8a880000,0x0000003f8a900000) (512K)]
  0x000001cadfd1a690 JavaThread "Asynchronous log dispatcher for DefaultDaemonConnection: socket connection from /127.0.0.1:53385 to /127.0.0.1:53386"        [_thread_blocked, id=26672, stack(0x0000003f8a900000,0x0000003f8a980000) (512K)]
  0x000001cadfd19970 JavaThread "Stdin handler"                     [_thread_blocked, id=11268, stack(0x0000003f8a980000,0x0000003f8aa00000) (512K)]
  0x000001cadfd1a000 JavaThread "Daemon client event forwarder"        [_thread_blocked, id=28148, stack(0x0000003f8aa00000,0x0000003f8aa80000) (512K)]
  0x000001cadfd1ad20 JavaThread "Cache worker for journal cache (D:\.gradle\caches\journal-1)"        [_thread_blocked, id=26588, stack(0x0000003f8ad80000,0x0000003f8ae00000) (512K)]
  0x000001cadfd1b3b0 JavaThread "File lock request listener"        [_thread_in_native, id=17788, stack(0x0000003f8ae00000,0x0000003f8ae80000) (512K)]
  0x000001cadfd1ba40 JavaThread "Cache worker for file hash cache (D:\.gradle\caches\8.10.2\fileHashes)"        [_thread_blocked, id=28020, stack(0x0000003f8ae80000,0x0000003f8af00000) (512K)]
  0x000001cadfd18c50 JavaThread "Cache worker for file hash cache (D:\Diploma\Final Project\FixMate\.gradle\8.10.2\fileHashes)"        [_thread_blocked, id=2536, stack(0x0000003f8af00000,0x0000003f8af80000) (512K)]
  0x000001cae14f6ad0 JavaThread "Cache worker for Build Output Cleanup Cache (D:\Diploma\Final Project\FixMate\.gradle\buildOutputCleanup)"        [_thread_blocked, id=17536, stack(0x0000003f8af80000,0x0000003f8b000000) (512K)]
  0x000001cae14f7e80 JavaThread "File watcher server"        daemon [_thread_blocked, id=5888, stack(0x0000003f8b000000,0x0000003f8b080000) (512K)]
  0x000001cae14f8ba0 JavaThread "File watcher consumer"      daemon [_thread_blocked, id=12912, stack(0x0000003f8b080000,0x0000003f8b100000) (512K)]
  0x000001cae14f9230 JavaThread "Cache worker for checksums cache (D:\Diploma\Final Project\FixMate\.gradle\8.10.2\checksums)"        [_thread_blocked, id=12128, stack(0x0000003f8b100000,0x0000003f8b180000) (512K)]
  0x000001cae14f5db0 JavaThread "Cache worker for file content cache (D:\.gradle\caches\8.10.2\fileContent)"        [_thread_blocked, id=26880, stack(0x0000003f8b180000,0x0000003f8b200000) (512K)]
  0x000001cae14f98c0 JavaThread "Cache worker for cache directory md-rule (D:\.gradle\caches\8.10.2\md-rule)"        [_thread_blocked, id=16312, stack(0x0000003f8b200000,0x0000003f8b280000) (512K)]
  0x000001cae14f6440 JavaThread "Cache worker for cache directory md-supplier (D:\.gradle\caches\8.10.2\md-supplier)"        [_thread_blocked, id=13384, stack(0x0000003f8b280000,0x0000003f8b300000) (512K)]
  0x000001cae14fc6b0 JavaThread "Unconstrained build operations"        [_thread_blocked, id=6168, stack(0x0000003f8b300000,0x0000003f8b380000) (512K)]
  0x000001cae14fcd40 JavaThread "Unconstrained build operations Thread 2"        [_thread_blocked, id=2204, stack(0x0000003f8b380000,0x0000003f8b400000) (512K)]
  0x000001cae3dc73c0 JavaThread "Unconstrained build operations Thread 3"        [_thread_blocked, id=10332, stack(0x0000003f8b400000,0x0000003f8b480000) (512K)]
  0x000001cae3dca1b0 JavaThread "build event listener"              [_thread_blocked, id=8628, stack(0x0000003f8b480000,0x0000003f8b500000) (512K)]
  0x000001cae3dca840 JavaThread "Memory manager"                    [_thread_blocked, id=19504, stack(0x0000003f8b500000,0x0000003f8b580000) (512K)]
  0x000001cae3dcc910 JavaThread "build event listener"              [_thread_blocked, id=11972, stack(0x0000003f8b580000,0x0000003f8b600000) (512K)]
Total: 40

Other Threads:
=>0x000001cade07bb90 VMThread "VM Thread"                           [id=23072, stack(0x0000003f89480000,0x0000003f89580000) (1024K)]
  0x000001cad9c72c80 WatcherThread "VM Periodic Task Thread"        [id=5788, stack(0x0000003f89380000,0x0000003f89480000) (1024K)]
  0x000001cac18268a0 WorkerThread "GC Thread#0"                     [id=16220, stack(0x0000003f88e80000,0x0000003f88f80000) (1024K)]
  0x000001cade869410 WorkerThread "GC Thread#1"                     [id=10608, stack(0x0000003f89d80000,0x0000003f89e80000) (1024K)]
  0x000001cade5702a0 WorkerThread "GC Thread#2"                     [id=9236, stack(0x0000003f89e80000,0x0000003f89f80000) (1024K)]
  0x000001cade8e32e0 WorkerThread "GC Thread#3"                     [id=9084, stack(0x0000003f89f80000,0x0000003f8a080000) (1024K)]
  0x000001cade8e3680 WorkerThread "GC Thread#4"                     [id=10404, stack(0x0000003f8a080000,0x0000003f8a180000) (1024K)]
  0x000001cade8e3a20 WorkerThread "GC Thread#5"                     [id=30012, stack(0x0000003f8a180000,0x0000003f8a280000) (1024K)]
  0x000001cadf543d90 WorkerThread "GC Thread#6"                     [id=32048, stack(0x0000003f8a280000,0x0000003f8a380000) (1024K)]
  0x000001cadf544130 WorkerThread "GC Thread#7"                     [id=21424, stack(0x0000003f8a380000,0x0000003f8a480000) (1024K)]
  0x000001cadf5444d0 WorkerThread "GC Thread#8"                     [id=17148, stack(0x0000003f8a480000,0x0000003f8a580000) (1024K)]
  0x000001cadfc5b900 WorkerThread "GC Thread#9"                     [id=27508, stack(0x0000003f8aa80000,0x0000003f8ab80000) (1024K)]
  0x000001cac182f790 ConcurrentGCThread "G1 Main Marker"            [id=23124, stack(0x0000003f88f80000,0x0000003f89080000) (1024K)]
  0x000001cac1830fe0 WorkerThread "G1 Conc#0"                       [id=33500, stack(0x0000003f89080000,0x0000003f89180000) (1024K)]
  0x000001cadfc5cec0 WorkerThread "G1 Conc#1"                       [id=13184, stack(0x0000003f8ab80000,0x0000003f8ac80000) (1024K)]
  0x000001cadfc5d260 WorkerThread "G1 Conc#2"                       [id=15976, stack(0x0000003f8ac80000,0x0000003f8ad80000) (1024K)]
  0x000001cad9b41670 ConcurrentGCThread "G1 Refine#0"               [id=15444, stack(0x0000003f89180000,0x0000003f89280000) (1024K)]
  0x000001cad9b433a0 ConcurrentGCThread "G1 Service"                [id=33344, stack(0x0000003f89280000,0x0000003f89380000) (1024K)]
Total: 18

Threads with active compile tasks:
C2 CompilerThread0     7813 10222       4       org.gradle.internal.instantiation.generator.AbstractClassGenerator::inspectType (560 bytes)
C2 CompilerThread2     7813 10438   !   4       java.util.concurrent.ArrayBlockingQueue::poll (83 bytes)
Total: 2

VM state: at safepoint (normal execution)

VM Mutex/Monitor currently owned by a thread:  ([mutex/lock_event])
[0x00007ffafc3a72f8] Threads_lock - owner thread: 0x000001cade07bb90
[0x00007ffafc3a73f8] Heap_lock - owner thread: 0x000001cac182f790

Heap address: 0x00000000c0000000, size: 1024 MB, Compressed Oops mode: 32-bit

CDS archive(s) not mapped
Compressed class space mapped at: 0x0000000100000000-0x000000010d000000, reserved size: 218103808
Narrow klass base: 0x0000000000000000, Narrow klass shift: 3, Narrow klass range: 0x10d000000

GC Precious Log:
 CardTable entry size: 512
 Card Set container configuration: InlinePtr #cards 5 size 8 Array Of Cards #cards 12 size 40 Howl #buckets 4 coarsen threshold 1843 Howl Bitmap #cards 512 size 80 coarsen threshold 460 Card regions per heap region 1 cards per card region 2048
 CPUs: 12 total, 12 available
 Memory: 16016M
 Large Page Support: Disabled
 NUMA Support: Disabled
 Compressed Oops: Enabled (32-bit)
 Heap Region Size: 1M
 Heap Min Capacity: 8M
 Heap Initial Capacity: 252M
 Heap Max Capacity: 1G
 Pre-touch: Disabled
 Parallel Workers: 10
 Concurrent Workers: 3
 Concurrent Refinement Workers: 10
 Periodic GC: Disabled

Heap:
 garbage-first heap   total 138240K, used 94379K [0x00000000c0000000, 0x0000000100000000)
  region size 1024K, 10 young (10240K), 6 survivors (6144K)
 Metaspace       used 90941K, committed 92928K, reserved 344064K
  class space    used 12129K, committed 13120K, reserved 212992K

Heap Regions: E=young(eden), S=young(survivor), O=old, HS=humongous(starts), HC=humongous(continues), CS=collection set, F=free, TAMS=top-at-mark-start, PB=parsable bottom
|   0|0x00000000c0000000, 0x00000000c0100000, 0x00000000c0100000|100%| O|  |TAMS 0x00000000c0100000| PB 0x00000000c0100000| Untracked 
|   1|0x00000000c0100000, 0x00000000c0200000, 0x00000000c0200000|100%| O|  |TAMS 0x00000000c0100000| PB 0x00000000c0100000| Untracked 
|   2|0x00000000c0200000, 0x00000000c0300000, 0x00000000c0300000|100%|HS|  |TAMS 0x00000000c0300000| PB 0x00000000c0200000| Complete 
|   3|0x00000000c0300000, 0x00000000c0400000, 0x00000000c0400000|100%|HC|  |TAMS 0x00000000c0400000| PB 0x00000000c0300000| Complete 
|   4|0x00000000c0400000, 0x00000000c0500000, 0x00000000c0500000|100%|HC|  |TAMS 0x00000000c0500000| PB 0x00000000c0400000| Complete 
|   5|0x00000000c0500000, 0x00000000c0600000, 0x00000000c0600000|100%|HC|  |TAMS 0x00000000c0600000| PB 0x00000000c0500000| Complete 
|   6|0x00000000c0600000, 0x00000000c0700000, 0x00000000c0700000|100%| O|  |TAMS 0x00000000c0700000| PB 0x00000000c0700000| Untracked 
|   7|0x00000000c0700000, 0x00000000c0800000, 0x00000000c0800000|100%| O|  |TAMS 0x00000000c0800000| PB 0x00000000c0800000| Untracked 
|   8|0x00000000c0800000, 0x00000000c0900000, 0x00000000c0900000|100%| O|  |TAMS 0x00000000c0900000| PB 0x00000000c0900000| Untracked 
|   9|0x00000000c0900000, 0x00000000c0a00000, 0x00000000c0a00000|100%|HS|  |TAMS 0x00000000c0a00000| PB 0x00000000c0900000| Complete 
|  10|0x00000000c0a00000, 0x00000000c0b00000, 0x00000000c0b00000|100%| O|  |TAMS 0x00000000c0b00000| PB 0x00000000c0b00000| Untracked 
|  11|0x00000000c0b00000, 0x00000000c0c00000, 0x00000000c0c00000|100%| O|  |TAMS 0x00000000c0c00000| PB 0x00000000c0c00000| Untracked 
|  12|0x00000000c0c00000, 0x00000000c0d00000, 0x00000000c0d00000|100%| O|  |TAMS 0x00000000c0d00000| PB 0x00000000c0d00000| Untracked 
|  13|0x00000000c0d00000, 0x00000000c0e00000, 0x00000000c0e00000|100%| O|  |TAMS 0x00000000c0e00000| PB 0x00000000c0e00000| Untracked 
|  14|0x00000000c0e00000, 0x00000000c0f00000, 0x00000000c0f00000|100%| O|  |TAMS 0x00000000c0f00000| PB 0x00000000c0f00000| Untracked 
|  15|0x00000000c0f00000, 0x00000000c1000000, 0x00000000c1000000|100%| O|  |TAMS 0x00000000c1000000| PB 0x00000000c1000000| Untracked 
|  16|0x00000000c1000000, 0x00000000c1100000, 0x00000000c1100000|100%| O|  |TAMS 0x00000000c1100000| PB 0x00000000c1100000| Untracked 
|  17|0x00000000c1100000, 0x00000000c1200000, 0x00000000c1200000|100%| O|  |TAMS 0x00000000c1200000| PB 0x00000000c1200000| Untracked 
|  18|0x00000000c1200000, 0x00000000c1300000, 0x00000000c1300000|100%| O|  |TAMS 0x00000000c1300000| PB 0x00000000c1300000| Untracked 
|  19|0x00000000c1300000, 0x00000000c1400000, 0x00000000c1400000|100%| O|  |TAMS 0x00000000c1400000| PB 0x00000000c1400000| Untracked 
|  20|0x00000000c1400000, 0x00000000c1500000, 0x00000000c1500000|100%| O|  |TAMS 0x00000000c1500000| PB 0x00000000c1500000| Updating 
|  21|0x00000000c1500000, 0x00000000c1600000, 0x00000000c1600000|100%| O|  |TAMS 0x00000000c1600000| PB 0x00000000c1600000| Untracked 
|  22|0x00000000c1600000, 0x00000000c1700000, 0x00000000c1700000|100%| O|  |TAMS 0x00000000c1700000| PB 0x00000000c1700000| Updating 
|  23|0x00000000c1700000, 0x00000000c1800000, 0x00000000c1800000|100%| O|  |TAMS 0x00000000c1800000| PB 0x00000000c1800000| Updating 
|  24|0x00000000c1800000, 0x00000000c1900000, 0x00000000c1900000|100%| O|  |TAMS 0x00000000c1900000| PB 0x00000000c1900000| Untracked 
|  25|0x00000000c1900000, 0x00000000c1a00000, 0x00000000c1a00000|100%| O|  |TAMS 0x00000000c1a00000| PB 0x00000000c1a00000| Untracked 
|  26|0x00000000c1a00000, 0x00000000c1b00000, 0x00000000c1b00000|100%| O|  |TAMS 0x00000000c1b00000| PB 0x00000000c1b00000| Untracked 
|  27|0x00000000c1b00000, 0x00000000c1c00000, 0x00000000c1c00000|100%| O|  |TAMS 0x00000000c1c00000| PB 0x00000000c1c00000| Untracked 
|  28|0x00000000c1c00000, 0x00000000c1d00000, 0x00000000c1d00000|100%| O|  |TAMS 0x00000000c1d00000| PB 0x00000000c1d00000| Untracked 
|  29|0x00000000c1d00000, 0x00000000c1e00000, 0x00000000c1e00000|100%| O|  |TAMS 0x00000000c1e00000| PB 0x00000000c1e00000| Untracked 
|  30|0x00000000c1e00000, 0x00000000c1f00000, 0x00000000c1f00000|100%| O|  |TAMS 0x00000000c1f00000| PB 0x00000000c1f00000| Untracked 
|  31|0x00000000c1f00000, 0x00000000c2000000, 0x00000000c2000000|100%| O|  |TAMS 0x00000000c2000000| PB 0x00000000c2000000| Updating 
|  32|0x00000000c2000000, 0x00000000c2100000, 0x00000000c2100000|100%| O|  |TAMS 0x00000000c2100000| PB 0x00000000c2100000| Updating 
|  33|0x00000000c2100000, 0x00000000c2200000, 0x00000000c2200000|100%| O|  |TAMS 0x00000000c2200000| PB 0x00000000c2200000| Updating 
|  34|0x00000000c2200000, 0x00000000c2300000, 0x00000000c2300000|100%| O|  |TAMS 0x00000000c2300000| PB 0x00000000c2300000| Untracked 
|  35|0x00000000c2300000, 0x00000000c2400000, 0x00000000c2400000|100%| O|  |TAMS 0x00000000c2400000| PB 0x00000000c2400000| Untracked 
|  36|0x00000000c2400000, 0x00000000c2500000, 0x00000000c2500000|100%| O|  |TAMS 0x00000000c2500000| PB 0x00000000c2500000| Untracked 
|  37|0x00000000c2500000, 0x00000000c2600000, 0x00000000c2600000|100%| O|  |TAMS 0x00000000c2600000| PB 0x00000000c2600000| Untracked 
|  38|0x00000000c2600000, 0x00000000c2700000, 0x00000000c2700000|100%| O|  |TAMS 0x00000000c2700000| PB 0x00000000c2700000| Untracked 
|  39|0x00000000c2700000, 0x00000000c2800000, 0x00000000c2800000|100%| O|  |TAMS 0x00000000c2800000| PB 0x00000000c2800000| Updating 
|  40|0x00000000c2800000, 0x00000000c2900000, 0x00000000c2900000|100%| O|  |TAMS 0x00000000c2900000| PB 0x00000000c2900000| Untracked 
|  41|0x00000000c2900000, 0x00000000c2a00000, 0x00000000c2a00000|100%| O|  |TAMS 0x00000000c2a00000| PB 0x00000000c2a00000| Updating 
|  42|0x00000000c2a00000, 0x00000000c2b00000, 0x00000000c2b00000|100%| O|  |TAMS 0x00000000c2b00000| PB 0x00000000c2b00000| Untracked 
|  43|0x00000000c2b00000, 0x00000000c2c00000, 0x00000000c2c00000|100%| O|  |TAMS 0x00000000c2c00000| PB 0x00000000c2c00000| Untracked 
|  44|0x00000000c2c00000, 0x00000000c2d00000, 0x00000000c2d00000|100%| O|  |TAMS 0x00000000c2d00000| PB 0x00000000c2d00000| Updating 
|  45|0x00000000c2d00000, 0x00000000c2e00000, 0x00000000c2e00000|100%| O|  |TAMS 0x00000000c2e00000| PB 0x00000000c2e00000| Updating 
|  46|0x00000000c2e00000, 0x00000000c2f00000, 0x00000000c2f00000|100%|HS|  |TAMS 0x00000000c2f00000| PB 0x00000000c2e00000| Complete 
|  47|0x00000000c2f00000, 0x00000000c3000000, 0x00000000c3000000|100%|HS|  |TAMS 0x00000000c3000000| PB 0x00000000c2f00000| Complete 
|  48|0x00000000c3000000, 0x00000000c3100000, 0x00000000c3100000|100%|HS|  |TAMS 0x00000000c3100000| PB 0x00000000c3000000| Complete 
|  49|0x00000000c3100000, 0x00000000c3200000, 0x00000000c3200000|100%|HC|  |TAMS 0x00000000c3200000| PB 0x00000000c3100000| Complete 
|  50|0x00000000c3200000, 0x00000000c3300000, 0x00000000c3300000|100%|HS|  |TAMS 0x00000000c3300000| PB 0x00000000c3200000| Complete 
|  51|0x00000000c3300000, 0x00000000c3400000, 0x00000000c3400000|100%| O|  |TAMS 0x00000000c3400000| PB 0x00000000c3400000| Updating 
|  52|0x00000000c3400000, 0x00000000c3500000, 0x00000000c3500000|100%|HS|  |TAMS 0x00000000c3500000| PB 0x00000000c3400000| Complete 
|  53|0x00000000c3500000, 0x00000000c3600000, 0x00000000c3600000|100%|HC|  |TAMS 0x00000000c3600000| PB 0x00000000c3500000| Complete 
|  54|0x00000000c3600000, 0x00000000c3700000, 0x00000000c3700000|100%|HS|  |TAMS 0x00000000c3700000| PB 0x00000000c3600000| Complete 
|  55|0x00000000c3700000, 0x00000000c3800000, 0x00000000c3800000|100%| O|  |TAMS 0x00000000c3800000| PB 0x00000000c3800000| Updating 
|  56|0x00000000c3800000, 0x00000000c3900000, 0x00000000c3900000|100%| O|  |TAMS 0x00000000c3900000| PB 0x00000000c3900000| Updating 
|  57|0x00000000c3900000, 0x00000000c3a00000, 0x00000000c3a00000|100%| O|  |TAMS 0x00000000c3a00000| PB 0x00000000c3a00000| Updating 
|  58|0x00000000c3a00000, 0x00000000c3b00000, 0x00000000c3b00000|100%| O|  |TAMS 0x00000000c3a00000| PB 0x00000000c3a00000| Untracked 
|  59|0x00000000c3b00000, 0x00000000c3c00000, 0x00000000c3c00000|100%| O|  |TAMS 0x00000000c3c00000| PB 0x00000000c3c00000| Untracked 
|  60|0x00000000c3c00000, 0x00000000c3d00000, 0x00000000c3d00000|100%|HS|  |TAMS 0x00000000c3d00000| PB 0x00000000c3c00000| Complete 
|  61|0x00000000c3d00000, 0x00000000c3e00000, 0x00000000c3e00000|100%|HC|  |TAMS 0x00000000c3e00000| PB 0x00000000c3d00000| Complete 
|  62|0x00000000c3e00000, 0x00000000c3f00000, 0x00000000c3f00000|100%|HC|  |TAMS 0x00000000c3f00000| PB 0x00000000c3e00000| Complete 
|  63|0x00000000c3f00000, 0x00000000c4000000, 0x00000000c4000000|100%|HS|  |TAMS 0x00000000c4000000| PB 0x00000000c3f00000| Complete 
|  64|0x00000000c4000000, 0x00000000c4100000, 0x00000000c4100000|100%|HS|  |TAMS 0x00000000c4100000| PB 0x00000000c4000000| Complete 
|  65|0x00000000c4100000, 0x00000000c4200000, 0x00000000c4200000|100%| O|  |TAMS 0x00000000c4200000| PB 0x00000000c4200000| Untracked 
|  66|0x00000000c4200000, 0x00000000c4300000, 0x00000000c4300000|100%| O|  |TAMS 0x00000000c4300000| PB 0x00000000c4300000| Untracked 
|  67|0x00000000c4300000, 0x00000000c4400000, 0x00000000c4400000|100%| O|  |TAMS 0x00000000c4400000| PB 0x00000000c4400000| Updating 
|  68|0x00000000c4400000, 0x00000000c4500000, 0x00000000c4500000|100%|HS|  |TAMS 0x00000000c4500000| PB 0x00000000c4400000| Complete 
|  69|0x00000000c4500000, 0x00000000c4600000, 0x00000000c4600000|100%| O|  |TAMS 0x00000000c4600000| PB 0x00000000c4600000| Untracked 
|  70|0x00000000c4600000, 0x00000000c4700000, 0x00000000c4700000|100%|HS|  |TAMS 0x00000000c4700000| PB 0x00000000c4600000| Complete 
|  71|0x00000000c4700000, 0x00000000c4800000, 0x00000000c4800000|100%|HC|  |TAMS 0x00000000c4800000| PB 0x00000000c4700000| Complete 
|  72|0x00000000c4800000, 0x00000000c4900000, 0x00000000c4900000|100%|HC|  |TAMS 0x00000000c4900000| PB 0x00000000c4800000| Complete 
|  73|0x00000000c4900000, 0x00000000c4a00000, 0x00000000c4a00000|100%| O|  |TAMS 0x00000000c49ba658| PB 0x00000000c49ba658| Updating 
|  74|0x00000000c4a00000, 0x00000000c4b00000, 0x00000000c4b00000|100%| O|  |TAMS 0x00000000c4a00000| PB 0x00000000c4a00000| Untracked 
|  75|0x00000000c4b00000, 0x00000000c4c00000, 0x00000000c4c00000|100%| O|  |TAMS 0x00000000c4c00000| PB 0x00000000c4c00000| Updating 
|  76|0x00000000c4c00000, 0x00000000c4c2ac80, 0x00000000c4d00000| 16%| O|  |TAMS 0x00000000c4c00000| PB 0x00000000c4c00000| Updating 
|  77|0x00000000c4d00000, 0x00000000c4d00000, 0x00000000c4e00000|  0%| F|  |TAMS 0x00000000c4d00000| PB 0x00000000c4d00000| Untracked 
|  78|0x00000000c4e00000, 0x00000000c4e00000, 0x00000000c4f00000|  0%| F|  |TAMS 0x00000000c4e00000| PB 0x00000000c4e00000| Untracked 
|  79|0x00000000c4f00000, 0x00000000c4f00000, 0x00000000c5000000|  0%| F|  |TAMS 0x00000000c4f00000| PB 0x00000000c4f00000| Untracked 
|  80|0x00000000c5000000, 0x00000000c5000000, 0x00000000c5100000|  0%| F|  |TAMS 0x00000000c5000000| PB 0x00000000c5000000| Untracked 
|  81|0x00000000c5100000, 0x00000000c5100000, 0x00000000c5200000|  0%| F|  |TAMS 0x00000000c5100000| PB 0x00000000c5100000| Untracked 
|  82|0x00000000c5200000, 0x00000000c5200000, 0x00000000c5300000|  0%| F|  |TAMS 0x00000000c5200000| PB 0x00000000c5200000| Untracked 
|  83|0x00000000c5300000, 0x00000000c5300000, 0x00000000c5400000|  0%| F|  |TAMS 0x00000000c5300000| PB 0x00000000c5300000| Untracked 
|  84|0x00000000c5400000, 0x00000000c5400000, 0x00000000c5500000|  0%| F|  |TAMS 0x00000000c5400000| PB 0x00000000c5400000| Untracked 
|  85|0x00000000c5500000, 0x00000000c5500000, 0x00000000c5600000|  0%| F|  |TAMS 0x00000000c5500000| PB 0x00000000c5500000| Untracked 
|  86|0x00000000c5600000, 0x00000000c5600000, 0x00000000c5700000|  0%| F|  |TAMS 0x00000000c5600000| PB 0x00000000c5600000| Untracked 
|  87|0x00000000c5700000, 0x00000000c5800000, 0x00000000c5800000|100%| S|CS|TAMS 0x00000000c5700000| PB 0x00000000c5700000| Complete 
|  88|0x00000000c5800000, 0x00000000c5900000, 0x00000000c5900000|100%| S|CS|TAMS 0x00000000c5800000| PB 0x00000000c5800000| Complete 
|  89|0x00000000c5900000, 0x00000000c5a00000, 0x00000000c5a00000|100%| S|CS|TAMS 0x00000000c5900000| PB 0x00000000c5900000| Complete 
|  90|0x00000000c5a00000, 0x00000000c5b00000, 0x00000000c5b00000|100%| S|CS|TAMS 0x00000000c5a00000| PB 0x00000000c5a00000| Complete 
|  91|0x00000000c5b00000, 0x00000000c5c00000, 0x00000000c5c00000|100%| S|CS|TAMS 0x00000000c5b00000| PB 0x00000000c5b00000| Complete 
|  92|0x00000000c5c00000, 0x00000000c5d00000, 0x00000000c5d00000|100%| S|CS|TAMS 0x00000000c5c00000| PB 0x00000000c5c00000| Complete 
|  93|0x00000000c5d00000, 0x00000000c5d00000, 0x00000000c5e00000|  0%| F|  |TAMS 0x00000000c5d00000| PB 0x00000000c5d00000| Untracked 
|  94|0x00000000c5e00000, 0x00000000c5e00000, 0x00000000c5f00000|  0%| F|  |TAMS 0x00000000c5e00000| PB 0x00000000c5e00000| Untracked 
|  95|0x00000000c5f00000, 0x00000000c5f00000, 0x00000000c6000000|  0%| F|  |TAMS 0x00000000c5f00000| PB 0x00000000c5f00000| Untracked 
|  96|0x00000000c6000000, 0x00000000c6000000, 0x00000000c6100000|  0%| F|  |TAMS 0x00000000c6000000| PB 0x00000000c6000000| Untracked 
|  97|0x00000000c6100000, 0x00000000c6100000, 0x00000000c6200000|  0%| F|  |TAMS 0x00000000c6100000| PB 0x00000000c6100000| Untracked 
|  98|0x00000000c6200000, 0x00000000c6200000, 0x00000000c6300000|  0%| F|  |TAMS 0x00000000c6200000| PB 0x00000000c6200000| Untracked 
|  99|0x00000000c6300000, 0x00000000c6300000, 0x00000000c6400000|  0%| F|  |TAMS 0x00000000c6300000| PB 0x00000000c6300000| Untracked 
| 100|0x00000000c6400000, 0x00000000c6400000, 0x00000000c6500000|  0%| F|  |TAMS 0x00000000c6400000| PB 0x00000000c6400000| Untracked 
| 101|0x00000000c6500000, 0x00000000c6500000, 0x00000000c6600000|  0%| F|  |TAMS 0x00000000c6500000| PB 0x00000000c6500000| Untracked 
| 102|0x00000000c6600000, 0x00000000c6600000, 0x00000000c6700000|  0%| F|  |TAMS 0x00000000c6600000| PB 0x00000000c6600000| Untracked 
| 103|0x00000000c6700000, 0x00000000c6700000, 0x00000000c6800000|  0%| F|  |TAMS 0x00000000c6700000| PB 0x00000000c6700000| Untracked 
| 104|0x00000000c6800000, 0x00000000c6800000, 0x00000000c6900000|  0%| F|  |TAMS 0x00000000c6800000| PB 0x00000000c6800000| Untracked 
| 105|0x00000000c6900000, 0x00000000c6900000, 0x00000000c6a00000|  0%| F|  |TAMS 0x00000000c6900000| PB 0x00000000c6900000| Untracked 
| 106|0x00000000c6a00000, 0x00000000c6a00000, 0x00000000c6b00000|  0%| F|  |TAMS 0x00000000c6a00000| PB 0x00000000c6a00000| Untracked 
| 107|0x00000000c6b00000, 0x00000000c6b00000, 0x00000000c6c00000|  0%| F|  |TAMS 0x00000000c6b00000| PB 0x00000000c6b00000| Untracked 
| 108|0x00000000c6c00000, 0x00000000c6c00000, 0x00000000c6d00000|  0%| F|  |TAMS 0x00000000c6c00000| PB 0x00000000c6c00000| Untracked 
| 109|0x00000000c6d00000, 0x00000000c6d00000, 0x00000000c6e00000|  0%| F|  |TAMS 0x00000000c6d00000| PB 0x00000000c6d00000| Untracked 
| 110|0x00000000c6e00000, 0x00000000c6e00000, 0x00000000c6f00000|  0%| F|  |TAMS 0x00000000c6e00000| PB 0x00000000c6e00000| Untracked 
| 111|0x00000000c6f00000, 0x00000000c6f00000, 0x00000000c7000000|  0%| F|  |TAMS 0x00000000c6f00000| PB 0x00000000c6f00000| Untracked 
| 112|0x00000000c7000000, 0x00000000c7000000, 0x00000000c7100000|  0%| F|  |TAMS 0x00000000c7000000| PB 0x00000000c7000000| Untracked 
| 113|0x00000000c7100000, 0x00000000c7100000, 0x00000000c7200000|  0%| F|  |TAMS 0x00000000c7100000| PB 0x00000000c7100000| Untracked 
| 114|0x00000000c7200000, 0x00000000c7200000, 0x00000000c7300000|  0%| F|  |TAMS 0x00000000c7200000| PB 0x00000000c7200000| Untracked 
| 115|0x00000000c7300000, 0x00000000c7300000, 0x00000000c7400000|  0%| F|  |TAMS 0x00000000c7300000| PB 0x00000000c7300000| Untracked 
| 116|0x00000000c7400000, 0x00000000c7400000, 0x00000000c7500000|  0%| F|  |TAMS 0x00000000c7400000| PB 0x00000000c7400000| Untracked 
| 222|0x00000000cde00000, 0x00000000cde00000, 0x00000000cdf00000|  0%| F|  |TAMS 0x00000000cde00000| PB 0x00000000cde00000| Untracked 
| 223|0x00000000cdf00000, 0x00000000cdf00000, 0x00000000ce000000|  0%| F|  |TAMS 0x00000000cdf00000| PB 0x00000000cdf00000| Untracked 
| 224|0x00000000ce000000, 0x00000000ce000000, 0x00000000ce100000|  0%| F|  |TAMS 0x00000000ce000000| PB 0x00000000ce000000| Untracked 
| 225|0x00000000ce100000, 0x00000000ce100000, 0x00000000ce200000|  0%| F|  |TAMS 0x00000000ce100000| PB 0x00000000ce100000| Untracked 
| 226|0x00000000ce200000, 0x00000000ce200000, 0x00000000ce300000|  0%| F|  |TAMS 0x00000000ce200000| PB 0x00000000ce200000| Untracked 
| 227|0x00000000ce300000, 0x00000000ce300000, 0x00000000ce400000|  0%| F|  |TAMS 0x00000000ce300000| PB 0x00000000ce300000| Untracked 
| 228|0x00000000ce400000, 0x00000000ce400000, 0x00000000ce500000|  0%| F|  |TAMS 0x00000000ce400000| PB 0x00000000ce400000| Untracked 
| 229|0x00000000ce500000, 0x00000000ce5e7c50, 0x00000000ce600000| 90%| E|  |TAMS 0x00000000ce500000| PB 0x00000000ce500000| Complete 
| 230|0x00000000ce600000, 0x00000000ce700000, 0x00000000ce700000|100%| E|CS|TAMS 0x00000000ce600000| PB 0x00000000ce600000| Complete 
| 251|0x00000000cfb00000, 0x00000000cfc00000, 0x00000000cfc00000|100%| E|CS|TAMS 0x00000000cfb00000| PB 0x00000000cfb00000| Complete 
|1016|0x00000000ff800000, 0x00000000ff900000, 0x00000000ff900000|100%| O|  |TAMS 0x00000000ff900000| PB 0x00000000ff900000| Updating 
|1017|0x00000000ff900000, 0x00000000ffa00000, 0x00000000ffa00000|100%| O|  |TAMS 0x00000000ffa00000| PB 0x00000000ffa00000| Untracked 
|1018|0x00000000ffa00000, 0x00000000ffb00000, 0x00000000ffb00000|100%| E|CS|TAMS 0x00000000ffa00000| PB 0x00000000ffa00000| Complete 
|1019|0x00000000ffb00000, 0x00000000ffc00000, 0x00000000ffc00000|100%| O|  |TAMS 0x00000000ffc00000| PB 0x00000000ffc00000| Untracked 
|1020|0x00000000ffc00000, 0x00000000ffd00000, 0x00000000ffd00000|100%| O|  |TAMS 0x00000000ffd00000| PB 0x00000000ffd00000| Updating 
|1021|0x00000000ffd00000, 0x00000000ffe00000, 0x00000000ffe00000|100%| O|  |TAMS 0x00000000ffe00000| PB 0x00000000ffe00000| Updating 
|1022|0x00000000ffe00000, 0x00000000fff00000, 0x00000000fff00000|100%| O|  |TAMS 0x00000000fff00000| PB 0x00000000fff00000| Updating 
|1023|0x00000000fff00000, 0x0000000100000000, 0x0000000100000000|100%| O|  |TAMS 0x0000000100000000| PB 0x0000000100000000| Untracked 

Card table byte_map: [0x000001cad5da0000,0x000001cad5fa0000] _byte_map_base: 0x000001cad57a0000

Marking Bits: (CMBitMap*) 0x000001cac1826eb0
 Bits: [0x000001cad5fa0000, 0x000001cad6fa0000)

Polling page: 0x000001cac1320000

Metaspace:

Usage:
  Non-class:     76.96 MB used.
      Class:     11.85 MB used.
       Both:     88.81 MB used.

Virtual space:
  Non-class space:      128.00 MB reserved,      77.94 MB ( 61%) committed,  2 nodes.
      Class space:      208.00 MB reserved,      12.81 MB (  6%) committed,  1 nodes.
             Both:      336.00 MB reserved,      90.75 MB ( 27%) committed. 

Chunk freelists:
   Non-Class:  2.04 MB
       Class:  3.20 MB
        Both:  5.24 MB

MaxMetaspaceSize: 256.00 MB
CompressedClassSpaceSize: 208.00 MB
Initial GC threshold: 21.00 MB
Current GC threshold: 138.69 MB
CDS: off
 - commit_granule_bytes: 65536.
 - commit_granule_words: 8192.
 - virtual_space_node_default_size: 8388608.
 - enlarge_chunks_in_place: 1.
 - use_allocation_guard: 0.


Internal statistics:

num_allocs_failed_limit: 9.
num_arena_births: 3596.
num_arena_deaths: 0.
num_vsnodes_births: 3.
num_vsnodes_deaths: 0.
num_space_committed: 1452.
num_space_uncommitted: 0.
num_chunks_returned_to_freelist: 9.
num_chunks_taken_from_freelist: 7323.
num_chunk_merges: 9.
num_chunk_splits: 4775.
num_chunks_enlarged: 3011.
num_inconsistent_stats: 0.

CodeHeap 'non-profiled nmethods': size=120000Kb used=5192Kb max_used=5482Kb free=114807Kb
 bounds [0x000001cacd9f0000, 0x000001cacdf50000, 0x000001cad4f20000]
CodeHeap 'profiled nmethods': size=120000Kb used=15648Kb max_used=16027Kb free=104351Kb
 bounds [0x000001cac5f20000, 0x000001cac6ed0000, 0x000001cacd450000]
CodeHeap 'non-nmethods': size=5760Kb used=2042Kb max_used=2097Kb free=3717Kb
 bounds [0x000001cacd450000, 0x000001cacd6c0000, 0x000001cacd9f0000]
 total_blobs=9581 nmethods=8778 adapters=706
 compilation: enabled
              stopped_count=0, restarted_count=0
 full_count=0

Compilation events (20 events):
Event: 7.760 Thread 0x000001cade7aefd0 nmethod 10431 0x000001cacdf44690 code [0x000001cacdf44860, 0x000001cacdf45030]
Event: 7.761 Thread 0x000001cade7aefd0 10432       4       java.util.concurrent.ArrayBlockingQueue::enqueue (53 bytes)
Event: 7.761 Thread 0x000001cade3fe780 10433       4       java.util.concurrent.ArrayBlockingQueue::dequeue (75 bytes)
Event: 7.765 Thread 0x000001cade7aefd0 nmethod 10432 0x000001cacdf45390 code [0x000001cacdf45580, 0x000001cacdf45e10]
Event: 7.770 Thread 0x000001cade7aefd0 10434   !   4       org.gradle.cache.internal.ExclusiveCacheAccessingWorker::addToQueue (37 bytes)
Event: 7.771 Thread 0x000001cade3fe780 nmethod 10433 0x000001cacdf46190 code [0x000001cacdf46360, 0x000001cacdf46bb0]
Event: 7.771 Thread 0x000001cade3fe780 10435       4       jdk.internal.misc.InnocuousThread::eraseThreadLocals (23 bytes)
Event: 7.772 Thread 0x000001cade3fe780 nmethod 10435 0x000001cacdf46f10 code [0x000001cacdf47080, 0x000001cacdf471b0]
Event: 7.780 Thread 0x000001cade7aefd0 nmethod 10434 0x000001cacdf47210 code [0x000001cacdf47480, 0x000001cacdf484c0]
Event: 7.782 Thread 0x000001cade7aefd0 10436       4       sun.nio.fs.WindowsPath$WindowsPathWithAttributes::getFileSystem (5 bytes)
Event: 7.782 Thread 0x000001cade3fe780 10437       4       org.gradle.internal.snapshot.impl.DirectorySnapshotter$PathVisitor::shouldVisit (92 bytes)
Event: 7.783 Thread 0x000001cade7aefd0 nmethod 10436 0x000001cacdf48d10 code [0x000001cacdf48e80, 0x000001cacdf48f10]
Event: 7.784 Thread 0x000001cade7aefd0 10438   !   4       java.util.concurrent.ArrayBlockingQueue::poll (83 bytes)
Event: 7.790 Thread 0x000001cade3fe780 nmethod 10437 0x000001cacdf49010 code [0x000001cacdf49240, 0x000001cacdf49970]
Event: 7.790 Thread 0x000001cade3fe780 10439       4       org.gradle.internal.snapshot.DirectorySnapshot$$Lambda/0x00000001006be690::apply (8 bytes)
Event: 7.791 Thread 0x000001cade0cde10 10440       3       org.gradle.api.internal.changedetection.state.CachingResourceHasher::hash (19 bytes)
Event: 7.791 Thread 0x000001cade0cde10 nmethod 10440 0x000001cac6ec6790 code [0x000001cac6ec6940, 0x000001cac6ec6b20]
Event: 7.792 Thread 0x000001cade3fe780 nmethod 10439 0x000001cacdf4a010 code [0x000001cacdf4a1c0, 0x000001cacdf4a4d0]
Event: 7.792 Thread 0x000001cade3fe780 10441       4       java.util.ArrayDeque$DeqIterator::hasNext (13 bytes)
Event: 7.792 Thread 0x000001cade3fe780 nmethod 10441 0x000001cacdf4a610 code [0x000001cacdf4a780, 0x000001cacdf4a818]

GC Heap History (20 events):
Event: 5.364 GC heap before
{Heap before GC invocations=18 (full 0):
 garbage-first heap   total 109568K, used 95934K [0x00000000c0000000, 0x0000000100000000)
  region size 1024K, 50 young (51200K), 4 survivors (4096K)
 Metaspace       used 66986K, committed 68672K, reserved 278528K
  class space    used 9074K, committed 9920K, reserved 212992K
}
Event: 5.367 GC heap after
{Heap after GC invocations=19 (full 0):
 garbage-first heap   total 109568K, used 49954K [0x00000000c0000000, 0x0000000100000000)
  region size 1024K, 5 young (5120K), 5 survivors (5120K)
 Metaspace       used 66986K, committed 68672K, reserved 278528K
  class space    used 9074K, committed 9920K, reserved 212992K
}
Event: 5.610 GC heap before
{Heap before GC invocations=20 (full 0):
 garbage-first heap   total 109568K, used 97058K [0x00000000c0000000, 0x0000000100000000)
  region size 1024K, 51 young (52224K), 5 survivors (5120K)
 Metaspace       used 67158K, committed 68800K, reserved 278528K
  class space    used 9106K, committed 9920K, reserved 212992K
}
Event: 5.613 GC heap after
{Heap after GC invocations=21 (full 0):
 garbage-first heap   total 109568K, used 51158K [0x00000000c0000000, 0x0000000100000000)
  region size 1024K, 5 young (5120K), 5 survivors (5120K)
 Metaspace       used 67158K, committed 68800K, reserved 278528K
  class space    used 9106K, committed 9920K, reserved 212992K
}
Event: 5.899 GC heap before
{Heap before GC invocations=21 (full 0):
 garbage-first heap   total 109568K, used 107478K [0x00000000c0000000, 0x0000000100000000)
  region size 1024K, 47 young (48128K), 5 survivors (5120K)
 Metaspace       used 69779K, committed 71488K, reserved 278528K
  class space    used 9433K, committed 10304K, reserved 212992K
}
Event: 5.904 GC heap after
{Heap after GC invocations=22 (full 0):
 garbage-first heap   total 122880K, used 71306K [0x00000000c0000000, 0x0000000100000000)
  region size 1024K, 7 young (7168K), 7 survivors (7168K)
 Metaspace       used 69779K, committed 71488K, reserved 278528K
  class space    used 9433K, committed 10304K, reserved 212992K
}
Event: 6.142 GC heap before
{Heap before GC invocations=22 (full 0):
 garbage-first heap   total 122880K, used 108170K [0x00000000c0000000, 0x0000000100000000)
  region size 1024K, 43 young (44032K), 7 survivors (7168K)
 Metaspace       used 73764K, committed 75520K, reserved 278528K
  class space    used 9878K, committed 10752K, reserved 212992K
}
Event: 6.145 GC heap after
{Heap after GC invocations=23 (full 0):
 garbage-first heap   total 122880K, used 72879K [0x00000000c0000000, 0x0000000100000000)
  region size 1024K, 2 young (2048K), 2 survivors (2048K)
 Metaspace       used 73764K, committed 75520K, reserved 278528K
  class space    used 9878K, committed 10752K, reserved 212992K
}
Event: 6.391 GC heap before
{Heap before GC invocations=24 (full 0):
 garbage-first heap   total 122880K, used 109743K [0x00000000c0000000, 0x0000000100000000)
  region size 1024K, 38 young (38912K), 2 survivors (2048K)
 Metaspace       used 77694K, committed 79552K, reserved 344064K
  class space    used 10403K, committed 11328K, reserved 212992K
}
Event: 6.394 GC heap after
{Heap after GC invocations=25 (full 0):
 garbage-first heap   total 122880K, used 74008K [0x00000000c0000000, 0x0000000100000000)
  region size 1024K, 3 young (3072K), 3 survivors (3072K)
 Metaspace       used 77694K, committed 79552K, reserved 344064K
  class space    used 10403K, committed 11328K, reserved 212992K
}
Event: 6.642 GC heap before
{Heap before GC invocations=25 (full 0):
 garbage-first heap   total 122880K, used 115992K [0x00000000c0000000, 0x0000000100000000)
  region size 1024K, 39 young (39936K), 3 survivors (3072K)
 Metaspace       used 80678K, committed 82560K, reserved 344064K
  class space    used 10771K, committed 11712K, reserved 212992K
}
Event: 6.646 GC heap after
{Heap after GC invocations=26 (full 0):
 garbage-first heap   total 124928K, used 78625K [0x00000000c0000000, 0x0000000100000000)
  region size 1024K, 5 young (5120K), 5 survivors (5120K)
 Metaspace       used 80678K, committed 82560K, reserved 344064K
  class space    used 10771K, committed 11712K, reserved 212992K
}
Event: 6.959 GC heap before
{Heap before GC invocations=26 (full 0):
 garbage-first heap   total 124928K, used 112417K [0x00000000c0000000, 0x0000000100000000)
  region size 1024K, 38 young (38912K), 5 survivors (5120K)
 Metaspace       used 83182K, committed 85056K, reserved 344064K
  class space    used 11075K, committed 12032K, reserved 212992K
}
Event: 6.963 GC heap after
{Heap after GC invocations=27 (full 0):
 garbage-first heap   total 124928K, used 81180K [0x00000000c0000000, 0x0000000100000000)
  region size 1024K, 3 young (3072K), 3 survivors (3072K)
 Metaspace       used 83182K, committed 85056K, reserved 344064K
  class space    used 11075K, committed 12032K, reserved 212992K
}
Event: 7.247 GC heap before
{Heap before GC invocations=28 (full 0):
 garbage-first heap   total 138240K, used 111900K [0x00000000c0000000, 0x0000000100000000)
  region size 1024K, 33 young (33792K), 3 survivors (3072K)
 Metaspace       used 86760K, committed 88704K, reserved 344064K
  class space    used 11567K, committed 12544K, reserved 212992K
}
Event: 7.250 GC heap after
{Heap after GC invocations=29 (full 0):
 garbage-first heap   total 138240K, used 82231K [0x00000000c0000000, 0x0000000100000000)
  region size 1024K, 4 young (4096K), 4 survivors (4096K)
 Metaspace       used 86760K, committed 88704K, reserved 344064K
  class space    used 11567K, committed 12544K, reserved 212992K
}
Event: 7.507 GC heap before
{Heap before GC invocations=29 (full 0):
 garbage-first heap   total 138240K, used 127287K [0x00000000c0000000, 0x0000000100000000)
  region size 1024K, 45 young (46080K), 4 survivors (4096K)
 Metaspace       used 89851K, committed 91840K, reserved 344064K
  class space    used 11986K, committed 12992K, reserved 212992K
}
Event: 7.510 GC heap after
{Heap after GC invocations=30 (full 0):
 garbage-first heap   total 138240K, used 87266K [0x00000000c0000000, 0x0000000100000000)
  region size 1024K, 6 young (6144K), 6 survivors (6144K)
 Metaspace       used 89851K, committed 91840K, reserved 344064K
  class space    used 11986K, committed 12992K, reserved 212992K
}
Event: 7.765 GC heap before
{Heap before GC invocations=30 (full 0):
 garbage-first heap   total 138240K, used 123106K [0x00000000c0000000, 0x0000000100000000)
  region size 1024K, 41 young (41984K), 6 survivors (6144K)
 Metaspace       used 90940K, committed 92928K, reserved 344064K
  class space    used 12129K, committed 13120K, reserved 212992K
}
Event: 7.770 GC heap after
{Heap after GC invocations=31 (full 0):
 garbage-first heap   total 138240K, used 91307K [0x00000000c0000000, 0x0000000100000000)
  region size 1024K, 6 young (6144K), 6 survivors (6144K)
 Metaspace       used 90940K, committed 92928K, reserved 344064K
  class space    used 12129K, committed 13120K, reserved 212992K
}

Dll operation events (3 events):
Event: 0.014 Loaded shared library C:\Program Files\Android\Android Studio\jbr\bin\java.dll
Event: 0.020 Loaded shared library C:\Program Files\Android\Android Studio\jbr\bin\zip.dll
Event: 0.344 Loaded shared library C:\Program Files\Android\Android Studio\jbr\bin\verify.dll

Deoptimization events (20 events):
Event: 7.394 Thread 0x000001cadfd192e0 DEOPT PACKING pc=0x000001cacdc2f8f0 sp=0x0000003f8a8f69c0
Event: 7.394 Thread 0x000001cadfd192e0 DEOPT UNPACKING pc=0x000001cacd4a46a2 sp=0x0000003f8a8f6958 mode 2
Event: 7.569 Thread 0x000001cadfd192e0 DEOPT PACKING pc=0x000001cac611404d sp=0x0000003f8a8f86f0
Event: 7.569 Thread 0x000001cadfd192e0 DEOPT UNPACKING pc=0x000001cacd4a4e42 sp=0x0000003f8a8f7ca0 mode 0
Event: 7.669 Thread 0x000001cadfd192e0 Uncommon trap: trap_request=0xffffff45 fr.pc=0x000001cacde36fdc relative=0x00000000000023bc
Event: 7.669 Thread 0x000001cadfd192e0 Uncommon trap: reason=unstable_if action=reinterpret pc=0x000001cacde36fdc method=com.google.common.collect.MapMakerInternalMap$Segment.getEntry(Ljava/lang/Object;I)Lcom/google/common/collect/MapMakerInternalMap$InternalEntry; @ 40 c2
Event: 7.669 Thread 0x000001cadfd192e0 DEOPT PACKING pc=0x000001cacde36fdc sp=0x0000003f8a8f78b0
Event: 7.669 Thread 0x000001cadfd192e0 DEOPT UNPACKING pc=0x000001cacd4a46a2 sp=0x0000003f8a8f77c8 mode 2
Event: 7.669 Thread 0x000001cadfd192e0 Uncommon trap: trap_request=0xffffff45 fr.pc=0x000001cacdefd610 relative=0x0000000000002670
Event: 7.669 Thread 0x000001cadfd192e0 Uncommon trap: reason=unstable_if action=reinterpret pc=0x000001cacdefd610 method=com.google.common.collect.MapMakerInternalMap$Segment.drainKeyReferenceQueue(Ljava/lang/ref/ReferenceQueue;)V @ 8 c2
Event: 7.669 Thread 0x000001cadfd192e0 DEOPT PACKING pc=0x000001cacdefd610 sp=0x0000003f8a8f7810
Event: 7.669 Thread 0x000001cadfd192e0 DEOPT UNPACKING pc=0x000001cacd4a46a2 sp=0x0000003f8a8f75c8 mode 2
Event: 7.669 Thread 0x000001cadfd192e0 Uncommon trap: trap_request=0xffffff45 fr.pc=0x000001cacde2f3c8 relative=0x0000000000000468
Event: 7.669 Thread 0x000001cadfd192e0 Uncommon trap: reason=unstable_if action=reinterpret pc=0x000001cacde2f3c8 method=com.google.common.collect.MapMakerInternalMap$Segment.getEntry(Ljava/lang/Object;I)Lcom/google/common/collect/MapMakerInternalMap$InternalEntry; @ 40 c2
Event: 7.669 Thread 0x000001cadfd192e0 DEOPT PACKING pc=0x000001cacde2f3c8 sp=0x0000003f8a8f7810
Event: 7.669 Thread 0x000001cadfd192e0 DEOPT UNPACKING pc=0x000001cacd4a46a2 sp=0x0000003f8a8f77c0 mode 2
Event: 7.712 Thread 0x000001cadfd1ba40 Uncommon trap: trap_request=0xffffff45 fr.pc=0x000001cacde5c558 relative=0x00000000000001b8
Event: 7.712 Thread 0x000001cadfd1ba40 Uncommon trap: reason=unstable_if action=reinterpret pc=0x000001cacde5c558 method=java.util.concurrent.locks.ReentrantLock$FairSync.initialTryLock()Z @ 26 c2
Event: 7.712 Thread 0x000001cadfd1ba40 DEOPT PACKING pc=0x000001cacde5c558 sp=0x0000003f8aefe8e0
Event: 7.712 Thread 0x000001cadfd1ba40 DEOPT UNPACKING pc=0x000001cacd4a46a2 sp=0x0000003f8aefe898 mode 2

Classes loaded (20 events):
Event: 7.180 Loading class jdk/jfr/Recording
Event: 7.181 Loading class jdk/jfr/Recording done
Event: 7.181 Loading class jdk/management/jfr/FlightRecorderMXBeanImpl$MXBeanListener
Event: 7.181 Loading class jdk/jfr/FlightRecorderListener
Event: 7.181 Loading class jdk/jfr/FlightRecorderListener done
Event: 7.181 Loading class jdk/management/jfr/FlightRecorderMXBeanImpl$MXBeanListener done
Event: 7.181 Loading class jdk/jfr/FlightRecorder
Event: 7.181 Loading class jdk/jfr/FlightRecorder done
Event: 7.207 Loading class com/sun/jmx/mbeanserver/StandardMBeanSupport
Event: 7.207 Loading class com/sun/jmx/mbeanserver/StandardMBeanSupport done
Event: 7.207 Loading class com/sun/jmx/mbeanserver/StandardMBeanIntrospector
Event: 7.207 Loading class com/sun/jmx/mbeanserver/StandardMBeanIntrospector done
Event: 7.511 Loading class com/sun/beans/finder/MethodFinder
Event: 7.511 Loading class com/sun/beans/finder/AbstractFinder
Event: 7.511 Loading class com/sun/beans/finder/AbstractFinder done
Event: 7.511 Loading class com/sun/beans/finder/MethodFinder done
Event: 7.511 Loading class com/sun/beans/finder/MethodFinder$1
Event: 7.511 Loading class com/sun/beans/finder/MethodFinder$1 done
Event: 7.511 Loading class com/sun/beans/finder/FinderUtils
Event: 7.511 Loading class com/sun/beans/finder/FinderUtils done

Classes unloaded (0 events):
No events

Classes redefined (0 events):
No events

Internal exceptions (20 events):
Event: 7.449 Thread 0x000001cadfd192e0 Exception <a 'java/lang/NoSuchMethodError'{0x00000000c5879638}: 'java.lang.Object java.lang.invoke.DirectMethodHandle$Holder.newInvokeSpecial(java.lang.Object, java.lang.Object, java.lang.Object, java.lang.Object, java.lang.Object, java.lang.Object, java.lang.Object, java.lang.Object, java.lang.Object, java.lang.Object, java.lang.Object, java.lang.Object, java.lang.Object, java.lang.Object, java.lang.Object, java.lang.Object, java.lang.Object, java.lang.Object, java.lang.Object, java.lang.Object, java.lang
Event: 7.504 Thread 0x000001cadfd192e0 Exception <a 'java/lang/ClassNotFoundException'{0x00000000c5398ff0}: groovy/lang/Closure$1BeanInfo> (0x00000000c5398ff0) 
thrown [s\src\hotspot\share\classfile\systemDictionary.cpp, line 312]
Event: 7.505 Thread 0x000001cadfd192e0 Exception <a 'java/lang/ClassNotFoundException'{0x00000000c53af558}: groovy/lang/ClosureBeanInfo> (0x00000000c53af558) 
thrown [s\src\hotspot\share\classfile\systemDictionary.cpp, line 312]
Event: 7.505 Thread 0x000001cadfd192e0 Exception <a 'java/lang/ClassNotFoundException'{0x00000000c53c57d8}: groovy/lang/ClosureCustomizer> (0x00000000c53c57d8) 
thrown [s\src\hotspot\share\classfile\systemDictionary.cpp, line 312]
Event: 7.511 Thread 0x000001cadfd192e0 Exception <a 'java/lang/ClassNotFoundException'{0x00000000ffa012a8}: groovy/lang/Closure$1Customizer> (0x00000000ffa012a8) 
thrown [s\src\hotspot\share\classfile\systemDictionary.cpp, line 312]
Event: 7.515 Thread 0x000001cadfd192e0 Exception <a 'java/lang/ClassNotFoundException'{0x00000000ffa74728}: org/jetbrains/kotlin/gradle/targets/js/npm/DefaultNpmDependencyExtensionBeanInfo> (0x00000000ffa74728) 
thrown [s\src\hotspot\share\classfile\systemDictionary.cpp, line 312]
Event: 7.515 Thread 0x000001cadfd192e0 Exception <a 'java/lang/ClassNotFoundException'{0x00000000ffa84118}: org/jetbrains/kotlin/gradle/targets/js/npm/DefaultNpmDependencyExtensionCustomizer> (0x00000000ffa84118) 
thrown [s\src\hotspot\share\classfile\systemDictionary.cpp, line 312]
Event: 7.518 Thread 0x000001cadfd192e0 Exception <a 'java/lang/ClassNotFoundException'{0x00000000cfb1fac8}: org/jetbrains/kotlin/gradle/targets/js/npm/NpmDependencyExtensionKt$defaultNpmDependencyDelegate$1BeanInfo> (0x00000000cfb1fac8) 
thrown [s\src\hotspot\share\classfile\systemDictionary.cpp, line 312]
Event: 7.518 Thread 0x000001cadfd192e0 Exception <a 'java/lang/ClassNotFoundException'{0x00000000cfb2f0c8}: org/jetbrains/kotlin/gradle/targets/js/npm/NpmDependencyExtensionDelegateBeanInfo> (0x00000000cfb2f0c8) 
thrown [s\src\hotspot\share\classfile\systemDictionary.cpp, line 312]
Event: 7.518 Thread 0x000001cadfd192e0 Exception <a 'java/lang/ClassNotFoundException'{0x00000000cfb3e988}: org/jetbrains/kotlin/gradle/targets/js/npm/NpmDependencyExtensionDelegateCustomizer> (0x00000000cfb3e988) 
thrown [s\src\hotspot\share\classfile\systemDictionary.cpp, line 312]
Event: 7.519 Thread 0x000001cadfd192e0 Exception <a 'java/lang/ClassNotFoundException'{0x00000000cfb6f450}: org/jetbrains/kotlin/gradle/targets/js/npm/NpmDependencyExtensionKt$defaultNpmDependencyDelegate$1Customizer> (0x00000000cfb6f450) 
thrown [s\src\hotspot\share\classfile\systemDictionary.cpp, line 312]
Event: 7.520 Thread 0x000001cadfd192e0 Exception <a 'java/lang/ClassNotFoundException'{0x00000000cfbb5720}: org/jetbrains/kotlin/gradle/targets/js/npm/DefaultDevNpmDependencyExtensionBeanInfo> (0x00000000cfbb5720) 
thrown [s\src\hotspot\share\classfile\systemDictionary.cpp, line 312]
Event: 7.521 Thread 0x000001cadfd192e0 Exception <a 'java/lang/ClassNotFoundException'{0x00000000cfbc3a68}: org/jetbrains/kotlin/gradle/targets/js/npm/DefaultDevNpmDependencyExtensionCustomizer> (0x00000000cfbc3a68) 
thrown [s\src\hotspot\share\classfile\systemDictionary.cpp, line 312]
Event: 7.522 Thread 0x000001cadfd192e0 Exception <a 'java/lang/ClassNotFoundException'{0x00000000ce6126d0}: org/jetbrains/kotlin/gradle/targets/js/npm/DefaultPeerNpmDependencyExtensionBeanInfo> (0x00000000ce6126d0) 
thrown [s\src\hotspot\share\classfile\systemDictionary.cpp, line 312]
Event: 7.523 Thread 0x000001cadfd192e0 Exception <a 'java/lang/ClassNotFoundException'{0x00000000ce620a60}: org/jetbrains/kotlin/gradle/targets/js/npm/DefaultPeerNpmDependencyExtensionCustomizer> (0x00000000ce620a60) 
thrown [s\src\hotspot\share\classfile\systemDictionary.cpp, line 312]
Event: 7.525 Thread 0x000001cadfd192e0 Exception <a 'java/lang/ClassNotFoundException'{0x00000000ce67d270}: org/jetbrains/kotlin/gradle/targets/js/npm/DefaultPeerNpmDependencyExtension$delegate$1BeanInfo> (0x00000000ce67d270) 
thrown [s\src\hotspot\share\classfile\systemDictionary.cpp, line 312]
Event: 7.525 Thread 0x000001cadfd192e0 Exception <a 'java/lang/ClassNotFoundException'{0x00000000ce68cbc8}: org/jetbrains/kotlin/gradle/targets/js/npm/DefaultPeerNpmDependencyExtension$delegate$1Customizer> (0x00000000ce68cbc8) 
thrown [s\src\hotspot\share\classfile\systemDictionary.cpp, line 312]
Event: 7.529 Thread 0x000001cadfd192e0 Exception <a 'java/lang/NoSuchMethodError'{0x00000000ce53b650}: static Lorg/jetbrains/kotlin/gradle/plugin/internal/DefaultIdeaSyncDetector$createIdeaPropertiesEvaluator$1;.<clinit>()V> (0x00000000ce53b650) 
thrown [s\src\hotspot\share\prims\jni.cpp, line 1135]
Event: 7.669 Thread 0x000001cadfd192e0 Implicit null exception at 0x000001cacde34e54 to 0x000001cacde36fa4
Event: 7.669 Thread 0x000001cadfd192e0 Implicit null exception at 0x000001cacde2f08c to 0x000001cacde2f394

ZGC Phase Switch (0 events):
No events

VM Operations (20 events):
Event: 6.646 Executing VM operation: G1CollectForAllocation (G1 Evacuation Pause) done
Event: 6.959 Executing VM operation: G1CollectForAllocation (G1 Evacuation Pause)
Event: 6.963 Executing VM operation: G1CollectForAllocation (G1 Evacuation Pause) done
Event: 6.990 Executing VM operation: G1PauseRemark
Event: 6.994 Executing VM operation: G1PauseRemark done
Event: 7.011 Executing VM operation: G1PauseCleanup
Event: 7.011 Executing VM operation: G1PauseCleanup done
Event: 7.077 Executing VM operation: HandshakeAllThreads (Deoptimize)
Event: 7.077 Executing VM operation: HandshakeAllThreads (Deoptimize) done
Event: 7.154 Executing VM operation: HandshakeAllThreads (Deoptimize)
Event: 7.154 Executing VM operation: HandshakeAllThreads (Deoptimize) done
Event: 7.247 Executing VM operation: G1CollectForAllocation (G1 Evacuation Pause)
Event: 7.250 Executing VM operation: G1CollectForAllocation (G1 Evacuation Pause) done
Event: 7.281 Executing VM operation: HandshakeAllThreads (Deoptimize)
Event: 7.281 Executing VM operation: HandshakeAllThreads (Deoptimize) done
Event: 7.506 Executing VM operation: G1CollectForAllocation (G1 Evacuation Pause)
Event: 7.510 Executing VM operation: G1CollectForAllocation (G1 Evacuation Pause) done
Event: 7.765 Executing VM operation: G1CollectForAllocation (G1 Evacuation Pause)
Event: 7.770 Executing VM operation: G1CollectForAllocation (G1 Evacuation Pause) done
Event: 7.793 Executing VM operation: G1PauseRemark

Memory protections (0 events):
No events

Nmethod flushes (20 events):
Event: 7.796 Thread 0x000001cade07bb90 flushing  nmethod 0x000001cac6286590
Event: 7.796 Thread 0x000001cade07bb90 flushing  nmethod 0x000001cac62f9f10
Event: 7.796 Thread 0x000001cade07bb90 flushing  nmethod 0x000001cac6446710
Event: 7.796 Thread 0x000001cade07bb90 flushing  nmethod 0x000001cac655e290
Event: 7.796 Thread 0x000001cade07bb90 flushing  nmethod 0x000001cac6560190
Event: 7.796 Thread 0x000001cade07bb90 flushing  nmethod 0x000001cac66c3290
Event: 7.796 Thread 0x000001cade07bb90 flushing  nmethod 0x000001cac67d9190
Event: 7.796 Thread 0x000001cade07bb90 flushing  nmethod 0x000001cac6a4f690
Event: 7.796 Thread 0x000001cade07bb90 flushing  nmethod 0x000001cacdb47090
Event: 7.796 Thread 0x000001cade07bb90 flushing  nmethod 0x000001cacdbfba90
Event: 7.796 Thread 0x000001cade07bb90 flushing  nmethod 0x000001cacdbff490
Event: 7.796 Thread 0x000001cade07bb90 flushing  nmethod 0x000001cac5fad710
Event: 7.796 Thread 0x000001cade07bb90 flushing  nmethod 0x000001cac5fb5510
Event: 7.796 Thread 0x000001cade07bb90 flushing  nmethod 0x000001cac60bd690
Event: 7.796 Thread 0x000001cade07bb90 flushing  nmethod 0x000001cac6124690
Event: 7.796 Thread 0x000001cade07bb90 flushing  nmethod 0x000001cac6294690
Event: 7.796 Thread 0x000001cade07bb90 flushing  nmethod 0x000001cac633aa90
Event: 7.796 Thread 0x000001cade07bb90 flushing  nmethod 0x000001cac65b0090
Event: 7.796 Thread 0x000001cade07bb90 flushing  nmethod 0x000001cac65ecd10
Event: 7.796 Thread 0x000001cade07bb90 flushing  nmethod 0x000001cac67afe10

Events (20 events):
Event: 1.127 Thread 0x000001cadfd192e0 Thread added: 0x000001cadfd1a690
Event: 1.129 Thread 0x000001cadfd192e0 Thread added: 0x000001cadfd19970
Event: 1.130 Thread 0x000001cadfd192e0 Thread added: 0x000001cadfd1a000
Event: 1.331 Thread 0x000001cadfd192e0 Thread added: 0x000001cadfd1ad20
Event: 1.335 Thread 0x000001cadfd192e0 Thread added: 0x000001cadfd1b3b0
Event: 1.350 Thread 0x000001cadfd192e0 Thread added: 0x000001cadfd1ba40
Event: 1.898 Thread 0x000001cadfd192e0 Thread added: 0x000001cadfd18c50
Event: 1.907 Thread 0x000001cadfd192e0 Thread added: 0x000001cae14f6ad0
Event: 2.036 Thread 0x000001cadfd192e0 Thread added: 0x000001cae14f7e80
Event: 2.042 Thread 0x000001cadfd192e0 Thread added: 0x000001cae14f8ba0
Event: 2.203 Thread 0x000001cadfd192e0 Thread added: 0x000001cae14f9230
Event: 2.220 Thread 0x000001cadfd192e0 Thread added: 0x000001cae14f5db0
Event: 2.294 Thread 0x000001cadfd192e0 Thread added: 0x000001cae14f98c0
Event: 2.351 Thread 0x000001cadfd192e0 Thread added: 0x000001cae14f6440
Event: 4.402 Thread 0x000001cadfd192e0 Thread added: 0x000001cae14fc6b0
Event: 4.464 Thread 0x000001cadfd192e0 Thread added: 0x000001cae14fcd40
Event: 4.848 Thread 0x000001cadfd192e0 Thread added: 0x000001cae3dc73c0
Event: 6.137 Thread 0x000001cadfd192e0 Thread added: 0x000001cae3dca1b0
Event: 6.371 Thread 0x000001cadfd192e0 Thread added: 0x000001cae3dca840
Event: 7.224 Thread 0x000001cadfd192e0 Thread added: 0x000001cae3dcc910


Dynamic libraries:
0x00007ff65e950000 - 0x00007ff65e95a000 	C:\Program Files\Android\Android Studio\jbr\bin\java.exe
0x00007ffc036c0000 - 0x00007ffc03927000 	C:\WINDOWS\SYSTEM32\ntdll.dll
0x00007ffc026c0000 - 0x00007ffc02789000 	C:\WINDOWS\System32\KERNEL32.DLL
0x00007ffc01060000 - 0x00007ffc0144f000 	C:\WINDOWS\System32\KERNELBASE.dll
0x00007ffc00f10000 - 0x00007ffc0105b000 	C:\WINDOWS\System32\ucrtbase.dll
0x00007ffbfd240000 - 0x00007ffbfd25b000 	C:\Program Files\Android\Android Studio\jbr\bin\VCRUNTIME140.dll
0x00007ffbcd7e0000 - 0x00007ffbcd7f8000 	C:\Program Files\Android\Android Studio\jbr\bin\jli.dll
0x00007ffc032e0000 - 0x00007ffc034a5000 	C:\WINDOWS\System32\USER32.dll
0x00007ffbdd1f0000 - 0x00007ffbdd483000 	C:\WINDOWS\WinSxS\amd64_microsoft.windows.common-controls_6595b64144ccf1df_6.0.26100.7309_none_3e05feeae336a044\COMCTL32.dll
0x00007ffc008a0000 - 0x00007ffc008c7000 	C:\WINDOWS\System32\win32u.dll
0x00007ffc01d20000 - 0x00007ffc01dc9000 	C:\WINDOWS\System32\msvcrt.dll
0x00007ffc034b0000 - 0x00007ffc034db000 	C:\WINDOWS\System32\GDI32.dll
0x00007ffc00bc0000 - 0x00007ffc00cec000 	C:\WINDOWS\System32\gdi32full.dll
0x00007ffc00e60000 - 0x00007ffc00f03000 	C:\WINDOWS\System32\msvcp_win.dll
0x00007ffc031e0000 - 0x00007ffc03211000 	C:\WINDOWS\System32\IMM32.DLL
0x00007ffbfd230000 - 0x00007ffbfd23c000 	C:\Program Files\Android\Android Studio\jbr\bin\vcruntime140_1.dll
0x00007ffb68dd0000 - 0x00007ffb68e5d000 	C:\Program Files\Android\Android Studio\jbr\bin\msvcp140.dll
0x00007ffafb800000 - 0x00007ffafc483000 	C:\Program Files\Android\Android Studio\jbr\bin\server\jvm.dll
0x00007ffc03220000 - 0x00007ffc032d4000 	C:\WINDOWS\System32\ADVAPI32.dll
0x00007ffc01f20000 - 0x00007ffc01fc6000 	C:\WINDOWS\System32\sechost.dll
0x00007ffc01c00000 - 0x00007ffc01d18000 	C:\WINDOWS\System32\RPCRT4.dll
0x00007ffc02970000 - 0x00007ffc029e4000 	C:\WINDOWS\System32\WS2_32.dll
0x00007ffc00670000 - 0x00007ffc006ce000 	C:\WINDOWS\SYSTEM32\POWRPROF.dll
0x00007ffbf0de0000 - 0x00007ffbf0deb000 	C:\WINDOWS\SYSTEM32\VERSION.dll
0x00007ffbfae20000 - 0x00007ffbfae55000 	C:\WINDOWS\SYSTEM32\WINMM.dll
0x00007ffc00650000 - 0x00007ffc00664000 	C:\WINDOWS\SYSTEM32\UMPDC.dll
0x00007ffbff580000 - 0x00007ffbff59b000 	C:\WINDOWS\SYSTEM32\kernel.appcore.dll
0x00007ffbf7980000 - 0x00007ffbf798a000 	C:\Program Files\Android\Android Studio\jbr\bin\jimage.dll
0x00007ffbfe100000 - 0x00007ffbfe342000 	C:\WINDOWS\SYSTEM32\DBGHELP.DLL
0x00007ffc015d0000 - 0x00007ffc01955000 	C:\WINDOWS\System32\combase.dll
0x00007ffc024c0000 - 0x00007ffc02596000 	C:\WINDOWS\System32\OLEAUT32.dll
0x00007ffbdddf0000 - 0x00007ffbdde2c000 	C:\WINDOWS\SYSTEM32\dbgcore.DLL
0x00007ffc008d0000 - 0x00007ffc00975000 	C:\WINDOWS\System32\bcryptPrimitives.dll
0x00007ffbcd760000 - 0x00007ffbcd76e000 	C:\Program Files\Android\Android Studio\jbr\bin\instrument.dll
0x00007ffbe6b40000 - 0x00007ffbe6b60000 	C:\Program Files\Android\Android Studio\jbr\bin\java.dll
0x00007ffbc8d70000 - 0x00007ffbc8d88000 	C:\Program Files\Android\Android Studio\jbr\bin\zip.dll
0x00007ffc02a80000 - 0x00007ffc031d3000 	C:\WINDOWS\System32\SHELL32.dll
0x00007ffc00cf0000 - 0x00007ffc00e5a000 	C:\WINDOWS\System32\wintypes.dll
0x00007ffbfe3d0000 - 0x00007ffbfec2e000 	C:\WINDOWS\SYSTEM32\windows.storage.dll
0x00007ffc025a0000 - 0x00007ffc02695000 	C:\WINDOWS\System32\SHCORE.dll
0x00007ffc019f0000 - 0x00007ffc01a56000 	C:\WINDOWS\System32\shlwapi.dll
0x00007ffc00730000 - 0x00007ffc00759000 	C:\WINDOWS\SYSTEM32\profapi.dll
0x00007ffbed340000 - 0x00007ffbed350000 	C:\Program Files\Android\Android Studio\jbr\bin\net.dll
0x00007ffbfa8b0000 - 0x00007ffbfa9d8000 	C:\WINDOWS\SYSTEM32\WINHTTP.dll
0x00007ffbffad0000 - 0x00007ffbffb3b000 	C:\WINDOWS\system32\mswsock.dll
0x00007ffbc8c10000 - 0x00007ffbc8c26000 	C:\Program Files\Android\Android Studio\jbr\bin\nio.dll
0x00007ffbc8c00000 - 0x00007ffbc8c10000 	C:\Program Files\Android\Android Studio\jbr\bin\verify.dll
0x00007ffba27d0000 - 0x00007ffba27f7000 	D:\.gradle\native\c067742578af261105cb4f569cf0c3c89f3d7b1fecec35dd04571415982c5e48\windows-amd64\native-platform.dll
0x00007ffb65fd0000 - 0x00007ffb66114000 	D:\.gradle\native\100fb08df4bc3b14c8652ba06237920a3bd2aa13389f12d3474272988ae205f9\windows-amd64\native-platform-file-events.dll
0x00007ffbddf60000 - 0x00007ffbddf69000 	C:\Program Files\Android\Android Studio\jbr\bin\management.dll
0x00007ffbcd900000 - 0x00007ffbcd90b000 	C:\Program Files\Android\Android Studio\jbr\bin\management_ext.dll
0x00007ffc01b60000 - 0x00007ffc01b68000 	C:\WINDOWS\System32\PSAPI.DLL
0x00007ffbffec0000 - 0x00007ffbffedb000 	C:\WINDOWS\SYSTEM32\CRYPTSP.dll
0x00007ffbff4e0000 - 0x00007ffbff51a000 	C:\WINDOWS\system32\rsaenh.dll
0x00007ffbffb80000 - 0x00007ffbffbab000 	C:\WINDOWS\SYSTEM32\USERENV.dll
0x00007ffc00700000 - 0x00007ffc0072a000 	C:\WINDOWS\SYSTEM32\bcrypt.dll
0x00007ffbffd20000 - 0x00007ffbffd2c000 	C:\WINDOWS\SYSTEM32\CRYPTBASE.dll
0x00007ffbfef70000 - 0x00007ffbfefa4000 	C:\WINDOWS\SYSTEM32\IPHLPAPI.DLL
0x00007ffc019e0000 - 0x00007ffc019ea000 	C:\WINDOWS\System32\NSI.dll
0x00007ffbecdc0000 - 0x00007ffbecdc9000 	C:\Program Files\Android\Android Studio\jbr\bin\extnet.dll
0x00007ffbe5f20000 - 0x00007ffbe5f28000 	C:\WINDOWS\system32\wshunix.dll

dbghelp: loaded successfully - version: 4.0.5 - missing functions: none
symbol engine: initialized successfully - sym options: 0x614 - pdb path: .;C:\Program Files\Android\Android Studio\jbr\bin;C:\WINDOWS\SYSTEM32;C:\WINDOWS\WinSxS\amd64_microsoft.windows.common-controls_6595b64144ccf1df_6.0.26100.7309_none_3e05feeae336a044;C:\Program Files\Android\Android Studio\jbr\bin\server;D:\.gradle\native\c067742578af261105cb4f569cf0c3c89f3d7b1fecec35dd04571415982c5e48\windows-amd64;D:\.gradle\native\100fb08df4bc3b14c8652ba06237920a3bd2aa13389f12d3474272988ae205f9\windows-amd64

VM Arguments:
jvm_args: -XX:MaxMetaspaceSize=256m -Xss512k --add-opens=java.base/java.util=ALL-UNNAMED --add-opens=java.base/java.lang=ALL-UNNAMED --add-opens=java.base/java.lang.invoke=ALL-UNNAMED --add-opens=java.prefs/java.util.prefs=ALL-UNNAMED --add-exports=jdk.compiler/com.sun.tools.javac.api=ALL-UNNAMED --add-exports=jdk.compiler/com.sun.tools.javac.util=ALL-UNNAMED --add-opens=java.base/java.nio.charset=ALL-UNNAMED --add-opens=java.base/java.net=ALL-UNNAMED --add-opens=java.base/java.util.concurrent.atomic=ALL-UNNAMED -Xmx1024m -Dfile.encoding=UTF-8 -Duser.country=US -Duser.language=en -Duser.variant -javaagent:D:\.gradle\wrapper\dists\gradle-8.10.2-bin\a04bxjujx95o3nb99gddekhwo\gradle-8.10.2\lib\agents\gradle-instrumentation-agent-8.10.2.jar 
java_command: org.gradle.launcher.daemon.bootstrap.GradleDaemon 8.10.2
java_class_path (initial): D:\.gradle\wrapper\dists\gradle-8.10.2-bin\a04bxjujx95o3nb99gddekhwo\gradle-8.10.2\lib\gradle-daemon-main-8.10.2.jar
Launcher Type: SUN_STANDARD

[Global flags]
     intx CICompilerCount                          = 4                                         {product} {ergonomic}
   size_t CompressedClassSpaceSize                 = 218103808                                 {product} {ergonomic}
     uint ConcGCThreads                            = 3                                         {product} {ergonomic}
     uint G1ConcRefinementThreads                  = 10                                        {product} {ergonomic}
   size_t G1HeapRegionSize                         = 1048576                                   {product} {ergonomic}
    uintx GCDrainStackTargetSize                   = 64                                        {product} {ergonomic}
   size_t InitialHeapSize                          = 264241152                                 {product} {ergonomic}
   size_t MarkStackSize                            = 4194304                                   {product} {ergonomic}
   size_t MaxHeapSize                              = 1073741824                                {product} {command line}
   size_t MaxMetaspaceSize                         = 268435456                                 {product} {command line}
   size_t MaxNewSize                               = 643825664                                 {product} {ergonomic}
   size_t MinHeapDeltaBytes                        = 1048576                                   {product} {ergonomic}
   size_t MinHeapSize                              = 8388608                                   {product} {ergonomic}
    uintx NonNMethodCodeHeapSize                   = 5839372                                {pd product} {ergonomic}
    uintx NonProfiledCodeHeapSize                  = 122909434                              {pd product} {ergonomic}
    uintx ProfiledCodeHeapSize                     = 122909434                              {pd product} {ergonomic}
    uintx ReservedCodeCacheSize                    = 251658240                              {pd product} {ergonomic}
     bool SegmentedCodeCache                       = true                                      {product} {ergonomic}
   size_t SoftMaxHeapSize                          = 1073741824                             {manageable} {ergonomic}
     intx ThreadStackSize                          = 512                                    {pd product} {command line}
     bool UseCompressedOops                        = true                           {product lp64_product} {ergonomic}
     bool UseG1GC                                  = true                                      {product} {ergonomic}
     bool UseLargePagesIndividualAllocation        = false                                  {pd product} {ergonomic}

Logging:
Log output configuration:
 #0: stdout all=warning uptime,level,tags foldmultilines=false
 #1: stderr all=off uptime,level,tags foldmultilines=false

Environment Variables:
JAVA_HOME=C:\Program Files\Java\jdk-21
PATH=C:\oracle\dbhomeFree\bin;C:\app\HP\product\23ai\dbhomeFree\bin;C:\Program Files\Common Files\Oracle\Java\javapath;C:\Program Files (x86)\Common Files\Oracle\Java\java8path;C:\Program Files (x86)\Common Files\Oracle\Java\javapath;C:\WINDOWS\system32;C:\WINDOWS;C:\WINDOWS\System32\Wbem;C:\WINDOWS\System32\WindowsPowerShell\v1.0\;C:\WINDOWS\System32\OpenSSH\;C:\Program Files (x86)\Microsoft SQL Server\160\Tools\Binn\;C:\Program Files\Microsoft SQL Server\160\Tools\Binn\;C:\Program Files\Microsoft SQL Server\Client SDK\ODBC\170\Tools\Binn\;C:\Program Files\Microsoft SQL Server\160\DTS\Binn\;C:\Program Files (x86)\Microsoft SQL Server\160\DTS\Binn\;C:\Program Files\Azure Data Studio\bin;C:\Program Files\Java\jdk-21\bin;C:\Program Files\Microsoft SQL Server\150\Tools\Binn\;C:\Program Files\nodejs;C:\ProgramData\chocolatey\bin;C:\Program Files\nodejs\;C:\sqlite;C:\Program Files\Git\cmd;C:\Program Files\TortoiseGit\bin;C:\Program Files\dotnet\;C:\Users\HP\AppData\Local\Programs\Python\Python313\Scripts\;C:\Users\HP\AppData\Local\Programs\Python\Python313\;C:\Users\HP\AppData\Local\Programs\Python\Launcher\;C:\Users\HP\AppData\Local\Microsoft\WindowsApps;C:\Program Files\Azure Data Studio\bin;C:\Program Files\JetBrains\IntelliJ IDEA Community Edition 2023.2.5\bin;C:\Users\HP\AppData\Local\Programs\Microsoft VS Code\bin;C:\Program Files\JetBrains\IntelliJ IDEA 2024.3.1.1\bin;C:\Users\HP\.dotnet\tools;C:\Users\HP\AppData\Roaming\npm;C:\Users\HP\AppData\Local\Programs\mongosh\;D:\software\flutter_windows_3.38.0-stable (1)\flutter\bin;D:\software\flutter_3.38.0\flutter\bin;D:\software\flutter_windows_3.35.7-stable\flutter\bin;C:\Users\HP\.dotnet\tools
USERNAME=HP
OS=Windows_NT
PROCESSOR_IDENTIFIER=Intel64 Family 6 Model 154 Stepping 4, GenuineIntel
TMP=C:\Users\HP\AppData\Local\Temp
TEMP=C:\Users\HP\AppData\Local\Temp




Periodic native trim disabled

JNI global refs:
JNI global refs: 28, weak refs: 0

JNI global refs memory usage: 835, weak refs: 833

Process memory usage:
Resident Set Size: 410488K (2% of 16400712K total physical memory with 2112572K free physical memory)

OOME stack traces (most recent first):
Classloader memory used:
Loader org.gradle.internal.classloader.VisitableURLClassLoader                         : 36898K
Loader bootstrap                                                                       : 26826K
Loader org.gradle.internal.classloader.VisitableURLClassLoader$InstrumentingVisitableURLClassLoader: 15381K
Loader org.gradle.initialization.MixInLegacyTypesClassLoader                           : 10513K
Loader jdk.internal.loader.ClassLoaders$PlatformClassLoader                            : 499K
Loader org.gradle.internal.classloader.VisitableURLClassLoader                         : 367K
Loader jdk.internal.loader.ClassLoaders$AppClassLoader                                 : 234K
Loader jdk.internal.reflect.DelegatingClassLoader                                      : 220K

Classes loaded by more than one classloader:
Class Program                                                                         : loaded 4 times (x 70B)
Class com.google.common.base.Equivalence$Identity                                     : loaded 2 times (x 78B)
Class com.google.common.collect.RegularImmutableMap$KeySet                            : loaded 2 times (x 146B)
Class org.gradle.internal.classloader.FilteringClassLoader                            : loaded 2 times (x 101B)
Class [Lcom.google.common.base.AbstractIterator$State;                                : loaded 2 times (x 65B)
Class com.google.common.base.CharMatcher$IsEither                                     : loaded 2 times (x 107B)
Class org.gradle.internal.classloader.ClassLoaderHierarchy                            : loaded 2 times (x 66B)
Class com.google.common.collect.ImmutableEnumSet                                      : loaded 2 times (x 142B)
Class com.google.common.util.concurrent.ExecutionError                                : loaded 2 times (x 78B)
Class com.google.common.collect.ImmutableList$1                                       : loaded 2 times (x 93B)
Class org.gradle.api.internal.classpath.ManifestUtil                                  : loaded 2 times (x 67B)
Class com.google.common.collect.RegularImmutableMap                                   : loaded 2 times (x 117B)
Class com.google.common.collect.ImmutableMap$MapViewOfValuesAsSingletonSets           : loaded 2 times (x 121B)
Class [Lorg.objectweb.asm.Symbol;                                                     : loaded 2 times (x 65B)
Class org.objectweb.asm.ClassVisitor                                                  : loaded 2 times (x 84B)
Class com.google.common.collect.UnmodifiableListIterator                              : loaded 2 times (x 91B)
Class org.objectweb.asm.MethodTooLargeException                                       : loaded 2 times (x 79B)
Class [Lcom.google.common.cache.CacheBuilder$OneWeigher;                              : loaded 2 times (x 65B)
Class com.google.common.base.Suppliers                                                : loaded 2 times (x 67B)
Class org.gradle.internal.classloader.DefaultClassLoaderFactory                       : loaded 2 times (x 78B)
Class com.google.common.base.CharMatcher$None                                         : loaded 2 times (x 108B)
Class org.gradle.internal.classloader.ClassLoaderVisitor                              : loaded 2 times (x 72B)
Class [Lcom.google.common.collect.ImmutableMapEntry;                                  : loaded 2 times (x 65B)
Class org.gradle.api.internal.classpath.EffectiveClassPath                            : loaded 2 times (x 86B)
Class com.google.common.collect.ImmutableEnumMap                                      : loaded 2 times (x 121B)
Class com.google.common.collect.ListMultimap                                          : loaded 2 times (x 66B)
Class com.google.common.collect.Sets$1                                                : loaded 2 times (x 135B)
Class org.objectweb.asm.AnnotationVisitor                                             : loaded 2 times (x 74B)
Class com.google.common.base.Splitter                                                 : loaded 2 times (x 68B)
Class org.gradle.api.internal.DefaultClassPathProvider                                : loaded 2 times (x 72B)
Class com.google.common.collect.Sets$2                                                : loaded 2 times (x 135B)
Class [Lorg.gradle.api.internal.ClassPathProvider;                                    : loaded 2 times (x 65B)
Class org.gradle.api.internal.ClassPathProvider                                       : loaded 2 times (x 66B)
Class [Lorg.objectweb.asm.AnnotationVisitor;                                          : loaded 2 times (x 65B)
Class com.google.common.collect.Sets$3                                                : loaded 2 times (x 135B)
Class com.google.common.util.concurrent.AbstractFuture$SafeAtomicHelper               : loaded 2 times (x 75B)
Class com.google.common.cache.LocalCache$LocalLoadingCache                            : loaded 2 times (x 130B)
Class com.google.common.base.AbstractIterator$State                                   : loaded 2 times (x 75B)
Class org.gradle.internal.service.UnknownServiceException                             : loaded 2 times (x 79B)
Class com.google.common.collect.Sets$4                                                : loaded 2 times (x 135B)
Class org.objectweb.asm.ModuleVisitor                                                 : loaded 2 times (x 77B)
Class com.google.common.cache.LocalCache$Strength$1                                   : loaded 2 times (x 77B)
Class com.google.common.util.concurrent.SettableFuture                                : loaded 2 times (x 110B)
Class com.google.common.cache.LocalCache$Strength$2                                   : loaded 2 times (x 77B)
Class com.google.common.cache.LocalCache$Strength$3                                   : loaded 2 times (x 77B)
Class com.google.common.collect.MapDifference                                         : loaded 2 times (x 66B)
Class com.google.common.base.Splitter$1                                               : loaded 2 times (x 73B)
Class org.objectweb.asm.FieldWriter                                                   : loaded 2 times (x 74B)
Class com.google.common.cache.CacheBuilder$NullListener                               : loaded 2 times (x 78B)
Class org.gradle.internal.classpath.TransformedClassPath                              : loaded 2 times (x 92B)
Class org.gradle.internal.classloader.InstrumentingClassLoader                        : loaded 2 times (x 66B)
Class com.google.common.cache.CacheLoader$FunctionToCacheLoader                       : loaded 2 times (x 71B)
Class com.google.common.collect.Iterators$ArrayItr                                    : loaded 2 times (x 93B)
Class com.google.common.collect.ImmutableCollection$Builder                           : loaded 2 times (x 72B)
Class com.google.common.base.Joiner                                                   : loaded 2 times (x 75B)
Class com.google.common.base.MoreObjects                                              : loaded 2 times (x 67B)
Class [Lorg.objectweb.asm.Type;                                                       : loaded 2 times (x 65B)
Class com.google.common.collect.Platform                                              : loaded 2 times (x 67B)
Class com.google.common.collect.UnmodifiableIterator                                  : loaded 2 times (x 76B)
Class org.gradle.internal.service.ServiceLocator                                      : loaded 2 times (x 66B)
Class com.google.common.base.Ascii                                                    : loaded 2 times (x 67B)
Class com.google.common.collect.SingletonImmutableBiMap                               : loaded 2 times (x 139B)
Class com.google.common.cache.LocalCache$1                                            : loaded 2 times (x 85B)
Class com.google.common.collect.AbstractMapEntry                                      : loaded 2 times (x 77B)
Class com.google.common.cache.LocalCache$2                                            : loaded 2 times (x 138B)
Class com.google.common.collect.AbstractMultimap                                      : loaded 2 times (x 119B)
Class com.google.common.util.concurrent.AbstractFuture$UnsafeAtomicHelper$1           : loaded 2 times (x 72B)
Class com.google.common.collect.RegularImmutableAsList                                : loaded 2 times (x 212B)
Class com.google.common.util.concurrent.AbstractFuture$Trusted                        : loaded 2 times (x 66B)
Class com.google.common.collect.Iterators                                             : loaded 2 times (x 67B)
Class com.google.common.base.CharMatcher$RangesMatcher                                : loaded 2 times (x 108B)
Class com.google.common.util.concurrent.UncheckedExecutionException                   : loaded 2 times (x 78B)
Class com.google.common.collect.Lists$StringAsImmutableList                           : loaded 2 times (x 203B)
Class org.gradle.kotlin.dsl.VersionCatalogAccessorsKt                                 : loaded 2 times (x 67B)
Class com.google.common.base.CharMatcher$JavaLetterOrDigit                            : loaded 2 times (x 107B)
Class org.gradle.internal.InternalTransformer                                         : loaded 2 times (x 66B)
Class org.objectweb.asm.ClassWriter                                                   : loaded 2 times (x 102B)
Class com.google.common.cache.CacheLoader$UnsupportedLoadingOperationException        : loaded 2 times (x 78B)
Class com.google.common.base.CharMatcher$And                                          : loaded 2 times (x 108B)
Class org.gradle.internal.classloader.ClasspathUtil$1                                 : loaded 2 times (x 72B)
Class org.objectweb.asm.FieldVisitor                                                  : loaded 2 times (x 73B)
Class com.google.common.collect.IndexedImmutableSet                                   : loaded 2 times (x 146B)
Class com.google.common.collect.ImmutableMap$1                                        : loaded 2 times (x 77B)
Class com.google.common.collect.BiMap                                                 : loaded 2 times (x 66B)
Class org.gradle.api.internal.classpath.DefaultModuleRegistry$DefaultModule           : loaded 2 times (x 82B)
Class com.google.common.primitives.Ints                                               : loaded 2 times (x 67B)
Class com.google.common.collect.AbstractIterator                                      : loaded 2 times (x 78B)
Class com.google.common.math.MathPreconditions                                        : loaded 2 times (x 67B)
Class com.google.common.collect.Multiset                                              : loaded 2 times (x 66B)
Class com.google.common.collect.ArrayListMultimapGwtSerializationDependencies         : loaded 2 times (x 168B)
Class com.google.common.collect.ObjectArrays                                          : loaded 2 times (x 67B)
Class com.google.common.collect.AbstractIndexedListIterator                           : loaded 2 times (x 92B)
Class com.google.common.collect.ImmutableMapEntrySet                                  : loaded 2 times (x 147B)
Class org.gradle.api.internal.classpath.Module                                        : loaded 2 times (x 66B)
Class com.google.common.cache.Weigher                                                 : loaded 2 times (x 66B)
Class org.gradle.api.internal.classpath.UnknownModuleException                        : loaded 2 times (x 78B)
Class com.google.common.base.Stopwatch                                                : loaded 2 times (x 68B)
Class com.google.common.cache.LocalCache$Strength                                     : loaded 2 times (x 77B)
Class com.google.common.cache.Cache                                                   : loaded 2 times (x 66B)
Class com.google.common.util.concurrent.AbstractFuture$Cancellation                   : loaded 2 times (x 68B)
Class com.google.common.collect.ImmutableMap$Builder                                  : loaded 2 times (x 78B)
Class com.google.common.base.NullnessCasts                                            : loaded 2 times (x 67B)
Class com.google.common.cache.RemovalListener                                         : loaded 2 times (x 66B)
Class org.gradle.api.internal.DefaultClassPathRegistry                                : loaded 2 times (x 72B)
Class com.google.common.primitives.IntsMethodsForWeb                                  : loaded 2 times (x 67B)
Class com.google.common.collect.Multimap                                              : loaded 2 times (x 66B)
Class org.gradle.api.internal.ClassPathRegistry                                       : loaded 2 times (x 66B)
Class org.gradle.internal.classpath.DefaultClassPath$ImmutableUniqueList              : loaded 2 times (x 195B)
Class com.google.common.cache.CacheBuilder                                            : loaded 2 times (x 68B)
Class com.google.common.collect.SingletonImmutableList                                : loaded 2 times (x 203B)
Class com.google.common.base.PairwiseEquivalence                                      : loaded 2 times (x 79B)
Class Settings_gradle$1                                                               : loaded 2 times (x 70B)
Class org.gradle.internal.classpath.ClassPath                                         : loaded 2 times (x 66B)
Class org.gradle.api.UncheckedIOException                                             : loaded 2 times (x 78B)
Class com.google.common.collect.ImmutableList$ReverseImmutableList                    : loaded 2 times (x 204B)
Class com.google.common.base.JdkPattern                                               : loaded 2 times (x 71B)
Class org.objectweb.asm.SymbolTable$Entry                                             : loaded 2 times (x 70B)
Class com.google.common.util.concurrent.AbstractFuture$AtomicHelper                   : loaded 2 times (x 74B)
Class org.objectweb.asm.Edge                                                          : loaded 2 times (x 68B)
Class com.google.common.base.Suppliers$SupplierOfInstance                             : loaded 2 times (x 75B)
Class com.google.common.collect.Iterators$1                                           : loaded 2 times (x 77B)
Class com.google.common.cache.LocalCache$ComputingValueReference                      : loaded 2 times (x 92B)
Class com.google.common.collect.SingletonImmutableSet                                 : loaded 2 times (x 142B)
Class com.google.common.collect.ImmutableMap$IteratorBasedImmutableMap                : loaded 2 times (x 121B)
Class com.google.common.cache.LocalCache$Segment                                      : loaded 2 times (x 150B)
Class [Lorg.objectweb.asm.SymbolTable$Entry;                                          : loaded 2 times (x 65B)
Class com.google.common.cache.CacheLoader                                             : loaded 2 times (x 70B)
Class com.google.common.collect.Iterators$4                                           : loaded 2 times (x 78B)
Class com.google.common.collect.ImmutableBiMap                                        : loaded 2 times (x 139B)
Class com.google.common.collect.AbstractListMultimap                                  : loaded 2 times (x 168B)
Class org.gradle.internal.installation.GradleInstallation$1                           : loaded 2 times (x 71B)
Class org.gradle.api.internal.classpath.ModuleRegistry                                : loaded 2 times (x 66B)
Class com.google.common.util.concurrent.internal.InternalFutureFailureAccess          : loaded 2 times (x 68B)
Class com.google.common.collect.Iterators$5                                           : loaded 2 times (x 78B)
Class com.google.common.collect.ImmutableSet$JdkBackedSetBuilderImpl                  : loaded 2 times (x 72B)
Class com.google.common.base.Splitter$SplittingIterator                               : loaded 2 times (x 80B)
Class com.google.common.util.concurrent.AbstractFuture$UnsafeAtomicHelper             : loaded 2 times (x 74B)
Class com.google.common.cache.LocalCache$LocalManualCache$1                           : loaded 2 times (x 71B)
Class com.google.common.base.CharMatcher$ForPredicate                                 : loaded 2 times (x 108B)
Class com.google.common.collect.ImmutableCollection                                   : loaded 2 times (x 121B)
Class com.google.common.base.CharMatcher$AnyOf                                        : loaded 2 times (x 108B)
Class org.gradle.api.internal.classpath.DefaultModuleRegistry                         : loaded 2 times (x 82B)
Class com.google.common.util.concurrent.ListenableFuture                              : loaded 2 times (x 66B)
Class com.google.common.cache.ReferenceEntry                                          : loaded 2 times (x 66B)
Class com.google.common.collect.ImmutableSet$CachingAsList                            : loaded 2 times (x 143B)
Class com.google.common.base.Converter                                                : loaded 2 times (x 86B)
Class com.google.common.collect.Lists                                                 : loaded 2 times (x 67B)
Class com.google.common.base.CharMatcher$Any                                          : loaded 2 times (x 108B)
Class com.google.common.util.concurrent.AbstractFuture                                : loaded 2 times (x 102B)
Class com.google.common.base.FunctionalEquivalence                                    : loaded 2 times (x 79B)
Class com.google.common.collect.Iterators$9                                           : loaded 2 times (x 77B)
Class com.google.common.collect.AbstractMapBasedMultimap                              : loaded 2 times (x 135B)
Class com.google.common.collect.ImmutableAsList                                       : loaded 2 times (x 205B)
Class org.objectweb.asm.RecordComponentVisitor                                        : loaded 2 times (x 73B)
Class com.google.common.cache.CacheLoader$SupplierToCacheLoader                       : loaded 2 times (x 71B)
Class com.google.common.collect.Maps$EntryTransformer                                 : loaded 2 times (x 66B)
Class org.gradle.internal.service.ServiceLookupException                              : loaded 2 times (x 78B)
Class [Lcom.google.common.cache.LocalCache$EntryFactory;                              : loaded 2 times (x 65B)
Class com.google.common.base.CharMatcher$JavaLetter                                   : loaded 2 times (x 107B)
Class org.gradle.internal.classloader.ClassLoaderFactory                              : loaded 2 times (x 66B)
Class com.google.common.cache.LocalCache$LocalManualCache                             : loaded 2 times (x 95B)
Class com.google.common.base.CharMatcher$IsNot                                        : loaded 2 times (x 107B)
Class com.google.common.base.CommonPattern                                            : loaded 2 times (x 70B)
Class org.gradle.internal.service.CachingServiceLocator                               : loaded 2 times (x 78B)
Class com.google.common.math.IntMath                                                  : loaded 2 times (x 67B)
Class com.google.common.collect.Iterators$10                                          : loaded 2 times (x 77B)
Class com.google.common.collect.ImmutableMapEntry                                     : loaded 2 times (x 81B)
Class com.google.common.base.CharMatcher$JavaDigit                                    : loaded 2 times (x 107B)
Class com.google.common.base.Equivalence                                              : loaded 2 times (x 78B)
Class com.google.common.collect.ImmutableMapEntry$NonTerminalImmutableMapEntry        : loaded 2 times (x 81B)
Class com.google.common.base.Function                                                 : loaded 2 times (x 66B)
Class com.google.common.collect.IndexedImmutableSet$1                                 : loaded 2 times (x 208B)
Class com.google.common.cache.CacheBuilder$OneWeigher                                 : loaded 2 times (x 78B)
Class com.google.common.collect.RegularImmutableList                                  : loaded 2 times (x 208B)
Class com.google.common.collect.ImmutableBiMapFauxverideShim                          : loaded 2 times (x 116B)
Class org.gradle.internal.classloader.ClasspathUtil                                   : loaded 2 times (x 67B)
Class com.google.common.base.Charsets                                                 : loaded 2 times (x 67B)
Class com.google.common.util.concurrent.Uninterruptibles                              : loaded 2 times (x 67B)
Class com.google.common.collect.Maps                                                  : loaded 2 times (x 67B)
Class com.google.common.base.CharMatcher$JavaUpperCase                                : loaded 2 times (x 107B)
Class org.gradle.api.specs.Spec                                                       : loaded 2 times (x 66B)
Class [Lcom.google.common.collect.ImmutableEntry;                                     : loaded 2 times (x 65B)
Class com.google.common.cache.LocalCache$LoadingValueReference                        : loaded 2 times (x 92B)
Class Build_gradle$1                                                                  : loaded 2 times (x 74B)
Class [Lorg.objectweb.asm.AnnotationWriter;                                           : loaded 2 times (x 65B)
Class com.google.common.primitives.Ints$IntConverter                                  : loaded 2 times (x 86B)
Class com.google.common.collect.Maps$8                                                : loaded 2 times (x 78B)
Class com.google.common.collect.Sets$SetView                                          : loaded 2 times (x 134B)
Class com.google.common.cache.LocalCache$StrongValueReference                         : loaded 2 times (x 86B)
Class com.google.common.util.concurrent.AbstractFuture$SynchronizedHelper             : loaded 2 times (x 74B)
Class com.google.common.base.CharMatcher$Invisible                                    : loaded 2 times (x 108B)
Class org.objectweb.asm.Type                                                          : loaded 2 times (x 68B)
Class org.gradle.internal.classloader.VisitableURLClassLoader$InstrumentingVisitableURLClassLoader: loaded 2 times (x 119B)
Class org.objectweb.asm.ByteVector                                                    : loaded 2 times (x 75B)
Class [Lcom.google.common.cache.CacheBuilder$NullListener;                            : loaded 2 times (x 65B)
Class com.google.common.math.IntMath$1                                                : loaded 2 times (x 67B)
Class org.gradle.internal.classloader.VisitableURLClassLoader$Spec                    : loaded 2 times (x 70B)
Class org.gradle.internal.classpath.DefaultClassPath                                  : loaded 2 times (x 86B)
Class org.objectweb.asm.Symbol                                                        : loaded 2 times (x 69B)
Class com.google.common.base.AbstractIterator                                         : loaded 2 times (x 76B)
Class com.google.common.collect.RegularImmutableMap$Values                            : loaded 2 times (x 203B)
Class com.google.common.collect.ImmutableSet                                          : loaded 2 times (x 141B)
Class com.google.common.base.CharMatcher$BitSetMatcher                                : loaded 2 times (x 108B)
Class com.google.common.base.CharMatcher$Ascii                                        : loaded 2 times (x 108B)
Class org.gradle.internal.classloader.ClassLoaderSpec                                 : loaded 2 times (x 67B)
Class org.objectweb.asm.AnnotationWriter                                              : loaded 2 times (x 75B)
Class com.google.common.cache.CacheStats                                              : loaded 2 times (x 67B)
Class org.objectweb.asm.RecordComponentWriter                                         : loaded 2 times (x 74B)
Class com.google.common.util.concurrent.AbstractFuture$Listener                       : loaded 2 times (x 68B)
Class com.google.common.base.CharMatcher$Or                                           : loaded 2 times (x 108B)
Class Settings_gradle$1$1                                                             : loaded 2 times (x 70B)
Class org.objectweb.asm.Attribute                                                     : loaded 2 times (x 73B)
Class com.google.common.base.Supplier                                                 : loaded 2 times (x 66B)
Class org.gradle.internal.classloader.VisitableURLClassLoader                         : loaded 2 times (x 113B)
Class com.google.common.util.concurrent.AbstractFuture$Waiter                         : loaded 2 times (x 68B)
Class Settings_gradle                                                                 : loaded 2 times (x 124B)
Class org.gradle.internal.Cast                                                        : loaded 2 times (x 67B)
Class org.gradle.api.Action                                                           : loaded 2 times (x 66B)
Class com.google.common.collect.Sets                                                  : loaded 2 times (x 67B)
Class org.objectweb.asm.Handler                                                       : loaded 2 times (x 68B)
Class com.google.common.base.Ticker                                                   : loaded 2 times (x 68B)
Class com.google.common.base.CharMatcher$FastMatcher                                  : loaded 2 times (x 107B)
Class [Lcom.google.common.cache.LocalCache$Segment;                                   : loaded 2 times (x 65B)
Class [Lcom.google.common.cache.LocalCache$Strength;                                  : loaded 2 times (x 65B)
Class com.google.common.cache.CacheBuilder$1                                          : loaded 2 times (x 81B)
Class com.google.common.collect.ImmutableMap                                          : loaded 2 times (x 116B)
Class com.google.common.base.Predicate                                                : loaded 2 times (x 66B)
Class org.gradle.internal.classpath.DefaultClassPath$ImmutableUniqueList$Builder      : loaded 2 times (x 71B)
Class com.google.common.cache.LocalCache                                              : loaded 2 times (x 183B)
Class com.google.common.cache.CacheBuilder$2                                          : loaded 2 times (x 68B)
Class com.google.common.base.CharMatcher$NegatedFastMatcher                           : loaded 2 times (x 109B)
Class [Lcom.google.common.collect.AbstractMapEntry;                                   : loaded 2 times (x 65B)
Class com.google.common.collect.ImmutableEntry                                        : loaded 2 times (x 78B)
Class com.google.common.collect.ArrayListMultimap                                     : loaded 2 times (x 168B)
Class com.google.common.base.AbstractIterator$1                                       : loaded 2 times (x 67B)
Class com.google.common.base.CharMatcher$Digit                                        : loaded 2 times (x 108B)
Class org.gradle.api.GradleException                                                  : loaded 2 times (x 78B)
Class com.google.common.collect.CollectPreconditions                                  : loaded 2 times (x 67B)
Class com.google.common.base.CharMatcher$JavaIsoControl                               : loaded 2 times (x 108B)
Class com.google.common.collect.SortedMapDifference                                   : loaded 2 times (x 66B)
Class com.google.common.base.CharMatcher$JavaLowerCase                                : loaded 2 times (x 107B)
Class com.google.common.cache.LocalCache$EntryFactory                                 : loaded 2 times (x 79B)
Class com.google.common.cache.LocalCache$AbstractReferenceEntry                       : loaded 2 times (x 103B)
Class com.google.common.base.Splitter$1$1                                             : loaded 2 times (x 82B)
Class com.google.common.base.CharMatcher$Whitespace                                   : loaded 2 times (x 108B)
Class org.gradle.internal.IoActions                                                   : loaded 2 times (x 67B)
Class org.objectweb.asm.SymbolTable                                                   : loaded 2 times (x 68B)
Class com.google.common.cache.CacheLoader$InvalidCacheLoadException                   : loaded 2 times (x 78B)
Class com.google.common.collect.ImmutableSet$RegularSetBuilderImpl                    : loaded 2 times (x 73B)
Class com.google.common.base.CharMatcher$SingleWidth                                  : loaded 2 times (x 108B)
Class org.gradle.internal.classloader.SystemClassLoaderSpec                           : loaded 2 times (x 67B)
Class com.google.common.cache.LocalCache$StrongEntry                                  : loaded 2 times (x 104B)
Class com.google.common.util.concurrent.AbstractFuture$TrustedFuture                  : loaded 2 times (x 110B)
Class com.google.common.cache.LoadingCache                                            : loaded 2 times (x 66B)
Class org.objectweb.asm.MethodWriter                                                  : loaded 2 times (x 102B)
Class [Lcom.google.common.cache.Weigher;                                              : loaded 2 times (x 65B)
Class com.google.common.collect.RegularImmutableMap$BucketOverflowException           : loaded 2 times (x 78B)
Class com.google.common.collect.RegularImmutableBiMap                                 : loaded 2 times (x 144B)
Class com.google.common.cache.LocalCache$ValueReference                               : loaded 2 times (x 66B)
Class com.google.common.base.CharMatcher$Negated                                      : loaded 2 times (x 109B)
Class com.google.common.base.CharMatcher$Is                                           : loaded 2 times (x 107B)
Class com.google.common.util.concurrent.AbstractFuture$Failure                        : loaded 2 times (x 68B)
Class com.google.common.base.Equivalence$Equals                                       : loaded 2 times (x 78B)
Class com.google.common.collect.Hashing                                               : loaded 2 times (x 67B)
Class com.google.common.base.Preconditions                                            : loaded 2 times (x 67B)
Class com.google.common.base.Joiner$1                                                 : loaded 2 times (x 76B)
Class org.objectweb.asm.Label                                                         : loaded 2 times (x 69B)
Class org.objectweb.asm.CurrentFrame                                                  : loaded 2 times (x 69B)
Class org.objectweb.asm.ClassTooLargeException                                        : loaded 2 times (x 79B)
Class com.google.common.collect.PeekingIterator                                       : loaded 2 times (x 66B)
Class com.google.common.base.CharMatcher                                              : loaded 2 times (x 107B)
Class com.google.common.base.Joiner$2                                                 : loaded 2 times (x 75B)
Class org.objectweb.asm.Frame                                                         : loaded 2 times (x 69B)
Class org.objectweb.asm.MethodVisitor                                                 : loaded 2 times (x 101B)
Class com.google.common.cache.LocalCache$EntryFactory$1                               : loaded 2 times (x 79B)
Class [Lcom.google.common.cache.RemovalListener;                                      : loaded 2 times (x 65B)
Class com.google.common.base.CharMatcher$1                                            : loaded 2 times (x 109B)
Class com.google.common.base.CharMatcher$NamedFastMatcher                             : loaded 2 times (x 108B)
Class com.google.common.cache.LocalCache$EntryFactory$2                               : loaded 2 times (x 79B)
Class org.gradle.api.internal.classpath.GlobalCacheRootsProvider                      : loaded 2 times (x 66B)
Class org.objectweb.asm.ModuleWriter                                                  : loaded 2 times (x 78B)
Class com.google.common.cache.LocalCache$EntryFactory$3                               : loaded 2 times (x 79B)
Class com.google.common.base.Ticker$1                                                 : loaded 2 times (x 68B)
Class com.google.common.collect.ImmutableMapEntrySet$RegularEntrySet                  : loaded 2 times (x 147B)
Class com.google.common.collect.Maps$BiMapConverter                                   : loaded 2 times (x 86B)
Class com.google.common.cache.LocalCache$EntryFactory$4                               : loaded 2 times (x 79B)
Class com.google.common.collect.ImmutableSet$Builder                                  : loaded 2 times (x 81B)
Class com.google.common.base.CharMatcher$InRange                                      : loaded 2 times (x 107B)
Class com.google.common.cache.LocalCache$EntryFactory$5                               : loaded 2 times (x 79B)
Class com.google.common.cache.LocalCache$EntryFactory$6                               : loaded 2 times (x 79B)
Class Build_gradle                                                                    : loaded 2 times (x 68B)
Class org.gradle.internal.installation.CurrentGradleInstallationLocator               : loaded 2 times (x 67B)
Class com.google.common.cache.LocalCache$EntryFactory$7                               : loaded 2 times (x 79B)
Class com.google.common.collect.ImmutableSet$EmptySetBuilderImpl                      : loaded 2 times (x 72B)
Class com.google.common.collect.ImmutableList                                         : loaded 2 times (x 202B)
Class org.gradle.internal.service.DefaultServiceLocator                               : loaded 2 times (x 79B)
Class com.google.common.cache.LocalCache$EntryFactory$8                               : loaded 2 times (x 79B)
Class com.google.common.collect.ImmutableSet$SetBuilderImpl                           : loaded 2 times (x 72B)
Class org.gradle.internal.installation.CurrentGradleInstallation                      : loaded 2 times (x 69B)
Class com.google.common.cache.CacheLoader$1                                           : loaded 2 times (x 71B)
Class com.google.common.collect.ImmutableList$SubList                                 : loaded 2 times (x 204B)
Class org.gradle.util.internal.GUtil                                                  : loaded 2 times (x 67B)
Class com.google.common.util.concurrent.AbstractFuture$SetFuture                      : loaded 2 times (x 71B)
Class com.google.common.cache.AbstractCache$StatsCounter                              : loaded 2 times (x 66B)
Class com.google.common.collect.Iterators$MergingIterator                             : loaded 2 times (x 77B)
Class com.google.common.collect.RegularImmutableSet                                   : loaded 2 times (x 144B)
Class org.gradle.internal.installation.GradleInstallation                             : loaded 2 times (x 71B)
Class com.google.common.collect.Iterables                                             : loaded 2 times (x 67B)
Class com.google.common.base.Splitter$Strategy                                        : loaded 2 times (x 66B)

---------------  S Y S T E M  ---------------

OS:
 Windows 11 , 64 bit Build 26100 (10.0.26100.7309)
OS uptime: 3 days 11:11 hours
Hyper-V role detected

CPU: total 12 (initial active 12) (6 cores per cpu, 2 threads per core) family 6 model 154 stepping 4 microcode 0x437, cx8, cmov, fxsr, ht, mmx, 3dnowpref, sse, sse2, sse3, ssse3, sse4.1, sse4.2, popcnt, lzcnt, tsc, tscinvbit, avx, avx2, aes, erms, clmul, bmi1, bmi2, adx, sha, fma, vzeroupper, clflush, clflushopt, clwb, hv, serialize, rdtscp, rdpid, fsrm, f16c, cet_ibt, cet_ss
Processor Information for all 12 processors :
  Max Mhz: 1300, Current Mhz: 1300, Mhz Limit: 1300

Memory: 4k page, system-wide physical 16016M (2063M free)
TotalPageFile size 26260M (AvailPageFile size 11M)
current process WorkingSet (physical memory assigned to process): 400M, peak: 400M
current process commit charge ("private bytes"): 436M, peak: 452M

vm_info: OpenJDK 64-Bit Server VM (21.0.4+-12508038-b607.1) for windows-amd64 JRE (21.0.4+-12508038-b607.1), built on 2024-10-16T17:23:34Z by "builder" with MS VC++ 16.10 / 16.11 (VS2019)

END.
